brand,model,codename,cores,threads,base_clock_ghz,boost_clock_ghz,socket,process_nm,l3_cache_mb,tdp_w,released,released_date,passmark_cpu_mark,passmark_single_thread,passmark_rank,passmark_value,price_usd,techpowerup_url,passmark_url,match_key
AMD,Ryzen 7 5700X,Vermeer,8,16,3.4,4.6,Socket AM4,7,32,65,Apr 2022,2022-04-01,26550,,,,163.0,https://www.techpowerup.com/cpu-specs/ryzen-7-5700x.c2755,https://www.cpubenchmark.net/cpu.php?cpu=AMD+Ryzen+7+5700X&id=4814,ryzen75700x
AMD,Ryzen 5 5600,Vermeer,6,12,3.5,4.4,Socket AM4,7,32,65,Apr 2022,2022-04-01,21488,,,,159.4,https://www.techpowerup.com/cpu-specs/ryzen-5-5600.c2743,https://www.cpubenchmark.net/cpu.php?cpu=AMD+Ryzen+5+5600&id=4811,ryzen55600
AMD,Ryzen 5 5500,Cezanne,6,12,3.6,4.2,Socket AM4,7,16,65,Apr 2022,2022-04-01,19252,,,,81.99,https://www.techpowerup.com/cpu-specs/ryzen-5-5500.c2756,https://www.cpubenchmark.net/cpu.php?cpu=AMD+Ryzen+5+5500&id=4807,ryzen55500
AMD,Ryzen 5 3600,Matisse,6,12,3.6,4.2,Socket AM4,7,32,65,Jul 2019,2019-07-01,17650,,,,103.41,https://www.techpowerup.com/cpu-specs/ryzen-5-3600.c2132,https://www.cpubenchmark.net/cpu.php?cpu=AMD+Ryzen+5+3600&id=3481,ryzen53600
AMD,Ryzen 5 5600X,Vermeer,6,12,3.7,4.6,Socket AM4,7,32,65,Nov 2020,2020-11-01,21821,,,,133.99,https://www.techpowerup.com/cpu-specs/ryzen-5-5600x.c2365,https://www.cpubenchmark.net/cpu.php?cpu=AMD+Ryzen+5+5600X&id=3859,ryzen55600x
AMD,Ryzen 7 9800X3D,Granite Ridge,8,16,4.7,5.2,Socket AM5,4,96,120,Nov 2024,2024-11-01,39922,,,,449.0,https://www.techpowerup.com/cpu-specs/ryzen-7-9800x3d.c3891,https://www.cpubenchmark.net/cpu.php?cpu=AMD+Ryzen+7+9800X3D&id=6344,ryzen79800x3d
AMD,Ryzen 3 3200G,Picasso,4,4,3.6,4.0,Socket AM4,12,4,65,Jul 2019,2019-07-01,6971,,,,94.19,https://www.techpowerup.com/cpu-specs/ryzen-3-3200g.c2205,https://www.cpubenchmark.net/cpu.php?cpu=AMD+Ryzen+3+3200G&id=3497,ryzen33200g
AMD,Ryzen 7 7800X3D,Raphael,8,16,4.2,5.0,Socket AM5,5,96,120,Jan 2023,2023-01-01,34279,,,,366.49,https://www.techpowerup.com/cpu-specs/ryzen-7-7800x3d.c3022,https://www.cpubenchmark.net/cpu.php?cpu=AMD+Ryzen+7+7800X3D&id=5299,ryzen77800x3d
AMD,Ryzen 5 5600G,Cezanne,6,12,3.9,4.4,Socket AM4,7,16,65,Apr 2021,2021-04-01,19621,,,,199.99,https://www.techpowerup.com/cpu-specs/ryzen-5-5600g.c2471,https://www.cpubenchmark.net/cpu.php?cpu=AMD+Ryzen+5+5600G&id=4325,ryzen55600g
AMD,Ryzen 7 5700X3D,Vermeer,8,16,3.0,4.1,Socket AM4,7,96,105,Jan 2024,2024-01-01,26307,,,,329.99,https://www.techpowerup.com/cpu-specs/ryzen-7-5700x3d.c3437,https://www.cpubenchmark.net/cpu.php?cpu=AMD+Ryzen+7+5700X3D&id=5884,ryzen75700x3d
AMD,Ryzen 7 3700X,Matisse,8,16,3.6,4.4,Socket AM4,7,32,65,Jul 2019,2019-07-01,22380,,,,102.0,https://www.techpowerup.com/cpu-specs/ryzen-7-3700x.c2130,https://www.cpubenchmark.net/cpu.php?cpu=AMD+Ryzen+7+3700X&id=3485,ryzen73700x
AMD,Ryzen 5 2600,Zen,6,12,3.4,3.9,Socket AM4,12,16,65,Apr 2018,2018-04-01,13121,,,,265.0,https://www.techpowerup.com/cpu-specs/ryzen-5-2600.c2015,https://www.cpubenchmark.net/cpu.php?cpu=AMD+Ryzen+5+2600&id=3243,ryzen52600
AMD,Ryzen 7 5700G,Cezanne,8,16,3.8,4.6,Socket AM4,7,16,65,Apr 2021,2021-04-01,24216,,,,169.21,https://www.techpowerup.com/cpu-specs/ryzen-7-5700g.c2472,https://www.cpubenchmark.net/cpu.php?cpu=AMD+Ryzen+7+5700G&id=4323,ryzen75700g
AMD,Ryzen 5 5600GT,Cezanne,6,12,3.6,4.6,Socket AM4,7,16,65,Jan 2024,2024-01-01,20103,,,,184.99,https://www.techpowerup.com/cpu-specs/ryzen-5-5600gt.c3438,https://www.cpubenchmark.net/cpu.php?cpu=AMD+Ryzen+5+5600GT&id=5885,ryzen55600gt
AMD,Ryzen 5 3500U,Picasso,4,8,2.1,3.7,Socket FP5,12,4,15,Jan 2019,2019-01-01,6771,1900,,,,https://www.techpowerup.com/cpu-specs/ryzen-5-3500u.c2138,https://www.cpubenchmark.net/cpu.php?cpu=AMD+Ryzen+5+3500U&id=3421,ryzen53500u
AMD,Ryzen 7 5800X3D,Vermeer,8,16,3.4,4.5,Socket AM4,7,96,105,Apr 2022,2022-04-01,28287,,,,349.0,https://www.techpowerup.com/cpu-specs/ryzen-7-5800x3d.c2532,https://www.cpubenchmark.net/cpu.php?cpu=AMD+Ryzen+7+5800X3D&id=4823,ryzen75800x3d
AMD,Ryzen 5 5500U,Lucienne,6,12,2.1,4.0,Socket FP6,7,8,15,Jan 2021,2021-01-01,12591,2388,,,,https://www.techpowerup.com/cpu-specs/ryzen-5-5500u.c2372,https://www.cpubenchmark.net/cpu.php?cpu=AMD+Ryzen+5+5500U&id=4141,ryzen55500u
AMD,Ryzen 9 9950X3D,Granite Ridge,16,32,4.3,5.7,Socket AM5,4,128,170,Jan 2025,2025-01-01,70095,,,,658.0,https://www.techpowerup.com/cpu-specs/ryzen-9-9950x3d.c3993,https://www.cpubenchmark.net/cpu.php?cpu=AMD+Ryzen+9+9950X3D&id=6549,ryzen99950x3d
AMD,Ryzen 5 5500X3D,Vermeer,6,12,3.0,4.0,Socket AM4,7,96,105,Jun 2025,2025-06-01,20319,,,,224.49,https://www.techpowerup.com/cpu-specs/ryzen-5-5500x3d.c4194,https://www.cpubenchmark.net/cpu.php?cpu=AMD+Ryzen+5+5500X3D&id=6850,ryzen55500x3d
AMD,Ryzen 5 3400G,Picasso,4,8,3.7,4.2,Socket AM4,12,4,65,Jul 2019,2019-07-01,9153,,,,80.0,https://www.techpowerup.com/cpu-specs/ryzen-5-3400g.c2204,https://www.cpubenchmark.net/cpu.php?cpu=AMD+Ryzen+5+3400G&id=3498,ryzen53400g
AMD,Ryzen 7 170,Rembrandt-R,8,16,3.2,4.75,Socket FP7,6,16,35,Oct 2025,2025-10-01,20615,3123,,,,https://www.techpowerup.com/cpu-specs/ryzen-7-170.c4260,https://www.cpubenchmark.net/cpu.php?cpu=AMD+Ryzen+7+170&id=7171,ryzen7170
AMD,Ryzen 7 5700,Cezanne,8,16,3.7,4.6,Socket AM4,7,16,65,Apr 2022,2022-04-01,24192,,,,167.95,https://www.techpowerup.com/cpu-specs/ryzen-7-5700.c3305,https://www.cpubenchmark.net/cpu.php?cpu=AMD+Ryzen+7+5700&id=4968,ryzen75700
AMD,Ryzen 5 7500F,Raphael,6,12,3.7,5.0,Socket AM5,5,32,65,Jul 2023,2023-07-01,26518,,,,157.0,https://www.techpowerup.com/cpu-specs/ryzen-5-7500f.c3259,https://www.cpubenchmark.net/cpu.php?cpu=AMD+Ryzen+5+7500F&id=5648,ryzen57500f
AMD,Ryzen 7 5800X,Vermeer,8,16,3.8,4.7,Socket AM4,7,32,105,Nov 2020,2020-11-01,27657,,,,144.13,https://www.techpowerup.com/cpu-specs/ryzen-7-5800x.c2362,https://www.cpubenchmark.net/cpu.php?cpu=AMD+Ryzen+7+5800X&id=3869,ryzen75800x
Intel,Core i5-12400F,Alder Lake-S,6,12,2.5,4.4,Socket 1700,10,18,65,Jan 2022,2022-01-01,19541,,1059,125.92,155.18,https://www.techpowerup.com/cpu-specs/core-i5-12400f.c2550,https://www.cpubenchmark.net/cpu_lookup.php?cpu=Intel+Core+i5-12400F&id=4681,corei512400f
AMD,Ryzen 5 7520U,Mendocino,4,8,2.8,4.3,Socket FT6,6,4,15,Sep 2022,2022-09-01,8912,2371,,,,https://www.techpowerup.com/cpu-specs/ryzen-5-7520u.c3046,https://www.cpubenchmark.net/cpu.php?cpu=AMD+Ryzen+5+7520U&id=5216,ryzen57520u
AMD,Ryzen 5 4600G,Renoir,6,12,3.7,4.2,Socket AM4,7,8,65,Jul 2020,2020-07-01,15929,,,,129.82,https://www.techpowerup.com/cpu-specs/ryzen-5-4600g.c2319,https://www.cpubenchmark.net/cpu.php?cpu=AMD+Ryzen+5+4600G&id=3807,ryzen54600g
AMD,Ryzen 7 5825U,Barcelo,8,16,2.0,4.5,Socket FP6,7,16,15,Jan 2022,2022-01-01,17787,2991,,,,https://www.techpowerup.com/cpu-specs/ryzen-7-5825u.c2521,https://www.cpubenchmark.net/cpu.php?cpu=AMD+Ryzen+7+5825U&id=4788,ryzen75825u
AMD,Ryzen 5 3500X,Matisse,6,6,3.6,4.1,Socket AM4,7,32,65,Sep 2019,2019-09-01,13165,,,,68.99,https://www.techpowerup.com/cpu-specs/ryzen-5-3500x.c2264,https://www.cpubenchmark.net/cpu.php?cpu=AMD+Ryzen+5+3500X&id=3592,ryzen53500x
Intel,Core i5-14400F,Raptor Lake-R,10,16,2.5,4.7,Socket 1700,10,20,65,Jan 2024,2024-01-01,25419,,751,142.01,178.99,https://www.techpowerup.com/cpu-specs/core-i5-14400f.c3454,https://www.cpubenchmark.net/cpu_lookup.php?cpu=Intel+Core+i5-14400F&id=5837,corei514400f
AMD,Ryzen 5 4500,Renoir,6,12,3.6,4.1,Socket AM4,7,8,65,Apr 2022,2022-04-01,15930,,,,79.99,https://www.techpowerup.com/cpu-specs/ryzen-5-4500.c2758,https://www.cpubenchmark.net/cpu.php?cpu=AMD+Ryzen+5+4500&id=4816,ryzen54500
AMD,Ryzen 9 5950X,Vermeer,16,32,3.4,4.9,Socket AM4,7,64,105,Nov 2020,2020-11-01,45250,,,,322.73,https://www.techpowerup.com/cpu-specs/ryzen-9-5950x.c2364,https://www.cpubenchmark.net/cpu.php?cpu=AMD+Ryzen+9+5950X&id=3862,ryzen95950x
AMD,Ryzen 5 9600X,Granite Ridge,6,12,3.9,5.4,Socket AM5,4,32,65,Aug 2024,2024-08-01,30045,,,,174.95,https://www.techpowerup.com/cpu-specs/ryzen-5-9600x.c3652,https://www.cpubenchmark.net/cpu.php?cpu=AMD+Ryzen+5+9600X&id=6199,ryzen59600x
AMD,Ryzen AI Max+ 395,Strix Halo,16,32,3.0,5.1,Socket FP11,4,64,55,Jan 2025,2025-01-01,54913,4148,,,,https://www.techpowerup.com/cpu-specs/ryzen-ai-max-395.c3994,https://www.cpubenchmark.net/cpu.php?cpu=AMD+Ryzen+AI+Max%2B+395&id=6403,ryzenaimax395
Intel,Core Ultra 7 270K Plus,Arrow Lake Refresh,24,24,3.7,5.5,Socket 1851,3,36,125,Mar 2026,2026-03-01,68425,,132,216.21,316.47,https://www.techpowerup.com/cpu-specs/core-ultra-7-270k-plus.c4354,https://www.cpubenchmark.net/cpu_lookup.php?cpu=Intel+Core+Ultra+7+270K+Plus&id=7114,coreultra7270kplus
AMD,Ryzen 5 40,Mendocino,4,8,2.8,4.3,Socket FT6,6,4,15,Oct 2025,2025-10-01,9351,2465,,,,https://www.techpowerup.com/cpu-specs/ryzen-5-40.c4255,https://www.cpubenchmark.net/cpu.php?cpu=AMD+Ryzen+5+40&id=7084,ryzen540
AMD,FX-8350,Vishera,8,8,4.0,4.2,Socket AM3+,32,8,125,Oct 2012,2012-10-01,,,,,,https://www.techpowerup.com/cpu-specs/fx-8350.c1099,,fx8350
AMD,Ryzen 7 2700X,Zen,8,16,3.7,4.35,Socket AM4,12,16,105,Apr 2018,2018-04-01,17420,,,,265.0,https://www.techpowerup.com/cpu-specs/ryzen-7-2700x.c2011,https://www.cpubenchmark.net/cpu.php?cpu=AMD+Ryzen+7+2700X&id=3238,ryzen72700x
AMD,Ryzen 5 1600,Summit Ridge,6,12,3.2,3.6,Socket AM4,14,16,65,Apr 2017,2017-04-01,12243,,,,177.11,https://www.techpowerup.com/cpu-specs/ryzen-5-1600.c1900,https://www.cpubenchmark.net/cpu.php?cpu=AMD+Ryzen+5+1600&id=2984,ryzen51600
AMD,Ryzen AI Max+ PRO 495,Gorgon Halo,16,32,3.1,5.2,Socket FP11,4,64,55,May 2026,2026-05-01,56247,,,,,https://www.techpowerup.com/cpu-specs/ryzen-ai-max-pro-495.c4420,https://www.cpubenchmark.net/cpu.php?cpu=AMD+Ryzen+AI+Max%2B+PRO+495&id=7284,ryzenaimaxpro495
AMD,Ryzen 7 9700X,Granite Ridge,8,16,3.8,5.5,Socket AM5,4,32,65,Aug 2024,2024-08-01,36934,,,,339.0,https://www.techpowerup.com/cpu-specs/ryzen-7-9700x.c3651,https://www.cpubenchmark.net/cpu.php?cpu=AMD+Ryzen+7+9700X&id=6205,ryzen79700x
Intel,Core i7-3770,Ivy Bridge,4,8,3.4,3.9,Socket 1155,22,8,77,Apr 2012,2012-04-01,6412,,2234,74.57,85.99,https://www.techpowerup.com/cpu-specs/core-i7-3770.c1002,https://www.cpubenchmark.net/cpu_lookup.php?cpu=Intel+Core+i7-3770+%40+3.40GHz&id=896,corei73770
AMD,Ryzen 3 2200G,Raven Ridge,4,4,3.5,3.7,Socket AM4,14,4,65,Feb 2018,2018-02-01,6702,,,,99.99,https://www.techpowerup.com/cpu-specs/ryzen-3-2200g.c1978,https://www.cpubenchmark.net/cpu.php?cpu=AMD+Ryzen+3+2200G&id=3186,ryzen32200g
AMD,Ryzen 7 7730U,Barcelo-R,8,16,2.0,4.5,Socket FP6,7,16,15,Jan 2023,2023-01-01,16903,2910,,,,https://www.techpowerup.com/cpu-specs/ryzen-7-7730u.c3037,https://www.cpubenchmark.net/cpu.php?cpu=AMD+Ryzen+7+7730U&id=5215,ryzen77730u
AMD,Ryzen 7 5700U,Lucienne,8,16,1.8,4.3,Socket FP6,7,8,15,Jan 2021,2021-01-01,15366,2530,,,,https://www.techpowerup.com/cpu-specs/ryzen-7-5700u.c2744,https://www.cpubenchmark.net/cpu.php?cpu=AMD+Ryzen+7+5700U&id=4156,ryzen75700u
AMD,Ryzen 7 7735HS,Rembrandt-R,8,16,3.2,4.75,Socket FP7,6,16,35,Apr 2023,2023-04-01,22155,3237,,,,https://www.techpowerup.com/cpu-specs/ryzen-7-7735hs.c3041,https://www.cpubenchmark.net/cpu.php?cpu=AMD+Ryzen+7+7735HS&id=5138,ryzen77735hs
AMD,Ryzen 7 260,Hawk Point,8,16,3.8,5.1,Socket FP8,4,16,45,Jan 2025,2025-01-01,27963,3730,,,,https://www.techpowerup.com/cpu-specs/ryzen-7-260.c4010,https://www.cpubenchmark.net/cpu.php?cpu=AMD+Ryzen+7+260&id=6658,ryzen7260
AMD,Ryzen 9 3900X,Matisse,12,24,3.8,4.6,Socket AM4,7,64,105,Jul 2019,2019-07-01,32467,,,,136.46,https://www.techpowerup.com/cpu-specs/ryzen-9-3900x.c2128,https://www.cpubenchmark.net/cpu.php?cpu=AMD+Ryzen+9+3900X&id=3493,ryzen93900x
AMD,Ryzen Threadripper PRO 9995WX,Shimada Peak,96,192,2.5,5.4,Socket sTR5,4,384,350,Jul 2025,2025-07-01,171213,,,,,https://www.techpowerup.com/cpu-specs/ryzen-threadripper-pro-9995wx.c4163,https://www.cpubenchmark.net/cpu.php?cpu=AMD+Ryzen+Threadripper+PRO+9995WX&id=6693,ryzenthreadripperpro9995wx
AMD,Ryzen AI 7 350,Krackan Point,8,16,2.0,5.0,Socket FP8,4,8,28,Jan 2025,2025-01-01,24958,3835,,,,https://www.techpowerup.com/cpu-specs/ryzen-ai-7-350.c4004,https://www.cpubenchmark.net/cpu.php?cpu=AMD+Ryzen+AI+7+350&id=6397,ryzenai7350
AMD,Ryzen 5 PRO 4650G,Renoir,6,12,3.7,4.2,Socket AM4,7,8,65,Jul 2020,2020-07-01,16000,,,,128.21,https://www.techpowerup.com/cpu-specs/ryzen-5-pro-4650g.c2325,https://www.cpubenchmark.net/cpu.php?cpu=AMD+Ryzen+5+PRO+4650G&id=3795,ryzen5pro4650g
AMD,Ryzen 5 PRO 4650U,Renoir,6,12,2.1,4.0,Socket FP6,7,8,15,May 2020,2020-05-01,11946,2348,,,,https://www.techpowerup.com/cpu-specs/ryzen-5-pro-4650u.c2504,https://www.cpubenchmark.net/cpu.php?cpu=AMD+Ryzen+5+PRO+4650U&id=3766,ryzen5pro4650u
AMD,Ryzen 9 5900X,Vermeer,12,24,3.7,4.8,Socket AM4,7,64,105,Nov 2020,2020-11-01,38887,,,,285.23,https://www.techpowerup.com/cpu-specs/ryzen-9-5900x.c2363,https://www.cpubenchmark.net/cpu.php?cpu=AMD+Ryzen+9+5900X&id=3870,ryzen95900x
Intel,Core i5-9400F,Coffee Lake,6,6,2.9,4.1,Socket 1151,14,9,65,Jan 2019,2019-01-01,9460,2420,1784,71.58,132.16,https://www.techpowerup.com/cpu-specs/core-i5-9400f.c2145,https://www.cpubenchmark.net/cpu_lookup.php?cpu=Intel+Core+i5-9400F+%40+2.90GHz&id=3397,corei59400f
AMD,Ryzen 7 7700,Raphael,8,16,3.8,5.3,Socket AM5,5,32,65,Jan 2023,2023-01-01,34318,,,,226.2,https://www.techpowerup.com/cpu-specs/ryzen-7-7700.c2960,https://www.cpubenchmark.net/cpu.php?cpu=AMD+Ryzen+7+7700&id=5169,ryzen77700
AMD,Ryzen 7 5800H,Cezanne,8,16,3.2,4.4,Socket FP6,7,16,45,Jan 2021,2021-01-01,20459,2987,,,,https://www.techpowerup.com/cpu-specs/ryzen-7-5800h.c2368,https://www.cpubenchmark.net/cpu.php?cpu=AMD+Ryzen+7+5800H&id=3907,ryzen75800h
AMD,Ryzen 7 1700,Summit Ridge,8,16,3.0,3.7,Socket AM4,14,16,65,Mar 2017,2017-03-01,14736,,,,67.99,https://www.techpowerup.com/cpu-specs/ryzen-7-1700.c1893,https://www.cpubenchmark.net/cpu.php?cpu=AMD+Ryzen+7+1700&id=2970,ryzen71700
AMD,Ryzen 5 3600X,Matisse,6,12,3.8,4.4,Socket AM4,7,32,95,Jul 2019,2019-07-01,18113,,,,86.79,https://www.techpowerup.com/cpu-specs/ryzen-5-3600x.c2131,https://www.cpubenchmark.net/cpu.php?cpu=AMD+Ryzen+5+3600X&id=3494,ryzen53600x
AMD,Ryzen 5 4500U,Renoir,6,6,2.3,4.0,Socket FP6,7,8,15,Jan 2020,2020-01-01,10615,2395,,,,https://www.techpowerup.com/cpu-specs/ryzen-5-4500u.c2285,https://www.cpubenchmark.net/cpu.php?cpu=AMD+Ryzen+5+4500U&id=3702,ryzen54500u
AMD,Ryzen 5 5625U,Barcelo,6,12,2.3,4.3,Socket FP6,7,16,15,Jan 2022,2022-01-01,14321,2819,,,,https://www.techpowerup.com/cpu-specs/ryzen-5-5625u.c2520,https://www.cpubenchmark.net/cpu.php?cpu=AMD+Ryzen+5+5625U&id=4760,ryzen55625u
AMD,Ryzen 7 9850X3D,Granite Ridge,8,16,4.7,5.6,Socket AM5,4,96,120,Jan 2026,2026-01-01,41299,,,,499.0,https://www.techpowerup.com/cpu-specs/ryzen-7-9850x3d.c4301,https://www.cpubenchmark.net/cpu.php?cpu=AMD+Ryzen+7+9850X3D&id=7074,ryzen79850x3d
Intel,Core Ultra 9 285K,Arrow Lake-S,24,24,3.7,5.7,Socket 1851,3,36,125,Oct 2024,2024-10-01,67227,,137,105.45,637.54,https://www.techpowerup.com/cpu-specs/core-ultra-9-285k.c3773,https://www.cpubenchmark.net/cpu_lookup.php?cpu=Intel+Core+Ultra+9+285K&id=6296,coreultra9285k
AMD,Ryzen 5 2400G,Raven Ridge,4,8,3.6,3.9,Socket AM4,14,4,65,Feb 2018,2018-02-01,8708,,,,54.17,https://www.techpowerup.com/cpu-specs/ryzen-5-2400g.c1976,https://www.cpubenchmark.net/cpu.php?cpu=AMD+Ryzen+5+2400G&id=3183,ryzen52400g
AMD,Ryzen 5 7600X,Raphael,6,12,4.7,5.3,Socket AM5,5,32,105,Sep 2022,2022-09-01,28267,,,,167.99,https://www.techpowerup.com/cpu-specs/ryzen-5-7600x.c2849,https://www.cpubenchmark.net/cpu.php?cpu=AMD+Ryzen+5+7600X&id=5033,ryzen57600x
AMD,Ryzen 9 9950X3D2 Dual Edition,Granite Ridge,16,32,4.3,5.6,Socket AM5,4,192,200,Apr 2026,2026-04-01,,,,,,https://www.techpowerup.com/cpu-specs/ryzen-9-9950x3d2-dual-edition.c4375,,ryzen99950x3d2dualedition
AMD,Ryzen 7 250,Hawk Point,8,16,3.3,5.1,Socket FP8,4,16,28,Jan 2025,2025-01-01,25098,,,,,https://www.techpowerup.com/cpu-specs/ryzen-7-250.c4011,https://www.cpubenchmark.net/cpu.php?cpu=AMD+Ryzen+7+250&id=6493,ryzen7250
AMD,Ryzen 5 7600,Raphael,6,12,3.8,5.1,Socket AM5,5,32,65,Jan 2023,2023-01-01,26968,,,,226.25,https://www.techpowerup.com/cpu-specs/ryzen-5-7600.c2959,https://www.cpubenchmark.net/cpu.php?cpu=AMD+Ryzen+5+7600&id=5172,ryzen57600
Intel,Core i5-1135G7,Tiger Lake-U,4,8,1.5,4.2,BGA 1449,10,8,15,Sep 2020,2020-09-01,9293,2594,1802,30.07,309.0,https://www.techpowerup.com/cpu-specs/core-i5-1135g7.c2346,https://www.cpubenchmark.net/cpu_lookup.php?cpu=Intel+Core+i5-1135G7+%40+2.40GHz&id=3830,corei51135g7
Intel,Core i5-10400F,Comet Lake,6,12,2.9,4.3,Socket 1200,14,12,65,Apr 2020,2020-04-01,12094,,1572,53.75,225.0,https://www.techpowerup.com/cpu-specs/core-i5-10400f.c2270,https://www.cpubenchmark.net/cpu_lookup.php?cpu=Intel+Core+i5-10400F+%40+2.90GHz&id=3767,corei510400f
AMD,FX-6300,Vishera,6,6,3.5,4.1,Socket AM3+,32,8,95,Oct 2012,2012-10-01,,,,,,https://www.techpowerup.com/cpu-specs/fx-6300.c1210,,fx6300
AMD,Ryzen AI 9 HX 370,Strix Point,12,24,2.0,5.1,Socket FP8,4,16,28,Jul 2024,2024-07-01,34933,3936,,,,https://www.techpowerup.com/cpu-specs/ryzen-ai-9-hx-370.c3655,https://www.cpubenchmark.net/cpu.php?cpu=AMD+Ryzen+AI+9+HX+370&id=6143,ryzenai9hx370
AMD,Ryzen 3 1200,Zen,4,4,3.1,3.4,Socket AM4,14,8,65,Jul 2017,2017-07-01,6268,,,,84.04,https://www.techpowerup.com/cpu-specs/ryzen-3-1200.c1899,https://www.cpubenchmark.net/cpu.php?cpu=AMD+Ryzen+3+1200&id=3029,ryzen31200
AMD,Ryzen 5 2600X,Zen,6,12,3.6,4.25,Socket AM4,12,16,95,Apr 2018,2018-04-01,13860,,,,250.0,https://www.techpowerup.com/cpu-specs/ryzen-5-2600x.c2014,https://www.cpubenchmark.net/cpu.php?cpu=AMD+Ryzen+5+2600X&id=3235,ryzen52600x
Intel,Core 2 Duo E8400,Wolfdale,2,2,3.0,,Socket 775,45,,65,Jan 2008,2008-01-01,1225,,4438,43.73,28.02,https://www.techpowerup.com/cpu-specs/core-2-duo-e8400.c467,https://www.cpubenchmark.net/cpu_lookup.php?cpu=Intel+Core2+Duo+E8400+%40+3.00GHz&id=955,core2duoe8400
AMD,Ryzen 3 7320U,Mendocino,4,8,2.4,4.1,Socket FT6,6,4,15,Sep 2022,2022-09-01,8406,2289,,,,https://www.techpowerup.com/cpu-specs/ryzen-3-7320u.c3045,https://www.cpubenchmark.net/cpu.php?cpu=AMD+Ryzen+3+7320U&id=5188,ryzen37320u
AMD,Ryzen Embedded R2544,Picasso,4,8,3.35,3.7,Socket FP5,12,4,45,Sep 2022,2022-09-01,7706,,,,,https://www.techpowerup.com/cpu-specs/ryzen-embedded-r2544.c3323,https://www.cpubenchmark.net/cpu.php?cpu=AMD+Ryzen+Embedded+R2544&id=5644,ryzenembeddedr2544
Intel,Core i5-10400,Comet Lake,6,12,2.9,4.3,Socket 1200,14,12,65,Apr 2020,2020-04-01,11963,,1578,96.87,123.49,https://www.techpowerup.com/cpu-specs/core-i5-10400.c2210,https://www.cpubenchmark.net/cpu_lookup.php?cpu=Intel+Core+i5-10400+%40+2.90GHz&id=3737,corei510400
AMD,Ryzen 9 9950X,Granite Ridge,16,32,4.3,5.7,Socket AM5,4,64,170,Aug 2024,2024-08-01,65711,,,,499.99,https://www.techpowerup.com/cpu-specs/ryzen-9-9950x.c3649,https://www.cpubenchmark.net/cpu.php?cpu=AMD+Ryzen+9+9950X&id=6211,ryzen99950x
AMD,Ryzen 5 5600X3D,Vermeer,6,12,3.3,4.4,Socket AM4,7,96,105,Jul 2023,2023-07-01,21888,,,,219.99,https://www.techpowerup.com/cpu-specs/ryzen-5-5600x3d.c3252,https://www.cpubenchmark.net/cpu.php?cpu=AMD+Ryzen+5+5600X3D&id=5573,ryzen55600x3d
AMD,Ryzen 5 PRO 5650U,Cezanne-U,6,12,2.3,4.2,Socket FP6,7,16,15,Mar 2021,2021-03-01,13829,2724,,,,https://www.techpowerup.com/cpu-specs/ryzen-5-pro-5650u.c2773,https://www.cpubenchmark.net/cpu.php?cpu=AMD+Ryzen+5+PRO+5650U&id=4341,ryzen5pro5650u
Intel,Core i7-6700,Skylake,4,8,3.4,4.0,Socket 1151,14,8,65,Jul 2015,2015-07-01,8032,,1942,94.5,85.0,https://www.techpowerup.com/cpu-specs/core-i7-6700.c1827,https://www.cpubenchmark.net/cpu_lookup.php?cpu=Intel+Core+i7-6700+%40+3.40GHz&id=2598,corei76700
Intel,Core i7-10700,Comet Lake,8,16,2.9,4.8,Socket 1200,14,16,65,Apr 2020,2020-04-01,15973,,1290,53.24,300.0,https://www.techpowerup.com/cpu-specs/core-i7-10700.c2214,https://www.cpubenchmark.net/cpu_lookup.php?cpu=Intel+Core+i7-10700+%40+2.90GHz&id=3747,corei710700
Intel,Core i3-10100,Comet Lake,4,8,3.6,4.3,Socket 1200,14,6,65,Apr 2020,2020-04-01,8473,,1885,47.9,176.89,https://www.techpowerup.com/cpu-specs/core-i3-10100.c2206,https://www.cpubenchmark.net/cpu_lookup.php?cpu=Intel+Core+i3-10100+%40+3.60GHz&id=3717,corei310100
Intel,Core i7-4790K,Haswell,4,8,4.0,4.4,Socket 1150,22,8,88,May 2014,2014-05-01,8062,,1938,96.97,83.14,https://www.techpowerup.com/cpu-specs/core-i7-4790k.c1761,https://www.cpubenchmark.net/cpu_lookup.php?cpu=Intel+Core+i7-4790K+%40+4.00GHz&id=2275,corei74790k
AMD,Ryzen 7 8845HS,Hawk Point,8,16,3.8,5.1,Socket FP8,4,16,45,Dec 2023,2023-12-01,28281,3720,,,,https://www.techpowerup.com/cpu-specs/ryzen-7-8845hs.c3400,https://www.cpubenchmark.net/cpu.php?cpu=AMD+Ryzen+7+8845HS&id=5915,ryzen78845hs
AMD,FX-9590,Vishera,8,8,4.7,5.0,Socket AM3+,32,8,220,Jun 2013,2013-06-01,,,,,,https://www.techpowerup.com/cpu-specs/fx-9590.c1650,,fx9590
Intel,Core 5 320,Wildcat Lake,6,6,1.5,4.6,BGA 1516,3,6,15,Apr 2026,2026-04-01,15246,,1334,,,https://www.techpowerup.com/cpu-specs/core-5-320.c4403,https://www.cpubenchmark.net/cpu_lookup.php?cpu=Intel+Core+5+320&id=7292,core5320
AMD,Ryzen 7 6800H,Rembrandt,8,16,3.2,4.7,Socket FP7,6,16,45,Jan 2022,2022-01-01,22681,3181,,,,https://www.techpowerup.com/cpu-specs/ryzen-7-6800h.c2527,https://www.cpubenchmark.net/cpu.php?cpu=AMD+Ryzen+7+6800H&id=4749,ryzen76800h
AMD,Ryzen 5 5500F,Vermeer,6,12,3.0,4.4,Socket AM4,7,16,65,Sep 2026,2026-09-01,,,,,,https://www.techpowerup.com/cpu-specs/ryzen-5-5500f.c4573,,ryzen55500f
AMD,Ryzen 7 3800X,Matisse,8,16,3.9,4.5,Socket AM4,7,32,105,Jul 2019,2019-07-01,22955,,,,429.99,https://www.techpowerup.com/cpu-specs/ryzen-7-3800x.c2129,https://www.cpubenchmark.net/cpu.php?cpu=AMD+Ryzen+7+3800X&id=3499,ryzen73800x
Intel,Core Ultra 7 255H,Arrow Lake-H,16,16,2.0,5.1,BGA 2049,3,24,28,Jan 2025,2025-01-01,30785,,542,,,https://www.techpowerup.com/cpu-specs/core-ultra-7-255h.c4268,https://www.cpubenchmark.net/cpu_lookup.php?cpu=Intel+Core+Ultra+7+255H&id=6471,coreultra7255h
Intel,Core i9-9900K,Coffee Lake-R,8,16,3.6,5.0,Socket 1151,14,16,95,Oct 2018,2018-10-01,18029,,1157,64.31,280.33,https://www.techpowerup.com/cpu-specs/core-i9-9900k.c2098,https://www.cpubenchmark.net/cpu_lookup.php?cpu=Intel+Core+i9-9900K+%40+3.60GHz&id=3334,corei99900k
Intel,Core i7-9700,Coffee Lake,8,8,3.0,4.7,Socket 1151,14,12,65,Apr 2019,2019-04-01,13173,,1486,90.66,145.29,https://www.techpowerup.com/cpu-specs/core-i7-9700.c2183,https://www.cpubenchmark.net/cpu_lookup.php?cpu=Intel+Core+i7-9700+%40+3.00GHz&id=3477,corei79700
Intel,Core i5-3470,Ivy Bridge,4,4,3.2,3.6,Socket 1155,22,6,77,Jun 2012,2012-06-01,4655,,2641,84.63,55.0,https://www.techpowerup.com/cpu-specs/core-i5-3470.c1039,https://www.cpubenchmark.net/cpu_lookup.php?cpu=Intel+Core+i5-3470+%40+3.20GHz&id=822,corei53470
Intel,Xeon E5-2673 v3,Haswell-EP,12,24,2.4,3.1,Socket 2011-3,22,30,105,Sep 2014,2014-09-01,13527,,1461,19.32,700.0,https://www.techpowerup.com/cpu-specs/xeon-e5-2673-v3.c2884,https://www.cpubenchmark.net/cpu_lookup.php?cpu=Intel+Xeon+E5-2673+v3+%40+2.40GHz&id=2606,xeone52673v3
Intel,Core Ultra 9 275HX,Arrow Lake-HX,24,24,2.7,5.4,BGA 2114,3,36,55,Jan 2025,2025-01-01,55710,4704,230,,,https://www.techpowerup.com/cpu-specs/core-ultra-9-275hx.c4096,https://www.cpubenchmark.net/cpu_lookup.php?cpu=Intel+Core+Ultra+9+275HX&id=6492,coreultra9275hx
Intel,Core i7-4790,Haswell,4,8,3.6,4.0,Socket 1150,22,8,84,May 2014,2014-05-01,7258,,2063,92.18,78.73,https://www.techpowerup.com/cpu-specs/core-i7-4790.c1747,https://www.cpubenchmark.net/cpu_lookup.php?cpu=Intel+Core+i7-4790+%40+3.60GHz&id=2226,corei74790
Intel,Core i9-14900K,Raptor Lake-R,24,32,3.2,6.0,Socket 1700,10,36,125,Oct 2023,2023-10-01,58200,,197,126.13,461.41,https://www.techpowerup.com/cpu-specs/core-i9-14900k.c3269,https://www.cpubenchmark.net/cpu_lookup.php?cpu=Intel+Core+i9-14900K&id=5717,corei914900k
AMD,Ryzen 5 7535HS,Rembrandt-R,6,12,3.3,4.55,Socket FP7,6,16,35,Jan 2023,2023-01-01,17554,3094,,,,https://www.techpowerup.com/cpu-specs/ryzen-5-7535hs.c3042,https://www.cpubenchmark.net/cpu.php?cpu=AMD+Ryzen+5+7535HS&id=5403,ryzen57535hs
Intel,Core i5-2400,Sandy Bridge,4,4,3.1,3.4,Socket 1155,32,6,95,Jan 2011,2011-01-01,3846,,2864,15.47,248.63,https://www.techpowerup.com/cpu-specs/core-i5-2400.c734,https://www.cpubenchmark.net/cpu_lookup.php?cpu=Intel+Core+i5-2400+%40+3.10GHz&id=793,corei52400
AMD,Ryzen 7 4800H,Renoir,8,16,2.9,4.2,Socket FP6,7,8,45,Jan 2020,2020-01-01,17805,2579,,,,https://www.techpowerup.com/cpu-specs/ryzen-7-4800h.c2280,https://www.cpubenchmark.net/cpu.php?cpu=AMD+Ryzen+7+4800H&id=3676,ryzen74800h
AMD,Ryzen 3 3100,Matisse,4,8,3.6,3.9,Socket AM4,7,16,65,Apr 2020,2020-04-01,11506,,,,169.99,https://www.techpowerup.com/cpu-specs/ryzen-3-3100.c2298,https://www.cpubenchmark.net/cpu.php?cpu=AMD+Ryzen+3+3100&id=3715,ryzen33100
Intel,Core Ultra X7 358H,Panther Lake,16,16,1.9,4.8,BGA 2540,3,18,25,Jan 2026,2026-01-01,33478,4057,483,,,https://www.techpowerup.com/cpu-specs/core-ultra-x7-358h.c4304,https://www.cpubenchmark.net/cpu_lookup.php?cpu=Intel+Core+Ultra+X7+358H&id=7032,coreultrax7358h
Intel,Core i7-7700,Kaby Lake,4,8,3.6,4.2,Socket 1151,14,8,65,Jan 2017,2017-01-01,8641,,1873,111.07,77.8,https://www.techpowerup.com/cpu-specs/core-i7-7700.c1843,https://www.cpubenchmark.net/cpu_lookup.php?cpu=Intel+Core+i7-7700+%40+3.60GHz&id=2905,corei77700
Intel,Core i7-7700K,Kaby Lake,4,8,4.2,4.5,Socket 1151,14,8,91,Jan 2017,2017-01-01,9635,,1766,102.18,94.3,https://www.techpowerup.com/cpu-specs/core-i7-7700k.c1842,https://www.cpubenchmark.net/cpu_lookup.php?cpu=Intel+Core+i7-7700K+%40+4.20GHz&id=2874,corei77700k
Intel,Core i7-14700K,Raptor Lake-R,20,28,3.4,5.6,Socket 1700,10,33,125,Oct 2023,2023-10-01,51923,,252,141.87,365.99,https://www.techpowerup.com/cpu-specs/core-i7-14700k.c3268,https://www.cpubenchmark.net/cpu_lookup.php?cpu=Intel+Core+i7-14700K&id=5719,corei714700k
Intel,Core i7-8700,Coffee Lake,6,12,3.2,4.6,Socket 1151,14,12,65,Oct 2017,2017-10-01,12735,,1528,92.8,137.22,https://www.techpowerup.com/cpu-specs/core-i7-8700.c1949,https://www.cpubenchmark.net/cpu_lookup.php?cpu=Intel+Core+i7-8700+%40+3.20GHz&id=3099,corei78700
AMD,Ryzen 7 2700,Zen,8,16,3.2,4.1,Socket AM4,12,16,65,Apr 2018,2018-04-01,15588,,,,125.79,https://www.techpowerup.com/cpu-specs/ryzen-7-2700.c2013,https://www.cpubenchmark.net/cpu.php?cpu=AMD+Ryzen+7+2700&id=3240,ryzen72700
Intel,Core 7 240H,Raptor Lake-H,10,16,2.5,5.2,BGA 1744,10,24,45,Dec 2024,2024-12-01,23974,,821,,,https://www.techpowerup.com/cpu-specs/core-7-240h.c3989,https://www.cpubenchmark.net/cpu_lookup.php?cpu=Intel+Core+7+240H&id=6481,core7240h
Intel,Core i5-12400,Alder Lake-S,6,12,2.5,4.4,Socket 1700,10,18,65,Jan 2022,2022-01-01,18823,,1101,98.04,192.0,https://www.techpowerup.com/cpu-specs/core-i5-12400.c2549,https://www.cpubenchmark.net/cpu_lookup.php?cpu=Intel+Core+i5-12400&id=4677,corei512400
AMD,Ryzen 5 5600XT,Vermeer,6,12,3.7,4.7,Socket AM4,7,32,65,Oct 2024,2024-10-01,22249,,,,179.99,https://www.techpowerup.com/cpu-specs/ryzen-5-5600xt.c4095,https://www.cpubenchmark.net/cpu.php?cpu=AMD+Ryzen+5+5600XT&id=6387,ryzen55600xt
Intel,Core i5-6500,Skylake,4,4,3.2,3.6,Socket 1151,14,6,65,Jul 2015,2015-07-01,5601,,2420,66.28,84.5,https://www.techpowerup.com/cpu-specs/core-i5-6500.c1829,https://www.cpubenchmark.net/cpu_lookup.php?cpu=Intel+Core+i5-6500+%40+3.20GHz&id=2599,corei56500
Intel,Xeon E5-2696 v3,Haswell-EP,18,36,2.3,3.8,Socket 2011-3,22,45,145,Sep 2014,2014-09-01,21194,,956,38.75,546.99,https://www.techpowerup.com/cpu-specs/xeon-e5-2696-v3.c2903,https://www.cpubenchmark.net/cpu_lookup.php?cpu=Intel+Xeon+E5-2696+v3+%40+2.30GHz&id=2526,xeone52696v3
Intel,Xeon E5-2666 v3,Haswell-EP,10,20,2.9,3.5,Socket 2011-3,22,25,135,Nov 2014,2014-11-01,14017,,1423,,,https://www.techpowerup.com/cpu-specs/xeon-e5-2666-v3.c2876,https://www.cpubenchmark.net/cpu_lookup.php?cpu=Intel+Xeon+E5-2666+v3+%40+2.90GHz&id=2471,xeone52666v3
Intel,Core i5-13420H,Raptor Lake-H,8,12,2.1,4.6,BGA 1744,10,12,45,Jan 2023,2023-01-01,16770,3346,1242,49.03,342.0,https://www.techpowerup.com/cpu-specs/core-i5-13420h.c3058,https://www.cpubenchmark.net/cpu_lookup.php?cpu=Intel+Core+i5-13420H&id=5434,corei513420h
AMD,Ryzen 9 5900XT,Vermeer,16,32,3.3,4.8,Socket AM4,7,64,105,Jul 2024,2024-07-01,43825,,,,311.0,https://www.techpowerup.com/cpu-specs/ryzen-9-5900xt.c3653,https://www.cpubenchmark.net/cpu.php?cpu=AMD+Ryzen+9+5900XT&id=6187,ryzen95900xt
Intel,Core i7-3770K,Ivy Bridge,4,8,3.5,3.9,Socket 1155,22,8,77,Apr 2012,2012-04-01,6519,,2210,96.49,67.56,https://www.techpowerup.com/cpu-specs/core-i7-3770k.c1001,https://www.cpubenchmark.net/cpu_lookup.php?cpu=Intel+Core+i7-3770K+%40+3.50GHz&id=2,corei73770k
AMD,Ryzen 7 8700G,Phoenix,8,16,4.2,5.1,Socket AM5,4,16,65,Jan 2024,2024-01-01,31478,,,,261.53,https://www.techpowerup.com/cpu-specs/ryzen-7-8700g.c3434,https://www.cpubenchmark.net/cpu.php?cpu=AMD+Ryzen+7+8700G&id=5836,ryzen78700g
Intel,Core i7-2600,Sandy Bridge,4,8,3.4,3.8,Socket 1155,32,8,95,Jan 2011,2011-01-01,5318,,2497,78.32,67.9,https://www.techpowerup.com/cpu-specs/core-i7-2600.c724,https://www.cpubenchmark.net/cpu_lookup.php?cpu=Intel+Core+i7-2600+%40+3.40GHz&id=1,corei72600
Intel,Core i7-9700K,Coffee Lake,8,8,3.6,4.9,Socket 1151,14,12,95,Oct 2018,2018-10-01,14400,,1386,127.12,113.28,https://www.techpowerup.com/cpu-specs/core-i7-9700k.c2097,https://www.cpubenchmark.net/cpu_lookup.php?cpu=Intel+Core+i7-9700K+%40+3.60GHz&id=3335,corei79700k
AMD,Ryzen 3 5300U,Lucienne,4,8,2.6,3.8,Socket FP6,7,4,15,Jan 2021,2021-01-01,9208,2286,,,,https://www.techpowerup.com/cpu-specs/ryzen-3-5300u.c2745,https://www.cpubenchmark.net/cpu.php?cpu=AMD+Ryzen+3+5300U&id=4288,ryzen35300u
Intel,Processor N150,Twin Lake,4,4,0.1,3.6,BGA 1264,10,6,6,Nov 2024,2024-11-01,,,,,,https://www.techpowerup.com/cpu-specs/processor-n150.c4109,,processorn150
AMD,Ryzen 7 8700F,Phoenix,8,16,4.1,5.0,Socket AM5,4,16,65,Apr 2024,2024-04-01,30864,,,,177.24,https://www.techpowerup.com/cpu-specs/ryzen-7-8700f.c3567,https://www.cpubenchmark.net/cpu.php?cpu=AMD+Ryzen+7+8700F&id=6104,ryzen78700f
AMD,Ryzen 7 7700X,Raphael,8,16,4.5,5.4,Socket AM5,5,32,105,Sep 2022,2022-09-01,35479,,,,234.99,https://www.techpowerup.com/cpu-specs/ryzen-7-7700x.c2848,https://www.cpubenchmark.net/cpu.php?cpu=AMD+Ryzen+7+7700X&id=5036,ryzen77700x
AMD,Ryzen 5 8400F,Phoenix,6,12,4.2,4.7,Socket AM5,4,16,65,Apr 2024,2024-04-01,24373,,,,119.62,https://www.techpowerup.com/cpu-specs/ryzen-5-8400f.c3568,https://www.cpubenchmark.net/cpu.php?cpu=AMD+Ryzen+5+8400F&id=6056,ryzen58400f
AMD,EPYC 9996,Venice,256,512,2.55,4.1,Socket SP7,2,1024,600,Jul 2026,2026-07-01,,,,,,https://www.techpowerup.com/cpu-specs/epyc-9996.c4532,,epyc9996
AMD,Athlon 3000G (FH),Zen,2,4,3.5,,Socket AM4,14,4,35,Nov 2019,2019-11-01,,,,,,https://www.techpowerup.com/cpu-specs/athlon-3000g-fh.c2243,,athlon3000gfh
AMD,Ryzen 5 7500X3D,Raphael,6,12,4.0,4.5,Socket AM5,5,96,65,Nov 2025,2025-11-01,24973,,,,248.95,https://www.techpowerup.com/cpu-specs/ryzen-5-7500x3d.c4378,https://www.cpubenchmark.net/cpu.php?cpu=AMD+Ryzen+5+7500X3D&id=7041,ryzen57500x3d
Intel,Core i9-14900HX,Raptor Lake-HX,24,32,2.2,5.8,BGA 1964,10,36,55,Jan 2024,2024-01-01,43591,4164,337,64.2,679.0,https://www.techpowerup.com/cpu-specs/core-i9-14900hx.c3471,https://www.cpubenchmark.net/cpu_lookup.php?cpu=Intel+Core+i9-14900HX&id=5867,corei914900hx
Intel,Core i7-8700K,Coffee Lake,6,12,3.7,4.7,Socket 1151,14,12,95,Oct 2017,2017-10-01,13556,,1458,90.82,149.25,https://www.techpowerup.com/cpu-specs/core-i7-8700k.c1947,https://www.cpubenchmark.net/cpu_lookup.php?cpu=Intel+Core+i7-8700K+%40+3.70GHz&id=3098,corei78700k
Intel,Core 2 Quad Q6600 (95W),Kentsfield,4,4,2.4,,Socket 775,65,,95,Jul 2007,2007-07-01,,,,,,https://www.techpowerup.com/cpu-specs/core-2-quad-q6600-95w.c403,,core2quadq660095w
Intel,Core Ultra 5 250K Plus,Arrow Lake Refresh,18,18,4.2,5.3,Socket 1851,3,30,125,Mar 2026,2026-03-01,51560,,257,235.43,219.0,https://www.techpowerup.com/cpu-specs/core-ultra-5-250k-plus.c4352,https://www.cpubenchmark.net/cpu_lookup.php?cpu=Intel+Core+Ultra+5+250K+Plus&id=7221,coreultra5250kplus
Intel,Core 5 120U,Raptor Lake-U,10,12,1.4,5.0,BGA 1744,10,12,15,Jan 2024,2024-01-01,14873,3455,1358,43.74,340.0,https://www.techpowerup.com/cpu-specs/core-5-120u.c3462,https://www.cpubenchmark.net/cpu_lookup.php?cpu=Intel+Core+5+120U&id=5892,core5120u
Intel,Processor N100,Gracemont,4,4,0.1,3.4,BGA 1264,10,6,6,Jan 2023,2023-01-01,,,,,,https://www.techpowerup.com/cpu-specs/processor-n100.c3007,,processorn100
AMD,Ryzen 5 1400,Zen,4,8,3.2,3.4,Socket AM4,14,8,65,Apr 2017,2017-04-01,7744,,,,90.99,https://www.techpowerup.com/cpu-specs/ryzen-5-1400.c1896,https://www.cpubenchmark.net/cpu.php?cpu=AMD+Ryzen+5+1400&id=2992,ryzen51400
AMD,Ryzen 3 3200U,Raven Ridge,2,4,2.6,3.5,Socket FP5,14,4,15,Jan 2019,2019-01-01,3701,1761,,,,https://www.techpowerup.com/cpu-specs/ryzen-3-3200u.c2136,https://www.cpubenchmark.net/cpu.php?cpu=AMD+Ryzen+3+3200U&id=3431,ryzen33200u
Intel,Core i7-6700K,Skylake,4,8,4.0,4.2,Socket 1151,14,8,91,Aug 2015,2015-08-01,8935,,1845,131.01,68.2,https://www.techpowerup.com/cpu-specs/core-i7-6700k.c1825,https://www.cpubenchmark.net/cpu_lookup.php?cpu=Intel+Core+i7-6700K+%40+4.00GHz&id=2565,corei76700k
Intel,Core i5-8400,Coffee Lake,6,6,2.8,4.0,Socket 1151,14,9,65,Oct 2017,2017-10-01,9234,,1810,105.8,87.27,https://www.techpowerup.com/cpu-specs/core-i5-8400.c1964,https://www.cpubenchmark.net/cpu_lookup.php?cpu=Intel+Core+i5-8400+%40+2.80GHz&id=3097,corei58400
Intel,Core 5 210H,Raptor Lake-H,8,12,2.2,4.8,BGA 1744,10,12,45,Dec 2024,2024-12-01,18122,3527,1151,,,https://www.techpowerup.com/cpu-specs/core-5-210h.c3988,https://www.cpubenchmark.net/cpu_lookup.php?cpu=Intel+Core+5+210H&id=6445,core5210h
Intel,Core i5-14600K,Raptor Lake-R,14,20,3.5,5.3,Socket 1700,10,24,125,Oct 2023,2023-10-01,38372,,400,153.49,249.99,https://www.techpowerup.com/cpu-specs/core-i5-14600k.c3266,https://www.cpubenchmark.net/cpu_lookup.php?cpu=Intel+Core+i5-14600K&id=5720,corei514600k
AMD,Ryzen 5 7530U,Barcelo-R,6,12,2.0,4.5,Socket FP6,7,16,15,Jan 2023,2023-01-01,14895,2972,,,,https://www.techpowerup.com/cpu-specs/ryzen-5-7530u.c3036,https://www.cpubenchmark.net/cpu.php?cpu=AMD+Ryzen+5+7530U&id=5126,ryzen57530u
Intel,Core i7-14650HX,Raptor Lake-HX,16,24,2.2,5.2,BGA 1964,10,30,55,Jan 2024,2024-01-01,33390,3840,485,67.46,495.0,https://www.techpowerup.com/cpu-specs/core-i7-14650hx.c3473,https://www.cpubenchmark.net/cpu_lookup.php?cpu=Intel+Core+i7-14650HX&id=5844,corei714650hx
AMD,Ryzen 9 9900X,Granite Ridge,12,24,4.4,5.6,Socket AM5,4,64,120,Aug 2024,2024-08-01,54305,,,,332.95,https://www.techpowerup.com/cpu-specs/ryzen-9-9900x.c3650,https://www.cpubenchmark.net/cpu.php?cpu=AMD+Ryzen+9+9900X&id=6171,ryzen99900x
AMD,Ryzen 9 9955HX3D,Fire Range,16,32,2.5,5.4,Socket FL1,4,128,55,Jan 2025,2025-01-01,62233,4496,,,,https://www.techpowerup.com/cpu-specs/ryzen-9-9955hx3d.c4036,https://www.cpubenchmark.net/cpu.php?cpu=AMD+Ryzen+9+9955HX3D&id=6641,ryzen99955hx3d
Intel,Core i7-4770,Haswell,4,8,3.4,3.9,Socket 1150,22,8,84,Jun 2013,2013-06-01,7067,,2106,84.2,83.93,https://www.techpowerup.com/cpu-specs/core-i7-4770.c1473,https://www.cpubenchmark.net/cpu_lookup.php?cpu=Intel+Core+i7-4770+%40+3.40GHz&id=1907,corei74770
AMD,Ryzen 3 4100,Renoir,4,8,3.8,4.0,Socket AM4,7,8,65,Apr 2022,2022-04-01,11025,,,,103.03,https://www.techpowerup.com/cpu-specs/ryzen-3-4100.c2757,https://www.cpubenchmark.net/cpu.php?cpu=AMD+Ryzen+3+4100&id=4832,ryzen34100
AMD,Ryzen 5 5500GT,Cezanne,6,12,3.6,4.4,Socket AM4,7,16,65,Jan 2024,2024-01-01,19037,,,,151.49,https://www.techpowerup.com/cpu-specs/ryzen-5-5500gt.c3439,https://www.cpubenchmark.net/cpu.php?cpu=AMD+Ryzen+5+5500GT&id=5894,ryzen55500gt
AMD,Ryzen 9 8940HX,Dragon Range,16,32,2.4,5.3,Socket FL1,5,64,55,Apr 2025,2025-04-01,49471,3869,,,,https://www.techpowerup.com/cpu-specs/ryzen-9-8940hx.c4134,https://www.cpubenchmark.net/cpu.php?cpu=AMD+Ryzen+9+8940HX&id=6674,ryzen98940hx
AMD,Ryzen 7 PRO 5850U,Cezanne-U,8,16,1.9,4.4,Socket FP6,7,16,15,Mar 2021,2021-03-01,16371,2837,,,,https://www.techpowerup.com/cpu-specs/ryzen-7-pro-5850u.c2774,https://www.cpubenchmark.net/cpu.php?cpu=AMD+Ryzen+7+PRO+5850U&id=4198,ryzen7pro5850u
Intel,Core i5-14400,Raptor Lake-R,10,16,2.5,4.7,Socket 1700,10,20,65,Jan 2024,2024-01-01,25036,,765,119.79,209.0,https://www.techpowerup.com/cpu-specs/core-i5-14400.c3449,https://www.cpubenchmark.net/cpu_lookup.php?cpu=Intel+Core+i5-14400&id=5868,corei514400
AMD,A8-7600,Kaveri,4,4,3.1,3.8,Socket FM2+,28,,65,Jul 2014,2014-07-01,,,,,,https://www.techpowerup.com/cpu-specs/a8-7600.c2615,,a87600
Intel,Core Ultra 5 225,Arrow Lake-S,10,10,3.3,4.9,Socket 1851,3,20,65,Jan 2025,2025-01-01,30359,,558,172.62,175.87,https://www.techpowerup.com/cpu-specs/core-ultra-5-225.c3783,https://www.cpubenchmark.net/cpu_lookup.php?cpu=Intel+Core+Ultra+5+225&id=6469,coreultra5225
Intel,Xeon E5-2678 v3,Haswell-EP,12,24,2.5,3.3,Socket 2011-3,22,30,120,2015,201501-01,14666,,1375,138.11,106.19,https://www.techpowerup.com/cpu-specs/xeon-e5-2678-v3.c2886,https://www.cpubenchmark.net/cpu_lookup.php?cpu=Intel+Xeon+E5-2678+v3+%40+2.50GHz&id=2584,xeone52678v3
Intel,Core Ultra 5 125H,Meteor Lake,14,18,3.6,4.5,BGA 2049,7,18,28,Dec 2023,2023-12-01,19968,3316,1035,,,https://www.techpowerup.com/cpu-specs/core-ultra-5-125h.c3309,https://www.cpubenchmark.net/cpu_lookup.php?cpu=Intel+Core+Ultra+5+125H&id=5777,coreultra5125h
Intel,Core i5-650,Clarkdale,2,4,3.2,3.466,Socket 1156,32,4,73,Jan 2010,2010-01-01,2259,,3648,37.69,59.95,https://www.techpowerup.com/cpu-specs/core-i5-650.c664,https://www.cpubenchmark.net/cpu_lookup.php?cpu=Intel+Core+i5-650+%40+3.20GHz&id=767,corei5650
AMD,A10-9700,Bristol Ridge,4,4,3.5,3.8,Socket AM4,28,,65,Jul 2017,2017-07-01,3544,,,,460.72,https://www.techpowerup.com/cpu-specs/a10-9700.c1955,https://www.cpubenchmark.net/cpu.php?cpu=AMD+A10-9700&id=2900,a109700
Intel,Core Ultra 5 225H,Arrow Lake-H,14,14,1.7,4.9,BGA 2049,3,18,28,Jan 2025,2025-01-01,28045,4253,643,,,https://www.techpowerup.com/cpu-specs/core-ultra-5-225h.c4270,https://www.cpubenchmark.net/cpu_lookup.php?cpu=Intel+Core+Ultra+5+225H&id=6525,coreultra5225h
Intel,Core i5-9400,Coffee Lake,6,6,2.9,4.1,Socket 1151,14,9,65,Jan 2019,2019-01-01,9352,,1796,74.82,125.0,https://www.techpowerup.com/cpu-specs/core-i5-9400.c2092,https://www.cpubenchmark.net/cpu_lookup.php?cpu=Intel+Core+i5-9400+%40+2.90GHz&id=3414,corei59400
Intel,Core i7-920,Bloomfield,4,8,2.666,2.933,Socket 1366,45,8,130,Nov 2008,2008-11-01,2876,,3286,35.95,80.0,https://www.techpowerup.com/cpu-specs/core-i7-920.c646,https://www.cpubenchmark.net/cpu_lookup.php?cpu=Intel+Core+i7-920+%40+2.67GHz&id=834,corei7920
AMD,Ryzen 5 220,Hawk Point,6,12,3.2,4.9,Socket FP8,4,16,28,Jan 2025,2025-01-01,18570,3644,,,,https://www.techpowerup.com/cpu-specs/ryzen-5-220.c4014,https://www.cpubenchmark.net/cpu.php?cpu=AMD+Ryzen+5+220&id=6616,ryzen5220
Intel,Core 2 Quad Q9650,Yorkfield,4,4,3.0,,Socket 775,45,,95,Aug 2008,2008-08-01,2519,,3479,13.26,189.95,https://www.techpowerup.com/cpu-specs/core-2-quad-q9650.c529,https://www.cpubenchmark.net/cpu_lookup.php?cpu=Intel+Core2+Quad+Q9650+%40+3.00GHz&id=1050,core2quadq9650
Intel,Core Ultra 7 356H,Panther Lake,16,16,1.9,4.7,BGA 2540,3,18,25,Jan 2026,2026-01-01,34251,4065,463,,,https://www.techpowerup.com/cpu-specs/core-ultra-7-356h.c4307,https://www.cpubenchmark.net/cpu_lookup.php?cpu=Intel+Core+Ultra+7+356H&id=7104,coreultra7356h
Intel,Core i7-13620H,Raptor Lake-H,10,16,2.4,4.9,BGA 1744,10,24,45,Jan 2023,2023-01-01,23202,3550,852,46.22,502.0,https://www.techpowerup.com/cpu-specs/core-i7-13620h.c3053,https://www.cpubenchmark.net/cpu_lookup.php?cpu=Intel+Core+i7-13620H&id=5283,corei713620h
AMD,Ryzen Z1 Extreme,Phoenix,8,16,3.3,5.1,Socket FP8,4,16,15,May 2023,2023-05-01,24584,,,,,https://www.techpowerup.com/cpu-specs/ryzen-z1-extreme.c3276,https://www.cpubenchmark.net/cpu.php?cpu=AMD+Ryzen+Z1+Extreme&id=5508,ryzenz1extreme
Intel,Core i7-950,Bloomfield,4,8,3.066,3.333,Socket 1366,45,8,130,Jun 2009,2009-06-01,3274,,3091,38.9,84.15,https://www.techpowerup.com/cpu-specs/core-i7-950.c644,https://www.cpubenchmark.net/cpu_lookup.php?cpu=Intel+Core+i7-950+%40+3.07GHz&id=837,corei7950
Intel,Core i3-12100F,Alder Lake-S,4,8,3.3,4.3,Socket 1700,10,12,58,Jan 2022,2022-01-01,13953,,1427,102.76,135.78,https://www.techpowerup.com/cpu-specs/core-i3-12100f.c2543,https://www.cpubenchmark.net/cpu_lookup.php?cpu=Intel+Core+i3-12100F&id=4670,corei312100f
AMD,Ryzen 7 1700X,Summit Ridge,8,16,3.4,3.8,Socket AM4,14,16,95,Mar 2017,2017-03-01,15581,,,,139.99,https://www.techpowerup.com/cpu-specs/ryzen-7-1700x.c1892,https://www.cpubenchmark.net/cpu.php?cpu=AMD+Ryzen+7+1700X&id=2969,ryzen71700x
AMD,Ryzen 5 4600H,Renoir,6,12,3.0,4.0,Socket FP6,7,8,45,Jan 2020,2020-01-01,14063,2410,,,,https://www.techpowerup.com/cpu-specs/ryzen-5-4600h.c2283,https://www.cpubenchmark.net/cpu.php?cpu=AMD+Ryzen+5+4600H&id=3708,ryzen54600h
Intel,Core Ultra 7 155H,Meteor Lake,16,22,3.8,4.8,BGA 2049,7,24,28,Dec 2023,2023-12-01,24447,3403,796,48.6,503.0,https://www.techpowerup.com/cpu-specs/core-ultra-7-155h.c3307,https://www.cpubenchmark.net/cpu_lookup.php?cpu=Intel+Core+Ultra+7+155H&id=5677,coreultra7155h
Intel,Core Ultra 7 265K,Arrow Lake-S,20,20,3.9,5.5,Socket 1851,3,30,125,Oct 2024,2024-10-01,58569,,194,188.94,309.99,https://www.techpowerup.com/cpu-specs/core-ultra-7-265k.c3776,https://www.cpubenchmark.net/cpu_lookup.php?cpu=Intel+Core+Ultra+7+265K&id=6326,coreultra7265k
Intel,Core Ultra X9 388H,Panther Lake,16,16,2.1,5.1,BGA 2540,3,18,25,Jan 2026,2026-01-01,36409,4298,425,,,https://www.techpowerup.com/cpu-specs/core-ultra-x9-388h.c4302,https://www.cpubenchmark.net/cpu_lookup.php?cpu=Intel+Core+Ultra+X9+388H&id=7150,coreultrax9388h
AMD,Ryzen 3 5400U,Cezanne-U,4,8,2.6,4.0,Socket FP6,7,8,15,Jan 2021,2021-01-01,10744,2720,,,,https://www.techpowerup.com/cpu-specs/ryzen-3-5400u.c2748,https://www.cpubenchmark.net/cpu.php?cpu=AMD+Ryzen+3+5400U&id=4178,ryzen35400u
AMD,Ryzen 9 3950X,Matisse,16,32,3.5,4.7,Socket AM4,7,64,105,Nov 2019,2019-11-01,38397,,,,714.57,https://www.techpowerup.com/cpu-specs/ryzen-9-3950x.c2203,https://www.cpubenchmark.net/cpu.php?cpu=AMD+Ryzen+9+3950X&id=3598,ryzen93950x
AMD,Ryzen 5 2500U,Raven Ridge,4,8,2.0,3.6,Socket FP5,14,4,15,Oct 2017,2017-10-01,6448,1780,,,,https://www.techpowerup.com/cpu-specs/ryzen-5-2500u.c1971,https://www.cpubenchmark.net/cpu.php?cpu=AMD+Ryzen+5+2500U&id=3123,ryzen52500u
AMD,Ryzen 7 PRO 4750U,Renoir,8,16,1.7,4.1,Socket FP6,7,8,15,May 2020,2020-05-01,14544,2448,,,,https://www.techpowerup.com/cpu-specs/ryzen-7-pro-4750u.c2502,https://www.cpubenchmark.net/cpu.php?cpu=AMD+Ryzen+7+PRO+4750U&id=3740,ryzen7pro4750u
AMD,Ryzen 5 6600H,Rembrandt,6,12,3.3,4.5,Socket FP7,6,16,45,Jan 2022,2022-01-01,18023,3139,,,,https://www.techpowerup.com/cpu-specs/ryzen-5-6600h.c2525,https://www.cpubenchmark.net/cpu.php?cpu=AMD+Ryzen+5+6600H&id=4943,ryzen56600h
AMD,Ryzen 7 5800XT,Vermeer,8,16,3.8,4.8,Socket AM4,7,32,105,Jul 2024,2024-07-01,28022,,,,239.0,https://www.techpowerup.com/cpu-specs/ryzen-7-5800xt.c3654,https://www.cpubenchmark.net/cpu.php?cpu=AMD+Ryzen+7+5800XT&id=6307,ryzen75800xt
Intel,Core i5-750,Lynnfield,4,4,2.666,3.2,Socket 1156,45,8,95,Sep 2009,2009-09-01,2559,,3458,52.66,48.59,https://www.techpowerup.com/cpu-specs/core-i5-750.c649,https://www.cpubenchmark.net/cpu_lookup.php?cpu=Intel+Core+i5-750+%40+2.67GHz&id=772,corei5750
Intel,Core i7-1165G7,Tiger Lake-U,4,8,2.8,4.7,BGA 1449,10,12,28,Sep 2020,2020-09-01,9741,2714,1757,22.87,426.0,https://www.techpowerup.com/cpu-specs/core-i7-1165g7.c2343,https://www.cpubenchmark.net/cpu_lookup.php?cpu=Intel+Core+i7-1165G7+%40+2.80GHz&id=3814,corei71165g7
AMD,Ryzen 5 150,Rembrandt-R,6,12,3.3,4.55,Socket FP7,6,16,35,Oct 2025,2025-10-01,16817,3044,,,,https://www.techpowerup.com/cpu-specs/ryzen-5-150.c4258,https://www.cpubenchmark.net/cpu.php?cpu=AMD+Ryzen+5+150&id=7276,ryzen5150
Intel,Core i7-14700,Raptor Lake-R,20,28,2.1,5.4,Socket 1700,10,33,65,Jan 2024,2024-01-01,40223,,375,105.97,379.56,https://www.techpowerup.com/cpu-specs/core-i7-14700.c3442,https://www.cpubenchmark.net/cpu_lookup.php?cpu=Intel+Core+i7-14700&id=5852,corei714700
Intel,Core i5-4590,Haswell,4,4,3.3,3.7,Socket 1150,22,6,84,May 2014,2014-05-01,5380,,2476,68.59,78.44,https://www.techpowerup.com/cpu-specs/core-i5-4590.c1750,https://www.cpubenchmark.net/cpu_lookup.php?cpu=Intel+Core+i5-4590+%40+3.30GHz&id=2234,corei54590
Intel,Core i7-860,Lynnfield,4,8,2.8,3.466,Socket 1156,45,8,95,Sep 2009,2009-09-01,3029,,3207,23.31,129.95,https://www.techpowerup.com/cpu-specs/core-i7-860.c648,https://www.cpubenchmark.net/cpu_lookup.php?cpu=Intel+Core+i7-860+%40+2.80GHz&id=6,corei7860
Intel,Core i7-13650HX,Raptor Lake-HX,14,20,2.6,4.9,BGA 1964,10,24,55,Jan 2023,2023-01-01,29948,3735,575,61.75,485.0,https://www.techpowerup.com/cpu-specs/core-i7-13650hx.c3029,https://www.cpubenchmark.net/cpu_lookup.php?cpu=Intel+Core+i7-13650HX&id=5253,corei713650hx
Intel,Core i7-1185G7,Tiger Lake-U,4,8,3.0,4.8,BGA 1449,10,12,28,Sep 2020,2020-09-01,9875,2747,1740,23.18,426.0,https://www.techpowerup.com/cpu-specs/core-i7-1185g7.c2344,https://www.cpubenchmark.net/cpu_lookup.php?cpu=Intel+Core+i7-1185G7+%40+3.00GHz&id=3793,corei71185g7
AMD,Ryzen 5 8600G,Phoenix,6,12,4.3,5.0,Socket AM5,4,16,65,Jan 2024,2024-01-01,25191,,,,243.03,https://www.techpowerup.com/cpu-specs/ryzen-5-8600g.c3435,https://www.cpubenchmark.net/cpu.php?cpu=AMD+Ryzen+5+8600G&id=5842,ryzen58600g
AMD,Ryzen 7 5800,Vermeer,8,16,3.4,4.6,Socket AM4,7,32,65,Jan 2021,2021-01-01,25666,,,,,https://www.techpowerup.com/cpu-specs/ryzen-7-5800.c2678,https://www.cpubenchmark.net/cpu.php?cpu=AMD+Ryzen+7+5800&id=4188,ryzen75800
Intel,Core i5-10500,Comet Lake,6,12,3.1,4.5,Socket 1200,14,12,65,Apr 2020,2020-04-01,12896,,1511,72.15,178.74,https://www.techpowerup.com/cpu-specs/core-i5-10500.c2211,https://www.cpubenchmark.net/cpu_lookup.php?cpu=Intel+Core+i5-10500+%40+3.10GHz&id=3749,corei510500
Intel,Core Ultra 9 285H,Arrow Lake-H,16,16,2.9,5.4,BGA 2049,3,24,45,Jan 2025,2025-01-01,34201,4416,465,52.54,651.0,https://www.techpowerup.com/cpu-specs/core-ultra-9-285h.c4264,https://www.cpubenchmark.net/cpu_lookup.php?cpu=Intel+Core+Ultra+9+285H&id=6444,coreultra9285h
Intel,Core Ultra 7 258V,Lunar Lake,8,8,2.2,4.8,BGA 2833,3,12,17,Sep 2024,2024-09-01,18867,4012,1096,,,https://www.techpowerup.com/cpu-specs/core-ultra-7-258v.c3795,https://www.cpubenchmark.net/cpu_lookup.php?cpu=Intel+Core+Ultra+7+258V&id=6281,coreultra7258v
AMD,Ryzen AI Max+ PRO 395,Strix Halo,16,32,3.0,5.1,Socket FP11,4,64,55,Jan 2025,2025-01-01,51957,4081,,,,https://www.techpowerup.com/cpu-specs/ryzen-ai-max-pro-395.c3998,https://www.cpubenchmark.net/cpu.php?cpu=AMD+Ryzen+AI+Max%2B+Pro+395&id=6400,ryzenaimaxpro395
AMD,Ryzen 5 5600U,Cezanne-U,6,12,2.3,4.2,Socket FP6,7,16,15,Jan 2021,2021-01-01,14813,2836,,,,https://www.techpowerup.com/cpu-specs/ryzen-5-5600u.c2747,https://www.cpubenchmark.net/cpu.php?cpu=AMD+Ryzen+5+5600U&id=4284,ryzen55600u
Intel,Core i5-7500,Kaby Lake,4,4,3.4,3.8,Socket 1151,14,6,65,Jan 2017,2017-01-01,6041,,2323,101.96,59.25,https://www.techpowerup.com/cpu-specs/core-i5-7500.c1850,https://www.cpubenchmark.net/cpu_lookup.php?cpu=Intel+Core+i5-7500+%40+3.40GHz&id=2910,corei57500
Intel,Core Ultra 9 386H,Panther Lake,16,16,2.1,4.9,BGA 2540,3,18,25,Jan 2026,2026-01-01,36010,4222,439,,,https://www.techpowerup.com/cpu-specs/core-ultra-9-386h.c4305,https://www.cpubenchmark.net/cpu_lookup.php?cpu=Intel+Core+Ultra+9+386H&id=7186,coreultra9386h
AMD,Ryzen Embedded R2514,Picasso,4,8,2.1,3.7,Socket FP5,12,4,15,Sep 2022,2022-09-01,6422,,,,,https://www.techpowerup.com/cpu-specs/ryzen-embedded-r2514.c3322,https://www.cpubenchmark.net/cpu.php?cpu=AMD+Ryzen+Embedded+R2514&id=5630,ryzenembeddedr2514
Intel,Core i5-8500,Coffee Lake,6,6,3.0,4.1,Socket 1151,14,9,65,Feb 2018,2018-02-01,9498,,1780,100.67,94.35,https://www.techpowerup.com/cpu-specs/core-i5-8500.c1984,https://www.cpubenchmark.net/cpu_lookup.php?cpu=Intel+Core+i5-8500+%40+3.00GHz&id=3223,corei58500
Intel,Core Ultra 3 205,Arrow Lake-S,8,8,3.8,4.9,Socket 1851,3,15,57,Aug 2025,2025-08-01,26082,,727,,,https://www.techpowerup.com/cpu-specs/core-ultra-3-205.c4242,https://www.cpubenchmark.net/cpu_lookup.php?cpu=Intel+Core+Ultra+3+205&id=7250,coreultra3205
Intel,Core i5-7400,Kaby Lake,4,4,3.0,3.5,Socket 1151,14,6,65,Jan 2017,2017-01-01,5480,,2458,105.45,51.97,https://www.techpowerup.com/cpu-specs/core-i5-7400.c1851,https://www.cpubenchmark.net/cpu_lookup.php?cpu=Intel+Core+i5-7400+%40+3.00GHz&id=2929,corei57400
AMD,Ryzen 5 3550H,Picasso,4,8,2.1,3.7,Socket FP5,12,4,35,Jan 2019,2019-01-01,7606,1996,,,,https://www.techpowerup.com/cpu-specs/ryzen-5-3550h.c2139,https://www.cpubenchmark.net/cpu.php?cpu=AMD+Ryzen+5+3550H&id=3403,ryzen53550h
Intel,Core i3-8100,Coffee Lake,4,4,3.6,,Socket 1151,14,6,65,Oct 2017,2017-10-01,6052,,2319,192.68,31.41,https://www.techpowerup.com/cpu-specs/core-i3-8100.c1966,https://www.cpubenchmark.net/cpu_lookup.php?cpu=Intel+Core+i3-8100+%40+3.60GHz&id=3103,corei38100
Intel,Xeon E5-2676 v3,Haswell-EP,12,24,2.4,3.0,Socket 2011-3,22,30,120,Jun 2015,2015-06-01,12833,,1515,,,https://www.techpowerup.com/cpu-specs/xeon-e5-2676-v3.c2885,https://www.cpubenchmark.net/cpu_lookup.php?cpu=Intel+Xeon+E5-2676+v3+%40+2.40GHz&id=2643,xeone52676v3
AMD,Ryzen 9 8945HX,Dragon Range,16,32,2.5,5.4,Socket FL1,5,64,55,Apr 2025,2025-04-01,51181,3894,,,,https://www.techpowerup.com/cpu-specs/ryzen-9-8945hx.c4135,https://www.cpubenchmark.net/cpu.php?cpu=AMD+Ryzen+9+8945HX&id=6691,ryzen98945hx
AMD,Ryzen 5 1600X,Summit Ridge,6,12,3.6,4.0,Socket AM4,14,16,95,Apr 2017,2017-04-01,12983,,,,195.0,https://www.techpowerup.com/cpu-specs/ryzen-5-1600x.c1894,https://www.cpubenchmark.net/cpu.php?cpu=AMD+Ryzen+5+1600X&id=3000,ryzen51600x
Intel,Atom D525,Pineview,2,4,1.834,,BGA 437,45,,13,Jun 2010,2010-06-01,396,,5456,,,https://www.techpowerup.com/cpu-specs/atom-d525.c1399,https://www.cpubenchmark.net/cpu_lookup.php?cpu=Intel+Atom+D525+%40+1.80GHz&id=611,atomd525
Intel,Core i5-1235U,Alder Lake-U,10,12,1.3,4.4,BGA 1744,10,12,15,Feb 2022,2022-02-01,12415,3045,1545,40.18,309.0,https://www.techpowerup.com/cpu-specs/core-i5-1235u.c2591,https://www.cpubenchmark.net/cpu_lookup.php?cpu=Intel+Core+i5-1235U&id=4765,corei51235u
AMD,Ryzen 9 3900,Matisse,12,24,3.1,4.3,Socket AM4,7,64,65,Sep 2019,2019-09-01,30548,,,,219.99,https://www.techpowerup.com/cpu-specs/ryzen-9-3900.c3704,https://www.cpubenchmark.net/cpu.php?cpu=AMD+Ryzen+9+3900&id=3575,ryzen93900
AMD,Ryzen 9 9955HX,Fire Range,16,32,2.5,5.4,Socket FL1,4,64,55,Jan 2025,2025-01-01,56283,4394,,,,https://www.techpowerup.com/cpu-specs/ryzen-9-9955hx.c4037,https://www.cpubenchmark.net/cpu.php?cpu=AMD+Ryzen+9+9955HX&id=6664,ryzen99955hx
Intel,Core i5-12450H,Alder Lake-H,8,12,2.0,4.4,BGA 1744,10,12,45,Jan 2022,2022-01-01,15866,3270,1299,51.02,311.0,https://www.techpowerup.com/cpu-specs/core-i5-12450h.c2533,https://www.cpubenchmark.net/cpu_lookup.php?cpu=Intel+Core+i5-12450H&id=4727,corei512450h
Intel,Core Ultra 9 290HX Plus,Arrow Lake-HX Refresh,24,24,2.7,5.5,BGA 2114,3,36,55,Mar 2026,2026-03-01,58676,4927,193,,,https://www.techpowerup.com/cpu-specs/core-ultra-9-290hx-plus.c4358,https://www.cpubenchmark.net/cpu_lookup.php?cpu=Intel+Core+Ultra+9+290HX+Plus&id=7148,coreultra9290hxplus
Intel,Core i5-4570,Haswell,4,4,3.2,3.6,Socket 1150,22,6,84,Jun 2013,2013-06-01,5225,,2525,102.45,51.0,https://www.techpowerup.com/cpu-specs/core-i5-4570.c1478,https://www.cpubenchmark.net/cpu_lookup.php?cpu=Intel+Core+i5-4570+%40+3.20GHz&id=1896,corei54570
Intel,Core i5-1145G7,Tiger Lake-U,4,8,2.6,4.4,BGA 1449,10,8,28,Sep 2020,2020-09-01,9160,2655,1817,,,https://www.techpowerup.com/cpu-specs/core-i5-1145g7.c2352,https://www.cpubenchmark.net/cpu_lookup.php?cpu=Intel+Core+i5-1145G7+%40+2.60GHz&id=3922,corei51145g7
Intel,Core i7-12700K,Alder Lake-S,12,20,3.6,5.0,Socket 1700,10,25,125,Nov 2021,2021-11-01,34242,,464,83.72,409.0,https://www.techpowerup.com/cpu-specs/core-i7-12700k.c2507,https://www.cpubenchmark.net/cpu_lookup.php?cpu=Intel+Core+i7-12700K&id=4609,corei712700k
AMD,Ryzen AI 9 HX 470,Gorgon Point,12,24,2.0,5.2,Socket FP8,4,16,28,Jan 2026,2026-01-01,37081,4110,,,,https://www.techpowerup.com/cpu-specs/ryzen-ai-9-hx-470.c4320,https://www.cpubenchmark.net/cpu.php?cpu=AMD+Ryzen+AI+9+HX+470&id=7087,ryzenai9hx470
AMD,Ryzen 9 7900X,Raphael,12,24,4.7,5.6,Socket AM5,5,64,170,Sep 2022,2022-09-01,51217,,,,312.0,https://www.techpowerup.com/cpu-specs/ryzen-9-7900x.c2847,https://www.cpubenchmark.net/cpu.php?cpu=AMD+Ryzen+9+7900X&id=5027,ryzen97900x
Intel,Core 3 304,Wildcat Lake,5,5,1.5,4.3,BGA 1516,3,6,15,Apr 2026,2026-04-01,11970,3745,1577,,,https://www.techpowerup.com/cpu-specs/core-3-304.c4400,https://www.cpubenchmark.net/cpu_lookup.php?cpu=Intel+Core+3+304&id=7351,core3304
Intel,Core i7-14700F,Raptor Lake-R,20,28,2.1,5.4,Socket 1700,10,33,65,Jan 2024,2024-01-01,41275,,362,126.9,325.26,https://www.techpowerup.com/cpu-specs/core-i7-14700f.c3443,https://www.cpubenchmark.net/cpu_lookup.php?cpu=Intel+Core+i7-14700F&id=5834,corei714700f
Intel,Core i7-870,Lynnfield,4,8,2.933,3.6,Socket 1156,45,8,95,Sep 2009,2009-09-01,3173,,3133,24.41,130.0,https://www.techpowerup.com/cpu-specs/core-i7-870.c647,https://www.cpubenchmark.net/cpu_lookup.php?cpu=Intel+Core+i7-870+%40+2.93GHz&id=832,corei7870
NVIDIA,RTX Spark (MediaTek AHJ11488B),N1X,20,20,1.7,4.0,,3,8,38,2026,202601-01,,,,,,https://www.techpowerup.com/cpu-specs/rtx-spark-mediatek-ahj11488b.c4474,,rtxsparkmediatekahj11488b
Intel,Core 2 Quad Q9550,Yorkfield,4,4,2.833,,Socket 775,45,,95,Mar 2008,2008-03-01,2383,,3568,7.38,323.0,https://www.techpowerup.com/cpu-specs/core-2-quad-q9550.c528,https://www.cpubenchmark.net/cpu_lookup.php?cpu=Intel+Core2+Quad+Q9550+%40+2.83GHz&id=1049,core2quadq9550
AMD,Ryzen 7 7840HS,Phoenix,8,16,3.8,5.1,Socket FP8,4,16,35,Jan 2023,2023-01-01,28241,3701,,,,https://www.techpowerup.com/cpu-specs/ryzen-7-7840hs.c3033,https://www.cpubenchmark.net/cpu.php?cpu=AMD+Ryzen+7+7840HS&id=5258,ryzen77840hs
Intel,Core i3-2100,Sandy Bridge,2,4,3.1,,Socket 1155,32,3,65,Feb 2011,2011-02-01,1864,,3919,64.27,29.0,https://www.techpowerup.com/cpu-specs/core-i3-2100.c736,https://www.cpubenchmark.net/cpu_lookup.php?cpu=Intel+Core+i3-2100+%40+3.10GHz&id=749,corei32100
Intel,Core i5-14600KF,Raptor Lake-R,14,20,3.5,5.3,Socket 1700,10,24,125,Oct 2023,2023-10-01,38247,,403,149.58,255.69,https://www.techpowerup.com/cpu-specs/core-i5-14600kf.c3267,https://www.cpubenchmark.net/cpu_lookup.php?cpu=Intel+Core+i5-14600KF&id=5722,corei514600kf
AMD,Ryzen AI 9 365,Strix Point,10,20,2.0,5.0,Socket FP8,4,16,28,Jul 2024,2024-07-01,30336,3859,,,,https://www.techpowerup.com/cpu-specs/ryzen-ai-9-365.c3656,https://www.cpubenchmark.net/cpu.php?cpu=AMD+Ryzen+AI+9+365&id=6180,ryzenai9365
AMD,Ryzen AI 7 445,Gorgon Point,6,12,2.0,4.6,Socket FP8,4,4,28,Jan 2026,2026-01-01,18257,3617,,,,https://www.techpowerup.com/cpu-specs/ryzen-ai-7-445.c4323,https://www.cpubenchmark.net/cpu.php?cpu=AMD+Ryzen+AI+7+445&id=7159,ryzenai7445
AMD,Ryzen 7 4700U,Renoir,8,8,2.0,4.1,Socket FP6,7,8,15,Jan 2020,2020-01-01,13097,2489,,,,https://www.techpowerup.com/cpu-specs/ryzen-7-4700u.c2282,https://www.cpubenchmark.net/cpu.php?cpu=AMD+Ryzen+7+4700U&id=3699,ryzen74700u
Intel,Core 2 Duo E7500,Wolfdale,2,2,2.933,,Socket 775,45,,65,Jan 2009,2009-01-01,1161,,4509,7.79,149.0,https://www.techpowerup.com/cpu-specs/core-2-duo-e7500.c1530,https://www.cpubenchmark.net/cpu_lookup.php?cpu=Intel+Core2+Duo+E7500+%40+2.93GHz&id=947,core2duoe7500
AMD,Ryzen 7 7435HS,Rembrandt-R,8,16,3.1,4.5,Socket FP7,6,16,45,2023,202301-01,22582,3078,,,,https://www.techpowerup.com/cpu-specs/ryzen-7-7435hs.c3919,https://www.cpubenchmark.net/cpu.php?cpu=AMD+Ryzen+7+7435HS&id=6067,ryzen77435hs
AMD,Ryzen 4700S,Cardinal,8,16,3.6,4.0,BGA 2197,7,8,65,Jun 2021,2021-06-01,,,,,,https://www.techpowerup.com/cpu-specs/ryzen-4700s.c3326,,ryzen4700s
AMD,Ryzen 5 8500G,Phoenix2,6,12,3.5,5.0,Socket AM5,4,16,65,Jan 2024,2024-01-01,21364,,,,165.58,https://www.techpowerup.com/cpu-specs/ryzen-5-8500g.c3436,https://www.cpubenchmark.net/cpu.php?cpu=AMD+Ryzen+5+8500G&id=5841,ryzen58500g
Intel,Core Ultra 9 185H,Meteor Lake,16,22,3.9,5.1,BGA 2049,7,24,45,Dec 2023,2023-12-01,28945,3658,606,,,https://www.techpowerup.com/cpu-specs/core-ultra-9-185h.c3308,https://www.cpubenchmark.net/cpu_lookup.php?cpu=Intel+Core+Ultra+9+185H&id=5815,coreultra9185h
AMD,Athlon Silver 3050U,Dali,2,4,2.2,3.2,Socket FP5,14,4,15,Jan 2020,2020-01-01,,1685,,,,https://www.techpowerup.com/cpu-specs/athlon-silver-3050u.c4235,https://www.cpubenchmark.net/cpu.php?cpu=AMD+Athlon+Silver+3050U&id=3720,athlonsilver3050u
AMD,Ryzen 5 1600AF,Pinnacle Ridge,6,12,3.2,3.6,Socket AM4,12,16,65,Oct 2019,2019-10-01,,,,,,https://www.techpowerup.com/cpu-specs/ryzen-5-1600af.c2652,,ryzen51600af
AMD,FX-8320,Vishera,8,8,3.5,4.0,Socket AM3+,32,8,125,Oct 2012,2012-10-01,,,,,,https://www.techpowerup.com/cpu-specs/fx-8320.c1215,,fx8320
AMD,Ryzen 5 1500X,Summit Ridge,4,8,3.5,3.7,Socket AM4,14,16,65,Apr 2017,2017-04-01,9058,,,,80.99,https://www.techpowerup.com/cpu-specs/ryzen-5-1500x.c1895,https://www.cpubenchmark.net/cpu.php?cpu=AMD+Ryzen+5+1500X&id=3001,ryzen51500x
Intel,Processor CC150,Coffee Lake-R,8,16,3.5,,Socket 1151,14,16,95,Unknown,,,,,,,https://www.techpowerup.com/cpu-specs/processor-cc150.c4229,,processorcc150
AMD,Ryzen 7 1800X,Summit Ridge,8,16,3.6,4.0,Socket AM4,14,16,95,Mar 2017,2017-03-01,16268,,,,235.99,https://www.techpowerup.com/cpu-specs/ryzen-7-1800x.c1879,https://www.cpubenchmark.net/cpu.php?cpu=AMD+Ryzen+7+1800X&id=2966,ryzen71800x
AMD,Ryzen AI 9 465,Gorgon Point,10,20,2.0,5.0,Socket FP8,4,16,28,Jan 2026,2026-01-01,29193,3791,,,,https://www.techpowerup.com/cpu-specs/ryzen-ai-9-465.c4321,https://www.cpubenchmark.net/cpu.php?cpu=AMD+Ryzen+AI+9+465&id=7204,ryzenai9465
AMD,Ryzen 9 9900X3D,Granite Ridge,12,24,4.4,5.5,Socket AM5,4,128,120,Jan 2025,2025-01-01,56051,,,,509.86,https://www.techpowerup.com/cpu-specs/ryzen-9-9900x3d.c3997,https://www.cpubenchmark.net/cpu.php?cpu=AMD+Ryzen+9+9900X3D&id=6548,ryzen99900x3d
Intel,Core i5-3570,Ivy Bridge,4,4,3.4,3.8,Socket 1155,22,6,77,Jun 2012,2012-06-01,4927,,2588,78.21,62.99,https://www.techpowerup.com/cpu-specs/core-i5-3570.c1057,https://www.cpubenchmark.net/cpu_lookup.php?cpu=Intel+Core+i5-3570+%40+3.40GHz&id=827,corei53570
AMD,Ryzen 7 5800X3D AM4 10th Anniversary Edition,Vermeer,8,16,3.4,4.5,Socket AM4,7,96,105,May 2026,2026-05-01,,,,,,https://www.techpowerup.com/cpu-specs/ryzen-7-5800x3d-am4-10th-anniversary-edition.c4439,,ryzen75800x3dam410thanniversaryedition
Intel,Core i7-10700K,Comet Lake,8,16,3.8,5.1,Socket 1200,14,16,125,Apr 2020,2020-04-01,18489,,1120,70.84,261.0,https://www.techpowerup.com/cpu-specs/core-i7-10700k.c2215,https://www.cpubenchmark.net/cpu_lookup.php?cpu=Intel+Core+i7-10700K+%40+3.80GHz&id=3733,corei710700k
Intel,Core Ultra 7 265,Arrow Lake-S,20,20,2.4,5.3,Socket 1851,3,30,65,Jan 2025,2025-01-01,49689,,275,133.37,372.56,https://www.techpowerup.com/cpu-specs/core-ultra-7-265.c3777,https://www.cpubenchmark.net/cpu_lookup.php?cpu=Intel+Core+Ultra+7+265&id=6423,coreultra7265
Intel,Core i3-6100,Skylake,2,4,3.7,,Socket 1151,14,4,51,Sep 2015,2015-09-01,4085,,2784,170.23,24.0,https://www.techpowerup.com/cpu-specs/core-i3-6100.c1836,https://www.cpubenchmark.net/cpu_lookup.php?cpu=Intel+Core+i3-6100+%40+3.70GHz&id=2617,corei36100
Intel,Core i3-7100,Kaby Lake,2,4,3.9,,Socket 1151,14,3,51,Jan 2017,2017-01-01,4314,,2724,113.53,38.0,https://www.techpowerup.com/cpu-specs/core-i3-7100.c1865,https://www.cpubenchmark.net/cpu_lookup.php?cpu=Intel+Core+i3-7100+%40+3.90GHz&id=2924,corei37100
AMD,A10-7800,Kaveri,4,4,3.5,3.9,Socket FM2+,28,,65,Jul 2014,2014-07-01,,,,,,https://www.techpowerup.com/cpu-specs/a10-7800.c2601,,a107800
AMD,Ryzen Threadripper PRO 3945WX,Castle Peak,12,24,4.0,4.3,Socket WRX8,7,64,280,Jul 2020,2020-07-01,33428,,,,,https://www.techpowerup.com/cpu-specs/ryzen-threadripper-pro-3945wx.c2317,https://www.cpubenchmark.net/cpu.php?cpu=AMD+Ryzen+Threadripper+PRO+3945WX&id=3845,ryzenthreadripperpro3945wx
AMD,Ryzen 9 5900HX,Cezanne,8,16,3.3,4.6,Socket FP6,7,16,45,Jan 2021,2021-01-01,21984,3150,,,,https://www.techpowerup.com/cpu-specs/ryzen-9-5900hx.c2371,https://www.cpubenchmark.net/cpu.php?cpu=AMD+Ryzen+9+5900HX&id=3903,ryzen95900hx
Intel,Core Ultra 5 225F,Arrow Lake-S,10,10,3.3,4.9,Socket 1851,3,20,65,Jan 2025,2025-01-01,31008,,532,219.32,141.38,https://www.techpowerup.com/cpu-specs/core-ultra-5-225f.c3784,https://www.cpubenchmark.net/cpu_lookup.php?cpu=Intel+Core+Ultra+5+225F&id=6457,coreultra5225f
Intel,Core i5-4460,Haswell,4,4,3.2,3.4,Socket 1150,22,6,84,May 2014,2014-05-01,4928,,2587,84.67,58.2,https://www.techpowerup.com/cpu-specs/core-i5-4460.c3505,https://www.cpubenchmark.net/cpu_lookup.php?cpu=Intel+Core+i5-4460+%40+3.20GHz&id=2230,corei54460
AMD,Ryzen 9 7950X,Raphael,16,32,4.5,5.7,Socket AM5,5,64,170,Sep 2022,2022-09-01,62130,,,,360.93,https://www.techpowerup.com/cpu-specs/ryzen-9-7950x.c2846,https://www.cpubenchmark.net/cpu.php?cpu=AMD+Ryzen+9+7950X&id=5031,ryzen97950x
Intel,Core i5-14500,Raptor Lake-R,14,20,2.6,5.0,Socket 1700,10,24,65,Jan 2024,2024-01-01,30708,,546,115.54,265.77,https://www.techpowerup.com/cpu-specs/core-i5-14500.c3448,https://www.cpubenchmark.net/cpu_lookup.php?cpu=Intel+Core+i5-14500&id=5835,corei514500
AMD,Ryzen AI 5 340,Krackan Point,6,12,2.0,4.8,Socket FP8,4,8,28,Jan 2025,2025-01-01,19629,3709,,,,https://www.techpowerup.com/cpu-specs/ryzen-ai-5-340.c4005,https://www.cpubenchmark.net/cpu.php?cpu=AMD+Ryzen+AI+5+340&id=6657,ryzenai5340
AMD,Ryzen 7 3700U,Picasso,4,8,2.3,4.0,Socket FP5,12,4,15,Jan 2019,2019-01-01,7002,1929,,,,https://www.techpowerup.com/cpu-specs/ryzen-7-3700u.c2140,https://www.cpubenchmark.net/cpu.php?cpu=AMD+Ryzen+7+3700U&id=3426,ryzen73700u
Intel,Core i5-13500,Raptor Lake-S,14,20,2.5,4.8,Socket 1700,10,24,65,Jan 2023,2023-01-01,30728,,544,104.71,293.47,https://www.techpowerup.com/cpu-specs/core-i5-13500.c2851,https://www.cpubenchmark.net/cpu_lookup.php?cpu=Intel+Core+i5-13500&id=4993,corei513500
Intel,Core Ultra 7 255HX,Arrow Lake-HX,20,20,2.4,5.2,BGA 2114,3,30,55,Jan 2025,2025-01-01,48002,4555,297,,,https://www.techpowerup.com/cpu-specs/core-ultra-7-255hx.c4098,https://www.cpubenchmark.net/cpu_lookup.php?cpu=Intel+Core+Ultra+7+255HX&id=6648,coreultra7255hx
Intel,Core i5-12600K,Alder Lake-S,10,16,3.7,4.9,Socket 1700,10,20,125,Nov 2021,2021-11-01,27501,,674,78.58,349.99,https://www.techpowerup.com/cpu-specs/core-i5-12600k.c2509,https://www.cpubenchmark.net/cpu_lookup.php?cpu=Intel+Core+i5-12600K&id=4603,corei512600k
AMD,FX-8300,Vishera,8,8,3.3,3.9,Socket AM3+,32,8,95,Oct 2012,2012-10-01,,,,,,https://www.techpowerup.com/cpu-specs/fx-8300.c1202,,fx8300
AMD,Ryzen 9 7950X3D,Raphael,16,32,4.2,5.7,Socket AM5,5,128,120,Jan 2023,2023-01-01,62298,,,,380.43,https://www.techpowerup.com/cpu-specs/ryzen-9-7950x3d.c3024,https://www.cpubenchmark.net/cpu.php?cpu=AMD+Ryzen+9+7950X3D&id=5234,ryzen97950x3d
AMD,Ryzen 3 3250U,Dali,2,4,2.6,3.5,Socket FP5,14,4,15,Jan 2020,2020-01-01,3679,1701,,,,https://www.techpowerup.com/cpu-specs/ryzen-3-3250u.c2287,https://www.cpubenchmark.net/cpu.php?cpu=AMD+Ryzen+3+3250U&id=3722,ryzen33250u
AMD,Ryzen 9 6900HX,Rembrandt,8,16,3.3,4.9,Socket FP7,6,16,45,Jan 2022,2022-01-01,24024,3362,,,,https://www.techpowerup.com/cpu-specs/ryzen-9-6900hx.c2529,https://www.cpubenchmark.net/cpu.php?cpu=AMD+Ryzen+9+6900HX&id=4867,ryzen96900hx
Intel,Core i5-9500,Coffee Lake,6,6,3.0,4.3,Socket 1151,14,9,65,Apr 2019,2019-04-01,9843,,1746,60.16,163.61,https://www.techpowerup.com/cpu-specs/core-i5-9500.c2094,https://www.cpubenchmark.net/cpu_lookup.php?cpu=Intel+Core+i5-9500+%40+3.00GHz&id=3444,corei59500
AMD,FX-4300,Vishera,4,4,3.8,4.0,Socket AM3+,32,4,95,Oct 2012,2012-10-01,,,,,,https://www.techpowerup.com/cpu-specs/fx-4300.c1216,,fx4300
AMD,Ryzen 7 3750H,Picasso,4,8,2.3,4.0,Socket FP5,12,4,35,Jan 2019,2019-01-01,7908,2048,,,,https://www.techpowerup.com/cpu-specs/ryzen-7-3750h.c2141,https://www.cpubenchmark.net/cpu.php?cpu=AMD+Ryzen+7+3750H&id=3441,ryzen73750h
AMD,Ryzen 9 5900,Vermeer,12,24,3.0,4.7,Socket AM4,7,64,65,Jan 2021,2021-01-01,33956,,,,,https://www.techpowerup.com/cpu-specs/ryzen-9-5900.c2677,https://www.cpubenchmark.net/cpu.php?cpu=AMD+Ryzen+9+5900&id=4272,ryzen95900
Intel,Pentium Gold G6400,Comet Lake,2,4,4.0,,Socket 1200,14,4,58,Apr 2020,2020-04-01,4065,,2796,41.07,98.99,https://www.techpowerup.com/cpu-specs/pentium-gold-g6400.c2305,https://www.cpubenchmark.net/cpu_lookup.php?cpu=Intel+Pentium+Gold+G6400+%40+4.00GHz&id=3805,pentiumgoldg6400
AMD,Ryzen 3 3300X,Matisse,4,8,3.8,4.3,Socket AM4,7,16,65,Apr 2020,2020-04-01,12579,,,,120.0,https://www.techpowerup.com/cpu-specs/ryzen-3-3300x.c2297,https://www.cpubenchmark.net/cpu.php?cpu=AMD+Ryzen+3+3300X&id=3716,ryzen33300x
AMD,Ryzen 3 5300G,Cezanne,4,8,4.0,4.2,Socket AM4,7,8,65,Apr 2021,2021-04-01,12998,,,,84.99,https://www.techpowerup.com/cpu-specs/ryzen-3-5300g.c2473,https://www.cpubenchmark.net/cpu.php?cpu=AMD+Ryzen+3+5300G&id=4392,ryzen35300g
AMD,Ryzen 3 4300U,Renoir,4,4,2.7,3.7,Socket FP6,7,4,15,Jan 2020,2020-01-01,7351,2290,,,,https://www.techpowerup.com/cpu-specs/ryzen-3-4300u.c2286,https://www.cpubenchmark.net/cpu.php?cpu=AMD+Ryzen+3+4300U&id=3664,ryzen34300u
Intel,Core i5-14450HX,Raptor Lake-HX,10,16,2.4,4.8,BGA 1964,10,20,55,Jan 2024,2024-01-01,23511,,836,69.76,337.0,https://www.techpowerup.com/cpu-specs/core-i5-14450hx.c3475,https://www.cpubenchmark.net/cpu_lookup.php?cpu=Intel+Core+i5-14450HX&id=6241,corei514450hx
Intel,Core i7-12700,Alder Lake-S,12,20,2.1,4.9,Socket 1700,10,25,65,Jan 2022,2022-01-01,29763,,581,88.45,336.5,https://www.techpowerup.com/cpu-specs/core-i7-12700.c2559,https://www.cpubenchmark.net/cpu_lookup.php?cpu=Intel+Core+i7-12700&id=4669,corei712700
Intel,Core i5-6600K,Skylake,4,4,3.5,3.9,Socket 1151,14,6,91,Aug 2015,2015-08-01,6311,,2265,122.26,51.62,https://www.techpowerup.com/cpu-specs/core-i5-6600k.c1826,https://www.cpubenchmark.net/cpu_lookup.php?cpu=Intel+Core+i5-6600K+%40+3.50GHz&id=2570,corei56600k
AMD,Ryzen Threadripper 1950X,Zen,16,32,3.4,4.0,Socket SP3r2,14,32,180,Aug 2017,2017-08-01,27797,,,,850.0,https://www.techpowerup.com/cpu-specs/ryzen-threadripper-1950x.c1904,https://www.cpubenchmark.net/cpu.php?cpu=AMD+Ryzen+Threadripper+1950X&id=3058,ryzenthreadripper1950x
AMD,Ryzen 5 PRO 3500U,Picasso,4,8,2.1,3.7,Socket FP5,12,4,15,Apr 2019,2019-04-01,6901,1892,,,,https://www.techpowerup.com/cpu-specs/ryzen-5-pro-3500u.c2174,https://www.cpubenchmark.net/cpu.php?cpu=AMD+Ryzen+5+PRO+3500U&id=3500,ryzen5pro3500u
AMD,EPYC 9965,Turin,192,384,2.25,3.7,Socket SP5,3,384,500,Oct 2024,2024-10-01,160542,,,,14813.0,https://www.techpowerup.com/cpu-specs/epyc-9965.c3904,https://www.cpubenchmark.net/cpu.php?cpu=AMD+EPYC+9965&id=6323,epyc9965
AMD,Ryzen AI 5 330,Krackan Point 2,4,8,2.0,4.5,Socket FP8,4,4,28,Jul 2025,2025-07-01,12709,3485,,,,https://www.techpowerup.com/cpu-specs/ryzen-ai-5-330.c4225,https://www.cpubenchmark.net/cpu.php?cpu=AMD+Ryzen+AI+5+330&id=6917,ryzenai5330
AMD,EPYC 7742,Rome,64,128,2.25,3.4,Socket SP3,7,256,225,Aug 2019,2019-08-01,69679,,,,1290.0,https://www.techpowerup.com/cpu-specs/epyc-7742.c2245,https://www.cpubenchmark.net/cpu.php?cpu=AMD+EPYC+7742&id=3547,epyc7742
Intel,Core i3-12100,Alder Lake-S,4,8,3.3,4.3,Socket 1700,10,12,60,Jan 2022,2022-01-01,12518,,1540,102.61,122.0,https://www.techpowerup.com/cpu-specs/core-i3-12100.c2541,https://www.cpubenchmark.net/cpu_lookup.php?cpu=Intel+Core+i3-12100&id=4687,corei312100
Intel,Core i9-12900K,Alder Lake-S,16,24,3.2,5.2,Socket 1700,10,30,125,Nov 2021,2021-11-01,41103,,365,124.56,329.99,https://www.techpowerup.com/cpu-specs/core-i9-12900k.c2505,https://www.cpubenchmark.net/cpu_lookup.php?cpu=Intel+Core+i9-12900K&id=4597,corei912900k
Intel,Core i3-3220,Ivy Bridge,2,4,3.3,,Socket 1155,22,3,55,Sep 2012,2012-09-01,2277,,3636,26.18,86.99,https://www.techpowerup.com/cpu-specs/core-i3-3220.c1053,https://www.cpubenchmark.net/cpu_lookup.php?cpu=Intel+Core+i3-3220+%40+3.30GHz&id=1472,corei33220
Intel,Xeon E5-2698B v3,Haswell-EP,16,32,2.0,3.4,Socket 2011-3,22,40,135,Jan 2015,2015-01-01,16287,,1272,,,https://www.techpowerup.com/cpu-specs/xeon-e5-2698b-v3.c2901,https://www.cpubenchmark.net/cpu_lookup.php?cpu=Intel+Xeon+E5-2698B+v3+%40+2.00GHz&id=2787,xeone52698bv3
Intel,Xeon E5-2650 v4,Broadwell-EP,12,24,2.2,2.9,Socket 2011-3,14,30,105,Mar 2016,2016-03-01,13185,,1483,439.65,29.99,https://www.techpowerup.com/cpu-specs/xeon-e5-2650-v4.c3791,https://www.cpubenchmark.net/cpu_lookup.php?cpu=Intel+Xeon+E5-2650+v4+%40+2.20GHz&id=2797,xeone52650v4
Intel,Core i5-9600K,Coffee Lake,6,6,3.7,4.6,Socket 1151,14,9,95,Oct 2018,2018-10-01,10653,,1682,81.73,130.34,https://www.techpowerup.com/cpu-specs/core-i5-9600k.c2090,https://www.cpubenchmark.net/cpu_lookup.php?cpu=Intel+Core+i5-9600K+%40+3.70GHz&id=3337,corei59600k
Intel,Core i5-2500K,Sandy Bridge,4,4,3.3,3.7,Socket 1155,32,6,95,Jan 2011,2011-01-01,4147,,2761,60.1,69.0,https://www.techpowerup.com/cpu-specs/core-i5-2500k.c725,https://www.cpubenchmark.net/cpu_lookup.php?cpu=Intel+Core+i5-2500K+%40+3.30GHz&id=804,corei52500k
Intel,Atom N270,Diamondville,1,2,1.6,,BGA 437,45,,3,Jun 2008,2008-06-01,136,174,5953,,,https://www.techpowerup.com/cpu-specs/atom-n270.c1410,https://www.cpubenchmark.net/cpu_lookup.php?cpu=Intel+Atom+N270+%40+1.60GHz&id=614,atomn270
Intel,Xeon 6980P,Granite Rapids,128,256,2.0,3.9,Socket 7529,5,504,500,Sep 2024,2024-09-01,74324,,108,5.33,13955.0,https://www.techpowerup.com/cpu-specs/xeon-6980p.c3862,https://www.cpubenchmark.net/cpu_lookup.php?cpu=Intel+Xeon+6980P&id=7220,xeon6980p
Intel,Pentium G4400,Skylake,2,2,3.3,,Socket 1151,14,4,51,Sep 2015,2015-09-01,2571,,3447,128.6,19.99,https://www.techpowerup.com/cpu-specs/pentium-g4400.c1839,https://www.cpubenchmark.net/cpu_lookup.php?cpu=Intel+Pentium+G4400+%40+3.30GHz&id=2634,pentiumg4400
AMD,Athlon 200GE,Zen,2,4,3.2,,Socket AM4,14,4,35,Sep 2018,2018-09-01,4101,,,,123.89,https://www.techpowerup.com/cpu-specs/athlon-200ge.c2073,https://www.cpubenchmark.net/cpu.php?cpu=AMD+Athlon+200GE&id=3325,athlon200ge
AMD,Ryzen 3 7330U,Barcelo-R,4,8,2.3,4.3,Socket FP6,7,8,15,Jan 2023,2023-01-01,10001,2805,,,,https://www.techpowerup.com/cpu-specs/ryzen-3-7330u.c3035,https://www.cpubenchmark.net/cpu.php?cpu=AMD+Ryzen+3+7330U&id=5197,ryzen37330u
Intel,Core Ultra 5 226V,Lunar Lake,8,8,2.1,4.5,BGA 2833,3,8,17,Sep 2024,2024-09-01,17934,3754,1169,,,https://www.techpowerup.com/cpu-specs/core-ultra-5-226v.c3800,https://www.cpubenchmark.net/cpu_lookup.php?cpu=Intel+Core+Ultra+5+226V&id=6303,coreultra5226v
Intel,Core i9-13900K,Raptor Lake-S,24,32,3.0,5.8,Socket 1700,10,36,125,Sep 2022,2022-09-01,58070,,199,98.43,589.99,https://www.techpowerup.com/cpu-specs/core-i9-13900k.c2817,https://www.cpubenchmark.net/cpu_lookup.php?cpu=Intel+Core+i9-13900K&id=5022,corei913900k
Intel,Core i7-12700F,Alder Lake-S,12,20,2.1,4.9,Socket 1700,10,25,65,Jan 2022,2022-01-01,30147,,566,88.02,342.5,https://www.techpowerup.com/cpu-specs/core-i7-12700f.c2561,https://www.cpubenchmark.net/cpu_lookup.php?cpu=Intel+Core+i7-12700F&id=4692,corei712700f
Intel,Core i5-10210U,Comet Lake-U,4,8,1.6,4.2,BGA 1440,14,6,25,Aug 2019,2019-08-01,6011,2093,2331,8.56,702.62,https://www.techpowerup.com/cpu-specs/core-i5-10210u.c2235,https://www.cpubenchmark.net/cpu_lookup.php?cpu=Intel+Core+i5-10210U+%40+1.60GHz&id=3542,corei510210u
Intel,Xeon E5-2699A v4,Broadwell-EP,22,44,2.4,3.6,Socket 2011-3,14,55,145,Oct 2016,2016-10-01,26758,,704,5.42,4938.0,https://www.techpowerup.com/cpu-specs/xeon-e5-2699a-v4.c3227,https://www.cpubenchmark.net/cpu_lookup.php?cpu=Intel+Xeon+E5-2699A+v4+%40+2.40GHz&id=3398,xeone52699av4
Intel,Core i5-13400F,Raptor Lake-S,10,16,2.5,4.6,Socket 1700,10,20,65,Jan 2023,2023-01-01,24879,,775,135.96,182.99,https://www.techpowerup.com/cpu-specs/core-i5-13400f.c2995,https://www.cpubenchmark.net/cpu_lookup.php?cpu=Intel+Core+i5-13400F&id=5166,corei513400f
Intel,Core i7-4770K,Haswell,4,8,3.5,3.9,Socket 1150,22,8,84,Jun 2013,2013-06-01,7149,,2087,77.61,92.12,https://www.techpowerup.com/cpu-specs/core-i7-4770k.c1459,https://www.cpubenchmark.net/cpu_lookup.php?cpu=Intel+Core+i7-4770K+%40+3.50GHz&id=1919,corei74770k
Intel,Core Ultra 5 235,Arrow Lake-S,14,14,3.4,5.0,Socket 1851,3,24,65,Jan 2025,2025-01-01,37365,,413,131.7,283.72,https://www.techpowerup.com/cpu-specs/core-ultra-5-235.c4018,https://www.cpubenchmark.net/cpu_lookup.php?cpu=Intel+Core+Ultra+5+235&id=6526,coreultra5235
Intel,Pentium E5700,Wolfdale,2,2,3.0,,Socket 775,45,,65,Aug 2010,2010-08-01,1109,,4557,74.01,14.99,https://www.techpowerup.com/cpu-specs/pentium-e5700.c855,https://www.cpubenchmark.net/cpu_lookup.php?cpu=Intel+Pentium+E5700+%40+3.00GHz&id=1101,pentiume5700
AMD,Ryzen 5 7600X3D,Raphael,6,12,4.1,4.7,Socket AM5,5,96,65,Aug 2024,2024-08-01,25864,,,,298.49,https://www.techpowerup.com/cpu-specs/ryzen-5-7600x3d.c3792,https://www.cpubenchmark.net/cpu.php?cpu=AMD+Ryzen+5+7600X3D&id=6249,ryzen57600x3d
Intel,Core i5-13400,Raptor Lake-S,10,16,2.5,4.6,Socket 1700,10,20,65,Jan 2023,2023-01-01,23891,,822,96.96,246.4,https://www.techpowerup.com/cpu-specs/core-i5-13400.c2994,https://www.cpubenchmark.net/cpu_lookup.php?cpu=Intel+Core+i5-13400&id=4994,corei513400
AMD,A9-9425 SoC,Stoney Ridge,2,2,3.1,3.7,Socket FT4,28,,15,May 2016,2016-05-01,,1321,,,,https://www.techpowerup.com/cpu-specs/a9-9425-soc.c2062,https://www.cpubenchmark.net/cpu.php?cpu=AMD+A9-9425&id=3278,a99425
Intel,Core i3-540,Clarkdale,2,4,3.066,,Socket 1156,32,4,73,Jan 2010,2010-01-01,1563,,4152,31.05,50.33,https://www.techpowerup.com/cpu-specs/core-i3-540.c665,https://www.cpubenchmark.net/cpu_lookup.php?cpu=Intel+Core+i3-540+%40+3.07GHz&id=738,corei3540
AMD,A10-7890K,Godaveri,4,4,4.0,4.3,Socket FM2+,28,,95,Jan 2016,2016-01-01,3608,,,,136.17,https://www.techpowerup.com/cpu-specs/a10-7890k.c1832,https://www.cpubenchmark.net/cpu.php?cpu=AMD+A10-7890K&id=2744,a107890k
Intel,Core i5-12600KF,Alder Lake-S,10,16,3.7,4.9,Socket 1700,10,20,125,Nov 2021,2021-11-01,27501,,675,131.58,209.0,https://www.techpowerup.com/cpu-specs/core-i5-12600kf.c2510,https://www.cpubenchmark.net/cpu_lookup.php?cpu=Intel+Core+i5-12600KF&id=4625,corei512600kf
AMD,A10-5800K,Trinity,4,4,3.8,4.2,Socket FM2,32,,100,Oct 2012,2012-10-01,,,,,,https://www.techpowerup.com/cpu-specs/a10-5800k.c1100,,a105800k
Intel,Core i5-11400F,Rocket Lake,6,12,2.6,4.4,Socket 1200,14,12,65,Mar 2021,2021-03-01,16867,,1237,102.23,165.0,https://www.techpowerup.com/cpu-specs/core-i5-11400f.c2407,https://www.cpubenchmark.net/cpu_lookup.php?cpu=Intel+Core+i5-11400F+%40+2.60GHz&id=4226,corei511400f
AMD,EPYC 7452,Rome,32,64,2.2,3.35,Socket SP3,7,128,155,Aug 2019,2019-08-01,45969,,,,1298.95,https://www.techpowerup.com/cpu-specs/epyc-7452.c2251,https://www.cpubenchmark.net/cpu.php?cpu=AMD+EPYC+7452&id=3600,epyc7452
Intel,Core i7-12700H,Alder Lake-H,14,20,2.3,4.7,BGA 1744,10,24,45,Jan 2022,2022-01-01,24938,3480,771,54.57,457.0,https://www.techpowerup.com/cpu-specs/core-i7-12700h.c2537,https://www.cpubenchmark.net/cpu_lookup.php?cpu=Intel+Core+i7-12700H&id=4721,corei712700h
Intel,Core i7-11800H,Tiger Lake-H,8,16,1.9,4.6,BGA 1787,10,24,35,May 2021,2021-05-01,19573,3005,1057,49.55,395.0,https://www.techpowerup.com/cpu-specs/core-i7-11800h.c2476,https://www.cpubenchmark.net/cpu_lookup.php?cpu=Intel+Core+i7-11800H+%40+2.30GHz&id=4358,corei711800h
Intel,Core i7-13700K,Raptor Lake-S,16,24,3.4,5.4,Socket 1700,10,30,125,Sep 2022,2022-09-01,45592,,315,101.32,449.99,https://www.techpowerup.com/cpu-specs/core-i7-13700k.c2850,https://www.cpubenchmark.net/cpu_lookup.php?cpu=Intel+Core+i7-13700K&id=5060,corei713700k
Intel,Core i5-6400,Skylake,4,4,2.7,3.3,Socket 1151,14,6,65,Jul 2015,2015-07-01,5181,,2533,103.98,49.83,https://www.techpowerup.com/cpu-specs/core-i5-6400.c1830,https://www.cpubenchmark.net/cpu_lookup.php?cpu=Intel+Core+i5-6400+%40+2.70GHz&id=2578,corei56400
Intel,Core 3 100U,Raptor Lake-U,6,8,1.2,4.7,BGA 1744,10,10,15,Jan 2024,2024-01-01,12308,3462,1558,,,https://www.techpowerup.com/cpu-specs/core-3-100u.c3461,https://www.cpubenchmark.net/cpu_lookup.php?cpu=Intel+Core+3+100U&id=5948,core3100u
Intel,Core i5-13450HX,Raptor Lake-HX,10,16,2.4,4.6,BGA 1964,10,20,55,Jan 2023,2023-01-01,24400,3525,798,74.85,326.0,https://www.techpowerup.com/cpu-specs/core-i5-13450hx.c3032,https://www.cpubenchmark.net/cpu_lookup.php?cpu=Intel+Core+i5-13450HX&id=5483,corei513450hx
Intel,Core i7-5775C,Broadwell,4,8,3.3,3.7,Socket 1150,14,6,65,May 2015,2015-05-01,7715,,1991,44.12,174.85,https://www.techpowerup.com/cpu-specs/core-i7-5775c.c2148,https://www.cpubenchmark.net/cpu_lookup.php?cpu=Intel+Core+i7-5775C+%40+3.30GHz&id=2539,corei75775c
Intel,Core i7-2600K,Sandy Bridge,4,8,3.4,3.8,Socket 1155,32,8,95,Jan 2011,2011-01-01,5475,,2460,77.5,70.65,https://www.techpowerup.com/cpu-specs/core-i7-2600k.c705,https://www.cpubenchmark.net/cpu_lookup.php?cpu=Intel+Core+i7-2600K+%40+3.40GHz&id=868,corei72600k
Intel,Core i9-10980XE,Cascade Lake-X,18,36,3.0,4.8,Socket 2066,14,24,165,Oct 2019,2019-10-01,31935,,509,21.36,1495.0,https://www.techpowerup.com/cpu-specs/core-i9-10980xe.c2238,https://www.cpubenchmark.net/cpu_lookup.php?cpu=Intel+Core+i9-10980XE+%40+3.00GHz&id=3630,corei910980xe
Intel,Core i3-1315U,Raptor Lake-U,6,8,1.2,4.5,BGA 1744,10,10,15,Jan 2023,2023-01-01,10983,3258,1651,35.54,309.0,https://www.techpowerup.com/cpu-specs/core-i3-1315u.c3063,https://www.cpubenchmark.net/cpu_lookup.php?cpu=Intel+Core+i3-1315U&id=5300,corei31315u
Intel,Core i9-10900K,Comet Lake,10,20,3.7,5.3,Socket 1200,14,20,125,Apr 2020,2020-04-01,22221,,896,48.3,460.05,https://www.techpowerup.com/cpu-specs/core-i9-10900k.c2266,https://www.cpubenchmark.net/cpu_lookup.php?cpu=Intel+Core+i9-10900K+%40+3.70GHz&id=3730,corei910900k
Intel,Core i7-14700KF,Raptor Lake-R,20,28,3.4,5.6,Socket 1700,10,33,125,Oct 2023,2023-10-01,51926,,251,122.6,423.55,https://www.techpowerup.com/cpu-specs/core-i7-14700kf.c3311,https://www.cpubenchmark.net/cpu_lookup.php?cpu=Intel+Core+i7-14700KF&id=5723,corei714700kf
Intel,Xeon E3-1230 v2,Ivy Bridge,4,8,3.3,3.7,Socket 1155,22,8,69,May 2012,2012-05-01,6176,,2288,23.04,268.0,https://www.techpowerup.com/cpu-specs/xeon-e3-1230-v2.c1032,https://www.cpubenchmark.net/cpu_lookup.php?cpu=Intel+Xeon+E3-1230+V2+%40+3.30GHz&id=1189,xeone31230v2
AMD,Ryzen 9 7945HX,Dragon Range,16,32,2.5,5.4,Socket FL1,5,64,55,Jan 2023,2023-01-01,53773,4011,,,,https://www.techpowerup.com/cpu-specs/ryzen-9-7945hx.c3027,https://www.cpubenchmark.net/cpu.php?cpu=AMD+Ryzen+9+7945HX&id=5232,ryzen97945hx
AMD,Ryzen 5 PRO 4650GE,Renoir,6,12,3.3,4.2,Socket AM4,7,8,35,Jul 2020,2020-07-01,15291,,,,,https://www.techpowerup.com/cpu-specs/ryzen-5-pro-4650ge.c2328,https://www.cpubenchmark.net/cpu.php?cpu=AMD+Ryzen+5+PRO+4650GE&id=3843,ryzen5pro4650ge
AMD,Ryzen 5 7640HS,Phoenix,6,12,4.3,5.0,Socket FP8,4,16,35,Jan 2023,2023-01-01,22680,3633,,,,https://www.techpowerup.com/cpu-specs/ryzen-5-7640hs.c3034,https://www.cpubenchmark.net/cpu.php?cpu=AMD+Ryzen+5+7640HS&id=5594,ryzen57640hs
Intel,Xeon E5-2680,Sandy Bridge-EP,8,16,2.7,3.5,Socket 2011,32,20,130,Mar 2012,2012-03-01,9267,,1806,2.53,3668.0,https://www.techpowerup.com/cpu-specs/xeon-e5-2680.c979,https://www.cpubenchmark.net/cpu_lookup.php?cpu=Intel+Xeon+E5-2680+%40+2.70GHz&id=1221,xeone52680
AMD,Ryzen Embedded R1505G,Zen,2,4,2.4,3.3,Socket FP5,14,4,25,Feb 2020,2020-02-01,3802,1826,,,,https://www.techpowerup.com/cpu-specs/ryzen-embedded-r1505g.c2843,https://www.cpubenchmark.net/cpu.php?cpu=AMD+Ryzen+Embedded+R1505G&id=3486,ryzenembeddedr1505g
AMD,A8-7680,Carrizo,4,4,3.5,3.8,Socket FM2+,28,,45,Oct 2018,2018-10-01,3511,1596,,,36.73,https://www.techpowerup.com/cpu-specs/a8-7680.c2120,https://www.cpubenchmark.net/cpu.php?cpu=AMD+A8-7680&id=3384,a87680
Intel,Core i3-N305,Gracemont,8,8,0.1,3.8,BGA 1264,10,6,15,Jan 2023,2023-01-01,9354,2036,1795,30.27,309.0,https://www.techpowerup.com/cpu-specs/core-i3-n305.c3015,https://www.cpubenchmark.net/cpu_lookup.php?cpu=Intel+Core+i3-N305&id=5213,corei3n305
AMD,Ryzen 5 2400GE,Raven Ridge,4,8,3.2,3.8,Socket AM4,14,4,35,Apr 2018,2018-04-01,7165,,,,,https://www.techpowerup.com/cpu-specs/ryzen-5-2400ge.c2936,https://www.cpubenchmark.net/cpu.php?cpu=AMD+Ryzen+5+2400GE&id=3284,ryzen52400ge
Intel,Core i5-1334U,Raptor Lake-U,10,12,1.3,4.6,BGA 1744,10,12,15,Jan 2023,2023-01-01,12972,3227,1506,38.15,340.0,https://www.techpowerup.com/cpu-specs/core-i5-1334u.c3064,https://www.cpubenchmark.net/cpu_lookup.php?cpu=Intel+Core+i5-1334U&id=5496,corei51334u
Intel,Celeron N4500,Jasper Lake,2,2,1.1,2.8,BGA 1338,10,4,6,Jan 2021,2021-01-01,1760,,4007,,,https://www.techpowerup.com/cpu-specs/celeron-n4500.c4206,https://www.cpubenchmark.net/cpu_lookup.php?cpu=Intel+Celeron+N4500+%40+1.10GHz&id=4227,celeronn4500
Intel,Core i7-5820K,Haswell-E,6,12,3.3,3.6,Socket 2011-3,22,15,140,Sep 2014,2014-09-01,9831,,1747,54.31,181.0,https://www.techpowerup.com/cpu-specs/core-i7-5820k.c1763,https://www.cpubenchmark.net/cpu_lookup.php?cpu=Intel+Core+i7-5820K+%40+3.30GHz&id=2340,corei75820k
AMD,EPYC 7551,Naples,32,64,2.0,3.0,Socket SP3,14,64,180,Jun 2017,2017-06-01,29493,,,,145.0,https://www.techpowerup.com/cpu-specs/epyc-7551.c1921,https://www.cpubenchmark.net/cpu.php?cpu=AMD+EPYC+7551&id=3089,epyc7551
AMD,Ryzen 7 PRO 4750G,Renoir,8,16,3.6,4.4,Socket AM4,7,8,65,Jul 2020,2020-07-01,20217,,,,311.65,https://www.techpowerup.com/cpu-specs/ryzen-7-pro-4750g.c2324,https://www.cpubenchmark.net/cpu.php?cpu=AMD+Ryzen+7+PRO+4750G&id=3789,ryzen7pro4750g
Intel,Core i7-14700HX,Raptor Lake-HX,20,28,2.1,5.5,BGA 1964,10,33,55,Jan 2024,2024-01-01,36413,3939,424,73.56,495.0,https://www.techpowerup.com/cpu-specs/core-i7-14700hx.c3472,https://www.cpubenchmark.net/cpu_lookup.php?cpu=Intel+Core+i7-14700HX&id=5697,corei714700hx
AMD,A12-9800,Bristol Ridge,4,4,3.8,4.2,Socket AM4,28,,65,Jul 2017,2017-07-01,3738,,,,255.43,https://www.techpowerup.com/cpu-specs/a12-9800.c1953,https://www.cpubenchmark.net/cpu.php?cpu=AMD+A12-9800&id=2861,a129800
Intel,Core i7-11700,Rocket Lake,8,16,2.5,4.9,Socket 1200,14,16,65,Mar 2021,2021-03-01,20595,,987,72.07,285.76,https://www.techpowerup.com/cpu-specs/core-i7-11700.c2397,https://www.cpubenchmark.net/cpu_lookup.php?cpu=Intel+Core+i7-11700+%40+2.50GHz&id=3947,corei711700
AMD,Ryzen 5 7500,Raphael,6,12,3.7,5.0,Socket AM5,5,32,65,Sep 2026,2026-09-01,26882,,,,,https://www.techpowerup.com/cpu-specs/ryzen-5-7500.c4572,https://www.cpubenchmark.net/cpu.php?cpu=AMD+Ryzen+5+7500&id=7471,ryzen57500
Intel,Core i3-9100,Coffee Lake,4,4,3.6,4.2,Socket 1151,14,6,65,Apr 2019,2019-04-01,6621,,2188,55.25,119.85,https://www.techpowerup.com/cpu-specs/core-i3-9100.c2096,https://www.cpubenchmark.net/cpu_lookup.php?cpu=Intel+Core+i3-9100+%40+3.60GHz&id=3479,corei39100
AMD,Ryzen 5 PRO 2400GE,Raven Ridge,4,8,3.2,3.8,Socket AM4,14,4,35,May 2018,2018-05-01,7804,,,,,https://www.techpowerup.com/cpu-specs/ryzen-5-pro-2400ge.c2935,https://www.cpubenchmark.net/cpu.php?cpu=AMD+Ryzen+5+PRO+2400GE&id=3266,ryzen5pro2400ge
AMD,Ryzen 5 PRO 5650G,Cezanne,6,12,3.9,4.4,Socket AM4,7,16,65,Jun 2021,2021-06-01,20327,,,,,https://www.techpowerup.com/cpu-specs/ryzen-5-pro-5650g.c2703,https://www.cpubenchmark.net/cpu.php?cpu=AMD+Ryzen+5+PRO+5650G&id=4381,ryzen5pro5650g
AMD,Ryzen Threadripper PRO 5995WX,Chagall PRO,64,128,2.7,4.5,Socket WRX8,7,256,280,Mar 2022,2022-03-01,94761,,,,3220.0,https://www.techpowerup.com/cpu-specs/ryzen-threadripper-pro-5995wx.c2719,https://www.cpubenchmark.net/cpu.php?cpu=AMD+Ryzen+Threadripper+PRO+5995WX&id=4764,ryzenthreadripperpro5995wx
AMD,Ryzen 9 7900,Raphael,12,24,3.7,5.4,Socket AM5,5,64,65,Jan 2023,2023-01-01,48014,,,,302.89,https://www.techpowerup.com/cpu-specs/ryzen-9-7900.c2961,https://www.cpubenchmark.net/cpu.php?cpu=AMD+Ryzen+9+7900&id=5167,ryzen97900
AMD,Ryzen 7 8745HX,Dragon Range,8,16,3.6,5.1,Socket FL1,5,32,55,Apr 2025,2025-04-01,31429,3875,,,,https://www.techpowerup.com/cpu-specs/ryzen-7-8745hx.c4132,https://www.cpubenchmark.net/cpu.php?cpu=AMD+Ryzen+7+8745HX&id=6906,ryzen78745hx
AMD,Ryzen Threadripper 1920X,Zen,12,24,3.5,4.0,Socket SP3r2,14,32,180,Aug 2017,2017-08-01,22956,,,,199.99,https://www.techpowerup.com/cpu-specs/ryzen-threadripper-1920x.c1910,https://www.cpubenchmark.net/cpu.php?cpu=AMD+Ryzen+Threadripper+1920X&id=3062,ryzenthreadripper1920x
Intel,Core 2 Extreme QX9770,Yorkfield,4,4,3.2,,Socket 775,45,,136,Mar 2008,2008-03-01,,,,,,https://www.techpowerup.com/cpu-specs/core-2-extreme-qx9770.c531,,core2extremeqx9770
Intel,Core 7 350,Wildcat Lake,6,6,1.5,4.8,BGA 1516,3,6,15,Apr 2026,2026-04-01,14971,,1350,,,https://www.techpowerup.com/cpu-specs/core-7-350.c4405,https://www.cpubenchmark.net/cpu_lookup.php?cpu=Intel+Core+7+350&id=7315,core7350
Intel,Core Ultra 5 245K,Arrow Lake-S,14,14,4.2,5.2,Socket 1851,3,24,125,Oct 2024,2024-10-01,43049,,341,221.33,194.5,https://www.techpowerup.com/cpu-specs/core-ultra-5-245k.c3781,https://www.cpubenchmark.net/cpu_lookup.php?cpu=Intel+Core+Ultra+5+245K&id=6324,coreultra5245k
Intel,Core i5-8250U,Kaby Lake-R,4,8,1.6,3.4,BGA 1356,14,6,15,Aug 2017,2017-08-01,5777,1869,2376,,,https://www.techpowerup.com/cpu-specs/core-i5-8250u.c1972,https://www.cpubenchmark.net/cpu_lookup.php?cpu=Intel+Core+i5-8250U+%40+1.60GHz&id=3042,corei58250u
Intel,Pentium G620,Sandy Bridge,2,2,2.6,,Socket 1155,32,3,65,May 2011,2011-05-01,1245,,4428,16.38,76.0,https://www.techpowerup.com/cpu-specs/pentium-g620.c770,https://www.cpubenchmark.net/cpu_lookup.php?cpu=Intel+Pentium+G620+%40+2.60GHz&id=1107,pentiumg620
AMD,Ryzen 5 3600XT,Matisse 2,6,12,3.8,4.5,Socket AM4,7,32,95,Jul 2019,2019-07-01,18501,,,,159.99,https://www.techpowerup.com/cpu-specs/ryzen-5-3600xt.c2313,https://www.cpubenchmark.net/cpu.php?cpu=AMD+Ryzen+5+3600XT&id=3781,ryzen53600xt
Intel,Core i3-530,Clarkdale,2,4,2.933,,Socket 1156,32,4,73,Jan 2010,2010-01-01,1526,,4186,47.12,32.39,https://www.techpowerup.com/cpu-specs/core-i3-530.c666,https://www.cpubenchmark.net/cpu_lookup.php?cpu=Intel+Core+i3-530+%40+2.93GHz&id=737,corei3530
Intel,Core Ultra 5 125U,Meteor Lake,12,14,1.3,4.3,BGA 2049,7,12,15,Dec 2023,2023-12-01,16679,3227,1247,45.95,363.0,https://www.techpowerup.com/cpu-specs/core-ultra-5-125u.c3557,https://www.cpubenchmark.net/cpu_lookup.php?cpu=Intel+Core+Ultra+5+125U&id=5840,coreultra5125u
Intel,Pentium G4560,Kaby Lake,2,4,3.5,,Socket 1151,14,3,51,Jan 2017,2017-01-01,3520,,2983,38.74,90.87,https://www.techpowerup.com/cpu-specs/pentium-g4560.c1937,https://www.cpubenchmark.net/cpu_lookup.php?cpu=Intel+Pentium+G4560+%40+3.50GHz&id=2925,pentiumg4560
Intel,Core i9-11900K,Rocket Lake,8,16,3.5,5.3,Socket 1200,14,16,125,Mar 2021,2021-03-01,24894,,774,53.26,467.39,https://www.techpowerup.com/cpu-specs/core-i9-11900k.c2366,https://www.cpubenchmark.net/cpu_lookup.php?cpu=Intel+Core+i9-11900K+%40+3.50GHz&id=3904,corei911900k
Qualcomm,Snapdragon X1P-26-100,Oryon,8,8,3.0,,Qualcomm BGA 2073,4,6,25,Aug 2024,2024-08-01,,,,,,https://www.techpowerup.com/cpu-specs/snapdragon-x1p-26-100.c4108,,snapdragonx1p26100
Intel,Core i5-760,Lynnfield,4,4,2.8,3.333,Socket 1156,45,8,95,Jul 2010,2010-07-01,2679,,3380,27.32,98.05,https://www.techpowerup.com/cpu-specs/core-i5-760.c707,https://www.cpubenchmark.net/cpu_lookup.php?cpu=Intel+Core+i5-760+%40+2.80GHz&id=773,corei5760
Intel,Core i3-14100,Raptor Lake-R,4,8,3.5,4.7,Socket 1700,10,12,60,Jan 2024,2024-01-01,15077,,1345,105.39,143.06,https://www.techpowerup.com/cpu-specs/core-i3-14100.c3450,https://www.cpubenchmark.net/cpu_lookup.php?cpu=Intel+Core+i3-14100&id=5831,corei314100
Intel,Core i5-2500,Sandy Bridge,4,4,3.3,3.7,Socket 1155,32,6,95,Jan 2011,2011-01-01,4093,,2782,101.24,40.43,https://www.techpowerup.com/cpu-specs/core-i5-2500.c726,https://www.cpubenchmark.net/cpu_lookup.php?cpu=Intel+Core+i5-2500+%40+3.30GHz&id=803,corei52500
AMD,Ryzen 5 240,Hawk Point,6,12,4.3,5.0,Socket FP8,4,16,45,Jan 2025,2025-01-01,22671,3688,,,,https://www.techpowerup.com/cpu-specs/ryzen-5-240.c4012,https://www.cpubenchmark.net/cpu.php?cpu=AMD+Ryzen+5+240&id=6615,ryzen5240
Intel,Core i5-11400,Rocket Lake,6,12,2.6,4.4,Socket 1200,14,12,65,Mar 2021,2021-03-01,16623,,1251,131.87,126.06,https://www.techpowerup.com/cpu-specs/core-i5-11400.c2406,https://www.cpubenchmark.net/cpu_lookup.php?cpu=Intel+Core+i5-11400+%40+2.60GHz&id=4233,corei511400
Intel,Xeon E5-2689,Sandy Bridge-EP,8,16,2.6,3.6,Socket 2011,32,20,115,Mar 2012,2012-03-01,9418,,1788,51.53,182.75,https://www.techpowerup.com/cpu-specs/xeon-e5-2689.c3260,https://www.cpubenchmark.net/cpu_lookup.php?cpu=Intel+Xeon+E5-2689+%40+2.60GHz&id=1881,xeone52689
AMD,FX-4100,Zambezi,4,4,3.6,3.8,Socket AM3+,32,8,95,Oct 2011,2011-10-01,,,,,,https://www.techpowerup.com/cpu-specs/fx-4100.c828,,fx4100
AMD,Ryzen 5 PRO 5650GE,Cezanne,6,12,3.4,4.4,Socket AM4,7,16,35,Jun 2021,2021-06-01,18012,,,,,https://www.techpowerup.com/cpu-specs/ryzen-5-pro-5650ge.c2704,https://www.cpubenchmark.net/cpu.php?cpu=AMD+Ryzen+5+PRO+5650GE&id=4385,ryzen5pro5650ge
AMD,GX-420GI,Brown Falcon,4,4,2.0,2.2,Socket FP4,28,,15,Feb 2016,2016-02-01,,,,,,https://www.techpowerup.com/cpu-specs/gx-420gi.c3673,,gx420gi
Intel,Core i5-3570K,Ivy Bridge,4,4,3.4,3.8,Socket 1155,22,6,77,Apr 2012,2012-04-01,4968,,2580,88.3,56.26,https://www.techpowerup.com/cpu-specs/core-i5-3570k.c1005,https://www.cpubenchmark.net/cpu_lookup.php?cpu=Intel+Core+i5-3570K+%40+3.40GHz&id=828,corei53570k
Intel,Core i5-1335U,Raptor Lake-U,10,12,1.3,4.6,BGA 1744,10,12,15,Jan 2023,2023-01-01,13768,3241,1444,40.5,340.0,https://www.techpowerup.com/cpu-specs/core-i5-1335u.c3065,https://www.cpubenchmark.net/cpu_lookup.php?cpu=Intel+Core+i5-1335U&id=5294,corei51335u
AMD,Athlon II X2 250,Regor,2,2,3.0,,Socket AM3,45,,65,Jun 2009,2009-06-01,,,,,,https://www.techpowerup.com/cpu-specs/athlon-ii-x2-250.c602,,athloniix2250
AMD,Ryzen Threadripper 3960X,Castle Peak,24,48,3.8,4.5,Socket TRX4,7,128,280,Nov 2019,2019-11-01,54742,,,,870.99,https://www.techpowerup.com/cpu-specs/ryzen-threadripper-3960x.c2268,https://www.cpubenchmark.net/cpu.php?cpu=AMD+Ryzen+Threadripper+3960X&id=3617,ryzenthreadripper3960x
Intel,Core i5-13600K,Raptor Lake-S,14,20,3.5,5.1,Socket 1700,10,24,125,Sep 2022,2022-09-01,37447,,411,110.46,339.0,https://www.techpowerup.com/cpu-specs/core-i5-13600k.c2829,https://www.cpubenchmark.net/cpu_lookup.php?cpu=Intel+Core+i5-13600K&id=5008,corei513600k
AMD,Ryzen 7 PRO 6850U,Rembrandt,8,16,2.7,4.7,Socket FP7,6,16,15,Apr 2022,2022-04-01,20490,3199,,,,https://www.techpowerup.com/cpu-specs/ryzen-7-pro-6850u.c2768,https://www.cpubenchmark.net/cpu.php?cpu=AMD+Ryzen+7+PRO+6850U&id=4826,ryzen7pro6850u
Intel,Core i9-14900KS,Raptor Lake-R,24,32,3.2,6.2,Socket 1700,10,36,150,Mar 2024,2024-03-01,59885,,184,103.25,579.99,https://www.techpowerup.com/cpu-specs/core-i9-14900ks.c3522,https://www.cpubenchmark.net/cpu_lookup.php?cpu=Intel+Core+i9-14900KS&id=5957,corei914900ks
AMD,Athlon Silver 7120U,Mendocino,2,2,2.4,3.5,Socket FT6,6,2,15,Sep 2022,2022-09-01,,1859,,,,https://www.techpowerup.com/cpu-specs/athlon-silver-7120u.c3043,https://www.cpubenchmark.net/cpu.php?cpu=AMD+Athlon+Silver+7120U&id=5529,athlonsilver7120u
Intel,Pentium E5300,Wolfdale,2,2,2.6,,Socket 775,45,,65,Nov 2008,2008-11-01,948,,4751,9.77,97.0,https://www.techpowerup.com/cpu-specs/pentium-e5300.c852,https://www.cpubenchmark.net/cpu_lookup.php?cpu=Intel+Pentium+E5300+%40+2.60GHz&id=1098,pentiume5300
AMD,E-350,Zacate,2,2,1.6,,Socket FT1,40,,18,Jan 2011,2011-01-01,,489,,,,https://www.techpowerup.com/cpu-specs/e-350.c790,https://www.cpubenchmark.net/cpu.php?cpu=AMD+E-350&id=249,e350
Intel,Core 2 Quad Q9400,Yorkfield,4,4,2.666,,Socket 775,45,,95,Aug 2008,2008-08-01,2166,,3714,86.48,25.05,https://www.techpowerup.com/cpu-specs/core-2-quad-q9400.c526,https://www.cpubenchmark.net/cpu_lookup.php?cpu=Intel+Core2+Quad+Q9400+%40+2.66GHz&id=1045,core2quadq9400
Intel,Core 7 150U,Raptor Lake-U,10,12,1.8,5.4,BGA 1744,10,12,15,Jan 2024,2024-01-01,14671,3503,1374,,,https://www.techpowerup.com/cpu-specs/core-7-150u.c3463,https://www.cpubenchmark.net/cpu_lookup.php?cpu=Intel+Core+7+150U&id=5944,core7150u
AMD,Ryzen 7 PRO 3700U,Picasso,4,8,2.3,4.0,Socket FP5,12,4,15,Apr 2019,2019-04-01,7181,1943,,,,https://www.techpowerup.com/cpu-specs/ryzen-7-pro-3700u.c2173,https://www.cpubenchmark.net/cpu.php?cpu=AMD+Ryzen+7+PRO+3700U&id=3433,ryzen7pro3700u
AMD,Ryzen 9 8945HS,Hawk Point,8,16,4.0,5.2,Socket FP8,4,16,45,Dec 2023,2023-12-01,29209,3805,,,,https://www.techpowerup.com/cpu-specs/ryzen-9-8945hs.c3399,https://www.cpubenchmark.net/cpu.php?cpu=AMD+Ryzen+9+8945HS&id=5926,ryzen98945hs
Intel,Core i9-14900,Raptor Lake-R,24,32,2.0,5.8,Socket 1700,10,36,65,Jan 2024,2024-01-01,44555,,329,71.6,622.31,https://www.techpowerup.com/cpu-specs/core-i9-14900.c3441,https://www.cpubenchmark.net/cpu_lookup.php?cpu=Intel+Core+i9-14900&id=5886,corei914900
AMD,Phenom II X6 1055T (95W),Thuban,6,6,2.8,3.3,Socket AM3,45,6,95,May 2010,2010-05-01,,,,,,https://www.techpowerup.com/cpu-specs/phenom-ii-x6-1055t-95w.c675,,phenomiix61055t95w
AMD,Ryzen Threadripper 3970X,Castle Peak,32,64,3.7,4.5,Socket TRX4,7,128,280,Nov 2019,2019-11-01,62900,,,,1800.0,https://www.techpowerup.com/cpu-specs/ryzen-threadripper-3970x.c2269,https://www.cpubenchmark.net/cpu.php?cpu=AMD+Ryzen+Threadripper+3970X&id=3623,ryzenthreadripper3970x
Intel,Core i5-1035G1,Ice Lake-U,4,8,1.0,3.6,BGA 1526,10,6,15,Aug 2019,2019-08-01,7113,2164,2096,23.95,297.0,https://www.techpowerup.com/cpu-specs/core-i5-1035g1.c2225,https://www.cpubenchmark.net/cpu_lookup.php?cpu=Intel+Core+i5-1035G1+%40+1.00GHz&id=3558,corei51035g1
Intel,Core i3-1215U,Alder Lake-U,6,8,1.2,4.4,BGA 1744,10,10,15,Feb 2022,2022-02-01,10081,3094,1721,,,https://www.techpowerup.com/cpu-specs/core-i3-1215u.c2585,https://www.cpubenchmark.net/cpu_lookup.php?cpu=Intel+Core+i3-1215U&id=4754,corei31215u
Intel,Core Ultra 9 285,Arrow Lake-S,24,24,2.5,5.6,Socket 1851,3,36,65,Jan 2025,2025-01-01,57763,,201,87.52,660.0,https://www.techpowerup.com/cpu-specs/core-ultra-9-285.c3774,https://www.cpubenchmark.net/cpu_lookup.php?cpu=Intel+Core+Ultra+9+285&id=6443,coreultra9285
Intel,Pentium E5400,Wolfdale,2,2,2.7,,Socket 775,45,,65,Jan 2009,2009-01-01,1027,,4661,20.97,49.0,https://www.techpowerup.com/cpu-specs/pentium-e5400.c853,https://www.cpubenchmark.net/cpu_lookup.php?cpu=Intel+Pentium+E5400+%40+2.70GHz&id=1099,pentiume5400
AMD,Ryzen 7 8840HS,Hawk Point,8,16,3.3,5.1,Socket FP8,4,16,28,Dec 2023,2023-12-01,24543,3571,,,,https://www.techpowerup.com/cpu-specs/ryzen-7-8840hs.c3401,https://www.cpubenchmark.net/cpu.php?cpu=AMD+Ryzen+7+8840HS&id=6016,ryzen78840hs
AMD,Ryzen Threadripper PRO 3975WX,Castle Peak,32,64,3.5,4.2,Socket WRX8,7,128,280,Jul 2020,2020-07-01,62488,,,,1399.99,https://www.techpowerup.com/cpu-specs/ryzen-threadripper-pro-3975wx.c2315,https://www.cpubenchmark.net/cpu.php?cpu=AMD+Ryzen+Threadripper+PRO+3975WX&id=3851,ryzenthreadripperpro3975wx
Intel,Pentium G630,Sandy Bridge,2,2,2.7,,Socket 1155,32,3,65,Sep 2011,2011-09-01,1329,,4334,14.29,93.0,https://www.techpowerup.com/cpu-specs/pentium-g630.c802,https://www.cpubenchmark.net/cpu_lookup.php?cpu=Intel+Pentium+G630+%40+2.70GHz&id=1109,pentiumg630
AMD,A8-9600,Bristol Ridge,4,4,3.1,3.4,Socket AM4,28,,65,Jul 2017,2017-07-01,,,,,,https://www.techpowerup.com/cpu-specs/a8-9600.c2613,,a89600
AMD,Phenom II X4 955 BE,Deneb,4,4,3.2,,Socket AM3,45,6,125,Apr 2009,2009-04-01,,,,,,https://www.techpowerup.com/cpu-specs/phenom-ii-x4-955-be.c620,,phenomiix4955be
Intel,Core i7-5960X,Haswell-E,8,16,3.0,3.5,Socket 2011-3,22,20,140,Sep 2014,2014-09-01,13593,,1455,182.07,74.66,https://www.techpowerup.com/cpu-specs/core-i7-5960x.c1765,https://www.cpubenchmark.net/cpu_lookup.php?cpu=Intel+Core+i7-5960X+%40+3.00GHz&id=2332,corei75960x
AMD,Ryzen 7 449,Gorgon Point,8,16,2.0,5.0,Socket FP8,4,8,28,Aug 2026,2026-08-01,,,,,,https://www.techpowerup.com/cpu-specs/ryzen-7-449.c4564,,ryzen7449
Intel,Pentium E5200,Wolfdale,2,2,2.5,,Socket 775,45,,65,Aug 2008,2008-08-01,943,,4755,20.95,45.0,https://www.techpowerup.com/cpu-specs/pentium-e5200.c851,https://www.cpubenchmark.net/cpu_lookup.php?cpu=Intel+Pentium+E5200+%40+2.50GHz&id=1097,pentiume5200
AMD,Ryzen Threadripper 2990WX,Colfax,32,64,3.0,4.2,Socket SP3r2,12,64,250,Aug 2018,2018-08-01,32009,,,,2698.95,https://www.techpowerup.com/cpu-specs/ryzen-threadripper-2990wx.c2069,https://www.cpubenchmark.net/cpu.php?cpu=AMD+Ryzen+Threadripper+2990WX&id=3309,ryzenthreadripper2990wx
Intel,Core Ultra 7 256V,Lunar Lake,8,8,2.2,4.8,BGA 2833,3,12,17,Sep 2024,2024-09-01,19482,4021,1063,,,https://www.techpowerup.com/cpu-specs/core-ultra-7-256v.c3796,https://www.cpubenchmark.net/cpu_lookup.php?cpu=Intel+Core+Ultra+7+256V&id=6294,coreultra7256v
Intel,Core i7-11700K,Rocket Lake,8,16,3.6,5.0,Socket 1200,14,16,125,Mar 2021,2021-03-01,24312,,803,73.9,329.0,https://www.techpowerup.com/cpu-specs/core-i7-11700k.c2367,https://www.cpubenchmark.net/cpu_lookup.php?cpu=Intel+Core+i7-11700K+%40+3.60GHz&id=3896,corei711700k
Intel,Core i5-12500,Alder Lake-S,6,12,3.0,4.6,Socket 1700,10,18,65,Jan 2022,2022-01-01,19686,,1050,97.46,202.0,https://www.techpowerup.com/cpu-specs/core-i5-12500.c2552,https://www.cpubenchmark.net/cpu_lookup.php?cpu=Intel+Core+i5-12500&id=4675,corei512500
AMD,Ryzen 7 7745HX,Dragon Range,8,16,3.6,5.1,Socket FL1,5,32,55,Jan 2023,2023-01-01,32318,3925,,,,https://www.techpowerup.com/cpu-specs/ryzen-7-7745hx.c3025,https://www.cpubenchmark.net/cpu.php?cpu=AMD+Ryzen+7+7745HX&id=5437,ryzen77745hx
AMD,Ryzen 3 PRO 4350G,Renoir,4,8,3.8,4.0,Socket AM4,7,4,65,Jul 2020,2020-07-01,10905,,,,,https://www.techpowerup.com/cpu-specs/ryzen-3-pro-4350g.c2326,https://www.cpubenchmark.net/cpu.php?cpu=AMD+Ryzen+3+PRO+4350G&id=3794,ryzen3pro4350g
AMD,Ryzen 3 3300U,Picasso,4,4,2.1,3.5,Socket FP5,12,4,15,Jan 2019,2019-01-01,5618,1828,,,,https://www.techpowerup.com/cpu-specs/ryzen-3-3300u.c2137,https://www.cpubenchmark.net/cpu.php?cpu=AMD+Ryzen+3+3300U&id=3520,ryzen33300u
AMD,A9-9420 SoC,Stoney Ridge,2,2,3.0,3.6,Socket FT4,28,,15,May 2016,2016-05-01,,1337,,,,https://www.techpowerup.com/cpu-specs/a9-9420-soc.c2060,https://www.cpubenchmark.net/cpu.php?cpu=AMD+A9-9420&id=3059,a99420
Intel,Core i7-1355U,Raptor Lake-U,10,12,1.7,5.0,BGA 1744,10,12,15,Jan 2023,2023-01-01,13837,3368,1436,29.5,469.0,https://www.techpowerup.com/cpu-specs/core-i7-1355u.c3069,https://www.cpubenchmark.net/cpu_lookup.php?cpu=Intel+Core+i7-1355U&id=5317,corei71355u
Intel,Core Ultra 9 285HX,Arrow Lake-HX,24,24,2.8,5.5,BGA 2114,3,36,55,Jan 2025,2025-01-01,56484,4603,222,,,https://www.techpowerup.com/cpu-specs/core-ultra-9-285hx.c4022,https://www.cpubenchmark.net/cpu_lookup.php?cpu=Intel+Core+Ultra+9+285HX&id=6608,coreultra9285hx
Intel,Core 2 Quad Q8400,Yorkfield,4,4,2.666,,Socket 775,45,,95,Apr 2009,2009-04-01,2087,,3764,16.19,128.88,https://www.techpowerup.com/cpu-specs/core-2-quad-q8400.c655,https://www.cpubenchmark.net/cpu_lookup.php?cpu=Intel+Core2+Quad+Q8400+%40+2.66GHz&id=1041,core2quadq8400
AMD,Ryzen 5 PRO 2400G,Raven Ridge,4,8,3.6,3.9,Socket AM4,14,4,65,May 2018,2018-05-01,8561,,,,,https://www.techpowerup.com/cpu-specs/ryzen-5-pro-2400g.c2075,https://www.cpubenchmark.net/cpu.php?cpu=AMD+Ryzen+5+PRO+2400G&id=3265,ryzen5pro2400g
Intel,Arc G3 EXTREME,Panther Lake,14,14,1.9,4.7,BGA 2540,3,18,25,May 2026,2026-05-01,28434,,627,,,https://www.techpowerup.com/cpu-specs/arc-g3-extreme.c4437,https://www.cpubenchmark.net/cpu_lookup.php?cpu=Intel+Arc+G3+Extreme&id=7300,arcg3extreme
Intel,Core i7-13700,Raptor Lake-S,16,24,2.1,5.2,Socket 1700,10,30,65,Jan 2023,2023-01-01,35831,,440,79.17,452.6,https://www.techpowerup.com/cpu-specs/core-i7-13700.c2957,https://www.cpubenchmark.net/cpu_lookup.php?cpu=Intel+Core+i7-13700&id=4992,corei713700
AMD,Ryzen 5 PRO 6650U,Rembrandt,6,12,2.9,4.5,Socket FP7,6,16,15,Apr 2022,2022-04-01,15703,3007,,,,https://www.techpowerup.com/cpu-specs/ryzen-5-pro-6650u.c2771,https://www.cpubenchmark.net/cpu.php?cpu=AMD+Ryzen+5+PRO+6650U&id=4827,ryzen5pro6650u
Intel,Core i3-1115G4,Tiger Lake-U,2,4,2.2,4.1,BGA 1449,10,6,15,Sep 2020,2020-09-01,5800,2534,2366,20.64,281.0,https://www.techpowerup.com/cpu-specs/core-i3-1115g4.c2348,https://www.cpubenchmark.net/cpu_lookup.php?cpu=Intel+Core+i3-1115G4+%40+3.00GHz&id=3877,corei31115g4
AMD,EPYC 7763,Milan,64,128,2.45,3.5,Socket SP3,7,256,280,Mar 2021,2021-03-01,84492,,,,2593.0,https://www.techpowerup.com/cpu-specs/epyc-7763.c2373,https://www.cpubenchmark.net/cpu.php?cpu=AMD+EPYC+7763&id=4207,epyc7763
AMD,FX-8370,Vishera,8,8,4.0,4.3,Socket AM3+,32,8,125,Sep 2014,2014-09-01,,,,,,https://www.techpowerup.com/cpu-specs/fx-8370.c1785,,fx8370
Intel,Core i3-9100F,Coffee Lake,4,4,3.6,4.2,Socket 1151,14,6,65,Apr 2019,2019-04-01,6703,,2172,83.09,80.67,https://www.techpowerup.com/cpu-specs/core-i3-9100f.c2187,https://www.cpubenchmark.net/cpu_lookup.php?cpu=Intel+Core+i3-9100F+%40+3.60GHz&id=3461,corei39100f
Intel,Core i7-7700HQ,Kaby Lake-H,4,8,2.8,3.8,BGA 1440,14,6,45,Jan 2017,2017-01-01,6888,2045,2137,18.22,378.0,https://www.techpowerup.com/cpu-specs/core-i7-7700hq.c3098,https://www.cpubenchmark.net/cpu_lookup.php?cpu=Intel+Core+i7-7700HQ+%40+2.80GHz&id=2906,corei77700hq
AMD,Ryzen 9 7940HS,Phoenix,8,16,4.0,5.2,Socket FP8,4,16,35,Jan 2023,2023-01-01,29748,3848,,,,https://www.techpowerup.com/cpu-specs/ryzen-9-7940hs.c3020,https://www.cpubenchmark.net/cpu.php?cpu=AMD+Ryzen+9+7940HS&id=5454,ryzen97940hs
Intel,Core i7-990X,Gulftown,6,12,3.466,3.733,Socket 1366,32,12,130,Feb 2011,2011-02-01,7143,,2090,31.69,225.39,https://www.techpowerup.com/cpu-specs/core-i7-990x.c721,https://www.cpubenchmark.net/cpu_lookup.php?cpu=Intel+Core+i7-990X+%40+3.47GHz&id=867,corei7990x
Intel,Core i7-6950X,Broadwell-E,10,20,3.0,3.5,Socket 2011-3,14,25,140,May 2016,2016-05-01,17525,,1195,98.57,177.79,https://www.techpowerup.com/cpu-specs/core-i7-6950x.c1847,https://www.cpubenchmark.net/cpu_lookup.php?cpu=Intel+Core+i7-6950X+%40+3.00GHz&id=2792,corei76950x
AMD,Ryzen 5 PRO 5675U,Cezanne-U,6,12,2.3,4.3,Socket FP6,7,16,15,Apr 2022,2022-04-01,13772,2767,,,,https://www.techpowerup.com/cpu-specs/ryzen-5-pro-5675u.c2776,https://www.cpubenchmark.net/cpu.php?cpu=AMD+Ryzen+5+PRO+5675U&id=4831,ryzen5pro5675u
Intel,Processor N95,Gracemont,4,4,0.1,3.4,BGA 1264,10,6,15,Jan 2023,2023-01-01,,,,,,https://www.techpowerup.com/cpu-specs/processor-n95.c3185,,processorn95
Intel,Core i3-2120,Sandy Bridge,2,4,3.3,,Socket 1155,32,3,65,Feb 2011,2011-02-01,1971,,3840,65.71,30.0,https://www.techpowerup.com/cpu-specs/core-i3-2120.c739,https://www.cpubenchmark.net/cpu_lookup.php?cpu=Intel+Core+i3-2120+%40+3.30GHz&id=752,corei32120
Intel,Core Ultra 5 338H,Panther Lake,12,12,1.9,4.7,BGA 2540,3,18,25,Jan 2026,2026-01-01,27869,4051,658,,,https://www.techpowerup.com/cpu-specs/core-ultra-5-338h.c4308,https://www.cpubenchmark.net/cpu_lookup.php?cpu=Intel+Core+Ultra+5+338H&id=7138,coreultra5338h
AMD,A4-5000,Kabini,4,4,1.5,,Socket FT3,28,,15,May 2013,2013-05-01,,,,,,https://www.techpowerup.com/cpu-specs/a4-5000.c1710,,a45000
Intel,Core Ultra 9 290K Plus,Arrow Lake Refresh,24,24,3.7,5.8,Socket 1851,3,36,125,Unreleased,,60860,,177,,,https://www.techpowerup.com/cpu-specs/core-ultra-9-290k-plus.c4376,https://www.cpubenchmark.net/cpu_lookup.php?cpu=Intel+Core+Ultra+9+290K+Plus&id=7210,coreultra9290kplus
Intel,Core i5-8265U,Whiskey Lake-U,4,8,1.6,3.9,BGA 1528,14,6,15,Oct 2018,2018-10-01,5767,2004,2379,11.54,499.88,https://www.techpowerup.com/cpu-specs/core-i5-8265u.c2102,https://www.cpubenchmark.net/cpu_lookup.php?cpu=Intel+Core+i5-8265U+%40+1.60GHz&id=3323,corei58265u
Intel,Core i7-10750H,Comet Lake-H,6,12,2.6,5.0,BGA 1440,14,12,45,Apr 2020,2020-04-01,11425,2605,1618,,,https://www.techpowerup.com/cpu-specs/core-i7-10750h.c2360,https://www.cpubenchmark.net/cpu_lookup.php?cpu=Intel+Core+i7-10750H+%40+2.60GHz&id=3657,corei710750h
AMD,Ryzen AI Max+ 388,Strix Halo,8,16,3.6,5.0,Socket FP11,4,32,55,Jan 2026,2026-01-01,33285,,,,,https://www.techpowerup.com/cpu-specs/ryzen-ai-max-388.c4312,https://www.cpubenchmark.net/cpu.php?cpu=AMD+RYZEN+AI+MAX%2B+388&id=7006,ryzenaimax388
AMD,Ryzen 7 7840U,Phoenix,8,16,3.3,5.1,Socket FP8,4,16,28,May 2023,2023-05-01,24388,3539,,,,https://www.techpowerup.com/cpu-specs/ryzen-7-7840u.c3212,https://www.cpubenchmark.net/cpu.php?cpu=AMD+Ryzen+7+7840U&id=5322,ryzen77840u
Intel,Core i9-13900H,Raptor Lake-H,14,20,2.6,5.4,BGA 1744,10,24,45,Jan 2023,2023-01-01,27035,3697,688,43.82,617.0,https://www.techpowerup.com/cpu-specs/core-i9-13900h.c3048,https://www.cpubenchmark.net/cpu_lookup.php?cpu=Intel+Core+i9-13900H&id=5210,corei913900h
Intel,Core i9-9900,Coffee Lake-R,8,16,3.1,5.0,Socket 1151,14,16,65,Apr 2019,2019-04-01,16282,,1273,31.99,509.0,https://www.techpowerup.com/cpu-specs/core-i9-9900.c2182,https://www.cpubenchmark.net/cpu_lookup.php?cpu=Intel+Core+i9-9900+%40+3.10GHz&id=3487,corei99900
Intel,Core i3-380M,Arrandale,2,4,2.534,,Socket G1,32,3,35,Oct 2010,2010-10-01,1209,1005,4458,9.3,129.95,https://www.techpowerup.com/cpu-specs/core-i3-380m.c1876,https://www.cpubenchmark.net/cpu_lookup.php?cpu=Intel+Core+i3-380M+%40+2.53GHz&id=745,corei3380m
Intel,Core 3 N355,Twin Lake,8,8,1.9,3.9,BGA 1264,10,6,15,Jan 2025,2025-01-01,10512,,1690,34.02,309.0,https://www.techpowerup.com/cpu-specs/core-3-n355.c4112,https://www.cpubenchmark.net/cpu_lookup.php?cpu=Intel+Core+3+N355&id=6430,core3n355
AMD,Ryzen 5 9500F,Granite Ridge,6,12,3.8,5.0,Socket AM5,4,32,65,Sep 2025,2025-09-01,28087,,,,,https://www.techpowerup.com/cpu-specs/ryzen-5-9500f.c4244,https://www.cpubenchmark.net/cpu.php?cpu=AMD+Ryzen+5+9500F&id=7079,ryzen59500f
Intel,Pentium B960,Sandy Bridge,2,2,2.2,,Socket G2 (988B),32,2,35,Oct 2011,2011-10-01,1033,987,4652,26.71,38.68,https://www.techpowerup.com/cpu-specs/pentium-b960.c1315,https://www.cpubenchmark.net/cpu_lookup.php?cpu=Intel+Pentium+B960+%40+2.20GHz&id=1095,pentiumb960
AMD,A10-9700E,Bristol Ridge,4,4,3.0,3.5,Socket AM4,28,,35,Jul 2017,2017-07-01,,,,,,https://www.techpowerup.com/cpu-specs/a10-9700e.c1956,,a109700e
AMD,FX-6100,Zambezi,6,6,3.3,3.9,Socket AM3+,32,8,95,Oct 2011,2011-10-01,,,,,,https://www.techpowerup.com/cpu-specs/fx-6100.c827,,fx6100
Intel,Core i5-10600K,Comet Lake,6,12,4.1,4.8,Socket 1200,14,12,125,Apr 2020,2020-04-01,14246,,1399,98.25,145.0,https://www.techpowerup.com/cpu-specs/core-i5-10600k.c2213,https://www.cpubenchmark.net/cpu_lookup.php?cpu=Intel+Core+i5-10600K+%40+4.10GHz&id=3735,corei510600k
Intel,Core Ultra 7 265KF,Arrow Lake-S,20,20,3.9,5.5,Socket 1851,3,30,125,Oct 2024,2024-10-01,58455,,196,174.05,335.85,https://www.techpowerup.com/cpu-specs/core-ultra-7-265kf.c3778,https://www.cpubenchmark.net/cpu_lookup.php?cpu=Intel+Core+Ultra+7+265KF&id=6338,coreultra7265kf
Intel,Core i5-8500T,Coffee Lake,6,6,2.1,3.5,Socket 1151,14,9,35,Apr 2018,2018-04-01,7739,,1988,78.17,99.0,https://www.techpowerup.com/cpu-specs/core-i5-8500t.c2019,https://www.cpubenchmark.net/cpu_lookup.php?cpu=Intel+Core+i5-8500T+%40+2.10GHz&id=3231,corei58500t
AMD,Ryzen 3 30,Mendocino,4,8,2.4,4.1,Socket FT6,6,4,15,Oct 2025,2025-10-01,9048,2471,,,,https://www.techpowerup.com/cpu-specs/ryzen-3-30.c4254,https://www.cpubenchmark.net/cpu.php?cpu=AMD+Ryzen+3+30&id=7258,ryzen330
Intel,Pentium 4 2.40,Prescott,1,1,2.4,,Socket 478,90,,110,Mar 2004,2004-03-01,,,,,,https://www.techpowerup.com/cpu-specs/pentium-4-2-40.c322,,pentium4240
AMD,EPYC 9654,Genoa,96,192,2.4,3.7,Socket SP5,5,384,360,Nov 2022,2022-11-01,119259,,,,4895.0,https://www.techpowerup.com/cpu-specs/epyc-9654.c2933,https://www.cpubenchmark.net/cpu.php?cpu=AMD+EPYC+9654&id=5088,epyc9654
Intel,Atom N450,Pineview,1,2,1.667,,BGA 559,45,,6,Dec 2009,2009-12-01,200,279,5810,,,https://www.techpowerup.com/cpu-specs/atom-n450.c1412,https://www.cpubenchmark.net/cpu_lookup.php?cpu=Intel+Atom+N450+%40+1.66GHz&id=618,atomn450
AMD,Ryzen 9 PRO 9965X3D,Granite Ridge,16,32,4.3,5.5,Socket AM5,4,128,170,Jun 2026,2026-06-01,60597,,,,,https://www.techpowerup.com/cpu-specs/ryzen-9-pro-9965x3d.c4423,https://www.cpubenchmark.net/cpu.php?cpu=AMD+Ryzen+9+PRO+9965X3D&id=7290,ryzen9pro9965x3d
AMD,Ryzen AI Max+ 392,Strix Halo,12,24,3.2,5.0,Socket FP11,4,64,55,Jan 2026,2026-01-01,45477,3990,,,,https://www.techpowerup.com/cpu-specs/ryzen-ai-max-392.c4311,https://www.cpubenchmark.net/cpu.php?cpu=AMD+RYZEN+AI+MAX%2B+392&id=7173,ryzenaimax392
AMD,Athlon II X4 640,Propus,4,4,3.0,,Socket AM3,45,,95,May 2010,2010-05-01,,,,,,https://www.techpowerup.com/cpu-specs/athlon-ii-x4-640.c787,,athloniix4640
AMD,Phenom II X6 1100T BE,Thuban,6,6,3.3,3.7,Socket AM3,45,6,125,Dec 2010,2010-12-01,,,,,,https://www.techpowerup.com/cpu-specs/phenom-ii-x6-1100t-be.c698,,phenomiix61100tbe
AMD,Ryzen 7 5800G,Cezanne,8,16,3.8,4.8,Socket AM4,7,16,65,Unreleased,,,,,,,https://www.techpowerup.com/cpu-specs/ryzen-7-5800g.c2511,,ryzen75800g
AMD,Ryzen AI 7 450,Gorgon Point,8,16,2.0,5.1,Socket FP8,4,8,28,Jan 2026,2026-01-01,26312,3956,,,,https://www.techpowerup.com/cpu-specs/ryzen-ai-7-450.c4322,https://www.cpubenchmark.net/cpu.php?cpu=AMD+Ryzen+AI+7+450&id=7268,ryzenai7450
Intel,Core i7-9750H,Coffee Lake-HR,6,12,2.6,4.5,BGA 1440,14,12,45,Apr 2019,2019-04-01,10543,2382,1688,10.98,960.0,https://www.techpowerup.com/cpu-specs/core-i7-9750h.c2290,https://www.cpubenchmark.net/cpu_lookup.php?cpu=Intel+Core+i7-9750H+%40+2.60GHz&id=3425,corei79750h
Intel,Core i3-4130,Haswell,2,4,3.4,,Socket 1150,22,3,54,Sep 2013,2013-09-01,3332,,3066,34.39,96.88,https://www.techpowerup.com/cpu-specs/core-i3-4130.c1632,https://www.cpubenchmark.net/cpu_lookup.php?cpu=Intel+Core+i3-4130+%40+3.40GHz&id=2015,corei34130
AMD,Ryzen AI 5 430,Gorgon Point,4,8,2.0,4.5,Socket FP8,4,4,28,Jan 2026,2026-01-01,13067,3620,,,,https://www.techpowerup.com/cpu-specs/ryzen-ai-5-430.c4325,https://www.cpubenchmark.net/cpu.php?cpu=AMD+Ryzen+AI+5+430&id=7121,ryzenai5430
Intel,Core 5 120,Raptor Lake-R,6,12,2.5,4.5,Socket 1700,10,18,65,Jul 2025,2025-07-01,18003,,1162,85.32,211.0,https://www.techpowerup.com/cpu-specs/core-5-120.c4236,https://www.cpubenchmark.net/cpu_lookup.php?cpu=Intel+Core+5+120&id=7049,core5120
AMD,EPYC 7282,Rome,16,32,2.8,3.2,Socket SP3,7,32,120,Aug 2019,2019-08-01,30359,,,,220.0,https://www.techpowerup.com/cpu-specs/epyc-7282.c2255,https://www.cpubenchmark.net/cpu.php?cpu=AMD+EPYC+7282&id=3625,epyc7282
Intel,Core i5-520M,Arrandale,2,4,2.4,2.933,Socket G1,32,3,35,Jan 2010,2010-01-01,1731,1092,4027,17.31,100.0,https://www.techpowerup.com/cpu-specs/core-i5-520m.c4364,https://www.cpubenchmark.net/cpu_lookup.php?cpu=Intel+Core+i5-520M+%40+2.40GHz&id=778,corei5520m
Intel,Xeon E5-2699 v3,Haswell-EP,18,36,2.3,3.6,Socket 2011-3,22,45,145,Sep 2014,2014-09-01,20030,,1033,37.8,529.95,https://www.techpowerup.com/cpu-specs/xeon-e5-2699-v3.c2904,https://www.cpubenchmark.net/cpu_lookup.php?cpu=Intel+Xeon+E5-2699+v3+%40+2.30GHz&id=2366,xeone52699v3
Intel,Core 2 Duo E8500,Wolfdale,2,2,3.166,,Socket 775,45,,65,Jan 2008,2008-01-01,1305,,4361,11.87,109.95,https://www.techpowerup.com/cpu-specs/core-2-duo-e8500.c469,https://www.cpubenchmark.net/cpu_lookup.php?cpu=Intel+Core2+Duo+E8500+%40+3.16GHz&id=5,core2duoe8500
AMD,A10-7850K,Kaveri,4,4,3.7,4.0,Socket FM2+,28,,95,Jan 2014,2014-01-01,,,,,,https://www.techpowerup.com/cpu-specs/a10-7850k.c1744,,a107850k
AMD,Ryzen 5 7535U,Rembrandt-R,6,12,2.9,4.55,Socket FP7,6,16,28,Jan 2023,2023-01-01,16615,3152,,,,https://www.techpowerup.com/cpu-specs/ryzen-5-7535u.c3039,https://www.cpubenchmark.net/cpu.php?cpu=AMD+Ryzen+5+7535U&id=5415,ryzen57535u
Intel,Core i5-13500H,Raptor Lake-H,12,16,2.6,4.7,BGA 1744,10,18,45,Jan 2023,2023-01-01,20924,3372,967,,,https://www.techpowerup.com/cpu-specs/core-i5-13500h.c3057,https://www.cpubenchmark.net/cpu_lookup.php?cpu=Intel+Core+i5-13500H&id=5151,corei513500h
Intel,Core i5-4690K,Haswell,4,4,3.5,3.9,Socket 1150,22,6,88,Jun 2014,2014-06-01,5680,,2396,36.88,154.0,https://www.techpowerup.com/cpu-specs/core-i5-4690k.c1762,https://www.cpubenchmark.net/cpu_lookup.php?cpu=Intel+Core+i5-4690K+%40+3.50GHz&id=2284,corei54690k
Intel,Core i7-980X,Gulftown,6,12,3.333,3.6,Socket 1366,32,12,130,Mar 2010,2010-03-01,6829,,2145,136.61,49.99,https://www.techpowerup.com/cpu-specs/core-i7-980x.c723,https://www.cpubenchmark.net/cpu_lookup.php?cpu=Intel+Core+i7-980X+%40+3.33GHz&id=866,corei7980x
Intel,Core i3-4170,Haswell,2,4,3.7,,Socket 1150,22,3,54,May 2014,2014-05-01,3578,,2966,29.79,120.1,https://www.techpowerup.com/cpu-specs/core-i3-4170.c3508,https://www.cpubenchmark.net/cpu_lookup.php?cpu=Intel+Core+i3-4170+%40+3.70GHz&id=2522,corei34170
Intel,Core i7-8086K,Coffee Lake,6,12,4.0,5.0,Socket 1151,14,12,95,Jun 2018,2018-06-01,14083,,1414,96.46,146.0,https://www.techpowerup.com/cpu-specs/core-i7-8086k.c2054,https://www.cpubenchmark.net/cpu_lookup.php?cpu=Intel+Core+i7-8086K+%40+4.00GHz&id=3279,corei78086k
AMD,Ryzen 5 PRO 3400GE,Picasso,4,8,3.3,4.0,Socket AM4,12,4,35,Sep 2019,2019-09-01,7762,,,,,https://www.techpowerup.com/cpu-specs/ryzen-5-pro-3400ge.c2940,https://www.cpubenchmark.net/cpu.php?cpu=AMD+Ryzen+5+PRO+3400GE&id=3565,ryzen5pro3400ge
Intel,Core i9-14900KF,Raptor Lake-R,24,32,3.2,6.0,Socket 1700,10,36,125,Oct 2023,2023-10-01,58068,,200,133.45,435.14,https://www.techpowerup.com/cpu-specs/core-i9-14900kf.c3310,https://www.cpubenchmark.net/cpu_lookup.php?cpu=Intel+Core+i9-14900KF&id=5684,corei914900kf
Intel,Core i3-4160,Haswell,2,4,3.6,,Socket 1150,22,3,54,Jul 2014,2014-07-01,3473,,2998,120.59,28.8,https://www.techpowerup.com/cpu-specs/core-i3-4160.c1767,https://www.cpubenchmark.net/cpu_lookup.php?cpu=Intel+Core+i3-4160+%40+3.60GHz&id=2317,corei34160
AMD,Phenom II X4 965 BE (125W),Deneb,4,4,3.4,,Socket AM3,45,6,125,Nov 2009,2009-11-01,,,,,,https://www.techpowerup.com/cpu-specs/phenom-ii-x4-965-be-125w.c676,,phenomiix4965be125w
AMD,A8-5600K,Trinity,4,4,3.6,3.9,Socket FM2,32,,100,Oct 2012,2012-10-01,,,,,,https://www.techpowerup.com/cpu-specs/a8-5600k.c1101,,a85600k
Intel,Core i5-13600KF,Raptor Lake-S,14,20,3.5,5.1,Socket 1700,10,24,125,Sep 2022,2022-09-01,37307,,417,102.21,365.0,https://www.techpowerup.com/cpu-specs/core-i5-13600kf.c2852,https://www.cpubenchmark.net/cpu_lookup.php?cpu=Intel+Core+i5-13600KF&id=5059,corei513600kf
AMD,E-450,Zacate,2,2,1.65,,Socket FT1,40,,18,Aug 2011,2011-08-01,,,,,,https://www.techpowerup.com/cpu-specs/e-450.c791,,e450
AMD,Phenom II X6 1090T BE,Thuban,6,6,3.2,3.6,Socket AM3,45,6,125,Apr 2010,2010-04-01,,,,,,https://www.techpowerup.com/cpu-specs/phenom-ii-x6-1090t-be.c670,,phenomiix61090tbe
Intel,Core i3-14100F,Raptor Lake-R,4,8,3.5,4.7,Socket 1700,10,12,58,Jan 2024,2024-01-01,15403,,1323,146.74,104.97,https://www.techpowerup.com/cpu-specs/core-i3-14100f.c3455,https://www.cpubenchmark.net/cpu_lookup.php?cpu=Intel+Core+i3-14100F&id=5853,corei314100f
Intel,Core i7-10700F,Comet Lake,8,16,2.9,4.8,Socket 1200,14,16,65,Apr 2020,2020-04-01,16087,,1285,50.43,319.0,https://www.techpowerup.com/cpu-specs/core-i7-10700f.c2274,https://www.cpubenchmark.net/cpu_lookup.php?cpu=Intel+Core+i7-10700F+%40+2.90GHz&id=3806,corei710700f
Intel,Core i7-13700KF,Raptor Lake-S,16,24,3.4,5.4,Socket 1700,10,30,125,Sep 2022,2022-09-01,45527,,316,110.72,411.19,https://www.techpowerup.com/cpu-specs/core-i7-13700kf.c2853,https://www.cpubenchmark.net/cpu_lookup.php?cpu=Intel+Core+i7-13700KF&id=5061,corei713700kf
Intel,Core i7-2700K,Sandy Bridge,4,8,3.5,3.9,Socket 1155,32,8,95,Oct 2011,2011-10-01,5686,,2392,18.0,315.9,https://www.techpowerup.com/cpu-specs/core-i7-2700k.c841,https://www.cpubenchmark.net/cpu_lookup.php?cpu=Intel+Core+i7-2700K+%40+3.50GHz&id=881,corei72700k
Intel,Core i5-12500H,Alder Lake-H,12,16,2.5,4.5,BGA 1744,10,18,45,Jan 2022,2022-01-01,20234,3365,1017,65.06,311.0,https://www.techpowerup.com/cpu-specs/core-i5-12500h.c2534,https://www.cpubenchmark.net/cpu_lookup.php?cpu=Intel+Core+i5-12500H&id=4750,corei512500h
Intel,Core 2 Extreme QX9650,Yorkfield,4,4,3.0,,Socket 775,45,,130,Nov 2007,2007-11-01,,,,,,https://www.techpowerup.com/cpu-specs/core-2-extreme-qx9650.c530,,core2extremeqx9650
AMD,Ryzen Threadripper PRO 3955WX,Castle Peak,16,32,3.9,4.3,Socket WRX8,7,64,280,Jul 2020,2020-07-01,39786,,,,699.95,https://www.techpowerup.com/cpu-specs/ryzen-threadripper-pro-3955wx.c2316,https://www.cpubenchmark.net/cpu.php?cpu=AMD+Ryzen+Threadripper+PRO+3955WX&id=3846,ryzenthreadripperpro3955wx
AMD,A8-6600K,Richland,4,4,3.9,4.2,Socket FM2,32,,100,Jun 2013,2013-06-01,,,,,,https://www.techpowerup.com/cpu-specs/a8-6600k.c1500,,a86600k
AMD,Athlon X4 860K,Kaveri,4,4,3.7,4.0,Socket FM2+,28,,95,Aug 2014,2014-08-01,,,,,,https://www.techpowerup.com/cpu-specs/athlon-x4-860k.c2632,,athlonx4860k
Intel,Core i7-6800K,Broadwell-E,6,12,3.4,3.6,Socket 2011-3,14,15,140,May 2016,2016-05-01,10688,,1681,197.41,54.14,https://www.techpowerup.com/cpu-specs/core-i7-6800k.c1844,https://www.cpubenchmark.net/cpu_lookup.php?cpu=Intel+Core+i7-6800K+%40+3.40GHz&id=2785,corei76800k
AMD,Ryzen 7 5800U,Cezanne-U,8,16,1.9,4.4,Socket FP6,7,16,15,Jan 2021,2021-01-01,17952,2983,,,,https://www.techpowerup.com/cpu-specs/ryzen-7-5800u.c2746,https://www.cpubenchmark.net/cpu.php?cpu=AMD+Ryzen+7+5800U&id=4102,ryzen75800u
AMD,Ryzen 3 4300G,Renoir,4,8,3.8,4.0,Socket AM4,7,4,65,Jul 2020,2020-07-01,10085,,,,286.0,https://www.techpowerup.com/cpu-specs/ryzen-3-4300g.c2320,https://www.cpubenchmark.net/cpu.php?cpu=AMD+Ryzen+3+4300G&id=3808,ryzen34300g
AMD,Ryzen Threadripper 2950X,Colfax,16,32,3.5,4.4,Socket SP3r2,12,32,180,Aug 2018,2018-08-01,29322,,,,698.88,https://www.techpowerup.com/cpu-specs/ryzen-threadripper-2950x.c2067,https://www.cpubenchmark.net/cpu.php?cpu=AMD+Ryzen+Threadripper+2950X&id=3316,ryzenthreadripper2950x
Intel,Pentium P6200,Arrandale,2,2,2.133,,Socket G1,32,3,35,Sep 2010,2010-09-01,940,874,4760,37.66,24.95,https://www.techpowerup.com/cpu-specs/pentium-p6200.c1358,https://www.cpubenchmark.net/cpu_lookup.php?cpu=Intel+Pentium+P6200+%40+2.13GHz&id=1120,pentiump6200
AMD,Ryzen 7 4700G,Renoir,8,16,3.6,4.4,Socket AM4,7,8,65,Jul 2020,2020-07-01,20091,,,,235.12,https://www.techpowerup.com/cpu-specs/ryzen-7-4700g.c2318,https://www.cpubenchmark.net/cpu.php?cpu=AMD+Ryzen+7+4700G&id=3836,ryzen74700g
Intel,Core i5-6600,Skylake,4,4,3.3,3.9,Socket 1151,14,6,65,Jul 2015,2015-07-01,6070,,2314,137.64,44.1,https://www.techpowerup.com/cpu-specs/core-i5-6600.c3261,https://www.cpubenchmark.net/cpu_lookup.php?cpu=Intel+Core+i5-6600+%40+3.30GHz&id=2594,corei56600
Intel,Xeon E5-2697 v2,Ivy Bridge-EP,12,24,2.7,3.5,Socket 2011,22,30,130,Sep 2013,2013-09-01,14253,,1398,73.68,193.44,https://www.techpowerup.com/cpu-specs/xeon-e5-2697-v2.c1671,https://www.cpubenchmark.net/cpu_lookup.php?cpu=Intel+Xeon+E5-2697+v2+%40+2.70GHz&id=2009,xeone52697v2
AMD,Ryzen 7 7700X3D,Raphael,8,16,4.0,4.5,Socket AM5,5,96,120,May 2026,2026-05-01,32872,,,,319.99,https://www.techpowerup.com/cpu-specs/ryzen-7-7700x3d.c4438,https://www.cpubenchmark.net/cpu.php?cpu=AMD+Ryzen+7+7700X3D&id=7425,ryzen77700x3d
AMD,A4-6300,Richland,2,2,3.7,3.9,Socket FM2,32,,65,Jun 2013,2013-06-01,,,,,,https://www.techpowerup.com/cpu-specs/a4-6300.c1503,,a46300
AMD,Sempron 145,Sargas,1,1,2.8,,Socket AM3,45,,45,Sep 2010,2010-09-01,,,,,,https://www.techpowerup.com/cpu-specs/sempron-145.c605,,sempron145
Intel,Core i7-13700HX,Raptor Lake-HX,16,24,2.1,5.0,BGA 1964,10,30,55,Jan 2023,2023-01-01,31547,3791,518,65.04,485.0,https://www.techpowerup.com/cpu-specs/core-i7-13700hx.c3028,https://www.cpubenchmark.net/cpu_lookup.php?cpu=Intel+Core+i7-13700HX&id=5238,corei713700hx
Intel,Core 2 Duo E6600,Conroe,2,2,2.4,,Socket 775,65,,65,Jul 2006,2006-07-01,940,,4758,53.84,17.46,https://www.techpowerup.com/cpu-specs/core-2-duo-e6600.c371,https://www.cpubenchmark.net/cpu_lookup.php?cpu=Intel+Core2+Duo+E6600+%40+2.40GHz&id=912,core2duoe6600
AMD,Ryzen Threadripper PRO 7995WX,Storm Peak,96,192,2.5,5.1,Socket sTR5,5,384,350,Oct 2023,2023-10-01,141091,,,,9767.99,https://www.techpowerup.com/cpu-specs/ryzen-threadripper-pro-7995wx.c3301,https://www.cpubenchmark.net/cpu.php?cpu=AMD+Ryzen+Threadripper+PRO+7995WX&id=5726,ryzenthreadripperpro7995wx
Intel,Core i3-370M,Arrandale,2,4,2.4,,Socket G1,32,3,35,Jun 2010,2010-06-01,1169,972,4498,39.01,29.96,https://www.techpowerup.com/cpu-specs/core-i3-370m.c1877,https://www.cpubenchmark.net/cpu_lookup.php?cpu=Intel+Core+i3-370M+%40+2.40GHz&id=744,corei3370m
Intel,Xeon E5-2690,Sandy Bridge-EP,8,16,2.9,3.8,Socket 2011,32,20,135,Mar 2012,2012-03-01,9713,,1761,5.16,1882.0,https://www.techpowerup.com/cpu-specs/xeon-e5-2690.c980,https://www.cpubenchmark.net/cpu_lookup.php?cpu=Intel+Xeon+E5-2690+%40+2.90GHz&id=1223,xeone52690
AMD,Ryzen Threadripper 7960X,Storm Peak,24,48,4.2,5.3,Socket sTR5,5,128,350,Oct 2023,2023-10-01,83400,,,,1158.9,https://www.techpowerup.com/cpu-specs/ryzen-threadripper-7960x.c3359,https://www.cpubenchmark.net/cpu.php?cpu=AMD+Ryzen+Threadripper+7960X&id=5792,ryzenthreadripper7960x
Intel,Core i7-9700F,Coffee Lake,8,8,3.0,4.7,Socket 1151,14,12,65,Apr 2019,2019-04-01,13158,,1489,99.42,132.35,https://www.techpowerup.com/cpu-specs/core-i7-9700f.c2184,https://www.cpubenchmark.net/cpu_lookup.php?cpu=Intel+Core+i7-9700F+%40+3.00GHz&id=3465,corei79700f
Intel,Celeron 847,Sandy Bridge,2,2,1.1,,BGA 1023,32,2,17,Jun 2011,2011-06-01,509,487,5321,1.62,315.0,https://www.techpowerup.com/cpu-specs/celeron-847.c1334,https://www.cpubenchmark.net/cpu_lookup.php?cpu=Intel+Celeron+847+%40+1.10GHz&id=661,celeron847
Intel,Core i3-330M,Arrandale,2,4,2.133,,Socket G1,32,3,35,Jan 2010,2010-01-01,1038,810,4644,10.49,98.95,https://www.techpowerup.com/cpu-specs/core-i3-330m.c3658,https://www.cpubenchmark.net/cpu_lookup.php?cpu=Intel+Core+i3-330M+%40+2.13GHz&id=742,corei3330m
Intel,Core i3-550,Clarkdale,2,4,3.2,,Socket 1156,32,4,73,May 2010,2010-05-01,1629,,4101,12.54,129.95,https://www.techpowerup.com/cpu-specs/core-i3-550.c713,https://www.cpubenchmark.net/cpu_lookup.php?cpu=Intel+Core+i3-550+%40+3.20GHz&id=739,corei3550
Intel,Core i9-7900X,Skylake-X,10,20,3.3,4.5,Socket 2066,14,14,140,Jun 2017,2017-06-01,20782,,972,111.01,187.21,https://www.techpowerup.com/cpu-specs/core-i9-7900x.c1906,https://www.cpubenchmark.net/cpu_lookup.php?cpu=Intel+Core+i9-7900X+%40+3.30GHz&id=3035,corei97900x
AMD,EPYC Embedded 3151,Zen,4,8,2.7,2.9,BGA SP4r2,14,16,45,Feb 2018,2018-02-01,,,,,,https://www.techpowerup.com/cpu-specs/epyc-embedded-3151.c3200,,epycembedded3151
Intel,Core i7-8650U,Kaby Lake-R,4,8,1.9,4.2,BGA 1356,14,8,15,Aug 2017,2017-08-01,6171,2092,2289,5.88,1049.0,https://www.techpowerup.com/cpu-specs/core-i7-8650u.c1975,https://www.cpubenchmark.net/cpu_lookup.php?cpu=Intel+Core+i7-8650U+%40+1.90GHz&id=3070,corei78650u
AMD,Ryzen 3 1300X,Zen,4,4,3.4,3.7,Socket AM4,14,8,65,Jul 2017,2017-07-01,6913,,,,62.26,https://www.techpowerup.com/cpu-specs/ryzen-3-1300x.c1898,https://www.cpubenchmark.net/cpu.php?cpu=AMD+Ryzen+3+1300X&id=3057,ryzen31300x
Intel,Atom N455,Pineview,1,2,1.667,,BGA 559,45,,7,Jun 2010,2010-06-01,188,266,5841,,,https://www.techpowerup.com/cpu-specs/atom-n455.c1413,https://www.cpubenchmark.net/cpu_lookup.php?cpu=Intel+Atom+N455+%40+1.66GHz&id=619,atomn455
AMD,Ryzen 9 270,Hawk Point,8,16,4.0,5.2,Socket FP8,4,16,45,Jan 2025,2025-01-01,28887,3768,,,,https://www.techpowerup.com/cpu-specs/ryzen-9-270.c4009,https://www.cpubenchmark.net/cpu.php?cpu=AMD+Ryzen+9+270&id=6779,ryzen9270
Intel,Core Ultra 5 245KF,Arrow Lake-S,14,14,4.2,5.2,Socket 1851,3,24,125,Oct 2024,2024-10-01,43046,,342,241.83,178.0,https://www.techpowerup.com/cpu-specs/core-ultra-5-245kf.c3782,https://www.cpubenchmark.net/cpu_lookup.php?cpu=Intel+Core+Ultra+5+245KF&id=6336,coreultra5245kf
Intel,Core Ultra 5 250KF Plus,Arrow Lake Refresh,18,18,4.2,5.3,Socket 1851,3,30,125,Mar 2026,2026-03-01,51079,,262,255.41,199.99,https://www.techpowerup.com/cpu-specs/core-ultra-5-250kf-plus.c4353,https://www.cpubenchmark.net/cpu_lookup.php?cpu=Intel+Core+Ultra+5+250KF+Plus&id=7246,coreultra5250kfplus
Intel,Xeon X5690,Westmere-EP,6,12,3.466,3.733,Socket 1366,32,12,130,Feb 2011,2011-02-01,7042,,2109,37.07,189.95,https://www.techpowerup.com/cpu-specs/xeon-x5690.c951,https://www.cpubenchmark.net/cpu_lookup.php?cpu=Intel+Xeon+X5690+%40+3.47GHz&id=1314,xeonx5690
AMD,FX-8120,Zambezi,8,8,3.1,4.0,Socket AM3+,32,8,125,Oct 2011,2011-10-01,,,,,,https://www.techpowerup.com/cpu-specs/fx-8120.c826,,fx8120
AMD,A10-6800K,Richland,4,4,4.1,4.4,Socket FM2,32,,100,Jun 2013,2013-06-01,,,,,,https://www.techpowerup.com/cpu-specs/a10-6800k.c1498,,a106800k
AMD,Ryzen 7 6800U,Rembrandt,8,16,2.7,4.7,Socket FP7,6,16,15,Jan 2022,2022-01-01,20698,3199,,,,https://www.techpowerup.com/cpu-specs/ryzen-7-6800u.c2523,https://www.cpubenchmark.net/cpu.php?cpu=AMD+Ryzen+7+6800U&id=4923,ryzen76800u
Intel,Core i5-4690,Haswell,4,4,3.4,3.8,Socket 1150,22,6,84,May 2014,2014-05-01,5596,,2421,113.36,49.36,https://www.techpowerup.com/cpu-specs/core-i5-4690.c1748,https://www.cpubenchmark.net/cpu_lookup.php?cpu=Intel+Core+i5-4690+%40+3.50GHz&id=2236,corei54690
Intel,Core Ultra 5 135U,Meteor Lake,12,14,1.6,4.4,BGA 2049,7,12,15,Dec 2023,2023-12-01,16626,3266,1250,,,https://www.techpowerup.com/cpu-specs/core-ultra-5-135u.c3558,https://www.cpubenchmark.net/cpu_lookup.php?cpu=Intel+Core+Ultra+5+135U&id=5860,coreultra5135u
AMD,EPYC 7402,Rome,24,48,2.8,3.35,Socket SP3,7,32,180,Aug 2019,2019-08-01,46260,,,,400.0,https://www.techpowerup.com/cpu-specs/epyc-7402.c2252,https://www.cpubenchmark.net/cpu.php?cpu=AMD+EPYC+7402&id=3713,epyc7402
AMD,Ryzen Threadripper 9960X,Shimada Peak,24,48,4.2,5.3,Socket sTR5,4,128,350,Jul 2025,2025-07-01,,,,,,https://www.techpowerup.com/cpu-specs/ryzen-threadripper-9960x.c4171,,ryzenthreadripper9960x
AMD,Ryzen 3 2200U,Raven Ridge,2,4,2.5,3.4,Socket FP5,14,4,15,Jan 2018,2018-01-01,3659,1669,,,,https://www.techpowerup.com/cpu-specs/ryzen-3-2200u.c1983,https://www.cpubenchmark.net/cpu.php?cpu=AMD+Ryzen+3+2200U&id=3152,ryzen32200u
Intel,Core i3-3240,Ivy Bridge,2,4,3.4,,Socket 1155,22,3,55,Sep 2012,2012-09-01,2353,,3587,41.28,57.0,https://www.techpowerup.com/cpu-specs/core-i3-3240.c1054,https://www.cpubenchmark.net/cpu_lookup.php?cpu=Intel+Core+i3-3240+%40+3.40GHz&id=765,corei33240
Intel,Core i7-1265U,Alder Lake-U,10,12,1.8,4.8,BGA 1744,10,12,15,Feb 2022,2022-02-01,13017,3106,1500,30.56,426.0,https://www.techpowerup.com/cpu-specs/core-i7-1265u.c2594,https://www.cpubenchmark.net/cpu_lookup.php?cpu=Intel+Core+i7-1265U&id=4766,corei71265u
Intel,Core i7-1255U,Alder Lake-U,10,12,1.7,4.7,BGA 1744,10,12,15,Feb 2022,2022-02-01,12941,3145,1510,30.38,426.0,https://www.techpowerup.com/cpu-specs/core-i7-1255u.c2593,https://www.cpubenchmark.net/cpu_lookup.php?cpu=Intel+Core+i7-1255U&id=4794,corei71255u
AMD,A8-7650K,Kaveri,4,4,3.3,3.8,Socket FM2+,28,,95,Jan 2015,2015-01-01,,,,,,https://www.techpowerup.com/cpu-specs/a8-7650k.c2617,,a87650k
AMD,E1-1200,Zacate,2,2,1.4,,Socket FT1,40,,18,Jun 2012,2012-06-01,,,,,,https://www.techpowerup.com/cpu-specs/e1-1200.c1043,,e11200
Intel,Core i5-6500T,Skylake,4,4,2.5,3.1,Socket 1151,14,6,35,Jul 2015,2015-07-01,4767,,2611,36.68,129.95,https://www.techpowerup.com/cpu-specs/core-i5-6500t.c3515,https://www.cpubenchmark.net/cpu_lookup.php?cpu=Intel+Core+i5-6500T+%40+2.50GHz&id=2627,corei56500t
Intel,Core i3-1005G1,Ice Lake-U,2,4,1.2,3.4,BGA 1526,10,4,15,Aug 2019,2019-08-01,4774,2125,2609,16.99,281.0,https://www.techpowerup.com/cpu-specs/core-i3-1005g1.c2224,https://www.cpubenchmark.net/cpu_lookup.php?cpu=Intel+Core+i3-1005G1+%40+1.20GHz&id=3560,corei31005g1
AMD,EPYC 9755,Turin,128,256,2.7,4.1,Socket SP5,4,512,500,Oct 2024,2024-10-01,150848,,,,12984.0,https://www.techpowerup.com/cpu-specs/epyc-9755.c3881,https://www.cpubenchmark.net/cpu.php?cpu=AMD+EPYC+9755&id=6702,epyc9755
Intel,Core i7-12700KF,Alder Lake-S,12,20,3.6,5.0,Socket 1700,10,25,125,Nov 2021,2021-11-01,33916,,471,125.6,270.04,https://www.techpowerup.com/cpu-specs/core-i7-12700kf.c2508,https://www.cpubenchmark.net/cpu_lookup.php?cpu=Intel+Core+i7-12700KF&id=4608,corei712700kf
Intel,Core i7-720QM,Clarksfield,4,8,1.6,2.8,Socket G1,45,6,45,Sep 2009,2009-09-01,1680,923,4061,6.72,249.95,https://www.techpowerup.com/cpu-specs/core-i7-720qm.c3213,https://www.cpubenchmark.net/cpu_lookup.php?cpu=Intel+Core+i7-720QM+%40+1.60GHz&id=851,corei7720qm
AMD,Ryzen Threadripper PRO 3995WX,Castle Peak,64,128,2.7,4.2,Socket WRX8,7,256,280,Jul 2020,2020-07-01,82217,,,,2900.99,https://www.techpowerup.com/cpu-specs/ryzen-threadripper-pro-3995wx.c2314,https://www.cpubenchmark.net/cpu.php?cpu=AMD+Ryzen+Threadripper+PRO+3995WX&id=3837,ryzenthreadripperpro3995wx
Intel,Core i5-8600K,Coffee Lake,6,6,3.6,4.3,Socket 1151,14,9,95,Oct 2017,2017-10-01,10133,,1716,113.4,89.36,https://www.techpowerup.com/cpu-specs/core-i5-8600k.c1948,https://www.cpubenchmark.net/cpu_lookup.php?cpu=Intel+Core+i5-8600K+%40+3.60GHz&id=3100,corei58600k
Intel,Core i7-3930K,Sandy Bridge-E,6,12,3.2,3.8,Socket 2011,32,12,130,Nov 2011,2011-11-01,8177,,1921,13.24,617.74,https://www.techpowerup.com/cpu-specs/core-i7-3930k.c858,https://www.cpubenchmark.net/cpu_lookup.php?cpu=Intel+Core+i7-3930K+%40+3.20GHz&id=902,corei73930k
AMD,A6-7480,Carrizo,2,2,3.5,3.8,Socket FM2+,28,,45,Oct 2018,2018-10-01,,,,,,https://www.techpowerup.com/cpu-specs/a6-7480.c2614,,a67480
Intel,Xeon 6990E+,Clearwater Forest,288,288,2.2,3.2,Socket 7529,3,576,450,May 2026,2026-05-01,,,,,,https://www.techpowerup.com/cpu-specs/xeon-6990e.c4440,,xeon6990e
AMD,A6-6400K,Richland,2,2,3.9,4.1,Socket FM2,32,,65,Jun 2013,2013-06-01,,,,,,https://www.techpowerup.com/cpu-specs/a6-6400k.c1502,,a66400k
Intel,Core i5-7500T,Kaby Lake,4,4,2.7,3.3,Socket 1151,14,6,35,Jan 2017,2017-01-01,5242,,2519,180.83,28.99,https://www.techpowerup.com/cpu-specs/core-i5-7500t.c1854,https://www.cpubenchmark.net/cpu_lookup.php?cpu=Intel+Core+i5-7500T+%40+2.70GHz&id=2917,corei57500t
Intel,Core i7-13700H,Raptor Lake-H,14,20,2.4,5.0,BGA 1744,10,24,45,Jan 2023,2023-01-01,25802,3549,739,51.4,502.0,https://www.techpowerup.com/cpu-specs/core-i7-13700h.c3052,https://www.cpubenchmark.net/cpu_lookup.php?cpu=Intel+Core+i7-13700H&id=5226,corei713700h
Intel,Core i3-350M,Arrandale,2,4,2.267,,Socket G1,32,3,35,Jan 2010,2010-01-01,1094,879,4577,37.72,29.0,https://www.techpowerup.com/cpu-specs/core-i3-350m.c1878,https://www.cpubenchmark.net/cpu_lookup.php?cpu=Intel+Core+i3-350M+%40+2.27GHz&id=743,corei3350m
AMD,Ryzen Threadripper 1900X,Zen,8,16,3.8,4.0,Socket SP3r2,14,32,180,Aug 2017,2017-08-01,16851,,,,128.99,https://www.techpowerup.com/cpu-specs/ryzen-threadripper-1900x.c1912,https://www.cpubenchmark.net/cpu.php?cpu=AMD+Ryzen+Threadripper+1900X&id=3086,ryzenthreadripper1900x
AMD,Ryzen Threadripper PRO 5975WX,Chagall PRO,32,64,3.6,4.5,Socket WRX8,7,128,280,Mar 2022,2022-03-01,74982,,,,3399.0,https://www.techpowerup.com/cpu-specs/ryzen-threadripper-pro-5975wx.c2720,https://www.cpubenchmark.net/cpu.php?cpu=AMD+Ryzen+Threadripper+PRO+5975WX&id=4776,ryzenthreadripperpro5975wx
AMD,FX-6350,Vishera,6,6,3.9,4.2,Socket AM3+,32,8,125,Apr 2013,2013-04-01,,,,,,https://www.techpowerup.com/cpu-specs/fx-6350.c1578,,fx6350
Intel,Xeon E5-1650 v4,Broadwell-EP,6,12,3.6,4.0,Socket 2011-3,14,15,140,Jun 2016,2016-06-01,11278,,1628,26.23,429.95,https://www.techpowerup.com/cpu-specs/xeon-e5-1650-v4.c3174,https://www.cpubenchmark.net/cpu_lookup.php?cpu=Intel+Xeon+E5-1650+v4+%40+3.60GHz&id=2838,xeone51650v4
Intel,Core i7-640M,Arrandale,2,4,2.8,3.467,Socket G1,32,4,35,Sep 2010,2010-09-01,2097,1361,3755,14.78,141.85,https://www.techpowerup.com/cpu-specs/core-i7-640m.c1381,https://www.cpubenchmark.net/cpu_lookup.php?cpu=Intel+Core+i7-640M+%40+2.80GHz&id=850,corei7640m
Intel,Pentium E5800,Wolfdale,2,2,3.2,,Socket 775,45,,65,Nov 2010,2010-11-01,1207,,4460,15.1,79.95,https://www.techpowerup.com/cpu-specs/pentium-e5800.c856,https://www.cpubenchmark.net/cpu_lookup.php?cpu=Intel+Pentium+E5800+%40+3.20GHz&id=1102,pentiume5800
AMD,Ryzen 3 PRO 4450U,Renoir,4,8,2.4,3.7,Socket FP6,7,4,15,May 2020,2020-05-01,9337,2296,,,,https://www.techpowerup.com/cpu-specs/ryzen-3-pro-4450u.c2503,https://www.cpubenchmark.net/cpu.php?cpu=AMD+Ryzen+3+PRO+4450U&id=3816,ryzen3pro4450u
AMD,EPYC 7H12,Rome,64,128,2.6,3.3,Socket SP3,7,256,280,Sep 2019,2019-09-01,69633,,,,1448.0,https://www.techpowerup.com/cpu-specs/epyc-7h12.c2244,https://www.cpubenchmark.net/cpu.php?cpu=AMD+EPYC+7H12&id=3618,epyc7h12
AMD,Ryzen Threadripper PRO 5955WX,Chagall PRO,16,32,4.0,4.5,Socket WRX8,7,64,280,Mar 2022,2022-03-01,48856,,,,759.99,https://www.techpowerup.com/cpu-specs/ryzen-threadripper-pro-5955wx.c2722,https://www.cpubenchmark.net/cpu.php?cpu=AMD+Ryzen+Threadripper+PRO+5955WX&id=4767,ryzenthreadripperpro5955wx
Intel,Core Ultra 5 336H,Panther Lake,16,16,1.9,4.6,BGA 2540,3,18,25,Jan 2026,2026-01-01,27909,4009,655,,,https://www.techpowerup.com/cpu-specs/core-ultra-5-336h.c4309,https://www.cpubenchmark.net/cpu_lookup.php?cpu=Intel+Core+Ultra+5+336H&id=7174,coreultra5336h
AMD,Ryzen 3 4300GE,Renoir,4,8,3.5,4.0,Socket AM4,7,4,35,Jul 2020,2020-07-01,11150,,,,,https://www.techpowerup.com/cpu-specs/ryzen-3-4300ge.c2323,https://www.cpubenchmark.net/cpu.php?cpu=AMD+Ryzen+3+4300GE&id=3865,ryzen34300ge
Intel,Core i3-5005U,Broadwell-U,2,4,2.0,,BGA 1168,14,3,15,Mar 2015,2015-03-01,2008,1128,3815,6.52,308.0,https://www.techpowerup.com/cpu-specs/core-i3-5005u.c1801,https://www.cpubenchmark.net/cpu_lookup.php?cpu=Intel+Core+i3-5005U+%40+2.00GHz&id=2484,corei35005u
Intel,Core i9-10980HK,Comet Lake-H,8,16,2.4,5.3,BGA 1440,14,16,45,Apr 2020,2020-04-01,15039,2740,1347,25.8,583.0,https://www.techpowerup.com/cpu-specs/core-i9-10980hk.c2276,https://www.cpubenchmark.net/cpu_lookup.php?cpu=Intel+Core+i9-10980HK+%40+2.40GHz&id=3700,corei910980hk
AMD,Ryzen 5 8645HS,Hawk Point,6,12,4.3,5.0,Socket FP8,4,16,45,Dec 2023,2023-12-01,21977,3554,,,,https://www.techpowerup.com/cpu-specs/ryzen-5-8645hs.c3403,https://www.cpubenchmark.net/cpu.php?cpu=AMD+Ryzen+5+8645HS&id=6064,ryzen58645hs
Intel,Core i5-9500T,Coffee Lake,6,6,2.2,3.7,Socket 1151,14,9,35,Apr 2018,2018-04-01,8029,,1944,41.82,192.0,https://www.techpowerup.com/cpu-specs/core-i5-9500t.c3251,https://www.cpubenchmark.net/cpu_lookup.php?cpu=Intel+Core+i5-9500T+%40+2.20GHz&id=3454,corei59500t
Intel,Core i9-10850K,Comet Lake,10,20,3.6,5.2,Socket 1200,14,20,125,Jul 2020,2020-07-01,21862,,920,93.83,233.0,https://www.techpowerup.com/cpu-specs/core-i9-10850k.c2336,https://www.cpubenchmark.net/cpu_lookup.php?cpu=Intel+Core+i9-10850K+%40+3.60GHz&id=3824,corei910850k
Intel,Core i7-6700T,Skylake,4,8,2.8,3.6,Socket 1151,14,8,35,Sep 2015,2015-09-01,6981,,2118,63.46,110.0,https://www.techpowerup.com/cpu-specs/core-i7-6700t.c1857,https://www.cpubenchmark.net/cpu_lookup.php?cpu=Intel+Core+i7-6700T+%40+2.80GHz&id=2614,corei76700t
Intel,Xeon E5-2680 v3,Haswell-EP,12,24,2.5,3.3,Socket 2011-3,22,30,120,Sep 2014,2014-09-01,14766,,1367,69.51,212.44,https://www.techpowerup.com/cpu-specs/xeon-e5-2680-v3.c2887,https://www.cpubenchmark.net/cpu_lookup.php?cpu=Intel+Xeon+E5-2680+v3+%40+2.50GHz&id=2390,xeone52680v3
AMD,PRO A10-8770,Carrizo,4,4,3.5,3.8,Socket AM4,28,,65,Oct 2016,2016-10-01,3545,,,,,https://www.techpowerup.com/cpu-specs/pro-a10-8770.c2607,https://www.cpubenchmark.net/cpu.php?cpu=AMD+PRO+A10-8770&id=2945,proa108770
Intel,Core 2 Duo E7400,Wolfdale,2,2,2.8,,Socket 775,45,,65,Oct 2008,2008-10-01,1065,,4620,21.75,48.99,https://www.techpowerup.com/cpu-specs/core-2-duo-e7400.c1532,https://www.cpubenchmark.net/cpu_lookup.php?cpu=Intel+Core2+Duo+E7400+%40+2.80GHz&id=946,core2duoe7400
Intel,Core Ultra 5 115U,Meteor Lake,8,10,1.5,4.2,BGA 2049,7,10,15,Dec 2023,2023-12-01,11833,3153,1587,,,https://www.techpowerup.com/cpu-specs/core-ultra-5-115u.c3556,https://www.cpubenchmark.net/cpu_lookup.php?cpu=Intel+Core+Ultra+5+115U&id=6716,coreultra5115u
Intel,Xeon X3430,Lynnfield,4,4,2.4,2.8,Socket 1156,45,8,95,Sep 2009,2009-09-01,2332,,3602,14.11,165.23,https://www.techpowerup.com/cpu-specs/xeon-x3430.c3964,https://www.cpubenchmark.net/cpu_lookup.php?cpu=Intel+Xeon+X3430+%40+2.40GHz&id=1287,xeonx3430
AMD,Ryzen 7 PRO 2700,Zen,8,16,3.2,4.1,Socket AM4,12,16,65,Sep 2018,2018-09-01,15260,,,,,https://www.techpowerup.com/cpu-specs/ryzen-7-pro-2700.c2105,https://www.cpubenchmark.net/cpu.php?cpu=AMD+Ryzen+7+PRO+2700&id=3307,ryzen7pro2700
AMD,Ryzen Threadripper 3990X,Castle Peak,64,128,2.9,4.3,Socket TRX4,7,256,280,Feb 2020,2020-02-01,79549,,,,2997.0,https://www.techpowerup.com/cpu-specs/ryzen-threadripper-3990x.c2271,https://www.cpubenchmark.net/cpu.php?cpu=AMD+Ryzen+Threadripper+3990X&id=3674,ryzenthreadripper3990x
Intel,Core i5-5200U,Broadwell-U,2,4,2.2,2.7,BGA 1168,14,3,15,Mar 2015,2015-03-01,2497,1486,3491,8.89,281.0,https://www.techpowerup.com/cpu-specs/core-i5-5200u.c1807,https://www.cpubenchmark.net/cpu_lookup.php?cpu=Intel+Core+i5-5200U+%40+2.20GHz&id=2440,corei55200u
Intel,Core Ultra 9 288V,Lunar Lake,8,8,3.3,5.1,BGA 2833,3,12,30,Sep 2024,2024-09-01,19780,4263,1044,,,https://www.techpowerup.com/cpu-specs/core-ultra-9-288v.c3755,https://www.cpubenchmark.net/cpu_lookup.php?cpu=Intel+Core+Ultra+9+288V&id=6290,coreultra9288v
Intel,Core i7-11700F,Rocket Lake,8,16,2.5,4.9,Socket 1200,14,16,65,Mar 2021,2021-03-01,20747,,974,86.09,240.99,https://www.techpowerup.com/cpu-specs/core-i7-11700f.c2398,https://www.cpubenchmark.net/cpu_lookup.php?cpu=Intel+Core+i7-11700F+%40+2.50GHz&id=4264,corei711700f
AMD,Ryzen 7 PRO 5750G,Cezanne,8,16,3.8,4.6,Socket AM4,7,16,65,Jun 2021,2021-06-01,23752,,,,,https://www.techpowerup.com/cpu-specs/ryzen-7-pro-5750g.c2701,https://www.cpubenchmark.net/cpu.php?cpu=AMD+Ryzen+7+PRO+5750G&id=4380,ryzen7pro5750g
Intel,Core 5 315,Wildcat Lake,6,6,1.5,4.4,BGA 1516,3,6,15,Apr 2026,2026-04-01,15324,,1330,,,https://www.techpowerup.com/cpu-specs/core-5-315.c4402,https://www.cpubenchmark.net/cpu_lookup.php?cpu=Intel+Core+5+315&id=7322,core5315
Intel,Core i7-620M,Arrandale,2,4,2.677,3.333,Socket G1,32,4,35,Jan 2010,2010-01-01,1977,1269,3834,11.63,169.95,https://www.techpowerup.com/cpu-specs/core-i7-620m.c1384,https://www.cpubenchmark.net/cpu_lookup.php?cpu=Intel+Core+i7-620M+%40+2.67GHz&id=849,corei7620m
Intel,Xeon E5450,Harpertown,4,4,3.0,,Socket 771,45,,80,Nov 2007,2007-11-01,2584,,3438,69.85,36.99,https://www.techpowerup.com/cpu-specs/xeon-e5450.c4145,https://www.cpubenchmark.net/cpu_lookup.php?cpu=Intel+Xeon+E5450+%40+3.00GHz&id=1236,xeone5450
Intel,Core i9-13900HX,Raptor Lake-HX,24,32,2.2,5.4,BGA 1964,10,36,55,Jan 2023,2023-01-01,41413,3995,358,62.0,668.0,https://www.techpowerup.com/cpu-specs/core-i9-13900hx.c3018,https://www.cpubenchmark.net/cpu_lookup.php?cpu=Intel+Core+i9-13900HX&id=5205,corei913900hx
Intel,Core i5-7600K,Kaby Lake,4,4,3.8,4.2,Socket 1151,14,6,91,Jan 2017,2017-01-01,6811,,2148,111.54,61.06,https://www.techpowerup.com/cpu-specs/core-i5-7600k.c1848,https://www.cpubenchmark.net/cpu_lookup.php?cpu=Intel+Core+i5-7600K+%40+3.80GHz&id=2919,corei57600k
AMD,A4-5300,Trinity,2,2,3.4,3.6,Socket FM2,32,,65,Oct 2012,2012-10-01,,,,,,https://www.techpowerup.com/cpu-specs/a4-5300.c1491,,a45300
AMD,A4-9125 SoC,Stoney Ridge,2,2,2.3,2.6,Socket FT4,28,,15,Apr 2017,2017-04-01,,1023,,,,https://www.techpowerup.com/cpu-specs/a4-9125-soc.c3702,https://www.cpubenchmark.net/cpu.php?cpu=AMD+A4-9125&id=3362,a49125
Intel,Core i7-8550U,Kaby Lake-R,4,8,1.8,4.0,BGA 1356,14,8,15,Aug 2017,2017-08-01,5794,2000,2369,,,https://www.techpowerup.com/cpu-specs/core-i7-8550u.c1974,https://www.cpubenchmark.net/cpu_lookup.php?cpu=Intel+Core+i7-8550U+%40+1.80GHz&id=3064,corei78550u
AMD,EPYC 7401P,Naples,24,48,2.0,3.0,Socket SP3,14,64,170,Jun 2017,2017-06-01,27836,,,,345.0,https://www.techpowerup.com/cpu-specs/epyc-7401p.c1930,https://www.cpubenchmark.net/cpu.php?cpu=AMD+EPYC+7401P&id=3118,epyc7401p
Intel,Pentium Gold G5400,Coffee Lake,2,4,3.7,,Socket 1151,14,4,58,Apr 2018,2018-04-01,3734,,2907,38.92,95.94,https://www.techpowerup.com/cpu-specs/pentium-gold-g5400.c1988,https://www.cpubenchmark.net/cpu_lookup.php?cpu=Intel+Pentium+Gold+G5400+%40+3.70GHz&id=3248,pentiumgoldg5400
AMD,E-300,Zacate,2,2,1.3,,Socket FT1,40,,18,Aug 2011,2011-08-01,,,,,,https://www.techpowerup.com/cpu-specs/e-300.c792,,e300
AMD,Ryzen 3 8300G,Phoenix2,4,8,3.4,4.9,Socket AM5,4,8,65,Jan 2024,2024-01-01,14019,,,,,https://www.techpowerup.com/cpu-specs/ryzen-3-8300g.c3459,https://www.cpubenchmark.net/cpu.php?cpu=AMD+Ryzen+3+8300G&id=6363,ryzen38300g
Intel,Pentium G3220,Haswell,2,2,3.0,,Socket 1150,22,3,54,Sep 2013,2013-09-01,1892,,3905,57.35,32.99,https://www.techpowerup.com/cpu-specs/pentium-g3220.c1636,https://www.cpubenchmark.net/cpu_lookup.php?cpu=Intel+Pentium+G3220+%40+3.00GHz&id=2020,pentiumg3220
AMD,EPYC 4585PX,Grado,16,32,4.3,5.7,Socket AM5,4,128,170,May 2025,2025-05-01,68908,,,,760.15,https://www.techpowerup.com/cpu-specs/epyc-4585px.c4172,https://www.cpubenchmark.net/cpu.php?cpu=AMD+EPYC+4585PX&id=6749,epyc4585px
AMD,FX-8150,Zambezi,8,8,3.6,4.2,Socket AM3+,32,8,125,Oct 2011,2011-10-01,,,,,,https://www.techpowerup.com/cpu-specs/fx-8150.c825,,fx8150
AMD,Ryzen 5 230,Hawk Point,6,12,3.5,4.9,Socket FP8,4,16,28,Jan 2025,2025-01-01,19480,3564,,,,https://www.techpowerup.com/cpu-specs/ryzen-5-230.c4013,https://www.cpubenchmark.net/cpu.php?cpu=AMD+Ryzen+5+230&id=6490,ryzen5230
Intel,Core i5-1245U,Alder Lake-U,10,12,1.6,4.4,BGA 1744,10,12,15,Feb 2022,2022-02-01,12738,3024,1527,41.22,309.0,https://www.techpowerup.com/cpu-specs/core-i5-1245u.c2592,https://www.cpubenchmark.net/cpu_lookup.php?cpu=Intel+Core+i5-1245U&id=4733,corei51245u
Intel,Core i5-11400H,Tiger Lake-H,6,12,2.2,4.5,BGA 1787,10,12,35,May 2021,2021-05-01,15103,2945,1341,60.41,250.0,https://www.techpowerup.com/cpu-specs/core-i5-11400h.c2477,https://www.cpubenchmark.net/cpu_lookup.php?cpu=Intel+Core+i5-11400H+%40+2.70GHz&id=4457,corei511400h
AMD,Athlon X4 950,Bristol Ridge,4,4,3.5,3.8,Socket AM4,28,,65,Jul 2017,2017-07-01,3537,,,,29.26,https://www.techpowerup.com/cpu-specs/athlon-x4-950.c1962,https://www.cpubenchmark.net/cpu.php?cpu=AMD+Athlon+X4+950&id=3078,athlonx4950
Qualcomm,Snapdragon X2E-94-100,Glymur,18,18,4.464,4.728,Qualcomm BGA 2343,3,9,,Apr 2026,2026-04-01,,,,,,https://www.techpowerup.com/cpu-specs/snapdragon-x2e-94-100.c4340,,snapdragonx2e94100
AMD,EPYC 7551P,Naples,32,64,2.0,3.0,Socket SP3,14,64,180,Jun 2017,2017-06-01,38111,,,,329.95,https://www.techpowerup.com/cpu-specs/epyc-7551p.c1929,https://www.cpubenchmark.net/cpu.php?cpu=AMD+EPYC+7551P&id=3215,epyc7551p
AMD,Ryzen 9 3900XT,Matisse 2,12,24,3.9,4.7,Socket AM4,7,64,105,Jul 2020,2020-07-01,32458,,,,389.99,https://www.techpowerup.com/cpu-specs/ryzen-9-3900xt.c2308,https://www.cpubenchmark.net/cpu.php?cpu=AMD+Ryzen+9+3900XT&id=3778,ryzen93900xt
Intel,Core i5-14500T,Raptor Lake-R,14,20,1.7,4.8,Socket 1700,10,24,35,Jan 2024,2024-01-01,22861,,864,98.54,232.0,https://www.techpowerup.com/cpu-specs/core-i5-14500t.c3452,https://www.cpubenchmark.net/cpu_lookup.php?cpu=Intel+Core+i5-14500T&id=5889,corei514500t
Intel,Pentium E5500,Wolfdale,2,2,2.8,,Socket 775,45,,65,Apr 2010,2010-04-01,1058,,4627,35.33,29.95,https://www.techpowerup.com/cpu-specs/pentium-e5500.c854,https://www.cpubenchmark.net/cpu_lookup.php?cpu=Intel+Pentium+E5500+%40+2.80GHz&id=1100,pentiume5500
Intel,Xeon E5-2670 v3,Haswell-EP,12,24,2.3,3.1,Socket 2011-3,22,30,120,Sep 2014,2014-09-01,13472,,1465,136.15,98.95,https://www.techpowerup.com/cpu-specs/xeon-e5-2670-v3.c2883,https://www.cpubenchmark.net/cpu_lookup.php?cpu=Intel+Xeon+E5-2670+v3+%40+2.30GHz&id=2337,xeone52670v3
AMD,EPYC 7502,Rome,32,64,2.5,3.35,Socket SP3,7,128,180,Aug 2019,2019-08-01,51871,,,,825.0,https://www.techpowerup.com/cpu-specs/epyc-7502.c2250,https://www.cpubenchmark.net/cpu.php?cpu=AMD+EPYC+7502&id=3880,epyc7502
AMD,FX-8320E,Vishera,8,8,3.2,4.0,Socket AM3+,32,8,95,Sep 2014,2014-09-01,,,,,,https://www.techpowerup.com/cpu-specs/fx-8320e.c1787,,fx8320e
Intel,Core 2 Quad Q8200,Yorkfield,4,4,2.333,,Socket 775,45,,95,Aug 2008,2008-08-01,1814,,3963,28.35,63.99,https://www.techpowerup.com/cpu-specs/core-2-quad-q8200.c524,https://www.cpubenchmark.net/cpu_lookup.php?cpu=Intel+Core2+Quad+Q8200+%40+2.33GHz&id=1040,core2quadq8200
AMD,Ryzen 7 9700F,Granite Ridge,8,16,3.8,5.5,Socket AM5,4,32,65,Sep 2025,2025-09-01,36396,,,,,https://www.techpowerup.com/cpu-specs/ryzen-7-9700f.c4245,https://www.cpubenchmark.net/cpu.php?cpu=AMD+Ryzen+7+9700F&id=7182,ryzen79700f
AMD,Ryzen 9 7900X3D,Raphael,12,24,4.4,5.6,Socket AM5,5,128,120,Jan 2023,2023-01-01,50201,,,,1757.83,https://www.techpowerup.com/cpu-specs/ryzen-9-7900x3d.c3023,https://www.cpubenchmark.net/cpu.php?cpu=AMD+Ryzen+9+7900X3D&id=5240,ryzen97900x3d
AMD,Ryzen Z1,Phoenix2,6,12,3.2,4.9,Socket FP8,4,16,15,May 2023,2023-05-01,18258,,,,,https://www.techpowerup.com/cpu-specs/ryzen-z1.c3287,https://www.cpubenchmark.net/cpu.php?cpu=AMD+Ryzen+Z1&id=5756,ryzenz1
Intel,Xeon E5-1650 v3,Haswell-EP,6,12,3.5,3.8,Socket 2011-3,22,15,140,Sep 2014,2014-09-01,10352,,1698,41.41,250.0,https://www.techpowerup.com/cpu-specs/xeon-e5-1650-v3.c2662,https://www.cpubenchmark.net/cpu_lookup.php?cpu=Intel+Xeon+E5-1650+v3+%40+3.50GHz&id=2389,xeone51650v3
AMD,A4-4000,Richland,2,2,3.0,3.2,Socket FM2,32,,65,May 2013,2013-05-01,,,,,,https://www.techpowerup.com/cpu-specs/a4-4000.c1626,,a44000
Intel,Pentium 8505,Alder Lake-U,5,6,1.2,4.4,BGA 1744,10,8,15,Feb 2022,2022-02-01,,,,,,https://www.techpowerup.com/cpu-specs/pentium-8505.c2673,,pentium8505
AMD,A6-9500,Bristol Ridge,2,2,3.5,3.8,Socket AM4,28,,65,Sep 2016,2016-09-01,,,,,,https://www.techpowerup.com/cpu-specs/a6-9500.c1959,,a69500
AMD,A8-6410,Beema,4,4,2.0,2.4,Socket FT3,28,,15,Apr 2014,2014-04-01,,,,,,https://www.techpowerup.com/cpu-specs/a8-6410.c4202,,a86410
AMD,C-60,Ontario,2,2,1.0,1.333,Socket FT1,40,,9,Aug 2011,2011-08-01,,,,,,https://www.techpowerup.com/cpu-specs/c-60.c796,,c60
Intel,Core i5-3330,Ivy Bridge,4,4,3.0,3.2,Socket 1155,22,6,77,Sep 2012,2012-09-01,4106,,2776,23.87,171.99,https://www.techpowerup.com/cpu-specs/core-i5-3330.c1076,https://www.cpubenchmark.net/cpu_lookup.php?cpu=Intel+Core+i5-3330+%40+3.00GHz&id=1475,corei53330
Intel,Core Ultra 7 265F,Arrow Lake-S,20,20,2.4,5.3,Socket 1851,3,30,65,Jan 2025,2025-01-01,49475,,277,138.24,357.88,https://www.techpowerup.com/cpu-specs/core-ultra-7-265f.c3779,https://www.cpubenchmark.net/cpu_lookup.php?cpu=Intel+Core+Ultra+7+265F&id=6558,coreultra7265f
Intel,Xeon E5520,Gainestown,4,8,2.266,2.533,Socket 1366,45,8,80,Mar 2009,2009-03-01,2536,,3469,93.96,26.99,https://www.techpowerup.com/cpu-specs/xeon-e5520.c916,https://www.cpubenchmark.net/cpu_lookup.php?cpu=Intel+Xeon+E5520+%40+2.27GHz&id=1243,xeone5520
AMD,A6-9225 SoC,Stoney Ridge,2,2,2.6,3.0,Socket FT4,28,,15,Apr 2017,2017-04-01,,1148,,,,https://www.techpowerup.com/cpu-specs/a6-9225-soc.c3696,https://www.cpubenchmark.net/cpu.php?cpu=AMD+A6-9225&id=3315,a69225
AMD,PRO A8-9600,Bristol Ridge,4,4,3.1,3.4,Socket AM4,28,,65,Oct 2016,2016-10-01,,,,,,https://www.techpowerup.com/cpu-specs/pro-a8-9600.c1957,,proa89600
AMD,EPYC 7302P,Rome,16,32,3.0,3.3,Socket SP3,7,32,155,Aug 2019,2019-08-01,32087,,,,799.0,https://www.techpowerup.com/cpu-specs/epyc-7302p.c2262,https://www.cpubenchmark.net/cpu.php?cpu=AMD+EPYC+7302P&id=3610,epyc7302p
Intel,Core Ultra 5 135H,Meteor Lake,14,18,3.6,4.6,BGA 2049,7,18,28,Dec 2023,2023-12-01,21872,3460,919,,,https://www.techpowerup.com/cpu-specs/core-ultra-5-135h.c3419,https://www.cpubenchmark.net/cpu_lookup.php?cpu=Intel+Core+Ultra+5+135H&id=5817,coreultra5135h
Intel,Core i5-4440,Haswell,4,4,3.1,3.3,Socket 1150,22,6,84,Sep 2013,2013-09-01,4800,,2605,54.05,88.8,https://www.techpowerup.com/cpu-specs/core-i5-4440.c1637,https://www.cpubenchmark.net/cpu_lookup.php?cpu=Intel+Core+i5-4440+%40+3.10GHz&id=2017,corei54440
Intel,Celeron J4125,Gemini Lake,4,4,2.0,2.7,BGA 1090,14,,10,Nov 2019,2019-11-01,2933,,3259,,,https://www.techpowerup.com/cpu-specs/celeron-j4125.c3280,https://www.cpubenchmark.net/cpu_lookup.php?cpu=Intel+Celeron+J4125+%40+2.00GHz&id=3667,celeronj4125
Intel,Core 2 Duo E8600,Wolfdale,2,2,3.333,,Socket 775,45,,65,Aug 2008,2008-08-01,1379,,4300,13.94,98.95,https://www.techpowerup.com/cpu-specs/core-2-duo-e8600.c621,https://www.cpubenchmark.net/cpu_lookup.php?cpu=Intel+Core2+Duo+E8600+%40+3.33GHz&id=957,core2duoe8600
Qualcomm,Snapdragon X2E-96-100,Glymur,18,18,4.464,5.016,Qualcomm BGA 2343,3,9,,Apr 2026,2026-04-01,,,,,,https://www.techpowerup.com/cpu-specs/snapdragon-x2e-96-100.c4339,,snapdragonx2e96100
Intel,Core i5-12500T,Alder Lake-S,6,12,2.0,4.4,Socket 1700,10,18,35,Jan 2022,2022-01-01,16340,,1267,80.89,202.0,https://www.techpowerup.com/cpu-specs/core-i5-12500t.c2554,https://www.cpubenchmark.net/cpu_lookup.php?cpu=Intel+Core+i5-12500T&id=4804,corei512500t
Intel,Core i5-14600,Raptor Lake-R,14,20,2.7,5.2,Socket 1700,10,24,65,Jan 2024,2024-01-01,35803,,442,140.41,255.0,https://www.techpowerup.com/cpu-specs/core-i5-14600.c3447,https://www.cpubenchmark.net/cpu_lookup.php?cpu=Intel+Core+i5-14600&id=5865,corei514600
AMD,E1-6010,Beema,2,2,1.35,,Socket FT3,28,,10,Apr 2014,2014-04-01,,,,,,https://www.techpowerup.com/cpu-specs/e1-6010.c3564,,e16010
AMD,EPYC 7352,Rome,24,48,2.3,3.2,Socket SP3,7,32,155,Aug 2019,2019-08-01,39906,,,,725.0,https://www.techpowerup.com/cpu-specs/epyc-7352.c2253,https://www.cpubenchmark.net/cpu.php?cpu=AMD+EPYC+7352&id=4500,epyc7352
AMD,EPYC 7402P,Rome,24,48,2.8,3.35,Socket SP3,7,128,180,Aug 2019,2019-08-01,43288,,,,450.0,https://www.techpowerup.com/cpu-specs/epyc-7402p.c2261,https://www.cpubenchmark.net/cpu.php?cpu=AMD+EPYC+7402P&id=3591,epyc7402p
Intel,Core i5-7600,Kaby Lake,4,4,3.5,4.1,Socket 1151,14,6,65,Jan 2017,2017-01-01,6582,,2194,101.46,64.87,https://www.techpowerup.com/cpu-specs/core-i5-7600.c1849,https://www.cpubenchmark.net/cpu_lookup.php?cpu=Intel+Core+i5-7600+%40+3.50GHz&id=2920,corei57600
Intel,Core i7-11850H,Tiger Lake-H,8,16,2.1,4.8,BGA 1787,10,24,35,May 2021,2021-05-01,19563,3034,1058,49.53,395.0,https://www.techpowerup.com/cpu-specs/core-i7-11850h.c2480,https://www.cpubenchmark.net/cpu_lookup.php?cpu=Intel+Core+i7-11850H+%40+2.50GHz&id=4342,corei711850h
Intel,Xeon E5-2650 v2,Ivy Bridge-EP,8,16,2.6,3.4,Socket 2011,22,20,95,Sep 2013,2013-09-01,9766,,1755,75.16,129.95,https://www.techpowerup.com/cpu-specs/xeon-e5-2650-v2.c1661,https://www.cpubenchmark.net/cpu_lookup.php?cpu=Intel+Xeon+E5-2650+v2+%40+2.60GHz&id=2042,xeone52650v2
AMD,Ryzen 7 7840H,Phoenix,8,16,3.8,5.1,Socket FP8,4,16,35,Jan 2023,2023-01-01,27308,3606,,,,https://www.techpowerup.com/cpu-specs/ryzen-7-7840h.c3271,https://www.cpubenchmark.net/cpu.php?cpu=AMD+Ryzen+7+7840H&id=5558,ryzen77840h
Intel,Core i9-12900,Alder Lake-S,16,24,2.4,5.1,Socket 1700,10,30,65,Jan 2022,2022-01-01,33597,,479,65.87,510.02,https://www.techpowerup.com/cpu-specs/core-i9-12900.c2565,https://www.cpubenchmark.net/cpu_lookup.php?cpu=Intel+Core+i9-12900&id=4729,corei912900
AMD,Ryzen 7 7735U,Rembrandt-R,8,16,2.7,4.75,Socket FP7,6,16,28,Jan 2023,2023-01-01,20116,3170,,,,https://www.techpowerup.com/cpu-specs/ryzen-7-7735u.c3040,https://www.cpubenchmark.net/cpu.php?cpu=AMD+Ryzen+7+7735U&id=5373,ryzen77735u
Intel,Core i7-960,Bloomfield,4,8,3.2,3.466,Socket 1366,45,8,130,Oct 2009,2009-10-01,3399,,3031,16.99,200.0,https://www.techpowerup.com/cpu-specs/core-i7-960.c719,https://www.cpubenchmark.net/cpu_lookup.php?cpu=Intel+Core+i7-960+%40+3.20GHz&id=838,corei7960
AMD,Ryzen 3 2200GE,Raven Ridge,4,4,3.2,3.6,Socket AM4,14,4,35,Apr 2018,2018-04-01,5966,,,,,https://www.techpowerup.com/cpu-specs/ryzen-3-2200ge.c2938,https://www.cpubenchmark.net/cpu.php?cpu=AMD+Ryzen+3+2200GE&id=3301,ryzen32200ge
Intel,Celeron E3400,Wolfdale,2,2,2.6,,Socket 775,45,,65,Jan 2010,2010-01-01,889,,4817,46.81,18.99,https://www.techpowerup.com/cpu-specs/celeron-e3400.c834,https://www.cpubenchmark.net/cpu_lookup.php?cpu=Intel+Celeron+E3400+%40+2.60GHz&id=678,celerone3400
Intel,Core 2 Duo E6300,Conroe,2,2,1.866,,Socket 775,65,,65,Jul 2006,2006-07-01,653,,5135,7.26,89.95,https://www.techpowerup.com/cpu-specs/core-2-duo-e6300.c373,https://www.cpubenchmark.net/cpu_lookup.php?cpu=Intel+Core2+Duo+E6300+%40+1.86GHz&id=908,core2duoe6300
AMD,Steam Deck CPU (OLED),Van Gogh,4,8,2.4,3.5,BGA ST1,6,4,15,Nov 2023,2023-11-01,,,,,,https://www.techpowerup.com/cpu-specs/steam-deck-cpu-oled.c3398,,steamdeckcpuoled
AMD,Ryzen AI 7 450G,Gorgon Point,8,16,2.0,5.1,Socket AM5,4,8,65,Mar 2026,2026-03-01,30422,,,,,https://www.techpowerup.com/cpu-specs/ryzen-ai-7-450g.c4344,https://www.cpubenchmark.net/cpu.php?cpu=AMD+Ryzen+AI+7+450G&id=7403,ryzenai7450g
Intel,Core i3-13100,Raptor Lake-S,4,8,3.4,4.5,Socket 1700,10,12,60,Jan 2023,2023-01-01,14101,,1413,78.64,179.31,https://www.techpowerup.com/cpu-specs/core-i3-13100.c2998,https://www.cpubenchmark.net/cpu_lookup.php?cpu=Intel+Core+i3-13100&id=5170,corei313100
Intel,Core i7-8750H,Coffee Lake-H,6,12,2.2,4.1,BGA 1440,14,12,45,Apr 2018,2018-04-01,9728,2262,1758,24.63,395.0,https://www.techpowerup.com/cpu-specs/core-i7-8750h.c1992,https://www.cpubenchmark.net/cpu_lookup.php?cpu=Intel+Core+i7-8750H+%40+2.20GHz&id=3237,corei78750h
Intel,Core Ultra 7 155U,Meteor Lake,12,14,1.7,4.8,BGA 2049,7,12,15,Dec 2023,2023-12-01,16134,3301,1281,32.93,490.0,https://www.techpowerup.com/cpu-specs/core-ultra-7-155u.c3524,https://www.cpubenchmark.net/cpu_lookup.php?cpu=Intel+Core+Ultra+7+155U&id=5965,coreultra7155u
AMD,E2-1800,Zacate,2,2,1.7,,Socket FT1,40,,18,Jun 2012,2012-06-01,,,,,,https://www.techpowerup.com/cpu-specs/e2-1800.c1044,,e21800
Intel,Core 7 360,Wildcat Lake,6,6,1.5,4.8,BGA 1516,3,6,15,Apr 2026,2026-04-01,16071,,1286,,,https://www.techpowerup.com/cpu-specs/core-7-360.c4406,https://www.cpubenchmark.net/cpu_lookup.php?cpu=Intel+Core+7+360&id=7371,core7360
Intel,Core i3-4150,Haswell,2,4,3.5,,Socket 1150,22,3,54,May 2014,2014-05-01,3395,,3035,97.01,35.0,https://www.techpowerup.com/cpu-specs/core-i3-4150.c3171,https://www.cpubenchmark.net/cpu_lookup.php?cpu=Intel+Core+i3-4150+%40+3.50GHz&id=2252,corei34150
AMD,A8-4500M,Trinity,4,4,1.9,2.8,Socket FS1r2,32,,35,May 2012,2012-05-01,,,,,,https://www.techpowerup.com/cpu-specs/a8-4500m.c1024,,a84500m
AMD,Ryzen Threadripper PRO 9965WX,Shimada Peak,24,48,4.2,5.4,Socket sTR5,4,128,350,Jul 2025,2025-07-01,92251,,,,2699.99,https://www.techpowerup.com/cpu-specs/ryzen-threadripper-pro-9965wx.c4166,https://www.cpubenchmark.net/cpu.php?cpu=AMD+Ryzen+Threadripper+PRO+9965WX&id=6804,ryzenthreadripperpro9965wx
Intel,Core i5-8350U,Kaby Lake-R,4,8,1.7,3.6,BGA 1356,14,6,15,Aug 2017,2017-08-01,6082,1980,2313,20.48,297.0,https://www.techpowerup.com/cpu-specs/core-i5-8350u.c1973,https://www.cpubenchmark.net/cpu_lookup.php?cpu=Intel+Core+i5-8350U+%40+1.70GHz&id=3150,corei58350u
Intel,Pentium G2020,Ivy Bridge,2,2,2.9,,Socket 1155,22,3,55,Jan 2013,2013-01-01,1683,,4058,39.45,42.67,https://www.techpowerup.com/cpu-specs/pentium-g2020.c1494,https://www.cpubenchmark.net/cpu_lookup.php?cpu=Intel+Pentium+G2020+%40+2.90GHz&id=1839,pentiumg2020
Intel,Core i5-14490F,Raptor Lake-R,10,16,2.5,5.0,Socket 1700,10,24,65,Jan 2024,2024-01-01,27079,,685,,,https://www.techpowerup.com/cpu-specs/core-i5-14490f.c3440,https://www.cpubenchmark.net/cpu_lookup.php?cpu=Intel+Core+i5-14490F&id=6224,corei514490f
Intel,Core Ultra 7 366H,Panther Lake,16,16,2.0,4.8,BGA 2540,3,18,25,Jan 2026,2026-01-01,34058,4072,467,,,https://www.techpowerup.com/cpu-specs/core-ultra-7-366h.c4306,https://www.cpubenchmark.net/cpu_lookup.php?cpu=Intel+Core+Ultra+7+366H&id=7072,coreultra7366h
AMD,Ryzen 5 5600HS,Cezanne,6,12,3.0,4.2,Socket FP6,7,16,35,Jan 2021,2021-01-01,,,,,,https://www.techpowerup.com/cpu-specs/ryzen-5-5600hs.c3519,,ryzen55600hs
AMD,Athlon Gold 3150U,Dali,2,4,2.4,3.3,Socket FP5,14,4,15,Jan 2020,2020-01-01,3847,1689,,,,https://www.techpowerup.com/cpu-specs/athlon-gold-3150u.c4234,https://www.cpubenchmark.net/cpu.php?cpu=AMD+Athlon+Gold+3150U&id=3777,athlongold3150u
Intel,Core i3-8100T,Coffee Lake,4,4,3.1,,Socket 1151,14,6,35,Apr 2018,2018-04-01,5250,,2517,108.05,48.59,https://www.techpowerup.com/cpu-specs/core-i3-8100t.c2016,https://www.cpubenchmark.net/cpu_lookup.php?cpu=Intel+Core+i3-8100T+%40+3.10GHz&id=3304,corei38100t
Intel,Xeon E5-1650 v2,Ivy Bridge-E,6,12,3.5,3.9,Socket 2011,22,12,130,Sep 2013,2013-09-01,9297,,1800,40.43,229.95,https://www.techpowerup.com/cpu-specs/xeon-e5-1650-v2.c1673,https://www.cpubenchmark.net/cpu_lookup.php?cpu=Intel+Xeon+E5-1650+v2+%40+3.50GHz&id=2066,xeone51650v2
AMD,Ryzen 7 3800XT,Matisse 2,8,16,3.9,4.7,Socket AM4,7,32,105,Jul 2020,2020-07-01,23397,,,,230.0,https://www.techpowerup.com/cpu-specs/ryzen-7-3800xt.c2309,https://www.cpubenchmark.net/cpu.php?cpu=AMD+Ryzen+7+3800XT&id=3797,ryzen73800xt
Intel,Pentium Gold G7400,Alder Lake-S,2,4,3.7,,Socket 1700,10,6,46,Jan 2022,2022-01-01,6707,,2170,60.76,110.39,https://www.techpowerup.com/cpu-specs/pentium-gold-g7400.c2574,https://www.cpubenchmark.net/cpu_lookup.php?cpu=Intel+Pentium+Gold+G7400&id=4732,pentiumgoldg7400
AMD,Ryzen 5 7400,Raphael,6,12,3.3,4.3,Socket AM5,5,16,65,Sep 2025,2025-09-01,21948,,,,,https://www.techpowerup.com/cpu-specs/ryzen-5-7400.c4243,https://www.cpubenchmark.net/cpu.php?cpu=AMD+Ryzen+5+7400&id=6918,ryzen57400
Intel,Core i5-10300H,Comet Lake-H,4,8,2.5,4.5,BGA 1440,14,6,45,Sep 2020,2020-09-01,8174,2520,1922,32.7,250.0,https://www.techpowerup.com/cpu-specs/core-i5-10300h.c2355,https://www.cpubenchmark.net/cpu_lookup.php?cpu=Intel+Core+i5-10300H+%40+2.50GHz&id=3646,corei510300h
AMD,A10-5700,Trinity,4,4,3.4,4.0,Socket FM2,32,,65,Oct 2012,2012-10-01,,,,,,https://www.techpowerup.com/cpu-specs/a10-5700.c1102,,a105700
AMD,Ryzen Threadripper PRO 9975WX,Shimada Peak,32,64,4.0,5.4,Socket sTR5,4,128,350,Jul 2025,2025-07-01,105309,,,,4210.99,https://www.techpowerup.com/cpu-specs/ryzen-threadripper-pro-9975wx.c4165,https://www.cpubenchmark.net/cpu.php?cpu=AMD+Ryzen+Threadripper+PRO+9975WX&id=6799,ryzenthreadripperpro9975wx
Intel,Core i7-930,Bloomfield,4,8,2.8,3.066,Socket 1366,45,8,130,Feb 2010,2010-02-01,3016,,3214,14.03,215.0,https://www.techpowerup.com/cpu-specs/core-i7-930.c718,https://www.cpubenchmark.net/cpu_lookup.php?cpu=Intel+Core+i7-930+%40+2.80GHz&id=835,corei7930
Intel,Core 2 Quad Q8300,Yorkfield,4,4,2.5,,Socket 775,45,,95,Nov 2008,2008-11-01,1917,,3875,24.23,79.1,https://www.techpowerup.com/cpu-specs/core-2-quad-q8300.c654,https://www.cpubenchmark.net/cpu_lookup.php?cpu=Intel+Core2+Quad+Q8300+%40+2.50GHz&id=9,core2quadq8300
Intel,Core i3-13100F,Raptor Lake-S,4,8,3.4,4.5,Socket 1700,10,12,58,Jan 2023,2023-01-01,14651,,1378,136.92,107.0,https://www.techpowerup.com/cpu-specs/core-i3-13100f.c2999,https://www.cpubenchmark.net/cpu_lookup.php?cpu=Intel+Core+i3-13100F&id=5156,corei313100f
Intel,Pentium Dual-Core T4500,Penryn,2,2,2.3,,Socket P,45,,35,Jan 2010,2010-01-01,,,,,,https://www.techpowerup.com/cpu-specs/pentium-dual-core-t4500.c1366,,pentiumdualcoret4500
AMD,A10-7700K,Kaveri,4,4,3.4,3.8,Socket FM2+,28,,95,Jan 2014,2014-01-01,,,,,,https://www.techpowerup.com/cpu-specs/a10-7700k.c1745,,a107700k
AMD,A6-7400K,Kaveri,2,2,3.5,3.9,Socket FM2+,28,,65,Jul 2014,2014-07-01,,,,,,https://www.techpowerup.com/cpu-specs/a6-7400k.c2626,,a67400k
AMD,Ryzen 3 PRO 2200GE,Raven Ridge,4,4,3.2,3.6,Socket AM4,14,4,35,May 2018,2018-05-01,6098,,,,,https://www.techpowerup.com/cpu-specs/ryzen-3-pro-2200ge.c2937,https://www.cpubenchmark.net/cpu.php?cpu=AMD+Ryzen+3+PRO+2200GE&id=3267,ryzen3pro2200ge
AMD,Ryzen Threadripper 9980X,Shimada Peak,64,128,3.2,5.4,Socket sTR5,4,256,350,Jul 2025,2025-07-01,143198,,,,4399.99,https://www.techpowerup.com/cpu-specs/ryzen-threadripper-9980x.c4169,https://www.cpubenchmark.net/cpu.php?cpu=AMD+Ryzen+Threadripper+9980X&id=6670,ryzenthreadripper9980x
AMD,EPYC 9575F,Turin,64,128,3.3,5.0,Socket SP5,4,256,400,Oct 2024,2024-10-01,147998,,,,6950.0,https://www.techpowerup.com/cpu-specs/epyc-9575f.c3885,https://www.cpubenchmark.net/cpu.php?cpu=AMD+EPYC+9575F&id=6317,epyc9575f
Intel,Celeron G530,Sandy Bridge,2,2,2.4,,Socket 1155,32,2,65,Sep 2011,2011-09-01,1160,,4510,12.22,95.0,https://www.techpowerup.com/cpu-specs/celeron-g530.c824,https://www.cpubenchmark.net/cpu_lookup.php?cpu=Intel+Celeron+G530+%40+2.40GHz&id=683,celerong530
Intel,Xeon X5460,Harpertown,4,4,3.167,,Socket 771,45,,120,Nov 2007,2007-11-01,2578,,3445,11.74,219.55,https://www.techpowerup.com/cpu-specs/xeon-x5460.c4142,https://www.cpubenchmark.net/cpu_lookup.php?cpu=Intel+Xeon+X5460+%40+3.16GHz&id=1297,xeonx5460
Intel,Core i7-10510U,Comet Lake-U,4,8,1.8,4.9,BGA 1440,14,8,25,Aug 2019,2019-08-01,6337,2191,2255,15.49,409.0,https://www.techpowerup.com/cpu-specs/core-i7-10510u.c2236,https://www.cpubenchmark.net/cpu_lookup.php?cpu=Intel+Core+i7-10510U+%40+1.80GHz&id=3549,corei710510u
AMD,EPYC 7702,Rome,64,128,2.0,3.35,Socket SP3,7,256,200,Aug 2019,2019-08-01,68811,,,,2570.04,https://www.techpowerup.com/cpu-specs/epyc-7702.c2246,https://www.cpubenchmark.net/cpu.php?cpu=AMD+EPYC+7702&id=3719,epyc7702
Intel,Pentium P6100,Arrandale,2,2,2.0,,Socket G1,32,3,35,Sep 2010,2010-09-01,880,819,4836,47.72,18.44,https://www.techpowerup.com/cpu-specs/pentium-p6100.c1357,https://www.cpubenchmark.net/cpu_lookup.php?cpu=Intel+Pentium+P6100+%40+2.00GHz&id=1119,pentiump6100
Intel,Xeon E5-2680 v2,Ivy Bridge-EP,10,20,2.8,3.6,Socket 2011,22,25,115,Sep 2013,2013-09-01,12581,,1534,83.9,149.95,https://www.techpowerup.com/cpu-specs/xeon-e5-2680-v2.c1666,https://www.cpubenchmark.net/cpu_lookup.php?cpu=Intel+Xeon+E5-2680+v2+%40+2.80GHz&id=2061,xeone52680v2
AMD,A6-5200,Kabini,4,4,2.0,,Socket FT3,28,,25,May 2013,2013-05-01,,,,,,https://www.techpowerup.com/cpu-specs/a6-5200.c1711,,a65200
Intel,Xeon E5-2698 v3,Haswell-EP,16,32,2.3,3.6,Socket 2011-3,22,40,135,Sep 2014,2014-09-01,18847,,1098,2.14,8790.0,https://www.techpowerup.com/cpu-specs/xeon-e5-2698-v3.c2899,https://www.cpubenchmark.net/cpu_lookup.php?cpu=Intel+Xeon+E5-2698+v3+%40+2.30GHz&id=2368,xeone52698v3
Intel,Core i5-560M,Arrandale,2,4,2.667,3.2,Socket G1,32,3,35,Sep 2010,2010-09-01,1897,1226,3900,27.11,69.95,https://www.techpowerup.com/cpu-specs/core-i5-560m.c1869,https://www.cpubenchmark.net/cpu_lookup.php?cpu=Intel+Core+i5-560M+%40+2.67GHz&id=780,corei5560m
AMD,Ryzen 3 PRO 2200G,Raven Ridge,4,4,3.5,3.7,Socket AM4,14,4,35,May 2018,2018-05-01,6604,,,,,https://www.techpowerup.com/cpu-specs/ryzen-3-pro-2200g.c4041,https://www.cpubenchmark.net/cpu.php?cpu=AMD+Ryzen+3+PRO+2200G&id=3216,ryzen3pro2200g
Intel,Core i5-12600,Alder Lake-S,6,12,3.3,4.8,Socket 1700,10,18,65,Jan 2022,2022-01-01,21275,,949,61.67,345.0,https://www.techpowerup.com/cpu-specs/core-i5-12600.c2556,https://www.cpubenchmark.net/cpu_lookup.php?cpu=Intel+Core+i5-12600&id=4688,corei512600
Intel,Processor N200,Gracemont,4,4,0.1,3.7,BGA 1264,10,6,6,Jan 2023,2023-01-01,,,,,,https://www.techpowerup.com/cpu-specs/processor-n200.c3008,,processorn200
AMD,Ryzen 5 5600F,Vermeer,6,12,3.0,4.0,Socket AM4,7,32,65,Sep 2025,2025-09-01,19236,,,,,https://www.techpowerup.com/cpu-specs/ryzen-5-5600f.c4241,https://www.cpubenchmark.net/cpu.php?cpu=AMD+Ryzen+5+5600F&id=7010,ryzen55600f
AMD,Ryzen Threadripper PRO 9955WX,Shimada Peak,16,32,4.5,5.4,Socket sTR5,4,64,350,Jul 2025,2025-07-01,66636,,,,1549.0,https://www.techpowerup.com/cpu-specs/ryzen-threadripper-pro-9955wx.c4167,https://www.cpubenchmark.net/cpu.php?cpu=AMD+Ryzen+Threadripper+PRO+9955WX&id=6803,ryzenthreadripperpro9955wx
AMD,Athlon 5350,Kabini,4,4,2.05,,Socket AM1,28,,25,Apr 2014,2014-04-01,,,,,,https://www.techpowerup.com/cpu-specs/athlon-5350.c2516,,athlon5350
AMD,Ryzen 5 7235HS,Rembrandt-R,4,8,3.2,4.2,Socket FP7,6,8,45,2023,202301-01,12290,2880,,,,https://www.techpowerup.com/cpu-specs/ryzen-5-7235hs.c3921,https://www.cpubenchmark.net/cpu.php?cpu=AMD+Ryzen+5+7235HS&id=6108,ryzen57235hs
AMD,Ryzen 7 8840U,Hawk Point,8,16,3.3,5.1,Socket FP8,4,16,28,Dec 2023,2023-12-01,23390,3538,,,,https://www.techpowerup.com/cpu-specs/ryzen-7-8840u.c3402,https://www.cpubenchmark.net/cpu.php?cpu=AMD+Ryzen+7+8840U&id=6003,ryzen78840u
Intel,Core i5-10500T,Comet Lake,6,12,2.3,3.8,Socket 1200,14,12,35,Apr 2020,2020-04-01,10236,,1710,102.37,99.99,https://www.techpowerup.com/cpu-specs/core-i5-10500t.c4488,https://www.cpubenchmark.net/cpu_lookup.php?cpu=Intel+Core+i5-10500T+%40+2.30GHz&id=3768,corei510500t
Intel,Core i5-8365U,Whiskey Lake-U,4,8,1.6,4.1,BGA 1528,14,6,15,Apr 2019,2019-04-01,5924,2049,2346,10.99,539.07,https://www.techpowerup.com/cpu-specs/core-i5-8365u.c3598,https://www.cpubenchmark.net/cpu_lookup.php?cpu=Intel+Core+i5-8365U+%40+1.60GHz&id=3447,corei58365u
Intel,Core 2 Duo E4500,Allendale,2,2,2.2,,Socket 775,65,,65,Jul 2007,2007-07-01,748,,5002,68.0,11.0,https://www.techpowerup.com/cpu-specs/core-2-duo-e4500.c520,https://www.cpubenchmark.net/cpu_lookup.php?cpu=Intel+Core2+Duo+E4500+%40+2.20GHz&id=936,core2duoe4500
AMD,EPYC 7713,Milan,64,128,2.0,3.675,Socket SP3,7,256,225,Mar 2021,2021-03-01,83018,,,,1449.58,https://www.techpowerup.com/cpu-specs/epyc-7713.c2374,https://www.cpubenchmark.net/cpu.php?cpu=AMD+EPYC+7713&id=4206,epyc7713
AMD,Phenom II X4 945 (95W),Deneb,4,4,3.0,,Socket AM3,45,6,95,Jul 2009,2009-07-01,,,,,,https://www.techpowerup.com/cpu-specs/phenom-ii-x4-945-95w.c619,,phenomiix494595w
Intel,Core i7-4960X,Ivy Bridge-E,6,12,3.6,4.0,Socket 2011,22,15,130,Sep 2013,2013-09-01,9899,,1737,43.23,229.0,https://www.techpowerup.com/cpu-specs/core-i7-4960x.c1569,https://www.cpubenchmark.net/cpu_lookup.php?cpu=Intel+Core+i7-4960X+%40+3.60GHz&id=2026,corei74960x
Intel,Core i7-970,Gulftown,6,12,3.2,3.466,Socket 1366,32,12,130,Jul 2010,2010-07-01,6580,,2195,12.57,523.26,https://www.techpowerup.com/cpu-specs/core-i7-970.c722,https://www.cpubenchmark.net/cpu_lookup.php?cpu=Intel+Core+i7-970+%40+3.20GHz&id=840,corei7970
AMD,EPYC 7542,Rome,32,64,2.9,3.4,Socket SP3,7,128,225,Aug 2019,2019-08-01,45020,,,,922.54,https://www.techpowerup.com/cpu-specs/epyc-7542.c2249,https://www.cpubenchmark.net/cpu.php?cpu=AMD+EPYC+7542&id=3604,epyc7542
Intel,Pentium G645,Sandy Bridge,2,2,2.9,,Socket 1155,32,3,65,Sep 2012,2012-09-01,1461,,4225,8.59,169.95,https://www.techpowerup.com/cpu-specs/pentium-g645.c1349,https://www.cpubenchmark.net/cpu_lookup.php?cpu=Intel+Pentium+G645+%40+2.90GHz&id=1797,pentiumg645
AMD,Ryzen 7 PRO 3700,Matisse,8,16,3.6,4.4,Socket AM4,7,32,65,Sep 2019,2019-09-01,22666,,,,329.99,https://www.techpowerup.com/cpu-specs/ryzen-7-pro-3700.c3703,https://www.cpubenchmark.net/cpu.php?cpu=AMD+Ryzen+7+PRO+3700&id=3564,ryzen7pro3700
Intel,Core i7-1260P,Alder Lake-P,12,16,2.1,4.7,BGA 1744,10,18,28,Feb 2022,2022-02-01,16409,3195,1261,,,https://www.techpowerup.com/cpu-specs/core-i7-1260p.c2581,https://www.cpubenchmark.net/cpu_lookup.php?cpu=Intel+Core+i7-1260P&id=4707,corei71260p
AMD,A6-5400K,Trinity,2,2,3.6,3.8,Socket FM2,32,,65,Oct 2012,2012-10-01,,,,,,https://www.techpowerup.com/cpu-specs/a6-5400k.c1103,,a65400k
AMD,Ryzen Threadripper 9970X,Shimada Peak,32,64,4.0,5.4,Socket sTR5,4,128,350,Jul 2025,2025-07-01,107684,,,,2299.99,https://www.techpowerup.com/cpu-specs/ryzen-threadripper-9970x.c4170,https://www.cpubenchmark.net/cpu.php?cpu=AMD+Ryzen+Threadripper+9970X&id=6820,ryzenthreadripper9970x
AMD,Ryzen Threadripper PRO 5945WX,Chagall PRO,12,24,4.1,4.5,Socket WRX8,7,64,280,Mar 2022,2022-03-01,40197,,,,,https://www.techpowerup.com/cpu-specs/ryzen-threadripper-pro-5945wx.c2723,https://www.cpubenchmark.net/cpu.php?cpu=AMD+Ryzen+Threadripper+PRO+5945WX&id=4770,ryzenthreadripperpro5945wx
Intel,Core Ultra 5 235T,Arrow Lake-S,14,14,2.2,5.0,Socket 1851,3,24,65,Jan 2025,2025-01-01,30855,,537,124.92,247.0,https://www.techpowerup.com/cpu-specs/core-ultra-5-235t.c4019,https://www.cpubenchmark.net/cpu_lookup.php?cpu=Intel+Core+Ultra+5+235T&id=6650,coreultra5235t
Intel,Core Ultra X9 378H,Panther Lake,16,16,2.0,5.0,BGA 2540,3,18,25,Apr 2026,2026-04-01,30916,3583,534,,,https://www.techpowerup.com/cpu-specs/core-ultra-x9-378h.c4377,https://www.cpubenchmark.net/cpu_lookup.php?cpu=Intel+Core+Ultra+X9+378H&id=7386,coreultrax9378h
AMD,A9-9400 SoC,Stoney Ridge,2,2,2.4,3.2,Socket FT4,28,,10,May 2016,2016-05-01,,1182,,,,https://www.techpowerup.com/cpu-specs/a9-9400-soc.c2061,https://www.cpubenchmark.net/cpu.php?cpu=AMD+A9-9400&id=2901,a99400
AMD,A8-5500,Trinity,4,4,3.2,3.7,Socket FM2,32,,65,Oct 2012,2012-10-01,,,,,,https://www.techpowerup.com/cpu-specs/a8-5500.c1104,,a85500
AMD,EPYC 7502P,Rome,32,64,2.5,3.35,Socket SP3,7,128,180,Aug 2019,2019-08-01,51128,,,,1298.95,https://www.techpowerup.com/cpu-specs/epyc-7502p.c2260,https://www.cpubenchmark.net/cpu.php?cpu=AMD+EPYC+7502P&id=3538,epyc7502p
AMD,Ryzen AI 7 PRO 350,Krackan Point,8,16,2.0,5.0,Socket FP8,4,8,28,Jan 2025,2025-01-01,24000,3874,,,,https://www.techpowerup.com/cpu-specs/ryzen-ai-7-pro-350.c4007,https://www.cpubenchmark.net/cpu.php?cpu=AMD+Ryzen+AI+7+PRO+350&id=6513,ryzenai7pro350
AMD,EPYC 7302,Rome,16,32,3.0,3.3,Socket SP3,7,32,155,Aug 2019,2019-08-01,33499,,,,845.0,https://www.techpowerup.com/cpu-specs/epyc-7302.c2254,https://www.cpubenchmark.net/cpu.php?cpu=AMD+EPYC+7302&id=3650,epyc7302
AMD,Ryzen 3 2300X,Zen,4,4,3.5,4.0,Socket AM4,12,4,65,Sep 2018,2018-09-01,7578,,,,178.09,https://www.techpowerup.com/cpu-specs/ryzen-3-2300x.c2080,https://www.cpubenchmark.net/cpu.php?cpu=AMD+Ryzen+3+2300X&id=3395,ryzen32300x
Intel,Core i5-8600,Coffee Lake,6,6,3.1,4.3,Socket 1151,14,9,65,Feb 2018,2018-02-01,9987,,1729,128.72,77.59,https://www.techpowerup.com/cpu-specs/core-i5-8600.c1985,https://www.cpubenchmark.net/cpu_lookup.php?cpu=Intel+Core+i5-8600+%40+3.10GHz&id=3251,corei58600
Intel,Core i7-13700F,Raptor Lake-S,16,24,2.1,5.2,Socket 1700,10,30,65,Jan 2023,2023-01-01,37747,,408,88.72,425.44,https://www.techpowerup.com/cpu-specs/core-i7-13700f.c2996,https://www.cpubenchmark.net/cpu_lookup.php?cpu=Intel+Core+i7-13700F&id=5163,corei713700f
Intel,Core i3-10105F,Comet Lake-R,4,8,3.7,4.4,Socket 1200,14,6,65,Mar 2021,2021-03-01,8861,,1855,78.98,112.19,https://www.techpowerup.com/cpu-specs/core-i3-10105f.c2415,https://www.cpubenchmark.net/cpu_lookup.php?cpu=Intel+Core+i3-10105F+%40+3.70GHz&id=4175,corei310105f
Intel,Core i9-10900X,Cascade Lake-X,10,20,3.7,4.7,Socket 2066,14,19,165,Oct 2019,2019-10-01,22271,,893,84.53,263.46,https://www.techpowerup.com/cpu-specs/core-i9-10900x.c2240,https://www.cpubenchmark.net/cpu_lookup.php?cpu=Intel+Core+i9-10900X+%40+3.70GHz&id=3633,corei910900x
Intel,Core i7-6900K,Broadwell-E,8,16,3.2,3.7,Socket 2011-3,14,20,140,May 2016,2016-05-01,14636,,1380,125.1,117.0,https://www.techpowerup.com/cpu-specs/core-i7-6900k.c1846,https://www.cpubenchmark.net/cpu_lookup.php?cpu=Intel+Core+i7-6900K+%40+3.20GHz&id=2794,corei76900k
AMD,FX-9370,Vishera,8,8,4.4,4.7,Socket AM3+,32,8,220,Jun 2013,2013-06-01,,,,,,https://www.techpowerup.com/cpu-specs/fx-9370.c1649,,fx9370
Intel,Core i7-5930K,Haswell-E,6,12,3.5,3.7,Socket 2011-3,22,15,140,Sep 2014,2014-09-01,10334,,1700,25.21,409.95,https://www.techpowerup.com/cpu-specs/core-i7-5930k.c1764,https://www.cpubenchmark.net/cpu_lookup.php?cpu=Intel+Core+i7-5930K+%40+3.50GHz&id=2336,corei75930k
Intel,Xeon E5-2686 v3,Haswell-EP,18,36,2.0,3.5,Socket 2011-3,22,45,120,Sep 2014,2014-09-01,18148,,1147,,,https://www.techpowerup.com/cpu-specs/xeon-e5-2686-v3.c2902,https://www.cpubenchmark.net/cpu_lookup.php?cpu=Intel+Xeon+E5-2686+v3+%40+2.00GHz&id=2568,xeone52686v3
AMD,A10-6700,Richland,4,4,3.7,4.3,Socket FM2,32,,65,Jun 2013,2013-06-01,,,,,,https://www.techpowerup.com/cpu-specs/a10-6700.c1499,,a106700
AMD,Ryzen 5 8640HS,Hawk Point,6,12,3.5,4.9,Socket FP8,4,16,28,Dec 2023,2023-12-01,19801,3510,,,,https://www.techpowerup.com/cpu-specs/ryzen-5-8640hs.c3404,https://www.cpubenchmark.net/cpu.php?cpu=AMD+Ryzen+5+8640HS&id=6079,ryzen58640hs
Intel,Core i7-7700T,Kaby Lake,4,8,2.9,3.8,Socket 1151,14,8,35,Jan 2017,2017-01-01,7545,,2015,47.39,159.21,https://www.techpowerup.com/cpu-specs/core-i7-7700t.c1852,https://www.cpubenchmark.net/cpu_lookup.php?cpu=Intel+Core+i7-7700T+%40+2.90GHz&id=2951,corei77700t
AMD,Opteron X3216,Excavator,2,2,1.6,3.0,Socket FP4,28,,15,Jun 2017,2017-06-01,,,,,,https://www.techpowerup.com/cpu-specs/opteron-x3216.c3355,,opteronx3216
AMD,Ryzen 5 3400GE,Picasso,4,8,3.3,4.0,Socket AM4,12,4,35,Jul 2019,2019-07-01,8699,,,,355.4,https://www.techpowerup.com/cpu-specs/ryzen-5-3400ge.c2941,https://www.cpubenchmark.net/cpu.php?cpu=AMD+Ryzen+5+3400GE&id=3690,ryzen53400ge
Intel,Core i7-12650H,Alder Lake-H,10,16,2.3,4.7,BGA 1744,10,24,45,Jan 2022,2022-01-01,21236,3470,952,46.47,457.0,https://www.techpowerup.com/cpu-specs/core-i7-12650h.c2536,https://www.cpubenchmark.net/cpu_lookup.php?cpu=Intel+Core+i7-12650H&id=4771,corei712650h
Intel,Core i7-880,Lynnfield,4,8,3.066,3.733,Socket 1156,45,8,95,May 2010,2010-05-01,3439,,3011,49.13,69.99,https://www.techpowerup.com/cpu-specs/core-i7-880.c708,https://www.cpubenchmark.net/cpu_lookup.php?cpu=Intel+Core+i7-880+%40+3.07GHz&id=833,corei7880
Intel,Core i5-1240P,Alder Lake-P,12,16,1.7,4.4,BGA 1744,10,12,28,Feb 2022,2022-02-01,15705,3154,1303,25.37,619.0,https://www.techpowerup.com/cpu-specs/core-i5-1240p.c2583,https://www.cpubenchmark.net/cpu_lookup.php?cpu=Intel+Core+i5-1240P&id=4759,corei51240p
Intel,Core i5-4670K,Haswell,4,4,3.4,3.8,Socket 1150,22,6,84,Jun 2013,2013-06-01,5590,,2422,111.8,50.0,https://www.techpowerup.com/cpu-specs/core-i5-4670k.c1469,https://www.cpubenchmark.net/cpu_lookup.php?cpu=Intel+Core+i5-4670K+%40+3.40GHz&id=1921,corei54670k
Intel,Xeon E5-2667 v3,Haswell-EP,8,16,3.2,3.6,Socket 2011-3,22,20,135,Sep 2014,2014-09-01,12378,,1550,41.4,298.95,https://www.techpowerup.com/cpu-specs/xeon-e5-2667-v3.c2869,https://www.cpubenchmark.net/cpu_lookup.php?cpu=Intel+Xeon+E5-2667+v3+%40+3.20GHz&id=2441,xeone52667v3
Intel,Core i7-7800X,Skylake-X,6,12,3.5,4.0,Socket 2066,14,8,140,Jun 2017,2017-06-01,12994,,1504,122.94,105.7,https://www.techpowerup.com/cpu-specs/core-i7-7800x.c1905,https://www.cpubenchmark.net/cpu_lookup.php?cpu=Intel+Core+i7-7800X+%40+3.50GHz&id=3037,corei77800x
Intel,Core i5-9600,Coffee Lake,6,6,3.1,4.5,Socket 1151,14,9,65,Apr 2019,2019-04-01,10329,,1702,87.02,118.69,https://www.techpowerup.com/cpu-specs/core-i5-9600.c2091,https://www.cpubenchmark.net/cpu_lookup.php?cpu=Intel+Core+i5-9600+%40+3.10GHz&id=3554,corei59600
Intel,Pentium Silver N6000,Jasper Lake,4,4,1.1,3.3,BGA 1338,10,4,6,Jan 2021,2021-01-01,2908,,3271,,,https://www.techpowerup.com/cpu-specs/pentium-silver-n6000.c4208,https://www.cpubenchmark.net/cpu_lookup.php?cpu=Intel+Pentium+Silver+N6000+%40+1.10GHz&id=4177,pentiumsilvern6000
Intel,Xeon E3-1225 v5,Skylake-DT,4,4,3.3,3.7,Socket 1151,14,8,80,Oct 2015,2015-10-01,5962,,2339,60.22,99.0,https://www.techpowerup.com/cpu-specs/xeon-e3-1225-v5.c3237,https://www.cpubenchmark.net/cpu_lookup.php?cpu=Intel+Xeon+E3-1225+v5+%40+3.30GHz&id=2707,xeone31225v5
AMD,EPYC 7D12,Rome,32,64,1.1,3.0,Socket SP3,7,32,85,Apr 2020,2020-04-01,42155,,,,,https://www.techpowerup.com/cpu-specs/epyc-7d12.c2300,https://www.cpubenchmark.net/cpu.php?cpu=AMD+EPYC+7D12&id=5042,epyc7d12
Intel,Core Ultra 7 265H,Arrow Lake-H,16,16,2.2,5.3,BGA 2049,3,24,28,Jan 2025,2025-01-01,33969,4333,469,,,https://www.techpowerup.com/cpu-specs/core-ultra-7-265h.c4267,https://www.cpubenchmark.net/cpu_lookup.php?cpu=Intel+Core+Ultra+7+265H&id=6660,coreultra7265h
Intel,Xeon X5675,Westmere-EP,6,12,3.066,3.466,Socket 1366,32,12,95,Feb 2011,2011-02-01,6436,,2227,,,https://www.techpowerup.com/cpu-specs/xeon-x5675.c949,https://www.cpubenchmark.net/cpu_lookup.php?cpu=Intel+Xeon+X5675+%40+3.07GHz&id=1309,xeonx5675
AMD,Ryzen Embedded R2314,Picasso,4,4,2.1,3.5,Socket FP5,12,4,15,Jun 2022,2022-06-01,5824,,,,,https://www.techpowerup.com/cpu-specs/ryzen-embedded-r2314.c3321,https://www.cpubenchmark.net/cpu.php?cpu=AMD+Ryzen+Embedded+R2314&id=4665,ryzenembeddedr2314
Intel,Pentium Dual-Core E2180,Allendale,2,2,2.0,,Socket 775,65,,65,Aug 2007,2007-08-01,,,,,,https://www.techpowerup.com/cpu-specs/pentium-dual-core-e2180.c847,,pentiumdualcoree2180
Qualcomm,Snapdragon C1-10-100,Kryo 670,8,8,2.016,2.976,Qualcomm BGA 1287,6,2,7,Aug 2026,2026-08-01,6364,,,,,https://www.techpowerup.com/cpu-specs/snapdragon-c1-10-100.c4571,https://www.cpubenchmark.net/cpu.php?cpu=Snapdragon+C1-10-100&id=7457,snapdragonc110100
AMD,Ryzen 5 3501U,Picasso,4,4,2.1,3.7,Socket FP5,12,4,15,Jun 2026,2026-06-01,6690,1881,,,,https://www.techpowerup.com/cpu-specs/ryzen-5-3501u.c4442,https://www.cpubenchmark.net/cpu.php?cpu=AMD+Ryzen+5+3501U&id=7311,ryzen53501u
AMD,Ryzen Embedded R1600,Zen,2,4,2.6,3.1,Socket FP5,14,4,25,Feb 2020,2020-02-01,,,,,,https://www.techpowerup.com/cpu-specs/ryzen-embedded-r1600.c2845,,ryzenembeddedr1600
Intel,Celeron G6900,Alder Lake-S,2,2,3.4,,Socket 1700,10,4,46,Jan 2022,2022-01-01,4475,,2680,59.9,74.7,https://www.techpowerup.com/cpu-specs/celeron-g6900.c2570,https://www.cpubenchmark.net/cpu_lookup.php?cpu=Intel+Celeron+G6900&id=4709,celerong6900
Intel,Celeron N5105,Jasper Lake,4,4,2.0,2.9,BGA 1338,10,4,10,Jan 2021,2021-01-01,3986,,2818,13.33,299.0,https://www.techpowerup.com/cpu-specs/celeron-n5105.c4210,https://www.cpubenchmark.net/cpu_lookup.php?cpu=Intel+Celeron+N5105+%40+2.00GHz&id=4412,celeronn5105
Intel,Core i7-740QM,Clarksfield,4,8,1.733,2.933,Socket G1,45,6,45,Jun 2010,2010-06-01,1836,1001,3944,9.67,189.95,https://www.techpowerup.com/cpu-specs/core-i7-740qm.c3214,https://www.cpubenchmark.net/cpu_lookup.php?cpu=Intel+Core+i7-740QM+%40+1.73GHz&id=852,corei7740qm
AMD,Ryzen Threadripper 2920X,Colfax,12,24,3.5,4.3,Socket SP3r2,12,32,180,Oct 2018,2018-10-01,25199,,,,229.99,https://www.techpowerup.com/cpu-specs/ryzen-threadripper-2920x.c2099,https://www.cpubenchmark.net/cpu.php?cpu=AMD+Ryzen+Threadripper+2920X&id=3354,ryzenthreadripper2920x
Intel,Core i5-480M,Arrandale,2,4,2.667,2.933,Socket G1,32,3,35,Jan 2011,2011-01-01,1327,1134,4339,16.47,80.6,https://www.techpowerup.com/cpu-specs/core-i5-480m.c1871,https://www.cpubenchmark.net/cpu_lookup.php?cpu=Intel+Core+i5-480M+%40+2.67GHz&id=777,corei5480m
Intel,Core i7-1065G7,Ice Lake-U,4,8,1.3,3.9,BGA 1526,10,8,15,Aug 2019,2019-08-01,8064,2267,1936,18.93,426.0,https://www.techpowerup.com/cpu-specs/core-i7-1065g7.c2228,https://www.cpubenchmark.net/cpu_lookup.php?cpu=Intel+Core+i7-1065G7+%40+1.30GHz&id=3466,corei71065g7
Intel,Core i9-10900,Comet Lake,10,20,2.8,5.2,Socket 1200,14,20,65,Apr 2020,2020-04-01,19072,,1090,41.92,455.0,https://www.techpowerup.com/cpu-specs/core-i9-10900.c2265,https://www.cpubenchmark.net/cpu_lookup.php?cpu=Intel+Core+i9-10900+%40+2.80GHz&id=3745,corei910900
Intel,Pentium Dual-Core E2160,Allendale,2,2,1.8,,Socket 775,65,,65,Jun 2007,2007-06-01,,,,,,https://www.techpowerup.com/cpu-specs/pentium-dual-core-e2160.c473,,pentiumdualcoree2160
Intel,Core i9-9900KF,Coffee Lake-R,8,16,3.6,5.0,Socket 1151,14,16,95,Jan 2019,2019-01-01,17992,,1163,74.19,242.49,https://www.techpowerup.com/cpu-specs/core-i9-9900kf.c2124,https://www.cpubenchmark.net/cpu_lookup.php?cpu=Intel+Core+i9-9900KF+%40+3.60GHz&id=3435,corei99900kf
Intel,Core i5-1345U,Raptor Lake-U,10,12,1.6,4.7,BGA 1744,10,12,15,Jan 2023,2023-01-01,13854,3280,1435,44.84,309.0,https://www.techpowerup.com/cpu-specs/core-i5-1345u.c3067,https://www.cpubenchmark.net/cpu_lookup.php?cpu=Intel+Core+i5-1345U&id=5276,corei51345u
Intel,Pentium Dual-Core E2200,Allendale,2,2,2.2,,Socket 775,65,,65,Dec 2007,2007-12-01,,,,,,https://www.techpowerup.com/cpu-specs/pentium-dual-core-e2200.c474,,pentiumdualcoree2200
Intel,Xeon X3440,Lynnfield,4,8,2.533,2.933,Socket 1156,45,8,95,Sep 2009,2009-09-01,2786,,3322,64.79,43.0,https://www.techpowerup.com/cpu-specs/xeon-x3440.c3963,https://www.cpubenchmark.net/cpu_lookup.php?cpu=Intel+Xeon+X3440+%40+2.53GHz&id=1288,xeonx3440
AMD,A10-7860K,Godaveri,4,4,3.6,4.0,Socket FM2+,28,,65,Feb 2016,2016-02-01,,,,,,https://www.techpowerup.com/cpu-specs/a10-7860k.c2604,,a107860k
Intel,Core i5-14500HX,Raptor Lake-HX,14,20,2.6,4.9,BGA 1964,10,24,55,Jan 2024,2024-01-01,28475,3628,623,84.5,337.0,https://www.techpowerup.com/cpu-specs/core-i5-14500hx.c3474,https://www.cpubenchmark.net/cpu_lookup.php?cpu=Intel+Core+i5-14500HX&id=6004,corei514500hx
AMD,A6-6310,Beema,4,4,1.8,2.4,Socket FT3,28,,15,Apr 2014,2014-04-01,,,,,,https://www.techpowerup.com/cpu-specs/a6-6310.c4201,,a66310
Intel,Celeron G3900,Skylake,2,2,2.8,,Socket 1151,14,4,51,Sep 2015,2015-09-01,2155,,3720,57.29,37.62,https://www.techpowerup.com/cpu-specs/celeron-g3900.c1855,https://www.cpubenchmark.net/cpu_lookup.php?cpu=Intel+Celeron+G3900+%40+2.80GHz&id=2706,celerong3900
Intel,Core i5-460M,Arrandale,2,4,2.534,2.8,Socket G1,32,3,35,Sep 2010,2010-09-01,1324,1123,4344,10.19,129.95,https://www.techpowerup.com/cpu-specs/core-i5-460m.c1872,https://www.cpubenchmark.net/cpu_lookup.php?cpu=Intel+Core+i5-460M+%40+2.53GHz&id=776,corei5460m
AMD,Athlon II X2 240,Regor,2,2,2.8,,Socket AM3,45,,65,Jul 2009,2009-07-01,,,,,,https://www.techpowerup.com/cpu-specs/athlon-ii-x2-240.c600,,athloniix2240
Intel,Core i5-13500T,Raptor Lake-S,14,20,1.6,4.6,Socket 1700,10,24,35,Jan 2023,2023-01-01,22416,,886,92.33,242.79,https://www.techpowerup.com/cpu-specs/core-i5-13500t.c3005,https://www.cpubenchmark.net/cpu_lookup.php?cpu=Intel+Core+i5-13500T&id=5239,corei513500t
Intel,Core i7-3820,Sandy Bridge-E,4,8,3.6,3.8,Socket 2011,32,10,130,Feb 2012,2012-02-01,5794,,2370,16.56,349.88,https://www.techpowerup.com/cpu-specs/core-i7-3820.c961,https://www.cpubenchmark.net/cpu_lookup.php?cpu=Intel+Core+i7-3820+%40+3.60GHz&id=8,corei73820
Intel,Xeon E3-1231 v3,Haswell-WS,4,8,3.4,3.8,Socket 1150,22,8,80,May 2014,2014-05-01,7024,,2113,20.07,349.95,https://www.techpowerup.com/cpu-specs/xeon-e3-1231-v3.c3183,https://www.cpubenchmark.net/cpu_lookup.php?cpu=Intel+Xeon+E3-1231+v3+%40+3.40GHz&id=2246,xeone31231v3
AMD,Phenom II X4 955 (95W),Deneb,4,4,3.2,,Socket AM3,45,6,95,Apr 2009,2009-04-01,,,,,,https://www.techpowerup.com/cpu-specs/phenom-ii-x4-955-95w.c746,,phenomiix495595w
Intel,Core Ultra 7 165U,Meteor Lake,12,14,1.7,4.9,BGA 2049,7,12,15,Dec 2023,2023-12-01,16607,3260,1253,,,https://www.techpowerup.com/cpu-specs/core-ultra-7-165u.c3523,https://www.cpubenchmark.net/cpu_lookup.php?cpu=Intel+Core+Ultra+7+165U&id=5825,coreultra7165u
AMD,Ryzen Threadripper PRO 7945WX,Storm Peak,12,24,4.7,5.3,Socket sTR5,5,64,350,Oct 2023,2023-10-01,49647,,,,,https://www.techpowerup.com/cpu-specs/ryzen-threadripper-pro-7945wx.c3362,https://www.cpubenchmark.net/cpu.php?cpu=AMD+Ryzen+Threadripper+PRO+7945WX&id=5733,ryzenthreadripperpro7945wx
AMD,EPYC 7601,Naples,32,64,2.2,3.2,Socket SP3,14,64,180,Jun 2017,2017-06-01,34102,,,,399.99,https://www.techpowerup.com/cpu-specs/epyc-7601.c1920,https://www.cpubenchmark.net/cpu.php?cpu=AMD+EPYC+7601&id=3142,epyc7601
AMD,Ryzen Threadripper PRO 9985WX,Shimada Peak,64,128,3.2,5.4,Socket sTR5,4,256,350,Jul 2025,2025-07-01,150161,,,,7999.0,https://www.techpowerup.com/cpu-specs/ryzen-threadripper-pro-9985wx.c4164,https://www.cpubenchmark.net/cpu.php?cpu=AMD+Ryzen+Threadripper+PRO+9985WX&id=6807,ryzenthreadripperpro9985wx
Intel,Core i5-10600,Comet Lake,6,12,3.3,4.8,Socket 1200,14,12,65,Apr 2020,2020-04-01,13525,,1462,40.98,330.02,https://www.techpowerup.com/cpu-specs/core-i5-10600.c2212,https://www.cpubenchmark.net/cpu_lookup.php?cpu=Intel+Core+i5-10600+%40+3.30GHz&id=3750,corei510600
Intel,Core i9-7980XE,Skylake-X,18,36,2.6,4.4,Socket 2066,14,24,165,Sep 2017,2017-09-01,29480,,589,63.95,461.0,https://www.techpowerup.com/cpu-specs/core-i9-7980xe.c1952,https://www.cpubenchmark.net/cpu_lookup.php?cpu=Intel+Core+i9-7980XE+%40+2.60GHz&id=3092,corei97980xe
AMD,EPYC 9124,Genoa,16,32,3.0,3.7,Socket SP5,5,64,200,Nov 2022,2022-11-01,42982,,,,915.06,https://www.techpowerup.com/cpu-specs/epyc-9124.c2917,https://www.cpubenchmark.net/cpu.php?cpu=AMD+EPYC+9124&id=5451,epyc9124
AMD,Athlon X4 970,Bristol Ridge,4,4,3.8,4.0,Socket AM4,28,,65,Jul 2017,2017-07-01,3677,,,,,https://www.techpowerup.com/cpu-specs/athlon-x4-970.c1961,https://www.cpubenchmark.net/cpu.php?cpu=AMD+Athlon+X4+970&id=5714,athlonx4970
Intel,Core 2 Quad Q9300,Yorkfield,4,4,2.5,,Socket 775,45,,95,Mar 2008,2008-03-01,2017,,3811,53.03,38.04,https://www.techpowerup.com/cpu-specs/core-2-quad-q9300.c525,https://www.cpubenchmark.net/cpu_lookup.php?cpu=Intel+Core2+Quad+Q9300+%40+2.50GHz&id=1044,core2quadq9300
Intel,Xeon E3-1230 v3,Haswell-WS,4,8,3.3,3.7,Socket 1150,22,8,80,Jun 2013,2013-06-01,6842,,2141,22.14,309.0,https://www.techpowerup.com/cpu-specs/xeon-e3-1230-v3.c1546,https://www.cpubenchmark.net/cpu_lookup.php?cpu=Intel+Xeon+E3-1230+v3+%40+3.30GHz&id=1942,xeone31230v3
AMD,A8-6500,Richland,4,4,3.5,4.1,Socket FM2,32,,65,Jun 2013,2013-06-01,,,,,,https://www.techpowerup.com/cpu-specs/a8-6500.c1501,,a86500
Intel,Core i5-11600K,Rocket Lake,6,12,3.9,4.9,Socket 1200,14,12,125,Mar 2021,2021-03-01,19474,,1065,114.78,169.67,https://www.techpowerup.com/cpu-specs/core-i5-11600k.c2400,https://www.cpubenchmark.net/cpu_lookup.php?cpu=Intel+Core+i5-11600K+%40+3.90GHz&id=4236,corei511600k
Intel,Core 2 Duo P8600,Penryn,2,2,2.4,,Socket P,45,,25,Jun 2008,2008-06-01,866,941,4858,17.6,49.18,https://www.techpowerup.com/cpu-specs/core-2-duo-p8600.c2718,https://www.cpubenchmark.net/cpu_lookup.php?cpu=Intel+Core2+Duo+P8600+%40+2.40GHz&id=974,core2duop8600
AMD,GX-215JJ,Prairie Falcon,2,2,1.5,2.0,Socket FP4,28,,6,Feb 2016,2016-02-01,,,,,,https://www.techpowerup.com/cpu-specs/gx-215jj.c3671,,gx215jj
AMD,Ryzen AI 7 PRO 450G,Gorgon Point,8,16,2.0,5.1,Socket AM5,4,8,65,Mar 2026,2026-03-01,29358,,,,,https://www.techpowerup.com/cpu-specs/ryzen-ai-7-pro-450g.c4350,https://www.cpubenchmark.net/cpu.php?cpu=AMD+Ryzen+AI+7+PRO+450G&id=7436,ryzenai7pro450g
Intel,Core i3-10105,Comet Lake-R,4,8,3.7,4.4,Socket 1200,14,6,65,Mar 2021,2021-03-01,8280,,1907,62.42,132.64,https://www.techpowerup.com/cpu-specs/core-i3-10105.c2414,https://www.cpubenchmark.net/cpu_lookup.php?cpu=Intel+Core+i3-10105+%40+3.70GHz&id=4259,corei310105
Intel,Core i7-7820X,Skylake-X,8,16,3.6,4.5,Socket 2066,14,11,140,Jun 2017,2017-06-01,17147,,1223,24.05,712.95,https://www.techpowerup.com/cpu-specs/core-i7-7820x.c1933,https://www.cpubenchmark.net/cpu_lookup.php?cpu=Intel+Core+i7-7820X+%40+3.60GHz&id=3038,corei77820x
Intel,Processor N97,Gracemont,4,4,2.0,3.6,BGA 1264,10,6,12,Jan 2023,2023-01-01,,,,,,https://www.techpowerup.com/cpu-specs/processor-n97.c3009,,processorn97
Intel,Xeon E5-2697 v3,Haswell-EP,14,28,2.6,3.6,Socket 2011-3,22,35,145,Sep 2014,2014-09-01,18155,,1145,,,https://www.techpowerup.com/cpu-specs/xeon-e5-2697-v3.c2897,https://www.cpubenchmark.net/cpu_lookup.php?cpu=Intel+Xeon+E5-2697+v3+%40+2.60GHz&id=2333,xeone52697v3
Intel,Xeon E3-1270 v3,Haswell-WS,4,8,3.5,3.9,Socket 1150,22,8,80,Jun 2013,2013-06-01,7231,,2066,17.64,410.0,https://www.techpowerup.com/cpu-specs/xeon-e3-1270-v3.c1548,https://www.cpubenchmark.net/cpu_lookup.php?cpu=Intel+Xeon+E3-1270+v3+%40+3.50GHz&id=1969,xeone31270v3
Intel,Xeon E5-1680 v4,Broadwell-EP,8,16,3.4,4.0,Socket 2011-3,14,20,140,Jun 2016,2016-06-01,14214,,1402,9.48,1498.95,https://www.techpowerup.com/cpu-specs/xeon-e5-1680-v4.c3176,https://www.cpubenchmark.net/cpu_lookup.php?cpu=Intel+Xeon+E5-1680+v4+%40+3.40GHz&id=2869,xeone51680v4
AMD,FX-8800P,Carrizo,4,4,2.1,3.4,Socket FP4,28,,15,Jun 2015,2015-06-01,,1357,,,,https://www.techpowerup.com/cpu-specs/fx-8800p.c3667,https://www.cpubenchmark.net/cpu.php?cpu=AMD+FX-8800P&id=2567,fx8800p
AMD,Ryzen 3 PRO 5350GE,Cezanne,4,8,3.6,4.2,Socket AM4,7,8,35,Jun 2021,2021-06-01,12603,,,,,https://www.techpowerup.com/cpu-specs/ryzen-3-pro-5350ge.c2706,https://www.cpubenchmark.net/cpu.php?cpu=AMD+Ryzen+3+PRO+5350GE&id=4384,ryzen3pro5350ge
Intel,Core i9-12900H,Alder Lake-H,14,20,2.5,5.0,BGA 1744,10,24,45,Jan 2022,2022-01-01,26552,3638,711,43.03,617.0,https://www.techpowerup.com/cpu-specs/core-i9-12900h.c2539,https://www.cpubenchmark.net/cpu_lookup.php?cpu=Intel+Core+i9-12900H&id=4728,corei912900h
AMD,PRO A8-8650B,Godaveri,4,4,3.2,3.9,Socket FM2+,28,,65,Sep 2015,2015-09-01,,,,,,https://www.techpowerup.com/cpu-specs/pro-a8-8650b.c2619,,proa88650b
AMD,FX-9830P,Bristol Ridge,4,4,3.0,3.7,Socket FP4,28,,35,May 2016,2016-05-01,,1567,,,,https://www.techpowerup.com/cpu-specs/fx-9830p.c3665,https://www.cpubenchmark.net/cpu.php?cpu=AMD+FX-9830P&id=2911,fx9830p
Intel,Core i7-4930K,Ivy Bridge-E,6,12,3.4,3.9,Socket 2011,22,12,130,Sep 2013,2013-09-01,9389,,1790,137.21,68.43,https://www.techpowerup.com/cpu-specs/core-i7-4930k.c1570,https://www.cpubenchmark.net/cpu_lookup.php?cpu=Intel+Core+i7-4930K+%40+3.40GHz&id=2023,corei74930k
Intel,Celeron J4105,Gemini Lake,4,4,1.5,2.5,BGA 1090,14,,10,Dec 2017,2017-12-01,2806,,3315,26.22,107.0,https://www.techpowerup.com/cpu-specs/celeron-j4105.c3279,https://www.cpubenchmark.net/cpu_lookup.php?cpu=Intel+Celeron+J4105+%40+1.50GHz&id=3159,celeronj4105
Intel,Core Ultra 7 165H,Meteor Lake,16,22,3.8,5.0,BGA 2049,7,24,28,Dec 2023,2023-12-01,25852,3475,737,,,https://www.techpowerup.com/cpu-specs/core-ultra-7-165h.c3306,https://www.cpubenchmark.net/cpu_lookup.php?cpu=Intel+Core+Ultra+7+165H&id=5816,coreultra7165h
Intel,Core Ultra X7 368H,Panther Lake,16,16,2.0,5.0,BGA 2540,3,18,25,Jan 2026,2026-01-01,33479,4013,482,,,https://www.techpowerup.com/cpu-specs/core-ultra-x7-368h.c4303,https://www.cpubenchmark.net/cpu_lookup.php?cpu=Intel+Core+Ultra+X7+368H&id=7143,coreultrax7368h
Intel,Xeon E5-2690 v3,Haswell-EP,12,24,2.6,3.5,Socket 2011-3,22,30,135,Sep 2014,2014-09-01,16045,,1287,4.55,3529.0,https://www.techpowerup.com/cpu-specs/xeon-e5-2690-v3.c2890,https://www.cpubenchmark.net/cpu_lookup.php?cpu=Intel+Xeon+E5-2690+v3+%40+2.60GHz&id=2364,xeone52690v3
AMD,E1-2100,Kabini,2,2,1.0,,Socket FT3,28,,9,May 2013,2013-05-01,,,,,,https://www.techpowerup.com/cpu-specs/e1-2100.c1707,,e12100
AMD,E2-7110,Carrizo-L,4,4,1.8,,Socket FT3,28,,15,May 2015,2015-05-01,,,,,,https://www.techpowerup.com/cpu-specs/e2-7110.c4196,,e27110
AMD,Ryzen 5 PRO 5655G,Cezanne,6,12,3.9,4.4,Socket AM4,7,16,65,May 2024,2024-05-01,19143,,,,,https://www.techpowerup.com/cpu-specs/ryzen-5-pro-5655g.c4121,https://www.cpubenchmark.net/cpu.php?cpu=AMD+Ryzen+5+PRO+5655G&id=6343,ryzen5pro5655g
AMD,Ryzen 7 6800HS,Rembrandt,8,16,3.2,4.7,Socket FP7,6,16,35,Jan 2022,2022-01-01,22249,3131,,,,https://www.techpowerup.com/cpu-specs/ryzen-7-6800hs.c2526,https://www.cpubenchmark.net/cpu.php?cpu=AMD+Ryzen+7+6800HS&id=4843,ryzen76800hs
AMD,Athlon 64 3000+,Winchester,1,1,1.8,,Socket 939,90,,67,Oct 2004,2004-10-01,,,,,,https://www.techpowerup.com/cpu-specs/athlon-64-3000.c48,,athlon643000
AMD,Ryzen 5 PRO 2500U,Raven Ridge,4,8,2.0,3.6,Socket FP5,14,4,15,Jan 2019,2019-01-01,6611,1804,,,,https://www.techpowerup.com/cpu-specs/ryzen-5-pro-2500u.c2001,https://www.cpubenchmark.net/cpu.php?cpu=AMD+Ryzen+5+PRO+2500U&id=3262,ryzen5pro2500u
AMD,Ryzen 9 7845HX,Dragon Range,12,24,3.0,5.2,Socket FL1,5,64,55,Jan 2023,2023-01-01,44314,3891,,,,https://www.techpowerup.com/cpu-specs/ryzen-9-7845hx.c3026,https://www.cpubenchmark.net/cpu.php?cpu=AMD+Ryzen+9+7845HX&id=5196,ryzen97845hx
AMD,Ryzen Embedded V1756B,Zen,4,8,3.25,3.6,Socket FP5,14,2,45,Feb 2018,2018-02-01,8051,,,,,https://www.techpowerup.com/cpu-specs/ryzen-embedded-v1756b.c2065,https://www.cpubenchmark.net/cpu.php?cpu=AMD+Ryzen+Embedded+V1756B&id=3574,ryzenembeddedv1756b
Intel,Core i7-9700KF,Coffee Lake,8,8,3.6,4.9,Socket 1151,14,12,95,Jan 2019,2019-01-01,14243,,1400,94.76,150.3,https://www.techpowerup.com/cpu-specs/core-i7-9700kf.c2125,https://www.cpubenchmark.net/cpu_lookup.php?cpu=Intel+Core+i7-9700KF+%40+3.60GHz&id=3428,corei79700kf
Intel,Core Ultra 7 268V,Lunar Lake,8,8,2.2,5.0,BGA 2833,3,12,17,Sep 2024,2024-09-01,19299,,1079,,,https://www.techpowerup.com/cpu-specs/core-ultra-7-268v.c3793,https://www.cpubenchmark.net/cpu_lookup.php?cpu=Intel+Core+Ultra+7+268V&id=6393,coreultra7268v
Intel,Pentium Extreme Edition 965,Presler,2,4,3.733,,Socket 775,65,,130,Mar 2006,2006-03-01,959,,4731,,,https://www.techpowerup.com/cpu-specs/pentium-extreme-edition-965.c337,https://www.cpubenchmark.net/cpu_lookup.php?cpu=Intel+Pentium+Extreme+Edition+965+%40+3.73GHz&id=1132,pentiumextremeedition965
Intel,Core 9 273PQE,Bartlett Lake,12,24,3.4,5.9,Socket 1700,10,36,125,Mar 2026,2026-03-01,46043,,311,78.17,589.0,https://www.techpowerup.com/cpu-specs/core-9-273pqe.c4361,https://www.cpubenchmark.net/cpu_lookup.php?cpu=Intel+Core+9+273PQE&id=7241,core9273pqe
Intel,Core i3-10110U,Comet Lake-U,2,4,2.1,4.1,BGA 1440,14,4,25,Aug 2019,2019-08-01,3809,2111,2876,8.77,434.17,https://www.techpowerup.com/cpu-specs/core-i3-10110u.c2234,https://www.cpubenchmark.net/cpu_lookup.php?cpu=Intel+Core+i3-10110U+%40+2.10GHz&id=3573,corei310110u
Intel,Core i9-11900,Rocket Lake,8,16,2.5,5.2,Socket 1200,14,16,65,Mar 2021,2021-03-01,22334,,891,32.15,694.74,https://www.techpowerup.com/cpu-specs/core-i9-11900.c2393,https://www.cpubenchmark.net/cpu_lookup.php?cpu=Intel+Core+i9-11900+%40+2.50GHz&id=4245,corei911900
AMD,Sempron 140,Sargas,1,1,2.7,,Socket AM3,45,,45,Jul 2009,2009-07-01,,,,,,https://www.techpowerup.com/cpu-specs/sempron-140.c820,,sempron140
Intel,Arc G3,Panther Lake,14,14,1.9,4.6,BGA 2540,3,18,25,May 2026,2026-05-01,,,,,,https://www.techpowerup.com/cpu-specs/arc-g3.c4436,,arcg3
Intel,Celeron N2840,Bay Trail-M,2,2,2.16,2.58,BGA 1170,22,,7,May 2014,2014-05-01,581,667,5223,,,https://www.techpowerup.com/cpu-specs/celeron-n2840.c1881,https://www.cpubenchmark.net/cpu_lookup.php?cpu=Intel+Celeron+N2840+%40+2.16GHz&id=2388,celeronn2840
Intel,Core i5-11500,Rocket Lake,6,12,2.7,4.6,Socket 1200,14,12,65,Mar 2021,2021-03-01,17056,,1228,94.59,180.32,https://www.techpowerup.com/cpu-specs/core-i5-11500.c2408,https://www.cpubenchmark.net/cpu_lookup.php?cpu=Intel+Core+i5-11500+%40+2.70GHz&id=4238,corei511500
Intel,Core i7-9700T,Coffee Lake,8,8,2.0,4.3,Socket 1151,14,12,35,Apr 2019,2019-04-01,10566,,1685,25.7,411.08,https://www.techpowerup.com/cpu-specs/core-i7-9700t.c3121,https://www.cpubenchmark.net/cpu_lookup.php?cpu=Intel+Core+i7-9700T+%40+2.00GHz&id=3506,corei79700t
AMD,Ryzen AI 7 PRO 450,Gorgon Point,8,16,2.0,5.1,Socket FP8,4,8,28,Jan 2026,2026-01-01,25009,3979,,,,https://www.techpowerup.com/cpu-specs/ryzen-ai-7-pro-450.c4316,https://www.cpubenchmark.net/cpu.php?cpu=AMD+Ryzen+AI+7+PRO+450&id=7123,ryzenai7pro450
Intel,Core i7-3632QM,Ivy Bridge,4,8,2.2,3.2,Socket G2 (988B),22,6,35,Oct 2012,2012-10-01,4748,1581,2615,27.93,169.95,https://www.techpowerup.com/cpu-specs/core-i7-3632qm.c1221,https://www.cpubenchmark.net/cpu_lookup.php?cpu=Intel+Core+i7-3632QM+%40+2.20GHz&id=1480,corei73632qm
AMD,Ryzen 9 6900HS,Rembrandt,8,16,3.3,4.9,Socket FP7,6,16,35,Jan 2022,2022-01-01,22775,3199,,,,https://www.techpowerup.com/cpu-specs/ryzen-9-6900hs.c2528,https://www.cpubenchmark.net/cpu.php?cpu=AMD+Ryzen+9+6900HS&id=4751,ryzen96900hs
AMD,Ryzen AI 9 HX 475,Gorgon Point,12,24,2.0,5.2,Socket FP8,4,16,28,Jan 2026,2026-01-01,38807,4285,,,,https://www.techpowerup.com/cpu-specs/ryzen-ai-9-hx-475.c4319,https://www.cpubenchmark.net/cpu.php?cpu=AMD+Ryzen+AI+9+HX+475&id=7448,ryzenai9hx475
Intel,Core i3-N300,Gracemont,8,8,0.1,3.7,BGA 1264,10,6,7,Jan 2023,2023-01-01,7961,1922,1957,25.76,309.0,https://www.techpowerup.com/cpu-specs/core-i3-n300.c3014,https://www.cpubenchmark.net/cpu_lookup.php?cpu=Intel+Core+i3-N300&id=5602,corei3n300
AMD,Ryzen 7 4800U,Renoir,8,16,1.8,4.2,Socket FP6,7,8,15,Jan 2020,2020-01-01,16374,2550,,,,https://www.techpowerup.com/cpu-specs/ryzen-7-4800u.c2281,https://www.cpubenchmark.net/cpu.php?cpu=AMD+Ryzen+7+4800U&id=3721,ryzen74800u
AMD,A8 PRO-7600B,Kaveri,4,4,3.1,3.8,Socket FM2+,28,,65,Jul 2014,2014-07-01,,,,,,https://www.techpowerup.com/cpu-specs/a8-pro-7600b.c2616,,a8pro7600b
AMD,Ryzen 7 2700U,Raven Ridge,4,8,2.2,3.8,Socket FP5,14,4,15,Oct 2017,2017-10-01,6759,1778,,,,https://www.techpowerup.com/cpu-specs/ryzen-7-2700u.c1970,https://www.cpubenchmark.net/cpu.php?cpu=AMD+Ryzen+7+2700U&id=3140,ryzen72700u
Intel,Core i7-10850H,Comet Lake-H,6,12,2.7,5.1,BGA 1440,14,12,45,Apr 2020,2020-04-01,11478,2661,1616,29.06,395.0,https://www.techpowerup.com/cpu-specs/core-i7-10850h.c2359,https://www.cpubenchmark.net/cpu_lookup.php?cpu=Intel+Core+i7-10850H+%40+2.70GHz&id=3734,corei710850h
Intel,Core i7-8565U,Whiskey Lake-U,4,8,1.8,4.6,BGA 1528,14,8,15,Oct 2018,2018-10-01,5935,2090,2344,9.65,615.0,https://www.techpowerup.com/cpu-specs/core-i7-8565u.c2103,https://www.cpubenchmark.net/cpu_lookup.php?cpu=Intel+Core+i7-8565U+%40+1.80GHz&id=3308,corei78565u
AMD,Ryzen 5 7540U,Phoenix,6,12,3.2,4.9,Socket FP7,4,16,28,May 2023,2023-05-01,18526,3499,,,,https://www.techpowerup.com/cpu-specs/ryzen-5-7540u.c3364,https://www.cpubenchmark.net/cpu.php?cpu=AMD+Ryzen+5+7540U&id=5539,ryzen57540u
Intel,Celeron N5100,Jasper Lake,4,4,1.1,2.8,BGA 1338,10,4,6,Jan 2021,2021-01-01,3301,1361,3077,,,https://www.techpowerup.com/cpu-specs/celeron-n5100.c4207,https://www.cpubenchmark.net/cpu_lookup.php?cpu=Intel+Celeron+N5100+%40+1.10GHz&id=4331,celeronn5100
Intel,Pentium Dual-Core E2140,Allendale,2,2,1.6,,Socket 775,65,,65,Jun 2007,2007-06-01,,,,,,https://www.techpowerup.com/cpu-specs/pentium-dual-core-e2140.c472,,pentiumdualcoree2140
Qualcomm,Snapdragon X1P-42-100,Oryon,8,8,3.4,,Qualcomm BGA 2073,4,6,30,Aug 2024,2024-08-01,,,,,,https://www.techpowerup.com/cpu-specs/snapdragon-x1p-42-100.c4107,,snapdragonx1p42100
AMD,EPYC 9555,Turin,64,128,3.2,4.4,Socket SP5,4,256,360,Oct 2024,2024-10-01,,,,,,https://www.techpowerup.com/cpu-specs/epyc-9555.c3886,,epyc9555
Intel,Core i7-1365U,Raptor Lake-U,10,12,1.8,5.2,BGA 1744,10,12,15,Jan 2023,2023-01-01,13642,3352,1451,32.02,426.0,https://www.techpowerup.com/cpu-specs/core-i7-1365u.c3070,https://www.cpubenchmark.net/cpu_lookup.php?cpu=Intel+Core+i7-1365U&id=5266,corei71365u
Intel,Pentium 4 HT 3.00,Northwood,1,2,3.0,,Socket 478,130,,82,Apr 2003,2003-04-01,,,,,,https://www.techpowerup.com/cpu-specs/pentium-4-ht-3-00.c271,,pentium4ht300
AMD,Ryzen AI Max 385,Strix Halo,8,16,3.6,5.0,Socket FP11,4,32,55,Jan 2025,2025-01-01,33643,4064,,,,https://www.techpowerup.com/cpu-specs/ryzen-ai-max-385.c3996,https://www.cpubenchmark.net/cpu.php?cpu=AMD+Ryzen+AI+Max+385&id=6602,ryzenaimax385
AMD,Athlon 64 X2 4200+,Brisbane,2,2,2.2,,Socket AM2,65,,65,Dec 2006,2006-12-01,,,,,,https://www.techpowerup.com/cpu-specs/athlon-64-x2-4200.c475,,athlon64x24200
Intel,Xeon E5-2620 v3,Haswell-EP,6,12,2.4,3.2,Socket 2011-3,22,15,85,Sep 2014,2014-09-01,7744,,1987,96.67,80.1,https://www.techpowerup.com/cpu-specs/xeon-e5-2620-v3.c2859,https://www.cpubenchmark.net/cpu_lookup.php?cpu=Intel+Xeon+E5-2620+v3+%40+2.40GHz&id=2418,xeone52620v3
AMD,EPYC 9016,Venice,8,16,3.05,4.8,Socket SP8,2,48,130,Jul 2026,2026-07-01,,,,,,https://www.techpowerup.com/cpu-specs/epyc-9016.c4562,,epyc9016
Intel,Pentium E6700,Wolfdale,2,2,3.2,,Socket 775,45,,65,May 2010,2010-05-01,1202,,4468,31.61,38.02,https://www.techpowerup.com/cpu-specs/pentium-e6700.c867,https://www.cpubenchmark.net/cpu_lookup.php?cpu=Intel+Pentium+E6700+%40+3.20GHz&id=1106,pentiume6700
Intel,Pentium G3250,Haswell,2,2,3.2,,Socket 1150,22,3,54,Jul 2014,2014-07-01,2003,,3819,31.4,63.8,https://www.techpowerup.com/cpu-specs/pentium-g3250.c1771,https://www.cpubenchmark.net/cpu_lookup.php?cpu=Intel+Pentium+G3250+%40+3.20GHz&id=2346,pentiumg3250
Intel,Xeon E5-2620,Sandy Bridge-EP,6,12,2.0,2.5,Socket 2011,32,15,95,Mar 2012,2012-03-01,5335,,2490,59.31,89.95,https://www.techpowerup.com/cpu-specs/xeon-e5-2620.c969,https://www.cpubenchmark.net/cpu_lookup.php?cpu=Intel+Xeon+E5-2620+%40+2.00GHz&id=1214,xeone52620
Intel,Xeon W3520,Bloomfield,4,8,2.666,2.933,Socket 1366,45,8,130,Mar 2009,2009-03-01,2948,,3253,117.9,25.0,https://www.techpowerup.com/cpu-specs/xeon-w3520.c900,https://www.cpubenchmark.net/cpu_lookup.php?cpu=Intel+Xeon+W3520+%40+2.67GHz&id=1266,xeonw3520
AMD,E1-2500,Kabini,2,2,1.4,,Socket FT3,28,,15,May 2013,2013-05-01,,,,,,https://www.techpowerup.com/cpu-specs/e1-2500.c1708,,e12500
Intel,Core i5-4670,Haswell,4,4,3.4,3.8,Socket 1150,22,6,84,Jun 2013,2013-06-01,5486,,2455,91.2,60.15,https://www.techpowerup.com/cpu-specs/core-i5-4670.c1477,https://www.cpubenchmark.net/cpu_lookup.php?cpu=Intel+Core+i5-4670+%40+3.40GHz&id=1933,corei54670
Intel,Core i7-1360P,Raptor Lake-P,12,16,2.2,5.0,BGA 1744,10,18,28,Jan 2023,2023-01-01,18262,3410,1138,38.05,480.0,https://www.techpowerup.com/cpu-specs/core-i7-1360p.c3059,https://www.cpubenchmark.net/cpu_lookup.php?cpu=Intel+Core+i7-1360P&id=5198,corei71360p
Intel,Core i7-3770S,Ivy Bridge,4,8,3.1,3.9,Socket 1155,22,8,65,Apr 2012,2012-04-01,6179,,2287,42.92,143.98,https://www.techpowerup.com/cpu-specs/core-i7-3770s.c1003,https://www.cpubenchmark.net/cpu_lookup.php?cpu=Intel+Core+i7-3770S+%40+3.10GHz&id=897,corei73770s
Intel,Core i7-9800X,Skylake-X,8,16,3.8,4.5,Socket 2066,14,16,165,Oct 2018,2018-10-01,18123,,1150,71.16,254.68,https://www.techpowerup.com/cpu-specs/core-i7-9800x.c2115,https://www.cpubenchmark.net/cpu_lookup.php?cpu=Intel+Core+i7-9800X+%40+3.80GHz&id=3374,corei79800x
Intel,Xeon E3-1220 v3,Haswell-WS,4,4,3.1,3.5,Socket 1150,22,8,80,Jun 2013,2013-06-01,5151,,2540,57.26,89.95,https://www.techpowerup.com/cpu-specs/xeon-e3-1220-v3.c1545,https://www.cpubenchmark.net/cpu_lookup.php?cpu=Intel+Xeon+E3-1220+v3+%40+3.10GHz&id=2022,xeone31220v3
Intel,Celeron J6412,Elkhart Lake,4,4,2.0,2.6,BGA 1493,10,4,10,Jan 2021,2021-01-01,3804,,2878,70.44,54.0,https://www.techpowerup.com/cpu-specs/celeron-j6412.c4294,https://www.cpubenchmark.net/cpu_lookup.php?cpu=Intel+Celeron+J6412+%40+2.00GHz&id=4474,celeronj6412
Intel,Pentium 4 2.80,Northwood,1,1,2.793,,Socket 478,130,,110,Aug 2002,2002-08-01,,,,,,https://www.techpowerup.com/cpu-specs/pentium-4-2-80.c277,,pentium4280
Intel,Pentium B950,Sandy Bridge,2,2,2.1,,Socket G2 (988B),32,2,35,Jun 2011,2011-06-01,1022,943,4664,,,https://www.techpowerup.com/cpu-specs/pentium-b950.c1314,https://www.cpubenchmark.net/cpu_lookup.php?cpu=Intel+Pentium+B950+%40+2.10GHz&id=1094,pentiumb950
Intel,Xeon X3450,Lynnfield,4,8,2.667,3.2,Socket 1156,45,8,95,Sep 2009,2009-09-01,2863,,3293,73.41,39.0,https://www.techpowerup.com/cpu-specs/xeon-x3450.c3962,https://www.cpubenchmark.net/cpu_lookup.php?cpu=Intel+Xeon+X3450+%40+2.67GHz&id=1289,xeonx3450
Intel,Xeon X5650,Westmere-EP,6,12,2.666,3.066,Socket 1366,32,12,95,Mar 2010,2010-03-01,5757,,2381,576.87,9.98,https://www.techpowerup.com/cpu-specs/xeon-x5650.c946,https://www.cpubenchmark.net/cpu_lookup.php?cpu=Intel+Xeon+X5650+%40+2.67GHz&id=1304,xeonx5650
Intel,Core i5-540M,Arrandale,2,4,2.533,3.073,Socket G1,32,3,35,Jan 2010,2010-01-01,1793,1130,3984,25.61,70.0,https://www.techpowerup.com/cpu-specs/core-i5-540m.c1868,https://www.cpubenchmark.net/cpu_lookup.php?cpu=Intel+Core+i5-540M+%40+2.53GHz&id=779,corei5540m
Intel,Core i7-10610U,Comet Lake-U,4,8,1.8,4.9,BGA 1440,14,8,25,Apr 2020,2020-04-01,6533,2202,2206,15.97,409.0,https://www.techpowerup.com/cpu-specs/core-i7-10610u.c2358,https://www.cpubenchmark.net/cpu_lookup.php?cpu=Intel+Core+i7-10610U+%40+1.80GHz&id=3738,corei710610u
Intel,Core i7-4820K,Ivy Bridge-E,4,8,3.7,3.9,Socket 2011,22,10,130,Sep 2013,2013-09-01,6512,,2213,36.18,180.0,https://www.techpowerup.com/cpu-specs/core-i7-4820k.c1571,https://www.cpubenchmark.net/cpu_lookup.php?cpu=Intel+Core+i7-4820K+%40+3.70GHz&id=2030,corei74820k
Intel,Core i9-13980HX,Raptor Lake-HX,24,32,2.2,5.6,BGA 1964,10,36,55,Jan 2023,2023-01-01,45279,4209,321,67.78,668.0,https://www.techpowerup.com/cpu-specs/core-i9-13980hx.c3016,https://www.cpubenchmark.net/cpu_lookup.php?cpu=Intel+Core+i9-13980HX&id=5201,corei913980hx
Intel,Processor 300,Raptor Lake-S,2,4,3.9,,Socket 1700,10,6,46,Jan 2024,2024-01-01,,,,,,https://www.techpowerup.com/cpu-specs/processor-300.c3457,,processor300
AMD,Athlon X4 880K,Godaveri,4,4,4.0,4.2,Socket FM2+,28,,95,Dec 2015,2015-12-01,3660,,,,94.61,https://www.techpowerup.com/cpu-specs/athlon-x4-880k.c2631,https://www.cpubenchmark.net/cpu.php?cpu=AMD+Athlon+X4+880K&id=2747,athlonx4880k
AMD,EPYC 7262,Rome,8,16,3.2,3.4,Socket SP3,7,32,155,Aug 2019,2019-08-01,20779,,,,740.05,https://www.techpowerup.com/cpu-specs/epyc-7262.c2257,https://www.cpubenchmark.net/cpu.php?cpu=AMD+EPYC+7262&id=3636,epyc7262
AMD,Ryzen 3 5425U,Barcelo,4,8,2.7,4.1,Socket FP6,7,8,15,Jan 2022,2022-01-01,11191,2884,,,,https://www.techpowerup.com/cpu-specs/ryzen-3-5425u.c2519,https://www.cpubenchmark.net/cpu.php?cpu=AMD+Ryzen+3+5425U&id=4715,ryzen35425u
Qualcomm,Snapdragon X1E-80-100,Oryon,12,12,3.4,4.0,Qualcomm BGA 2073,4,6,35,Apr 2024,2024-04-01,,,,,,https://www.techpowerup.com/cpu-specs/snapdragon-x1e-80-100.c4101,,snapdragonx1e80100
Intel,Core i7-6850K,Broadwell-E,6,12,3.6,3.8,Socket 2011-3,14,15,140,May 2016,2016-05-01,11388,,1621,200.06,56.92,https://www.techpowerup.com/cpu-specs/core-i7-6850k.c1845,https://www.cpubenchmark.net/cpu_lookup.php?cpu=Intel+Core+i7-6850K+%40+3.60GHz&id=2800,corei76850k
Intel,Core 2 Extreme QX9300,Penryn QC XE,4,4,2.534,,Socket P,45,,45,Aug 2008,2008-08-01,,,,,,https://www.techpowerup.com/cpu-specs/core-2-extreme-qx9300.c1388,,core2extremeqx9300
Intel,Core i7-4790S,Haswell,4,8,3.2,4.0,Socket 1150,22,8,65,May 2014,2014-05-01,6954,,2121,77.82,89.36,https://www.techpowerup.com/cpu-specs/core-i7-4790s.c1753,https://www.cpubenchmark.net/cpu_lookup.php?cpu=Intel+Core+i7-4790S+%40+3.20GHz&id=2258,corei74790s
Intel,Core i9-9900KS,Coffee Lake-R,8,16,4.0,5.0,Socket 1151,14,16,127,Oct 2019,2019-10-01,19345,,1076,13.93,1389.0,https://www.techpowerup.com/cpu-specs/core-i9-9900ks.c2242,https://www.cpubenchmark.net/cpu_lookup.php?cpu=Intel+Core+i9-9900KS+%40+4.00GHz&id=3593,corei99900ks
Intel,Xeon E5-2640 v3,Haswell-EP,8,16,2.6,3.4,Socket 2011-3,22,20,90,Sep 2014,2014-09-01,10986,,1650,57.84,189.95,https://www.techpowerup.com/cpu-specs/xeon-e5-2640-v3.c2868,https://www.cpubenchmark.net/cpu_lookup.php?cpu=Intel+Xeon+E5-2640+v3+%40+2.60GHz&id=2365,xeone52640v3
AMD,A10-5750M,Richland,4,4,2.5,3.5,Socket FS1r2,32,,35,Jun 2013,2013-06-01,,,,,,https://www.techpowerup.com/cpu-specs/a10-5750m.c1554,,a105750m
AMD,EPYC 9655,Turin,96,192,2.6,4.5,Socket SP5,4,384,400,Oct 2024,2024-10-01,156110,,,,11852.0,https://www.techpowerup.com/cpu-specs/epyc-9655.c3882,https://www.cpubenchmark.net/cpu.php?cpu=AMD+EPYC+9655&id=6404,epyc9655
Intel,Core 9 270H,Raptor Lake-H,14,20,2.7,5.8,BGA 1744,10,24,45,Dec 2024,2024-12-01,28035,3889,645,,,https://www.techpowerup.com/cpu-specs/core-9-270h.c3991,https://www.cpubenchmark.net/cpu_lookup.php?cpu=Intel+Core+9+270H&id=6718,core9270h
AMD,Athlon 64 X2 6000+,Windsor,2,2,3.0,,Socket AM2,90,,125,Feb 2007,2007-02-01,,,,,,https://www.techpowerup.com/cpu-specs/athlon-64-x2-6000.c425,,athlon64x26000
AMD,EPYC 7642,Rome,48,96,2.4,3.4,Socket SP3,7,256,225,Aug 2019,2019-08-01,59199,,,,1482.45,https://www.techpowerup.com/cpu-specs/epyc-7642.c2247,https://www.cpubenchmark.net/cpu.php?cpu=AMD+EPYC+7642&id=4336,epyc7642
Hygon,C86 3350,Dhyana,8,16,3.0,3.3,,12,16,65,2021,202101-01,,,,,,https://www.techpowerup.com/cpu-specs/c86-3350.c4338,,c863350
Intel,Xeon W-2123,Skylake-W,4,8,3.6,3.9,Socket 2066,14,8,120,Aug 2017,2017-08-01,8465,,1886,19.82,427.11,https://www.techpowerup.com/cpu-specs/xeon-w-2123.c2950,https://www.cpubenchmark.net/cpu_lookup.php?cpu=Intel+Xeon+W-2123+%40+3.60GHz&id=3136,xeonw2123
Intel,Core 2 Duo T9300,Penryn,2,2,2.5,,Socket P,45,,35,Jan 2008,2008-01-01,978,1014,4714,10.3,94.95,https://www.techpowerup.com/cpu-specs/core-2-duo-t9300.c2735,https://www.cpubenchmark.net/cpu_lookup.php?cpu=Intel+Core2+Duo+T9300+%40+2.50GHz&id=1008,core2duot9300
Intel,Core i5-11300H,Tiger Lake-H,4,8,2.6,4.4,BGA 1449,10,8,28,Jan 2021,2021-01-01,10746,2762,1675,34.78,309.0,https://www.techpowerup.com/cpu-specs/core-i5-11300h.c2831,https://www.cpubenchmark.net/cpu_lookup.php?cpu=Intel+Core+i5-11300H+%40+3.10GHz&id=4279,corei511300h
Intel,Processor N250,Twin Lake,4,4,0.1,3.8,BGA 1264,10,6,6,Jan 2025,2025-01-01,,,,,,https://www.techpowerup.com/cpu-specs/processor-n250.c4110,,processorn250
Intel,Xeon 6767P,Granite Rapids,64,128,2.4,3.9,Socket 4710,5,336,350,Feb 2025,2025-02-01,,,,,,https://www.techpowerup.com/cpu-specs/xeon-6767p.c4068,,xeon6767p
Intel,Atom N570,Pineview,2,4,1.667,,BGA 559,45,,9,Mar 2011,2011-03-01,360,276,5511,4.18,86.0,https://www.techpowerup.com/cpu-specs/atom-n570.c1409,https://www.cpubenchmark.net/cpu_lookup.php?cpu=Intel+Atom+N570+%40+1.66GHz&id=623,atomn570
Intel,Core i5-12450HX,Alder Lake-HX,8,12,2.4,4.4,BGA 1964,10,12,55,May 2022,2022-05-01,17612,3294,1191,,,https://www.techpowerup.com/cpu-specs/core-i5-12450hx.c2792,https://www.cpubenchmark.net/cpu_lookup.php?cpu=Intel+Core+i5-12450HX&id=5785,corei512450hx
Intel,Xeon Gold 6530,Emerald Rapids,32,64,2.1,4.0,Socket 4677,10,160,270,Dec 2023,2023-12-01,49085,,281,24.38,2013.59,https://www.techpowerup.com/cpu-specs/xeon-gold-6530.c3425,https://www.cpubenchmark.net/cpu_lookup.php?cpu=Intel+Xeon+Gold+6530&id=5995,xeongold6530
Intel,Xeon W3690,Gulftown,6,12,3.466,3.733,Socket 1366,32,12,130,Feb 2011,2011-02-01,7361,,2049,47.79,154.04,https://www.techpowerup.com/cpu-specs/xeon-w3690.c929,https://www.cpubenchmark.net/cpu_lookup.php?cpu=Intel+Xeon+W3690+%40+3.47GHz&id=1275,xeonw3690
AMD,PRO A12-8870,Carrizo,4,4,3.7,4.2,Socket AM4,28,,65,Oct 2016,2016-10-01,3832,,,,,https://www.techpowerup.com/cpu-specs/pro-a12-8870.c2609,https://www.cpubenchmark.net/cpu.php?cpu=AMD+PRO+A12-8870&id=2937,proa128870
Hygon,C86 3250,Dhyana,8,16,2.8,3.0,,14,16,90,2018,201801-01,,,,,,https://www.techpowerup.com/cpu-specs/c86-3250.c4337,,c863250
Intel,Pentium G860,Sandy Bridge,2,2,3.0,,Socket 1155,32,3,65,Sep 2011,2011-09-01,1496,,4207,21.15,70.73,https://www.techpowerup.com/cpu-specs/pentium-g860.c805,https://www.cpubenchmark.net/cpu_lookup.php?cpu=Intel+Pentium+G860+%40+3.00GHz&id=1117,pentiumg860
AMD,Athlon 64 X2 5000+,Brisbane,2,2,2.6,,Socket AM2,65,,65,Dec 2006,2006-12-01,,,,,,https://www.techpowerup.com/cpu-specs/athlon-64-x2-5000.c426,,athlon64x25000
AMD,Ryzen 3 7335U,Rembrandt-R,4,8,3.0,4.3,Socket FP7,6,8,28,Jan 2023,2023-01-01,12367,3039,,,,https://www.techpowerup.com/cpu-specs/ryzen-3-7335u.c3038,https://www.cpubenchmark.net/cpu.php?cpu=AMD+Ryzen+3+7335U&id=6044,ryzen37335u
Intel,Core 2 Extreme X6800,Conroe XE,2,2,2.933,,Socket 775,65,,75,Jul 2006,2006-07-01,1118,,4548,4.24,263.64,https://www.techpowerup.com/cpu-specs/core-2-extreme-x6800.c369,https://www.cpubenchmark.net/cpu_lookup.php?cpu=Intel+Core2+Extreme+X6800+%40+2.93GHz&id=933,core2extremex6800
Intel,Core 5 220H,Raptor Lake-H,12,16,2.7,4.9,BGA 1744,10,18,45,Dec 2024,2024-12-01,21884,3405,917,,,https://www.techpowerup.com/cpu-specs/core-5-220h.c3987,https://www.cpubenchmark.net/cpu_lookup.php?cpu=Intel+Core+5+220H&id=6514,core5220h
Intel,Pentium D 820,Smithfield,2,2,2.8,,Socket 775,90,,130,May 2005,2005-05-01,,,,,,https://www.techpowerup.com/cpu-specs/pentium-d-820.c317,,pentiumd820
AMD,Ryzen Threadripper PRO 7965WX,Storm Peak,24,48,4.2,5.3,Socket sTR5,5,128,350,Oct 2023,2023-10-01,82214,,,,2759.38,https://www.techpowerup.com/cpu-specs/ryzen-threadripper-pro-7965wx.c3361,https://www.cpubenchmark.net/cpu.php?cpu=AMD+Ryzen+Threadripper+PRO+7965WX&id=5731,ryzenthreadripperpro7965wx
Intel,Pentium G3258,Haswell,2,2,3.2,,Socket 1150,22,3,54,Jun 2014,2014-06-01,2066,,3774,17.22,120.0,https://www.techpowerup.com/cpu-specs/pentium-g3258.c1797,https://www.cpubenchmark.net/cpu_lookup.php?cpu=Intel+Pentium+G3258+%40+3.20GHz&id=2267,pentiumg3258
Intel,Xeon E5430,Harpertown,4,4,2.667,,Socket 771,45,,80,Nov 2007,2007-11-01,2261,,3645,9.83,229.95,https://www.techpowerup.com/cpu-specs/xeon-e5430.c4147,https://www.cpubenchmark.net/cpu_lookup.php?cpu=Intel+Xeon+E5430+%40+2.66GHz&id=1234,xeone5430
AMD,Ryzen 7 8700GE,Phoenix,8,16,3.6,4.8,Socket AM5,4,16,35,Unknown,,,,,,,https://www.techpowerup.com/cpu-specs/ryzen-7-8700ge.c3493,,ryzen78700ge
AMD,Ryzen Threadripper PRO 7975WX,Storm Peak,32,64,4.0,5.3,Socket sTR5,5,128,350,Oct 2023,2023-10-01,95623,,,,3799.99,https://www.techpowerup.com/cpu-specs/ryzen-threadripper-pro-7975wx.c3360,https://www.cpubenchmark.net/cpu.php?cpu=AMD+Ryzen+Threadripper+PRO+7975WX&id=5729,ryzenthreadripperpro7975wx
Intel,Core i7-875K,Lynnfield,4,8,2.933,3.6,Socket 1156,45,8,95,May 2010,2010-05-01,3220,,3114,18.51,174.0,https://www.techpowerup.com/cpu-specs/core-i7-875k.c706,https://www.cpubenchmark.net/cpu_lookup.php?cpu=Intel+Core+i7-875K+%40+2.93GHz&id=846,corei7875k
Intel,Pentium Silver J5005,Gemini Lake,4,4,1.5,2.8,BGA 1090,14,,10,Dec 2017,2017-12-01,3129,,3155,5.99,521.99,https://www.techpowerup.com/cpu-specs/pentium-silver-j5005.c3282,https://www.cpubenchmark.net/cpu_lookup.php?cpu=Intel+Pentium+Silver+J5005+%40+1.50GHz&id=3144,pentiumsilverj5005
AMD,EPYC 7F52,Rome,16,32,3.5,3.9,Socket SP3,7,256,240,Apr 2020,2020-04-01,40985,,,,1895.3,https://www.techpowerup.com/cpu-specs/epyc-7f52.c2301,https://www.cpubenchmark.net/cpu.php?cpu=AMD+EPYC+7F52&id=3753,epyc7f52
AMD,Steam Deck CPU (LCD),Van Gogh,4,8,2.4,3.5,BGA ST1,7,4,15,Feb 2022,2022-02-01,,,,,,https://www.techpowerup.com/cpu-specs/steam-deck-cpu-lcd.c3397,,steamdeckcpulcd
Intel,Core 2 Duo E6550,Conroe,2,2,2.333,,Socket 775,65,,65,Jul 2007,2007-07-01,906,,4801,68.11,13.3,https://www.techpowerup.com/cpu-specs/core-2-duo-e6550.c460,https://www.cpubenchmark.net/cpu_lookup.php?cpu=Intel+Core2+Duo+E6550+%40+2.33GHz&id=941,core2duoe6550
AMD,Ryzen 5 PRO 6650H,Rembrandt,6,12,3.3,4.5,Socket FP7,6,16,45,Apr 2022,2022-04-01,18566,3264,,,,https://www.techpowerup.com/cpu-specs/ryzen-5-pro-6650h.c2769,https://www.cpubenchmark.net/cpu.php?cpu=AMD+Ryzen+5+PRO+6650H&id=4979,ryzen5pro6650h
AMD,Ryzen Embedded R1305G,Zen,2,4,1.5,2.8,Socket FP5,14,4,10,Feb 2020,2020-02-01,,1593,,,,https://www.techpowerup.com/cpu-specs/ryzen-embedded-r1305g.c2842,https://www.cpubenchmark.net/cpu.php?cpu=AMD+Ryzen+Embedded+R1305G&id=3886,ryzenembeddedr1305g
Intel,Core i5-9600KF,Coffee Lake,6,6,3.7,4.6,Socket 1151,14,9,95,Jan 2019,2019-01-01,10645,,1683,116.78,91.15,https://www.techpowerup.com/cpu-specs/core-i5-9600kf.c2144,https://www.cpubenchmark.net/cpu_lookup.php?cpu=Intel+Core+i5-9600KF+%40+3.70GHz&id=3443,corei59600kf
Intel,Core i7-1370P,Raptor Lake-P,14,20,1.9,5.2,BGA 1744,10,24,28,Jan 2023,2023-01-01,19747,3477,1046,,,https://www.techpowerup.com/cpu-specs/core-i7-1370p.c3055,https://www.cpubenchmark.net/cpu_lookup.php?cpu=Intel+Core+i7-1370P&id=5129,corei71370p
Intel,Pentium Dual-Core T4400,Penryn,2,2,2.2,,Socket P,45,,35,Dec 2009,2009-12-01,,,,,,https://www.techpowerup.com/cpu-specs/pentium-dual-core-t4400.c1365,,pentiumdualcoret4400
Intel,Xeon E5-2650 v3,Haswell-EP,10,20,2.3,3.0,Socket 2011-3,22,25,105,Sep 2014,2014-09-01,11643,,1603,6.16,1889.0,https://www.techpowerup.com/cpu-specs/xeon-e5-2650-v3.c2872,https://www.cpubenchmark.net/cpu_lookup.php?cpu=Intel+Xeon+E5-2650+v3+%40+2.30GHz&id=2344,xeone52650v3
AMD,Ryzen Embedded V1605B,Zen,4,8,2.0,3.6,Socket FP5,14,2,15,Feb 2018,2018-02-01,6786,1916,,,,https://www.techpowerup.com/cpu-specs/ryzen-embedded-v1605b.c2064,https://www.cpubenchmark.net/cpu.php?cpu=AMD+Ryzen+Embedded+V1605B&id=3331,ryzenembeddedv1605b
Intel,Core i5-660,Clarkdale,2,4,3.333,3.6,Socket 1156,32,4,73,Jan 2010,2010-01-01,2355,,3584,15.7,149.95,https://www.techpowerup.com/cpu-specs/core-i5-660.c663,https://www.cpubenchmark.net/cpu_lookup.php?cpu=Intel+Core+i5-660+%40+3.33GHz&id=768,corei5660
Intel,Xeon E3-1220 v2,Ivy Bridge,4,4,3.1,3.5,Socket 1155,22,8,69,May 2012,2012-05-01,4635,,2646,51.52,89.95,https://www.techpowerup.com/cpu-specs/xeon-e3-1220-v2.c1033,https://www.cpubenchmark.net/cpu_lookup.php?cpu=Intel+Xeon+E3-1220+V2+%40+3.10GHz&id=1188,xeone31220v2
NVIDIA,DGX Spark (MediaTek AHJ11488B),GB10,20,20,2.8,4.0,,3,8,140,Oct 2025,2025-10-01,,,,,,https://www.techpowerup.com/cpu-specs/dgx-spark-mediatek-ahj11488b.c4473,,dgxsparkmediatekahj11488b
AMD,EPYC 9754,Bergamo,128,256,2.25,3.1,Socket SP5,5,256,360,Jun 2023,2023-06-01,98450,,,,4996.96,https://www.techpowerup.com/cpu-specs/epyc-9754.c3257,https://www.cpubenchmark.net/cpu.php?cpu=AMD+EPYC+9754&id=5752,epyc9754
Intel,Core i5-430M,Arrandale,2,4,2.267,2.534,Socket G1,32,3,35,Jan 2010,2010-01-01,1210,970,4455,9.31,129.95,https://www.techpowerup.com/cpu-specs/core-i5-430m.c1874,https://www.cpubenchmark.net/cpu_lookup.php?cpu=Intel+Core+i5-430M+%40+2.27GHz&id=775,corei5430m
Intel,Core Ultra 5 245,Arrow Lake-S,14,14,3.5,5.1,Socket 1851,3,24,65,Jan 2025,2025-01-01,39027,,389,,,https://www.techpowerup.com/cpu-specs/core-ultra-5-245.c4020,https://www.cpubenchmark.net/cpu_lookup.php?cpu=Intel+Core+Ultra+5+245&id=6675,coreultra5245
AMD,Athlon II X2 215,Regor,2,2,2.7,,Socket AM3,45,,65,Oct 2009,2009-10-01,,,,,,https://www.techpowerup.com/cpu-specs/athlon-ii-x2-215.c688,,athloniix2215
AMD,Ryzen 7 PRO 4750GE,Renoir,8,16,3.1,4.3,Socket AM4,7,8,35,Jul 2020,2020-07-01,18484,,,,,https://www.techpowerup.com/cpu-specs/ryzen-7-pro-4750ge.c2327,https://www.cpubenchmark.net/cpu.php?cpu=AMD+Ryzen+7+PRO+4750GE&id=3842,ryzen7pro4750ge
Intel,Core 3 N350,Twin Lake,8,8,0.1,3.9,BGA 1264,10,6,7,Jan 2025,2025-01-01,7356,,2051,,,https://www.techpowerup.com/cpu-specs/core-3-n350.c4111,https://www.cpubenchmark.net/cpu_lookup.php?cpu=Intel+Core+3+N350&id=6605,core3n350
Intel,Core i7-5500U,Broadwell-U,2,4,2.4,3.0,BGA 1168,14,4,15,Mar 2015,2015-03-01,2803,1651,3317,,,https://www.techpowerup.com/cpu-specs/core-i7-5500u.c1809,https://www.cpubenchmark.net/cpu_lookup.php?cpu=Intel+Core+i7-5500U+%40+2.40GHz&id=2470,corei75500u
AMD,Ryzen 5 2500X,Zen,4,8,3.6,4.0,Socket AM4,12,8,65,Sep 2018,2018-09-01,9359,,,,,https://www.techpowerup.com/cpu-specs/ryzen-5-2500x.c2100,https://www.cpubenchmark.net/cpu.php?cpu=AMD+Ryzen+5+2500X&id=3410,ryzen52500x
Intel,Xeon E5-2630 v3,Haswell-EP,8,16,2.4,3.2,Socket 2011-3,22,20,85,Sep 2014,2014-09-01,10181,,1715,8.68,1173.0,https://www.techpowerup.com/cpu-specs/xeon-e5-2630-v3.c2866,https://www.cpubenchmark.net/cpu_lookup.php?cpu=Intel+Xeon+E5-2630+v3+%40+2.40GHz&id=2386,xeone52630v3
AMD,A4-6210,Beema,4,4,1.8,,Socket FT3,28,,15,Apr 2014,2014-04-01,,,,,,https://www.techpowerup.com/cpu-specs/a4-6210.c4199,,a46210
AMD,EPYC 9354,Genoa,32,64,3.25,3.8,Socket SP5,5,256,280,Nov 2022,2022-11-01,73240,,,,2258.53,https://www.techpowerup.com/cpu-specs/epyc-9354.c2923,https://www.cpubenchmark.net/cpu.php?cpu=AMD+EPYC+9354&id=5625,epyc9354
AMD,Ryzen 7 8840HX,Dragon Range,12,24,2.9,5.1,Socket FL1,5,64,55,Apr 2025,2025-04-01,42858,3944,,,,https://www.techpowerup.com/cpu-specs/ryzen-7-8840hx.c4133,https://www.cpubenchmark.net/cpu.php?cpu=AMD+Ryzen+7+8840HX&id=6948,ryzen78840hx
Intel,Pentium E6500,Wolfdale,2,2,2.933,,Socket 775,45,,65,Aug 2009,2009-08-01,1138,,4532,43.1,26.4,https://www.techpowerup.com/cpu-specs/pentium-e6500.c864,https://www.cpubenchmark.net/cpu_lookup.php?cpu=Intel+Pentium+E6500+%40+2.93GHz&id=1104,pentiume6500
AMD,A10-7870K,Godaveri,4,4,3.9,4.1,Socket FM2+,28,,95,May 2015,2015-05-01,3514,,,,517.2,https://www.techpowerup.com/cpu-specs/a10-7870k.c1833,https://www.cpubenchmark.net/cpu.php?cpu=AMD+A10-7870K&id=2531,a107870k
Intel,Pentium Silver N5000,Gemini Lake,4,4,1.1,2.7,BGA 1090,14,,6,Dec 2017,2017-12-01,2588,1123,3436,16.07,161.0,https://www.techpowerup.com/cpu-specs/pentium-silver-n5000.c3277,https://www.cpubenchmark.net/cpu_lookup.php?cpu=Intel+Pentium+Silver+N5000+%40+1.10GHz&id=3204,pentiumsilvern5000
Intel,Xeon W-1370P,Rocket Lake-S,8,16,3.6,5.2,Socket 1200,14,16,125,May 2021,2021-05-01,23286,,850,45.75,508.99,https://www.techpowerup.com/cpu-specs/xeon-w-1370p.c3553,https://www.cpubenchmark.net/cpu_lookup.php?cpu=Intel+Xeon+W-1370P+%40+3.60GHz&id=4377,xeonw1370p
Intel,Xeon E5-1680 v2,Ivy Bridge-EP,8,16,3.0,3.9,Socket 2011,22,25,130,Sep 2013,2013-09-01,12371,,1551,,,https://www.techpowerup.com/cpu-specs/xeon-e5-1680-v2.c2670,https://www.cpubenchmark.net/cpu_lookup.php?cpu=Intel+Xeon+E5-1680+v2+%40+3.00GHz&id=2342,xeone51680v2
Intel,Xeon E5-2667 v2,Ivy Bridge-EP,8,16,3.3,4.0,Socket 2011,22,20,130,Sep 2013,2013-09-01,12149,,1566,48.61,249.95,https://www.techpowerup.com/cpu-specs/xeon-e5-2667-v2.c1662,https://www.cpubenchmark.net/cpu_lookup.php?cpu=Intel+Xeon+E5-2667+v2+%40+3.30GHz&id=2154,xeone52667v2
AMD,EPYC 9684X,Genoa-X,96,192,2.55,3.7,Socket SP5,5,1152,400,Jun 2023,2023-06-01,122017,,,,7750.0,https://www.techpowerup.com/cpu-specs/epyc-9684x.c3253,https://www.cpubenchmark.net/cpu.php?cpu=AMD+EPYC+9684X&id=5971,epyc9684x
AMD,PRO A10-8770E,Carrizo,4,4,2.8,3.5,Socket AM4,28,,35,Oct 2016,2016-10-01,,,,,,https://www.techpowerup.com/cpu-specs/pro-a10-8770e.c2608,,proa108770e
AMD,Ryzen 7 5800HS,Cezanne,8,16,2.8,4.4,Socket FP6,7,16,35,Jan 2021,2021-01-01,19354,2960,,,,https://www.techpowerup.com/cpu-specs/ryzen-7-5800hs.c2369,https://www.cpubenchmark.net/cpu.php?cpu=AMD+Ryzen+7+5800HS&id=4170,ryzen75800hs
Intel,Xeon W3550,Bloomfield,4,8,3.066,3.333,Socket 1366,45,8,130,Aug 2009,2009-08-01,3272,,3093,65.51,49.95,https://www.techpowerup.com/cpu-specs/xeon-w3550.c903,https://www.cpubenchmark.net/cpu_lookup.php?cpu=Intel+Xeon+W3550+%40+3.07GHz&id=1269,xeonw3550
AMD,Ryzen 3 3200GE,Picasso,4,4,3.3,4.0,Socket AM4,12,4,35,Jul 2019,2019-07-01,7095,,,,,https://www.techpowerup.com/cpu-specs/ryzen-3-3200ge.c2793,https://www.cpubenchmark.net/cpu.php?cpu=AMD+Ryzen+3+3200GE&id=3779,ryzen33200ge
AMD,Ryzen Threadripper 7970X,Storm Peak,32,64,4.0,5.3,Socket sTR5,5,128,350,Oct 2023,2023-10-01,99236,,,,1920.23,https://www.techpowerup.com/cpu-specs/ryzen-threadripper-7970x.c3358,https://www.cpubenchmark.net/cpu.php?cpu=AMD+Ryzen+Threadripper+7970X&id=5811,ryzenthreadripper7970x
Intel,Xeon E5-1620,Sandy Bridge-E,4,8,3.6,3.8,Socket 2011,32,10,130,Mar 2012,2012-03-01,5843,,2358,83.47,70.0,https://www.techpowerup.com/cpu-specs/xeon-e5-1620.c983,https://www.cpubenchmark.net/cpu_lookup.php?cpu=Intel+Xeon+E5-1620+%40+3.60GHz&id=1210,xeone51620
AMD,Ryzen 9 5900HS,Cezanne,8,16,3.0,4.6,Socket FP6,7,16,35,Jan 2021,2021-01-01,20969,3107,,,,https://www.techpowerup.com/cpu-specs/ryzen-9-5900hs.c3518,https://www.cpubenchmark.net/cpu.php?cpu=AMD+Ryzen+9+5900HS&id=3905,ryzen95900hs
AMD,Ryzen 9 4900H,Renoir,8,16,3.3,4.4,Socket FP6,7,8,54,Mar 2020,2020-03-01,18701,2684,,,,https://www.techpowerup.com/cpu-specs/ryzen-9-4900h.c2279,https://www.cpubenchmark.net/cpu.php?cpu=AMD+Ryzen+9+4900H&id=3756,ryzen94900h
AMD,A9-9820,Cato,8,8,2.35,,BGA 1443,28,,135,Apr 2019,2019-04-01,3970,,,,,https://www.techpowerup.com/cpu-specs/a9-9820.c4574,https://www.cpubenchmark.net/cpu.php?cpu=AMD+A9-9820&id=4265,a99820
Intel,Core i9-11900H,Tiger Lake-H,8,16,2.1,4.9,BGA 1787,10,24,35,May 2021,2021-05-01,19703,3069,1048,36.09,546.0,https://www.techpowerup.com/cpu-specs/core-i9-11900h.c2475,https://www.cpubenchmark.net/cpu_lookup.php?cpu=Intel+Core+i9-11900H+%40+2.50GHz&id=4436,corei911900h
AMD,EPYC 7443,Milan,24,48,2.85,4.0,Socket SP3,7,128,200,Mar 2021,2021-03-01,56743,,,,1115.0,https://www.techpowerup.com/cpu-specs/epyc-7443.c2384,https://www.cpubenchmark.net/cpu.php?cpu=AMD+EPYC+7443&id=4708,epyc7443
Intel,Celeron 430,Conroe-L,1,1,1.8,,Socket 775,65,,35,Jun 2007,2007-06-01,305,,5622,5.08,59.95,https://www.techpowerup.com/cpu-specs/celeron-430.c843,https://www.cpubenchmark.net/cpu_lookup.php?cpu=Intel+Celeron+430+%40+1.80GHz&id=651,celeron430
Intel,Core Ultra 5 228V,Lunar Lake,8,8,2.1,4.5,BGA 2833,3,8,17,Sep 2024,2024-09-01,18157,3799,1144,,,https://www.techpowerup.com/cpu-specs/core-ultra-5-228v.c3799,https://www.cpubenchmark.net/cpu_lookup.php?cpu=Intel+Core+Ultra+5+228V&id=6364,coreultra5228v
Intel,Xeon E5-2629 v3,Haswell-EP,8,16,2.4,3.2,Socket 2011-3,22,20,85,Sep 2014,2014-09-01,9287,,1803,18.58,499.88,https://www.techpowerup.com/cpu-specs/xeon-e5-2629-v3.c2865,https://www.cpubenchmark.net/cpu_lookup.php?cpu=Intel+Xeon+E5-2629+v3+%40+2.40GHz&id=2867,xeone52629v3
AMD,A8-3870K,Llano,4,4,3.0,,Socket FM1,32,,100,Dec 2011,2011-12-01,,,,,,https://www.techpowerup.com/cpu-specs/a8-3870k.c878,,a83870k
AMD,Ryzen Threadripper PRO 5965WX,Chagall PRO,24,48,3.8,4.5,Socket WRX8,7,128,280,Mar 2022,2022-03-01,65855,,,,1553.99,https://www.techpowerup.com/cpu-specs/ryzen-threadripper-pro-5965wx.c2721,https://www.cpubenchmark.net/cpu.php?cpu=AMD+Ryzen+Threadripper+PRO+5965WX&id=4768,ryzenthreadripperpro5965wx
Intel,Xeon E5-2667,Sandy Bridge-EP,6,12,2.9,3.5,Socket 2011,32,15,130,Mar 2012,2012-03-01,7473,,2027,196.72,37.99,https://www.techpowerup.com/cpu-specs/xeon-e5-2667.c972,https://www.cpubenchmark.net/cpu_lookup.php?cpu=Intel+Xeon+E5-2667+%40+2.90GHz&id=1488,xeone52667
AMD,Athlon II X2 245,Regor,2,2,2.9,,Socket AM3,45,,65,Jul 2009,2009-07-01,,,,,,https://www.techpowerup.com/cpu-specs/athlon-ii-x2-245.c601,,athloniix2245
AMD,Athlon II X2 270,Regor,2,2,3.4,,Socket AM3,45,,65,Jul 2011,2011-07-01,,,,,,https://www.techpowerup.com/cpu-specs/athlon-ii-x2-270.c1526,,athloniix2270
Intel,Core i7-975,Bloomfield,4,8,3.333,3.6,Socket 1366,45,8,130,Jun 2009,2009-06-01,3499,,2992,7.64,458.1,https://www.techpowerup.com/cpu-specs/core-i7-975.c642,https://www.cpubenchmark.net/cpu_lookup.php?cpu=Intel+Core+i7-975+%40+3.33GHz&id=841,corei7975
AMD,EPYC 7543,Milan,32,64,2.8,3.7,Socket SP3,7,256,225,Mar 2021,2021-03-01,60960,,,,3761.0,https://www.techpowerup.com/cpu-specs/epyc-7543.c2379,https://www.cpubenchmark.net/cpu.php?cpu=AMD+EPYC+7543&id=4404,epyc7543
AMD,EPYC 9355,Turin,32,64,3.55,4.4,Socket SP5,4,256,280,Oct 2024,2024-10-01,,,,,,https://www.techpowerup.com/cpu-specs/epyc-9355.c3895,,epyc9355
Intel,Pentium 4 2.4,Northwood,1,1,2.4,,Socket 478,130,,110,Apr 2002,2002-04-01,,,,,,https://www.techpowerup.com/cpu-specs/pentium-4-2-4.c282,,pentium424
Intel,Xeon E5620,Westmere-EP,4,8,2.4,2.666,Socket 1366,32,12,80,Mar 2010,2010-03-01,3517,,2986,78.15,45.0,https://www.techpowerup.com/cpu-specs/xeon-e5620.c933,https://www.cpubenchmark.net/cpu_lookup.php?cpu=Intel+Xeon+E5620+%40+2.40GHz&id=1249,xeone5620
Intel,Core 2 Quad Q6700,Kentsfield,4,4,2.666,,Socket 775,65,,95,Apr 2007,2007-04-01,2099,,3754,16.15,129.95,https://www.techpowerup.com/cpu-specs/core-2-quad-q6700.c523,https://www.cpubenchmark.net/cpu_lookup.php?cpu=Intel+Core2+Quad+Q6700+%40+2.66GHz&id=1039,core2quadq6700
Intel,Xeon 698X,Granite Rapids,86,172,2.0,4.8,Socket 4710,5,336,350,Feb 2026,2026-02-01,,,,,,https://www.techpowerup.com/cpu-specs/xeon-698x.c4326,,xeon698x
Qualcomm,Snapdragon X2E-88-100,Glymur,18,18,4.032,4.704,Qualcomm BGA 2343,3,9,,Apr 2026,2026-04-01,,,,,,https://www.techpowerup.com/cpu-specs/snapdragon-x2e-88-100.c4485,,snapdragonx2e88100
AMD,Ryzen 5 130,Rembrandt-R,6,12,2.9,4.55,Socket FP7,6,16,28,Oct 2025,2025-10-01,16601,3266,,,,https://www.techpowerup.com/cpu-specs/ryzen-5-130.c4257,https://www.cpubenchmark.net/cpu.php?cpu=AMD+Ryzen+5+130&id=7473,ryzen5130
Intel,Core i5-4200U,Haswell,2,4,1.6,2.6,BGA 1168,22,3,15,Jun 2013,2013-06-01,2180,1283,3706,,,https://www.techpowerup.com/cpu-specs/core-i5-4200u.c1602,https://www.cpubenchmark.net/cpu_lookup.php?cpu=Intel+Core+i5-4200U+%40+1.60GHz&id=1947,corei54200u
AMD,EPYC 9175F,Turin,16,32,4.2,5.0,Socket SP5,4,512,320,Oct 2024,2024-10-01,67634,,,,4256.0,https://www.techpowerup.com/cpu-specs/epyc-9175f.c3900,https://www.cpubenchmark.net/cpu.php?cpu=AMD+EPYC+9175F&id=6557,epyc9175f
AMD,Ryzen 5 PRO 7530U,Barcelo-R,6,12,2.0,4.5,Socket FP6,7,16,15,Jan 2023,2023-01-01,14034,2888,,,,https://www.techpowerup.com/cpu-specs/ryzen-5-pro-7530u.c3274,https://www.cpubenchmark.net/cpu.php?cpu=AMD+Ryzen+5+PRO+7530U&id=5471,ryzen5pro7530u
Intel,Xeon E3-1290 v2,Ivy Bridge,4,8,3.7,4.1,Socket 1155,22,8,87,May 2012,2012-05-01,6359,,2250,7.18,885.0,https://www.techpowerup.com/cpu-specs/xeon-e3-1290-v2.c1028,https://www.cpubenchmark.net/cpu_lookup.php?cpu=Intel+Xeon+E3-1290+V2+%40+3.70GHz&id=1774,xeone31290v2
AMD,A4-9120C SoC,Stoney Ridge,2,2,1.6,2.4,Socket FT4,28,,6,Jan 2019,2019-01-01,,884,,,,https://www.techpowerup.com/cpu-specs/a4-9120c-soc.c2143,https://www.cpubenchmark.net/cpu.php?cpu=AMD+A4-9120C&id=3531,a49120c
Intel,Core i7-4700MQ,Haswell,4,8,2.4,3.4,Socket G3,22,6,47,May 2013,2013-05-01,5355,1757,2485,28.48,188.02,https://www.techpowerup.com/cpu-specs/core-i7-4700mq.c1595,https://www.cpubenchmark.net/cpu_lookup.php?cpu=Intel+Core+i7-4700MQ+%40+2.40GHz&id=1923,corei74700mq
Intel,Core i9-13900HK,Raptor Lake-H,14,20,2.6,5.4,BGA 1744,10,24,45,Jan 2023,2023-01-01,26678,3744,706,38.28,697.0,https://www.techpowerup.com/cpu-specs/core-i9-13900hk.c3047,https://www.cpubenchmark.net/cpu_lookup.php?cpu=Intel+Core+i9-13900HK&id=5448,corei913900hk
Intel,Xeon E5-2640,Sandy Bridge-EP,6,12,2.5,3.0,Socket 2011,32,15,95,Mar 2012,2012-03-01,6279,,2272,48.32,129.95,https://www.techpowerup.com/cpu-specs/xeon-e5-2640.c971,https://www.cpubenchmark.net/cpu_lookup.php?cpu=Intel+Xeon+E5-2640+%40+2.50GHz&id=1216,xeone52640
Intel,Xeon X5550,Gainestown,4,8,2.666,3.066,Socket 1366,45,8,95,Mar 2009,2009-03-01,3036,,3202,30.98,98.0,https://www.techpowerup.com/cpu-specs/xeon-x5550.c919,https://www.cpubenchmark.net/cpu_lookup.php?cpu=Intel+Xeon+X5550+%40+2.67GHz&id=1300,xeonx5550
Intel,Core i9-12900KS,Alder Lake-S,16,24,3.4,5.5,Socket 1700,10,30,150,Apr 2022,2022-04-01,43370,,338,117.13,370.27,https://www.techpowerup.com/cpu-specs/core-i9-12900ks.c2598,https://www.cpubenchmark.net/cpu_lookup.php?cpu=Intel+Core+i9-12900KS&id=4813,corei912900ks
Intel,Xeon Platinum 8480+,Sapphire Rapids,56,112,2.0,3.8,Socket 4677,10,105,350,Jan 2023,2023-01-01,,,,,,https://www.techpowerup.com/cpu-specs/xeon-platinum-8480.c2958,,xeonplatinum8480
Intel,Xeon X5670,Westmere-EP,6,12,2.933,3.333,Socket 1366,32,12,95,Mar 2010,2010-03-01,6154,,2294,68.41,89.95,https://www.techpowerup.com/cpu-specs/xeon-x5670.c948,https://www.cpubenchmark.net/cpu_lookup.php?cpu=Intel+Xeon+X5670+%40+2.93GHz&id=1307,xeonx5670
AMD,EPYC 7D13,Milan,36,72,0.7,3.2,Socket SP3,7,192,95,Nov 2021,2021-11-01,,,,,,https://www.techpowerup.com/cpu-specs/epyc-7d13.c4250,,epyc7d13
AMD,Ryzen 3 PRO 3200GE,Picasso,4,4,3.3,4.0,Socket AM4,12,4,35,Sep 2019,2019-09-01,6732,2116,,,,https://www.techpowerup.com/cpu-specs/ryzen-3-pro-3200ge.c2939,https://www.cpubenchmark.net/cpu.php?cpu=AMD+Ryzen+3+PRO+3200GE&id=3496,ryzen3pro3200ge
AMD,Ryzen 5 439,Gorgon Point,6,12,2.0,4.6,Socket FP8,4,4,28,Aug 2026,2026-08-01,,,,,,https://www.techpowerup.com/cpu-specs/ryzen-5-439.c4563,,ryzen5439
AMD,Ryzen 5 4600U,Renoir,6,12,2.1,4.0,Socket FP6,7,8,15,Jan 2020,2020-01-01,12853,2343,,,,https://www.techpowerup.com/cpu-specs/ryzen-5-4600u.c2284,https://www.cpubenchmark.net/cpu.php?cpu=AMD+Ryzen+5+4600U&id=3725,ryzen54600u
AMD,Ryzen 7 7735H,Rembrandt-R,8,16,3.2,4.75,Socket FP7,6,16,35,Apr 2023,2023-04-01,22902,3193,,,,https://www.techpowerup.com/cpu-specs/ryzen-7-7735h.c3187,https://www.cpubenchmark.net/cpu.php?cpu=AMD+Ryzen+7+7735H&id=5241,ryzen77735h
AMD,Ryzen 9 7945HX3D,Dragon Range,16,32,2.3,5.4,Socket FL1,5,128,55,Jul 2023,2023-07-01,57543,4064,,,,https://www.techpowerup.com/cpu-specs/ryzen-9-7945hx3d.c3263,https://www.cpubenchmark.net/cpu.php?cpu=AMD+Ryzen+9+7945HX3D&id=5799,ryzen97945hx3d
Intel,Core 2 Duo T9900,Penryn,2,2,3.067,,Socket P,45,,35,Jun 2009,2009-06-01,1217,1199,4449,3.05,398.95,https://www.techpowerup.com/cpu-specs/core-2-duo-t9900.c2741,https://www.cpubenchmark.net/cpu_lookup.php?cpu=Intel+Core2+Duo+T9900+%40+3.06GHz&id=1014,core2duot9900
Intel,Pentium D 945,Presler,2,2,3.4,,Socket 775,65,,95,Jul 2006,2006-07-01,,,,,,https://www.techpowerup.com/cpu-specs/pentium-d-945.c1106,,pentiumd945
Intel,Xeon E5-2690 v2,Ivy Bridge-EP,10,20,3.0,3.6,Socket 2011,22,25,130,Sep 2013,2013-09-01,13293,,1474,53.18,249.95,https://www.techpowerup.com/cpu-specs/xeon-e5-2690-v2.c1667,https://www.cpubenchmark.net/cpu_lookup.php?cpu=Intel+Xeon+E5-2690+v2+%40+3.00GHz&id=2057,xeone52690v2
AMD,Athlon X4 845,Carrizo,4,4,3.5,3.8,Socket FM2+,28,,65,Feb 2016,2016-02-01,3754,,,,35.44,https://www.techpowerup.com/cpu-specs/athlon-x4-845.c2600,https://www.cpubenchmark.net/cpu.php?cpu=AMD+Athlon+X4+845&id=2721,athlonx4845
AMD,Ryzen Threadripper 2970WX,Colfax,24,48,3.0,4.2,Socket SP3r2,12,64,250,Oct 2018,2018-10-01,30935,,,,894.99,https://www.techpowerup.com/cpu-specs/ryzen-threadripper-2970wx.c2068,https://www.cpubenchmark.net/cpu.php?cpu=AMD+Ryzen+Threadripper+2970WX&id=3345,ryzenthreadripper2970wx
Intel,Core 2 Duo E6700,Conroe,2,2,2.667,,Socket 775,65,,65,Jul 2006,2006-07-01,975,,4719,32.51,29.99,https://www.techpowerup.com/cpu-specs/core-2-duo-e6700.c370,https://www.cpubenchmark.net/cpu_lookup.php?cpu=Intel+Core2+Duo+E6700+%40+2.66GHz&id=1668,core2duoe6700
Intel,Core i3-8145U,Whiskey Lake-U,2,4,2.1,3.9,BGA 1528,10,4,15,Oct 2018,2018-10-01,3753,2049,2896,13.36,281.0,https://www.techpowerup.com/cpu-specs/core-i3-8145u.c2101,https://www.cpubenchmark.net/cpu_lookup.php?cpu=Intel+Core+i3-8145U+%40+2.10GHz&id=3349,corei38145u
Intel,Core i5-10600KF,Comet Lake,6,12,4.1,4.8,Socket 1200,14,12,95,Apr 2020,2020-04-01,14118,,1412,59.72,236.42,https://www.techpowerup.com/cpu-specs/core-i5-10600kf.c2275,https://www.cpubenchmark.net/cpu_lookup.php?cpu=Intel+Core+i5-10600KF+%40+4.10GHz&id=3810,corei510600kf
Intel,Pentium 4 HT 630,Prescott,1,2,3.0,,Socket 775,90,,84,Feb 2005,2005-02-01,,,,,,https://www.techpowerup.com/cpu-specs/pentium-4-ht-630.c16,,pentium4ht630
AMD,Ryzen 3 210,Hawk Point,4,8,3.0,4.7,Socket FP7,4,8,28,Jan 2025,2025-01-01,13559,3723,,,,https://www.techpowerup.com/cpu-specs/ryzen-3-210.c4015,https://www.cpubenchmark.net/cpu.php?cpu=AMD+Ryzen+3+210&id=6634,ryzen3210
Intel,Atom N280,Diamondville,1,2,1.667,,BGA 437,45,,3,Jun 2008,2008-06-01,157,234,5915,,,https://www.techpowerup.com/cpu-specs/atom-n280.c1411,https://www.cpubenchmark.net/cpu_lookup.php?cpu=Intel+Atom+N280+%40+1.66GHz&id=615,atomn280
Intel,Core i9-13900KF,Raptor Lake-S,24,32,3.0,5.8,Socket 1700,10,36,125,Sep 2022,2022-09-01,57435,,206,93.95,611.31,https://www.techpowerup.com/cpu-specs/core-i9-13900kf.c2916,https://www.cpubenchmark.net/cpu_lookup.php?cpu=Intel+Core+i9-13900KF&id=5055,corei913900kf
Intel,Xeon E3-1220,Sandy Bridge,4,4,3.1,3.4,Socket 1155,32,8,80,Apr 2011,2011-04-01,3852,,2861,10.27,375.0,https://www.techpowerup.com/cpu-specs/xeon-e3-1220.c809,https://www.cpubenchmark.net/cpu_lookup.php?cpu=Intel+Xeon+E3-1220+%40+3.10GHz&id=1196,xeone31220
Intel,Xeon E3-1275 v2,Ivy Bridge,4,8,3.5,3.9,Socket 1155,22,8,77,May 2012,2012-05-01,6632,,2185,19.13,346.58,https://www.techpowerup.com/cpu-specs/xeon-e3-1275-v2.c1034,https://www.cpubenchmark.net/cpu_lookup.php?cpu=Intel+Xeon+E3-1275+V2+%40+3.50GHz&id=1193,xeone31275v2
Intel,Core 2 Duo T7250,Merom,2,2,2.0,,Socket P,65,,35,Sep 2007,2007-09-01,701,760,5065,3.48,201.48,https://www.techpowerup.com/cpu-specs/core-2-duo-t7250.c1538,https://www.cpubenchmark.net/cpu_lookup.php?cpu=Intel+Core2+Duo+T7250+%40+2.00GHz&id=1000,core2duot7250
Intel,Core 2 Duo E7200,Wolfdale,2,2,2.533,,Socket 775,45,,65,Apr 2008,2008-04-01,980,,4711,20.86,47.0,https://www.techpowerup.com/cpu-specs/core-2-duo-e7200.c517,https://www.cpubenchmark.net/cpu_lookup.php?cpu=Intel+Core2+Duo+E7200+%40+2.53GHz&id=944,core2duoe7200
Intel,Core i9-13950HX,Raptor Lake-HX,24,32,2.2,5.5,BGA 1964,10,36,55,Jan 2023,2023-01-01,40327,3836,373,68.35,590.0,https://www.techpowerup.com/cpu-specs/core-i9-13950hx.c3017,https://www.cpubenchmark.net/cpu_lookup.php?cpu=Intel+Core+i9-13950HX&id=5214,corei913950hx
Intel,Core i7-12800H,Alder Lake-H,14,20,2.4,4.8,BGA 1744,10,24,45,Jan 2022,2022-01-01,23608,3348,831,51.66,457.0,https://www.techpowerup.com/cpu-specs/core-i7-12800h.c2538,https://www.cpubenchmark.net/cpu_lookup.php?cpu=Intel+Core+i7-12800H&id=4778,corei712800h
AMD,Ryzen 7 PRO 7745,Raphael,8,16,3.8,5.3,Socket AM5,5,32,65,Jun 2023,2023-06-01,34818,,,,604.63,https://www.techpowerup.com/cpu-specs/ryzen-7-pro-7745.c3303,https://www.cpubenchmark.net/cpu.php?cpu=AMD+Ryzen+7+PRO+7745&id=5504,ryzen7pro7745
Intel,Core 2 Duo P8400,Penryn,2,2,2.267,,Socket P,45,,25,Jun 2008,2008-06-01,874,921,4844,2.94,297.01,https://www.techpowerup.com/cpu-specs/core-2-duo-p8400.c2717,https://www.cpubenchmark.net/cpu_lookup.php?cpu=Intel+Core2+Duo+P8400+%40+2.26GHz&id=973,core2duop8400
Intel,Core i9-8950HK,Coffee Lake-H,6,12,2.9,4.7,BGA 1440,14,12,95,Apr 2018,2018-04-01,10311,2408,1706,17.69,583.0,https://www.techpowerup.com/cpu-specs/core-i9-8950hk.c1969,https://www.cpubenchmark.net/cpu_lookup.php?cpu=Intel+Core+i9-8950HK+%40+2.90GHz&id=3246,corei98950hk
AMD,EPYC 4545P,Grado,16,32,3.0,5.4,Socket AM5,4,64,65,May 2025,2025-05-01,53504,,,,598.9,https://www.techpowerup.com/cpu-specs/epyc-4545p.c4174,https://www.cpubenchmark.net/cpu.php?cpu=AMD+EPYC+4545P&id=6758,epyc4545p
AMD,Ryzen 3 PRO 4350GE,Renoir,4,8,3.5,4.0,Socket AM4,7,4,35,Jul 2020,2020-07-01,10893,,,,,https://www.techpowerup.com/cpu-specs/ryzen-3-pro-4350ge.c2329,https://www.cpubenchmark.net/cpu.php?cpu=AMD+Ryzen+3+PRO+4350GE&id=3791,ryzen3pro4350ge
AMD,Ryzen 7 PRO 5750GE,Cezanne,8,16,3.2,4.6,Socket AM4,7,16,35,Jun 2021,2021-06-01,21014,,,,627.24,https://www.techpowerup.com/cpu-specs/ryzen-7-pro-5750ge.c2702,https://www.cpubenchmark.net/cpu.php?cpu=AMD+Ryzen+7+PRO+5750GE&id=4386,ryzen7pro5750ge
Intel,Core i5-8300H,Coffee Lake-H,4,8,2.3,3.9,BGA 1440,14,12,45,Apr 2018,2018-04-01,7341,2235,2054,29.36,250.0,https://www.techpowerup.com/cpu-specs/core-i5-8300h.c1994,https://www.cpubenchmark.net/cpu_lookup.php?cpu=Intel+Core+i5-8300H+%40+2.30GHz&id=3254,corei58300h
Intel,Pentium Gold G6405,Comet Lake-R,2,4,4.1,,Socket 1200,14,4,58,Mar 2021,2021-03-01,3852,,2860,29.64,129.99,https://www.techpowerup.com/cpu-specs/pentium-gold-g6405.c2418,https://www.cpubenchmark.net/cpu_lookup.php?cpu=Intel+Pentium+Gold+G6405+%40+4.10GHz&id=4367,pentiumgoldg6405
Intel,Xeon 6505P,Granite Rapids,12,24,2.2,4.1,Socket 4710,5,48,150,Feb 2025,2025-02-01,38460,,396,68.31,563.0,https://www.techpowerup.com/cpu-specs/xeon-6505p.c4050,https://www.cpubenchmark.net/cpu_lookup.php?cpu=Intel+Xeon+6505P&id=6887,xeon6505p
AMD,Athlon XP 2500+,Barton,1,1,1.833,,Socket A,130,,68,Feb 2003,2003-02-01,,,,,,https://www.techpowerup.com/cpu-specs/athlon-xp-2500.c91,,athlonxp2500
Intel,Pentium G640,Sandy Bridge,2,2,2.8,,Socket 1155,32,3,65,Jun 2012,2012-06-01,1361,,4310,34.95,38.93,https://www.techpowerup.com/cpu-specs/pentium-g640.c1348,https://www.cpubenchmark.net/cpu_lookup.php?cpu=Intel+Pentium+G640+%40+2.80GHz&id=1111,pentiumg640
Intel,Xeon 6517P,Granite Rapids,16,32,3.2,4.2,Socket 4710,5,72,190,Feb 2025,2025-02-01,49827,,273,41.7,1195.0,https://www.techpowerup.com/cpu-specs/xeon-6517p.c4045,https://www.cpubenchmark.net/cpu_lookup.php?cpu=Intel+Xeon+6517P&id=6556,xeon6517p
AMD,PRO A10-8750B,Godaveri,4,4,3.6,4.0,Socket FM2+,28,,95,Sep 2015,2015-09-01,,,,,,https://www.techpowerup.com/cpu-specs/pro-a10-8750b.c2606,,proa108750b
AMD,Ryzen 5 5560U,Cezanne-U,6,12,2.3,4.0,Socket FP6,7,8,15,Jan 2021,2021-01-01,15177,2829,,,,https://www.techpowerup.com/cpu-specs/ryzen-5-5560u.c3265,https://www.cpubenchmark.net/cpu.php?cpu=AMD+Ryzen+5+5560U&id=4883,ryzen55560u
AMD,Ryzen 5 6600U,Rembrandt,6,12,2.9,4.5,Socket FP7,6,16,15,Jan 2022,2022-01-01,16898,3087,,,,https://www.techpowerup.com/cpu-specs/ryzen-5-6600u.c2522,https://www.cpubenchmark.net/cpu.php?cpu=AMD+Ryzen+5+6600U&id=4949,ryzen56600u
Intel,Core 2 Duo T9600,Penryn,2,2,2.8,,Socket P,45,,35,Jul 2008,2008-07-01,1098,1114,4569,19.98,54.95,https://www.techpowerup.com/cpu-specs/core-2-duo-t9600.c2739,https://www.cpubenchmark.net/cpu_lookup.php?cpu=Intel+Core2+Duo+T9600+%40+2.80GHz&id=1012,core2duot9600
Intel,Core 2 Extreme QX9775,Yorkfield,4,4,3.2,,Socket 771,45,,150,Mar 2008,2008-03-01,,,,,,https://www.techpowerup.com/cpu-specs/core-2-extreme-qx9775.c532,,core2extremeqx9775
Intel,Core i9-9900T,Coffee Lake-R,8,16,2.1,4.4,Socket 1151,14,16,35,Apr 2019,2019-04-01,13044,,1499,29.71,439.0,https://www.techpowerup.com/cpu-specs/core-i9-9900t.c3123,https://www.cpubenchmark.net/cpu_lookup.php?cpu=Intel+Core+i9-9900T+%40+2.10GHz&id=3599,corei99900t
Intel,Core 2 Duo E6400,Conroe,2,2,2.133,,Socket 775,65,,65,Jul 2006,2006-07-01,789,,4942,26.34,29.94,https://www.techpowerup.com/cpu-specs/core-2-duo-e6400.c372,https://www.cpubenchmark.net/cpu_lookup.php?cpu=Intel+Core2+Duo+E6400+%40+2.13GHz&id=939,core2duoe6400
Intel,Core i7-1270P,Alder Lake-P,12,16,2.2,4.8,BGA 1744,10,18,28,Feb 2022,2022-02-01,16129,3232,1283,,,https://www.techpowerup.com/cpu-specs/core-i7-1270p.c2580,https://www.cpubenchmark.net/cpu_lookup.php?cpu=Intel+Core+i7-1270P&id=4720,corei71270p
AMD,EPYC 7F32,Rome,8,16,3.7,3.9,Socket SP3,7,32,180,Apr 2020,2020-04-01,23253,,,,179.95,https://www.techpowerup.com/cpu-specs/epyc-7f32.c4263,https://www.cpubenchmark.net/cpu.php?cpu=AMD+EPYC+7F32&id=3852,epyc7f32
Intel,Core i3-9100T,Coffee Lake,4,4,3.1,3.7,Socket 1151,14,6,35,Sep 2018,2018-09-01,5633,,2407,46.17,122.0,https://www.techpowerup.com/cpu-specs/core-i3-9100t.c3127,https://www.cpubenchmark.net/cpu_lookup.php?cpu=Intel+Core+i3-9100T+%40+3.10GHz&id=3488,corei39100t
Intel,Core i7-10700KF,Comet Lake,8,16,3.8,5.1,Socket 1200,14,16,125,Apr 2020,2020-04-01,18273,,1137,80.66,226.55,https://www.techpowerup.com/cpu-specs/core-i7-10700kf.c2273,https://www.cpubenchmark.net/cpu_lookup.php?cpu=Intel+Core+i7-10700KF+%40+3.80GHz&id=3757,corei710700kf
Intel,Processor U300,Raptor Lake-U,5,6,1.2,4.4,BGA 1744,10,8,15,Jan 2023,2023-01-01,,,,,,https://www.techpowerup.com/cpu-specs/processor-u300.c3072,,processoru300
AMD,C-50,Ontario,2,2,1.0,,Socket FT1,40,,9,Jan 2011,2011-01-01,,308,,,,https://www.techpowerup.com/cpu-specs/c-50.c795,https://www.cpubenchmark.net/cpu.php?cpu=AMD+C-50&id=242,c50
AMD,EPYC 9135,Turin,16,32,3.65,4.3,Socket SP5,4,64,200,Oct 2024,2024-10-01,56811,,,,1341.95,https://www.techpowerup.com/cpu-specs/epyc-9135.c3901,https://www.cpubenchmark.net/cpu.php?cpu=AMD+EPYC+9135&id=6405,epyc9135
Intel,Xeon E-2176M,Coffee Lake-H,6,12,2.7,4.4,BGA 1440,14,12,45,Apr 2018,2018-04-01,10740,2429,1677,23.87,450.0,https://www.techpowerup.com/cpu-specs/xeon-e-2176m.c3545,https://www.cpubenchmark.net/cpu_lookup.php?cpu=Intel+Xeon+E-2176M+%40+2.70GHz&id=3242,xeone2176m
Intel,Xeon W3565,Bloomfield,4,8,3.2,3.466,Socket 1366,45,8,130,Nov 2009,2009-11-01,3398,,3032,56.69,59.95,https://www.techpowerup.com/cpu-specs/xeon-w3565.c904,https://www.cpubenchmark.net/cpu_lookup.php?cpu=Intel+Xeon+W3565+%40+3.20GHz&id=1270,xeonw3565
AMD,Athlon 64 X2 6400+ BE,Windsor,2,2,3.2,,Socket AM2,90,,125,Aug 2007,2007-08-01,,,,,,https://www.techpowerup.com/cpu-specs/athlon-64-x2-6400-be.c477,,athlon64x26400be
AMD,Ryzen 5 PRO 2600,Zen,6,12,3.4,3.9,Socket AM4,12,16,65,Sep 2018,2018-09-01,13315,,,,,https://www.techpowerup.com/cpu-specs/ryzen-5-pro-2600.c2106,https://www.cpubenchmark.net/cpu.php?cpu=AMD+Ryzen+5+PRO+2600&id=3306,ryzen5pro2600
Intel,Xeon E3-1230,Sandy Bridge,4,8,3.2,3.6,Socket 1155,32,8,80,Apr 2011,2011-04-01,5142,,2543,16.12,319.0,https://www.techpowerup.com/cpu-specs/xeon-e3-1230.c811,https://www.cpubenchmark.net/cpu_lookup.php?cpu=Intel+Xeon+E3-1230+%40+3.20GHz&id=1199,xeone31230
Intel,Xeon X5570,Gainestown,4,8,2.933,3.333,Socket 1366,45,8,95,Mar 2009,2009-03-01,3306,,3074,33.06,100.0,https://www.techpowerup.com/cpu-specs/xeon-x5570.c921,https://www.cpubenchmark.net/cpu_lookup.php?cpu=Intel+Xeon+X5570+%40+2.93GHz&id=1302,xeonx5570
AMD,FX-4350,Vishera,4,4,4.2,4.3,Socket AM3+,32,8,125,Apr 2013,2013-04-01,,,,,,https://www.techpowerup.com/cpu-specs/fx-4350.c1579,,fx4350
AMD,Ryzen AI 9 HX 375,Strix Point,12,24,2.0,5.1,Socket FP8,4,16,28,Jul 2024,2024-07-01,35470,3985,,,,https://www.techpowerup.com/cpu-specs/ryzen-ai-9-hx-375.c3815,https://www.cpubenchmark.net/cpu.php?cpu=AMD+Ryzen+AI+9+HX+375&id=6325,ryzenai9hx375
Intel,Atom 330,Diamondville,2,4,1.6,,BGA 437,45,,8,Jun 2008,2008-06-01,381,,5484,,,https://www.techpowerup.com/cpu-specs/atom-330.c1396,https://www.cpubenchmark.net/cpu_lookup.php?cpu=Intel+Atom+330+%40+1.60GHz&id=604,atom330
Intel,Core 2 Duo E6750,Conroe,2,2,2.667,,Socket 775,65,,65,Jul 2007,2007-07-01,1031,,4654,100.07,10.3,https://www.techpowerup.com/cpu-specs/core-2-duo-e6750.c459,https://www.cpubenchmark.net/cpu_lookup.php?cpu=Intel+Core2+Duo+E6750+%40+2.66GHz&id=942,core2duoe6750
Intel,Atom D510,Pineview,2,4,1.667,,BGA 437,45,,13,Dec 2009,2009-12-01,406,,5443,8.35,48.59,https://www.techpowerup.com/cpu-specs/atom-d510.c1400,https://www.cpubenchmark.net/cpu_lookup.php?cpu=Intel+Atom+D510+%40+1.66GHz&id=610,atomd510
Intel,Core i5-450M,Arrandale,2,4,2.4,2.666,Socket G1,32,3,35,Sep 2010,2010-09-01,1274,1060,4389,39.87,31.95,https://www.techpowerup.com/cpu-specs/core-i5-450m.c1873,https://www.cpubenchmark.net/cpu_lookup.php?cpu=Intel+Core+i5-450M+%40+2.40GHz&id=3,corei5450m
Intel,Core i7-2960XM,Sandy Bridge,4,8,2.7,3.7,Socket G2 (988B),32,8,55,Sep 2011,2011-09-01,4705,1592,2624,16.89,278.52,https://www.techpowerup.com/cpu-specs/core-i7-2960xm.c998,https://www.cpubenchmark.net/cpu_lookup.php?cpu=Intel+Core+i7-2960XM+%40+2.70GHz&id=888,corei72960xm
Intel,Core i7-8700T,Coffee Lake,6,12,2.4,4.0,Socket 1151,14,12,35,Apr 2018,2018-04-01,10206,,1713,51.65,197.59,https://www.techpowerup.com/cpu-specs/core-i7-8700t.c2021,https://www.cpubenchmark.net/cpu_lookup.php?cpu=Intel+Core+i7-8700T+%40+2.40GHz&id=3213,corei78700t
Intel,Pentium 4 HT 661,Cedar Mill,1,2,3.6,,Socket 775,65,,86,Jan 2006,2006-01-01,,,,,,https://www.techpowerup.com/cpu-specs/pentium-4-ht-661.c336,,pentium4ht661
AMD,Ryzen AI 5 PRO 340,Krackan Point,6,12,2.0,4.8,Socket FP8,4,8,28,Jan 2025,2025-01-01,19240,3764,,,,https://www.techpowerup.com/cpu-specs/ryzen-ai-5-pro-340.c4008,https://www.cpubenchmark.net/cpu.php?cpu=AMD+Ryzen+AI+5+PRO+340&id=6607,ryzenai5pro340
Intel,Core i5-5675C,Broadwell,4,4,3.1,3.6,Socket 1150,14,4,65,May 2015,2015-05-01,5779,,2375,64.21,90.0,https://www.techpowerup.com/cpu-specs/core-i5-5675c.c2147,https://www.cpubenchmark.net/cpu_lookup.php?cpu=Intel+Core+i5-5675C+%40+3.10GHz&id=2563,corei55675c
Intel,Core i7-11370H,Tiger Lake-H,4,8,3.0,4.8,BGA 1449,10,12,28,Jan 2021,2021-01-01,11521,2891,1611,27.04,426.0,https://www.techpowerup.com/cpu-specs/core-i7-11370h.c2833,https://www.cpubenchmark.net/cpu_lookup.php?cpu=Intel+Core+i7-11370H+%40+3.30GHz&id=4048,corei711370h
Intel,Pentium Dual-Core T4200,Penryn,2,2,2.0,,Socket P,45,,35,Jan 2009,2009-01-01,,,,,,https://www.techpowerup.com/cpu-specs/pentium-dual-core-t4200.c1363,,pentiumdualcoret4200
Intel,Xeon 6787P,Granite Rapids,86,172,2.0,3.8,Socket 4710,5,336,350,Feb 2025,2025-02-01,,,,,,https://www.techpowerup.com/cpu-specs/xeon-6787p.c4072,,xeon6787p
Intel,Core 2 Duo E7300,Wolfdale,2,2,2.667,,Socket 775,45,,65,Aug 2008,2008-08-01,1010,,4681,20.21,49.96,https://www.techpowerup.com/cpu-specs/core-2-duo-e7300.c518,https://www.cpubenchmark.net/cpu_lookup.php?cpu=Intel+Core2+Duo+E7300+%40+2.66GHz&id=945,core2duoe7300
Intel,Core i5-9300H,Coffee Lake-HR,4,8,2.4,4.1,BGA 1440,14,8,45,Apr 2019,2019-04-01,7394,2242,2042,29.57,250.0,https://www.techpowerup.com/cpu-specs/core-i5-9300h.c4448,https://www.cpubenchmark.net/cpu_lookup.php?cpu=Intel+Core+i5-9300H+%40+2.40GHz&id=3448,corei59300h
Intel,Xeon 6377P,Raptor Lake-R,12,24,3.1,5.7,Socket 1700,10,36,95,May 2026,2026-05-01,,,,,,https://www.techpowerup.com/cpu-specs/xeon-6377p.c4446,,xeon6377p
Intel,Xeon E3-1240 v3,Haswell-WS,4,8,3.4,3.8,Socket 1150,22,8,80,Jun 2013,2013-06-01,7024,,2112,17.6,399.1,https://www.techpowerup.com/cpu-specs/xeon-e3-1240-v3.c1547,https://www.cpubenchmark.net/cpu_lookup.php?cpu=Intel+Xeon+E3-1240+v3+%40+3.40GHz&id=1952,xeone31240v3
Intel,Xeon E5-2630,Sandy Bridge-EP,6,12,2.3,2.8,Socket 2011,32,15,95,Mar 2012,2012-03-01,6096,,2308,5.44,1121.0,https://www.techpowerup.com/cpu-specs/xeon-e5-2630.c970,https://www.cpubenchmark.net/cpu_lookup.php?cpu=Intel+Xeon+E5-2630+%40+2.30GHz&id=1215,xeone52630
Intel,Xeon E5-2670,Sandy Bridge-EP,8,16,2.6,3.3,Socket 2011,32,20,115,Mar 2012,2012-03-01,8875,,1852,3.45,2569.2,https://www.techpowerup.com/cpu-specs/xeon-e5-2670.c978,https://www.cpubenchmark.net/cpu_lookup.php?cpu=Intel+Xeon+E5-2670+%40+2.60GHz&id=1220,xeone52670
Intel,Core i9-12900KF,Alder Lake-S,16,24,3.2,5.2,Socket 1700,10,30,125,Nov 2021,2021-11-01,40468,,371,119.24,339.39,https://www.techpowerup.com/cpu-specs/core-i9-12900kf.c2506,https://www.cpubenchmark.net/cpu_lookup.php?cpu=Intel+Core+i9-12900KF&id=4611,corei912900kf
AMD,Ryzen 5 8540U,Hawk Point,6,12,3.2,4.9,Socket FP7,4,16,28,Dec 2023,2023-12-01,18278,3618,,,,https://www.techpowerup.com/cpu-specs/ryzen-5-8540u.c3406,https://www.cpubenchmark.net/cpu.php?cpu=AMD+Ryzen+5+8540U&id=6020,ryzen58540u
Intel,Core i5-3210M,Ivy Bridge,2,4,2.5,3.1,BGA 1023,22,3,35,Jun 2012,2012-06-01,2463,1514,3512,47.34,52.02,https://www.techpowerup.com/cpu-specs/core-i5-3210m.c1065,https://www.cpubenchmark.net/cpu_lookup.php?cpu=Intel+Core+i5-3210M+%40+2.50GHz&id=815,corei53210m
AMD,A10 PRO-7800B,Kaveri,4,4,3.5,3.9,Socket FM2+,28,,65,Jul 2014,2014-07-01,,,,,,https://www.techpowerup.com/cpu-specs/a10-pro-7800b.c2602,,a10pro7800b
AMD,EPYC 9354P,Genoa,32,64,3.25,3.8,Socket SP5,5,256,280,Nov 2022,2022-11-01,74813,,,,3361.98,https://www.techpowerup.com/cpu-specs/epyc-9354p.c2924,https://www.cpubenchmark.net/cpu.php?cpu=AMD+EPYC+9354P&id=5173,epyc9354p
AMD,Ryzen 7 PRO 6850H,Rembrandt,8,16,3.2,4.7,Socket FP7,6,16,45,Apr 2022,2022-04-01,23329,3276,,,,https://www.techpowerup.com/cpu-specs/ryzen-7-pro-6850h.c2766,https://www.cpubenchmark.net/cpu.php?cpu=AMD+Ryzen+7+PRO+6850H&id=4930,ryzen7pro6850h
AMD,Ryzen Threadripper PRO 9945WX,Shimada Peak,12,24,4.7,5.4,Socket sTR5,4,64,350,Jul 2025,2025-07-01,55916,,,,,https://www.techpowerup.com/cpu-specs/ryzen-threadripper-pro-9945wx.c4168,https://www.cpubenchmark.net/cpu.php?cpu=AMD+Ryzen+Threadripper+PRO+9945WX&id=6801,ryzenthreadripperpro9945wx
Intel,Core i9-13900,Raptor Lake-S,24,32,2.0,5.6,Socket 1700,10,36,65,Jan 2023,2023-01-01,44559,,328,76.82,580.05,https://www.techpowerup.com/cpu-specs/core-i9-13900.c2854,https://www.cpubenchmark.net/cpu_lookup.php?cpu=Intel+Core+i9-13900&id=5176,corei913900
Intel,Core i3-4005U,Haswell,2,4,1.7,,BGA 1168,22,3,15,Sep 2013,2013-09-01,1646,895,4092,,,https://www.techpowerup.com/cpu-specs/core-i3-4005u.c1731,https://www.cpubenchmark.net/cpu_lookup.php?cpu=Intel+Core+i3-4005U+%40+1.70GHz&id=2193,corei34005u
Intel,Core i5-2310,Sandy Bridge,4,4,2.9,3.2,Socket 1155,32,6,95,May 2011,2011-05-01,3652,,2941,76.73,47.59,https://www.techpowerup.com/cpu-specs/core-i5-2310.c732,https://www.cpubenchmark.net/cpu_lookup.php?cpu=Intel+Core+i5-2310+%40+2.90GHz&id=789,corei52310
Intel,Core i7-980,Gulftown,6,12,3.333,3.6,Socket 1366,32,12,130,Jun 2011,2011-06-01,6886,,2138,19.68,349.95,https://www.techpowerup.com/cpu-specs/core-i7-980.c720,https://www.cpubenchmark.net/cpu_lookup.php?cpu=Intel+Core+i7-980+%40+3.33GHz&id=842,corei7980
Intel,Xeon 6515P,Granite Rapids,16,32,2.3,3.8,Socket 4710,5,72,150,Feb 2025,2025-02-01,45476,,320,61.45,740.0,https://www.techpowerup.com/cpu-specs/xeon-6515p.c4049,https://www.cpubenchmark.net/cpu_lookup.php?cpu=Intel+Xeon+6515P&id=6836,xeon6515p
Intel,Xeon E3-1270 v5,Skylake-DT,4,8,3.6,4.0,Socket 1151,14,8,80,Oct 2015,2015-10-01,8323,,1900,21.21,392.45,https://www.techpowerup.com/cpu-specs/xeon-e3-1270-v5.c3229,https://www.cpubenchmark.net/cpu_lookup.php?cpu=Intel+Xeon+E3-1270+v5+%40+3.60GHz&id=2651,xeone31270v5
Qualcomm,Snapdragon X1E-84-100,Oryon,12,12,3.8,4.2,Qualcomm BGA 2073,4,6,35,Apr 2024,2024-04-01,,,,,,https://www.techpowerup.com/cpu-specs/snapdragon-x1e-84-100.c4103,,snapdragonx1e84100
AMD,A6-9500E,Bristol Ridge,2,2,3.0,3.4,Socket AM4,28,,35,Sep 2016,2016-09-01,,,,,,https://www.techpowerup.com/cpu-specs/a6-9500e.c1960,,a69500e
AMD,Athlon II X2 220,Regor,2,2,2.8,,Socket AM3,45,,65,Sep 2010,2010-09-01,,,,,,https://www.techpowerup.com/cpu-specs/athlon-ii-x2-220.c689,,athloniix2220
Intel,Core 2 Duo E6850,Conroe,2,2,3.0,,Socket 775,65,,75,Jul 2007,2007-07-01,1149,,4522,22.45,51.2,https://www.techpowerup.com/cpu-specs/core-2-duo-e6850.c422,https://www.cpubenchmark.net/cpu_lookup.php?cpu=Intel+Core2+Duo+E6850+%40+3.00GHz&id=943,core2duoe6850
Intel,Core Ultra 7 270HX Plus,Arrow Lake-HX Refresh,20,20,2.4,5.3,BGA 2114,3,30,55,Mar 2026,2026-03-01,48768,4742,290,,,https://www.techpowerup.com/cpu-specs/core-ultra-7-270hx-plus.c4357,https://www.cpubenchmark.net/cpu_lookup.php?cpu=Intel+Core+Ultra+7+270HX+Plus&id=7373,coreultra7270hxplus
Intel,Pentium 4 2.4,Northwood,1,1,2.4,,Socket 478,130,,92,May 2002,2002-05-01,,,,,,https://www.techpowerup.com/cpu-specs/pentium-4-2-4.c285,,pentium424
Intel,Xeon E5-1660 v3,Haswell-EP,8,16,3.0,3.5,Socket 2011-3,22,20,140,Sep 2014,2014-09-01,12581,,1533,78.63,160.0,https://www.techpowerup.com/cpu-specs/xeon-e5-1660-v3.c2663,https://www.cpubenchmark.net/cpu_lookup.php?cpu=Intel+Xeon+E5-1660+v3+%40+3.00GHz&id=2412,xeone51660v3
AMD,Athlon 5150,Kabini,4,4,1.6,,Socket AM1,28,,25,Apr 2014,2014-04-01,,,,,,https://www.techpowerup.com/cpu-specs/athlon-5150.c2514,,athlon5150
AMD,Athlon 64 X2 5200+,Brisbane,2,2,2.7,,Socket AM2,65,,65,Oct 2007,2007-10-01,,,,,,https://www.techpowerup.com/cpu-specs/athlon-64-x2-5200.c479,,athlon64x25200
AMD,EPYC 7261,Naples,8,16,2.5,2.9,Socket SP3,14,32,170,Jun 2018,2018-06-01,11149,,,,6998.69,https://www.techpowerup.com/cpu-specs/epyc-7261.c2299,https://www.cpubenchmark.net/cpu.php?cpu=AMD+EPYC+7261&id=3545,epyc7261
AMD,EPYC 7702P,Rome,64,128,2.0,3.35,Socket SP3,7,256,200,Aug 2019,2019-08-01,61760,,,,1550.0,https://www.techpowerup.com/cpu-specs/epyc-7702p.c2259,https://www.cpubenchmark.net/cpu.php?cpu=AMD+EPYC+7702P&id=3555,epyc7702p
AMD,EPYC 9015,Turin,8,16,3.6,4.1,Socket SP5,4,64,125,Oct 2024,2024-10-01,30446,,,,527.0,https://www.techpowerup.com/cpu-specs/epyc-9015.c3903,https://www.cpubenchmark.net/cpu.php?cpu=AMD+EPYC+9015&id=6844,epyc9015
Intel,Core i5-12490F,Alder Lake-S,6,12,3.0,4.6,Socket 1700,10,20,65,2022,202201-01,20309,,1008,137.59,147.6,https://www.techpowerup.com/cpu-specs/core-i5-12490f.c2599,https://www.cpubenchmark.net/cpu_lookup.php?cpu=Intel+Core+i5-12490F&id=4903,corei512490f
Intel,Core i5-3550,Ivy Bridge,4,4,3.3,3.7,Socket 1155,22,6,77,Apr 2012,2012-04-01,4796,,2606,14.32,335.0,https://www.techpowerup.com/cpu-specs/core-i5-3550.c1006,https://www.cpubenchmark.net/cpu_lookup.php?cpu=Intel+Core+i5-3550+%40+3.30GHz&id=825,corei53550
Intel,Pentium E6600,Wolfdale,2,2,3.067,,Socket 775,45,,65,Jan 2010,2010-01-01,1163,,4505,7.76,149.95,https://www.techpowerup.com/cpu-specs/pentium-e6600.c866,https://www.cpubenchmark.net/cpu_lookup.php?cpu=Intel+Pentium+E6600+%40+3.06GHz&id=1105,pentiume6600
Intel,Core 2 Duo T7500,Merom,2,2,2.2,,Socket P,65,,35,May 2007,2007-05-01,833,847,4892,14.11,59.0,https://www.techpowerup.com/cpu-specs/core-2-duo-t7500.c1533,https://www.cpubenchmark.net/cpu_lookup.php?cpu=Intel+Core2+Duo+T7500+%40+2.20GHz&id=1003,core2duot7500
Intel,Core 3 305,Wildcat Lake,6,6,1.5,4.3,BGA 1516,3,6,15,Apr 2026,2026-04-01,12548,,1538,,,https://www.techpowerup.com/cpu-specs/core-3-305.c4401,https://www.cpubenchmark.net/cpu_lookup.php?cpu=Intel+Core+3+305&id=7339,core3305
Intel,Xeon E3-1225 v3,Haswell-WS,4,4,3.2,3.6,Socket 1150,22,8,84,Jun 2013,2013-06-01,5323,,2496,177.5,29.99,https://www.techpowerup.com/cpu-specs/xeon-e3-1225-v3.c1639,https://www.cpubenchmark.net/cpu_lookup.php?cpu=Intel+Xeon+E3-1225+v3+%40+3.20GHz&id=1993,xeone31225v3
Intel,Xeon E5-1620 v2,Ivy Bridge-E,4,8,3.7,3.9,Socket 2011,22,10,130,Sep 2013,2013-09-01,6507,,2216,21.04,309.19,https://www.techpowerup.com/cpu-specs/xeon-e5-1620-v2.c1672,https://www.cpubenchmark.net/cpu_lookup.php?cpu=Intel+Xeon+E5-1620+v2+%40+3.70GHz&id=2047,xeone51620v2
Intel,Core 2 Duo T7200,Merom,2,2,2.0,,Socket 479,65,,35,Jul 2006,2006-07-01,751,745,4996,10.47,71.74,https://www.techpowerup.com/cpu-specs/core-2-duo-t7200.c376,https://www.cpubenchmark.net/cpu_lookup.php?cpu=Intel+Core2+Duo+T7200+%40+2.00GHz&id=927,core2duot7200
Intel,Core i5-2300,Sandy Bridge,4,4,2.8,3.1,Socket 1155,32,6,95,Jan 2011,2011-01-01,3469,,3001,157.74,21.99,https://www.techpowerup.com/cpu-specs/core-i5-2300.c731,https://www.cpubenchmark.net/cpu_lookup.php?cpu=Intel+Core+i5-2300+%40+2.80GHz&id=788,corei52300
Intel,Pentium G4600,Kaby Lake,2,4,3.6,,Socket 1151,14,3,51,Jan 2017,2017-01-01,3613,,2956,30.92,116.87,https://www.techpowerup.com/cpu-specs/pentium-g4600.c1936,https://www.cpubenchmark.net/cpu_lookup.php?cpu=Intel+Pentium+G4600+%40+3.60GHz&id=2921,pentiumg4600
Intel,Xeon W-2145,Skylake-W,8,16,3.7,4.5,Socket 2066,14,11,140,Aug 2017,2017-08-01,18010,,1161,14.71,1224.67,https://www.techpowerup.com/cpu-specs/xeon-w-2145.c2946,https://www.cpubenchmark.net/cpu_lookup.php?cpu=Intel+Xeon+W-2145+%40+3.70GHz&id=3156,xeonw2145
AMD,4800S,Ariel,8,16,3.6,4.0,BGA 2963,7,8,65,Jan 2023,2023-01-01,,,,,,https://www.techpowerup.com/cpu-specs/4800s.c3327,,4800s
AMD,A6-4400M,Trinity,2,2,2.7,3.2,Socket FS1r2,32,,35,May 2012,2012-05-01,,,,,,https://www.techpowerup.com/cpu-specs/a6-4400m.c1025,,a64400m
AMD,Ryzen AI 7 PRO 360,Strix Point,8,16,2.0,5.0,Socket FP8,4,8,28,Jan 2025,2025-01-01,22120,3857,,,,https://www.techpowerup.com/cpu-specs/ryzen-ai-7-pro-360.c4006,https://www.cpubenchmark.net/cpu.php?cpu=AMD+Ryzen+AI+7+PRO+360&id=6335,ryzenai7pro360
Intel,Core i7-2670QM,Sandy Bridge,4,8,2.2,3.1,Socket G2 (988B),32,6,45,Oct 2011,2011-10-01,3737,1302,2905,47.89,78.02,https://www.techpowerup.com/cpu-specs/core-i7-2670qm.c987,https://www.cpubenchmark.net/cpu_lookup.php?cpu=Intel+Core+i7-2670QM+%40+2.20GHz&id=878,corei72670qm
Intel,Xeon 658X,Granite Rapids,24,48,3.0,4.9,Socket 4710,5,144,250,Feb 2026,2026-02-01,73583,,110,35.04,2099.99,https://www.techpowerup.com/cpu-specs/xeon-658x.c4331,https://www.cpubenchmark.net/cpu_lookup.php?cpu=Intel+Xeon+658X&id=7147,xeon658x
AMD,A4-3300,Llano,2,2,2.5,,Socket FM1,32,,65,Sep 2011,2011-09-01,,,,,,https://www.techpowerup.com/cpu-specs/a4-3300.c807,,a43300
Intel,Core i9-13900KS,Raptor Lake-S,24,32,3.2,6.0,Socket 1700,10,36,150,Jan 2023,2023-01-01,60386,,181,90.13,669.99,https://www.techpowerup.com/cpu-specs/core-i9-13900ks.c2956,https://www.cpubenchmark.net/cpu_lookup.php?cpu=Intel+Core+i9-13900KS&id=5160,corei913900ks
Intel,Xeon E3-1240 v5,Skylake-DT,4,8,3.5,3.9,Socket 1151,14,8,80,Oct 2015,2015-10-01,8258,,1910,82.58,100.0,https://www.techpowerup.com/cpu-specs/xeon-e3-1240-v5.c3234,https://www.cpubenchmark.net/cpu_lookup.php?cpu=Intel+Xeon+E3-1240+v5+%40+3.50GHz&id=2636,xeone31240v5
AMD,EPYC 7J13,Milan,64,128,2.55,3.5,Socket SP3,7,256,280,2021,202101-01,84786,,,,,https://www.techpowerup.com/cpu-specs/epyc-7j13.c4251,https://www.cpubenchmark.net/cpu.php?cpu=AMD+EPYC+7J13&id=4300,epyc7j13
Intel,Core i5-3450,Ivy Bridge,4,4,3.1,3.5,Socket 1155,22,6,77,Apr 2012,2012-04-01,4522,,2672,47.6,95.0,https://www.techpowerup.com/cpu-specs/core-i5-3450.c1015,https://www.cpubenchmark.net/cpu_lookup.php?cpu=Intel+Core+i5-3450+%40+3.10GHz&id=820,corei53450
AMD,Ryzen 3 PRO 3300U,Picasso,4,4,2.1,3.5,Socket FP5,12,4,15,Apr 2019,2019-04-01,5780,1879,,,,https://www.techpowerup.com/cpu-specs/ryzen-3-pro-3300u.c2175,https://www.cpubenchmark.net/cpu.php?cpu=AMD+Ryzen+3+PRO+3300U&id=3450,ryzen3pro3300u
AMD,Ryzen 5 7400F,Raphael,6,12,3.7,4.7,Socket AM5,5,32,65,Jan 2025,2025-01-01,25632,,,,,https://www.techpowerup.com/cpu-specs/ryzen-5-7400f.c4016,https://www.cpubenchmark.net/cpu.php?cpu=AMD+Ryzen+5+7400F&id=6603,ryzen57400f
AMD,Ryzen Threadripper PRO 7955WX,Storm Peak,16,32,4.5,5.3,Socket sTR5,5,64,350,Oct 2023,2023-10-01,60038,,,,1639.64,https://www.techpowerup.com/cpu-specs/ryzen-threadripper-pro-7955wx.c3300,https://www.cpubenchmark.net/cpu.php?cpu=AMD+Ryzen+Threadripper+PRO+7955WX&id=5730,ryzenthreadripperpro7955wx
AMD,EPYC 9645,Turin,96,192,2.3,3.7,Socket SP5,3,256,320,Oct 2024,2024-10-01,,,,,,https://www.techpowerup.com/cpu-specs/epyc-9645.c3908,,epyc9645
AMD,Ryzen 7 PRO 5875U,Cezanne-U,8,16,2.0,4.5,Socket FP6,7,16,15,Apr 2022,2022-04-01,16362,2881,,,,https://www.techpowerup.com/cpu-specs/ryzen-7-pro-5875u.c2777,https://www.cpubenchmark.net/cpu.php?cpu=AMD+Ryzen+7+PRO+5875U&id=4791,ryzen7pro5875u
Intel,Core 2 Quad Q9450,Yorkfield,4,4,2.666,,Socket 775,45,,95,Mar 2008,2008-03-01,2210,,3681,61.9,35.7,https://www.techpowerup.com/cpu-specs/core-2-quad-q9450.c527,https://www.cpubenchmark.net/cpu_lookup.php?cpu=Intel+Core2+Quad+Q9450+%40+2.66GHz&id=1046,core2quadq9450
Intel,Core i9-11950H,Tiger Lake-H,8,16,2.1,5.0,BGA 1787,10,24,35,May 2021,2021-05-01,20243,3082,1016,36.41,556.0,https://www.techpowerup.com/cpu-specs/core-i9-11950h.c2479,https://www.cpubenchmark.net/cpu_lookup.php?cpu=Intel+Core+i9-11950H+%40+2.60GHz&id=4400,corei911950h
Intel,Xeon E5-2670 v2,Ivy Bridge-EP,10,20,2.5,3.3,Socket 2011,22,25,115,Sep 2013,2013-09-01,11241,,1632,59.18,189.95,https://www.techpowerup.com/cpu-specs/xeon-e5-2670-v2.c1665,https://www.cpubenchmark.net/cpu_lookup.php?cpu=Intel+Xeon+E5-2670+v2+%40+2.50GHz&id=2152,xeone52670v2
Intel,Core i7-13850HX,Raptor Lake-HX,20,28,2.1,5.3,BGA 1964,10,30,55,Jan 2023,2023-01-01,36041,3721,438,84.21,428.0,https://www.techpowerup.com/cpu-specs/core-i7-13850hx.c3019,https://www.cpubenchmark.net/cpu_lookup.php?cpu=Intel+Core+i7-13850HX&id=5288,corei713850hx
Intel,Core i7-9850H,Coffee Lake-HR,6,12,2.6,4.6,BGA 1440,14,12,45,Apr 2019,2019-04-01,10777,2440,1672,8.25,1305.76,https://www.techpowerup.com/cpu-specs/core-i7-9850h.c2292,https://www.cpubenchmark.net/cpu_lookup.php?cpu=Intel+Core+i7-9850H+%40+2.60GHz&id=3478,corei79850h
Intel,Pentium Dual-Core T4300,Penryn,2,2,2.1,,Socket P,45,,35,Apr 2009,2009-04-01,,,,,,https://www.techpowerup.com/cpu-specs/pentium-dual-core-t4300.c1364,,pentiumdualcoret4300
Intel,Xeon E5-2669 v3,Haswell-EP,12,24,2.3,3.1,Socket 2011-3,22,30,120,2015,201501-01,16107,,1284,,,https://www.techpowerup.com/cpu-specs/xeon-e5-2669-v3.c2882,https://www.cpubenchmark.net/cpu_lookup.php?cpu=Intel+Xeon+E5-2669+v3+%40+2.30GHz&id=2700,xeone52669v3
AMD,EPYC 9554,Genoa,64,128,3.1,3.75,Socket SP5,5,256,360,Nov 2022,2022-11-01,102047,,,,3550.0,https://www.techpowerup.com/cpu-specs/epyc-9554.c2930,https://www.cpubenchmark.net/cpu.php?cpu=AMD+EPYC+9554&id=5304,epyc9554
Intel,Core i5-13500HX,Raptor Lake-HX,14,20,2.5,4.7,BGA 1964,10,24,55,Jan 2023,2023-01-01,27409,3622,677,84.08,326.0,https://www.techpowerup.com/cpu-specs/core-i5-13500hx.c3031,https://www.cpubenchmark.net/cpu_lookup.php?cpu=Intel+Core+i5-13500HX&id=5484,corei513500hx
Intel,Core i5-4590S,Haswell,4,4,2.9,3.6,Socket 1150,22,6,65,May 2014,2014-05-01,5103,,2550,104.17,48.99,https://www.techpowerup.com/cpu-specs/core-i5-4590s.c1754,https://www.cpubenchmark.net/cpu_lookup.php?cpu=Intel+Core+i5-4590S+%40+3.00GHz&id=2227,corei54590s
Intel,Pentium III 1133,Coppermine,1,1,1.133,,Socket 370,180,,29,Jul 2000,2000-07-01,185,,5854,,,https://www.techpowerup.com/cpu-specs/pentium-iii-1133.c1290,https://www.cpubenchmark.net/cpu_lookup.php?cpu=Intel+Pentium+III+1133+%40+1133MHz&id=1694,pentiumiii1133
Intel,Xeon 678X,Granite Rapids,48,96,2.4,4.9,Socket 4710,5,192,300,Feb 2026,2026-02-01,98559,,48,21.43,4599.0,https://www.techpowerup.com/cpu-specs/xeon-678x.c4329,https://www.cpubenchmark.net/cpu_lookup.php?cpu=Intel+Xeon+678X&id=7169,xeon678x
AMD,Ryzen 7 PRO 9755X3D,Granite Ridge,8,16,4.7,5.2,Socket AM5,4,96,120,Jun 2026,2026-06-01,40147,,,,,https://www.techpowerup.com/cpu-specs/ryzen-7-pro-9755x3d.c4427,https://www.cpubenchmark.net/cpu.php?cpu=AMD+Ryzen+7+PRO+9755X3D&id=7393,ryzen7pro9755x3d
Intel,Core 2 Duo E7600,Wolfdale,2,2,3.067,,Socket 775,45,,65,May 2009,2009-05-01,1133,,4537,9.45,119.95,https://www.techpowerup.com/cpu-specs/core-2-duo-e7600.c1531,https://www.cpubenchmark.net/cpu_lookup.php?cpu=Intel+Core2+Duo+E7600+%40+3.06GHz&id=948,core2duoe7600
Intel,Core i5-3230M,Ivy Bridge,2,4,2.6,3.2,Socket G2 (988B),22,3,35,Jan 2013,2013-01-01,2569,1571,3448,25.7,99.99,https://www.techpowerup.com/cpu-specs/core-i5-3230m.c1509,https://www.cpubenchmark.net/cpu_lookup.php?cpu=Intel+Core+i5-3230M+%40+2.60GHz&id=1849,corei53230m
AMD,Ryzen 5 PRO 4655G,Renoir,6,12,3.7,4.2,Socket AM4,7,8,65,Nov 2022,2022-11-01,16218,,,,248.25,https://www.techpowerup.com/cpu-specs/ryzen-5-pro-4655g.c3324,https://www.cpubenchmark.net/cpu.php?cpu=AMD+Ryzen+5+PRO+4655G&id=5442,ryzen5pro4655g
Intel,Core i3-3110M,Ivy Bridge,2,4,2.4,,Socket G2 (988B),22,3,35,Jun 2012,2012-06-01,1657,1232,4081,23.69,69.95,https://www.techpowerup.com/cpu-specs/core-i3-3110m.c1059,https://www.cpubenchmark.net/cpu_lookup.php?cpu=Intel+Core+i3-3110M+%40+2.40GHz&id=763,corei33110m
Intel,Core Ultra 5 235HX,Arrow Lake-HX,14,14,2.9,5.1,BGA 2114,3,24,55,Jan 2025,2025-01-01,40630,4700,369,,,https://www.techpowerup.com/cpu-specs/core-ultra-5-235hx.c4100,https://www.cpubenchmark.net/cpu_lookup.php?cpu=Intel+Core+Ultra+5+235HX&id=6878,coreultra5235hx
Intel,Xeon Silver 4314,Ice Lake-SP,16,32,2.4,3.4,Socket 4189,10,24,135,Apr 2021,2021-04-01,28437,,626,25.95,1095.65,https://www.techpowerup.com/cpu-specs/xeon-silver-4314.c2451,https://www.cpubenchmark.net/cpu_lookup.php?cpu=Intel+Xeon+Silver+4314+%40+2.40GHz&id=4489,xeonsilver4314
Intel,Xeon 6530P,Granite Rapids,32,64,2.3,4.1,Socket 4710,5,144,225,Feb 2025,2025-02-01,,,,,,https://www.techpowerup.com/cpu-specs/xeon-6530p.c4047,,xeon6530p
Intel,Xeon E5-1620 v4,Broadwell-EP,4,8,3.5,3.8,Socket 2011-3,14,10,140,Jun 2016,2016-06-01,7328,,2055,23.63,310.1,https://www.techpowerup.com/cpu-specs/xeon-e5-1620-v4.c3172,https://www.cpubenchmark.net/cpu_lookup.php?cpu=Intel+Xeon+E5-1620+v4+%40+3.50GHz&id=2777,xeone51620v4
Intel,Core i3-1220P,Alder Lake-P,10,12,1.5,4.4,BGA 1744,10,12,28,Feb 2022,2022-02-01,15630,3403,1312,55.62,281.0,https://www.techpowerup.com/cpu-specs/core-i3-1220p.c2584,https://www.cpubenchmark.net/cpu_lookup.php?cpu=Intel+Core+i3-1220P&id=4819,corei31220p
Intel,Core i5-4590T,Haswell,4,4,2.0,3.0,Socket 1150,22,6,35,May 2014,2014-05-01,4057,,2799,31.22,129.95,https://www.techpowerup.com/cpu-specs/core-i5-4590t.c3510,https://www.cpubenchmark.net/cpu_lookup.php?cpu=Intel+Core+i5-4590T+%40+2.00GHz&id=2276,corei54590t
Intel,Core i7-2630QM,Sandy Bridge,4,8,2.0,2.9,Socket G2 (988B),32,6,45,Jan 2011,2011-01-01,3550,1215,2971,18.69,189.95,https://www.techpowerup.com/cpu-specs/core-i7-2630qm.c958,https://www.cpubenchmark.net/cpu_lookup.php?cpu=Intel+Core+i7-2630QM+%40+2.00GHz&id=873,corei72630qm
Intel,Xeon 654,Granite Rapids,18,36,3.1,4.8,Socket 4710,5,72,200,Feb 2026,2026-02-01,61353,,173,41.77,1469.0,https://www.techpowerup.com/cpu-specs/xeon-654.c4333,https://www.cpubenchmark.net/cpu_lookup.php?cpu=Intel+Xeon+654&id=7110,xeon654
AMD,A6-3600,Llano,4,4,2.1,2.4,Socket FM1,32,,65,Jun 2011,2011-06-01,,,,,,https://www.techpowerup.com/cpu-specs/a6-3600.c788,,a63600
AMD,Athlon II X2 260,Regor,2,2,3.2,,Socket AM3,45,,65,May 2010,2010-05-01,,,,,,https://www.techpowerup.com/cpu-specs/athlon-ii-x2-260.c691,,athloniix2260
Intel,Core 2 Duo E4300,Allendale,2,2,1.8,,Socket 775,65,,65,Jul 2006,2006-07-01,603,,5189,15.45,39.0,https://www.techpowerup.com/cpu-specs/core-2-duo-e4300.c374,https://www.cpubenchmark.net/cpu_lookup.php?cpu=Intel+Core2+Duo+E4300+%40+1.80GHz&id=1678,core2duoe4300
Intel,Core i5-5300U,Broadwell-U,2,4,2.3,2.9,BGA 1168,14,3,15,Mar 2015,2015-03-01,2692,1597,3368,9.28,289.99,https://www.techpowerup.com/cpu-specs/core-i5-5300u.c1808,https://www.cpubenchmark.net/cpu_lookup.php?cpu=Intel+Core+i5-5300U+%40+2.30GHz&id=2459,corei55300u
Intel,Core i7-4770S,Haswell,4,8,3.1,3.9,Socket 1150,22,8,65,Jun 2013,2013-06-01,6717,,2167,82.92,81.0,https://www.techpowerup.com/cpu-specs/core-i7-4770s.c1474,https://www.cpubenchmark.net/cpu_lookup.php?cpu=Intel+Core+i7-4770S+%40+3.10GHz&id=1884,corei74770s
Intel,Core Ultra 7 265HX,Arrow Lake-HX,20,20,2.6,5.3,BGA 2114,3,30,55,Jan 2025,2025-01-01,47711,4471,298,,,https://www.techpowerup.com/cpu-specs/core-ultra-7-265hx.c4097,https://www.cpubenchmark.net/cpu_lookup.php?cpu=Intel+Core+Ultra+7+265HX&id=6708,coreultra7265hx
AMD,Ryzen Threadripper 7980X,Storm Peak,64,128,3.2,5.1,Socket sTR5,5,256,350,Oct 2023,2023-10-01,135588,,,,3827.69,https://www.techpowerup.com/cpu-specs/ryzen-threadripper-7980x.c3357,https://www.cpubenchmark.net/cpu.php?cpu=AMD+Ryzen+Threadripper+7980X&id=5764,ryzenthreadripper7980x
Intel,Core 2 Extreme QX6700,Kentsfield,4,4,2.666,,Socket 775,65,,130,Nov 2006,2006-11-01,,,,,,https://www.techpowerup.com/cpu-specs/core-2-extreme-qx6700.c402,,core2extremeqx6700
Intel,Core i5-2320,Sandy Bridge,4,4,3.0,3.3,Socket 1155,32,6,95,Sep 2011,2011-09-01,3707,,2917,141.98,26.11,https://www.techpowerup.com/cpu-specs/core-i5-2320.c801,https://www.cpubenchmark.net/cpu_lookup.php?cpu=Intel+Core+i5-2320+%40+3.00GHz&id=790,corei52320
AMD,Phenom II X4 840,Propus,4,4,3.2,,Socket AM3,45,,95,Jan 2011,2011-01-01,,,,,,https://www.techpowerup.com/cpu-specs/phenom-ii-x4-840.c749,,phenomiix4840
Intel,Core i5-13600,Raptor Lake-S,14,20,2.7,5.0,Socket 1700,10,24,65,Jan 2023,2023-01-01,31141,,526,122.12,255.0,https://www.techpowerup.com/cpu-specs/core-i5-13600.c3003,https://www.cpubenchmark.net/cpu_lookup.php?cpu=Intel+Core+i5-13600&id=5159,corei513600
Intel,Core i7-3630QM,Ivy Bridge,4,8,2.4,3.4,Socket G2 (988B),22,6,45,Sep 2012,2012-09-01,5135,1691,2545,22.33,229.95,https://www.techpowerup.com/cpu-specs/core-i7-3630qm.c1218,https://www.cpubenchmark.net/cpu_lookup.php?cpu=Intel+Core+i7-3630QM+%40+2.40GHz&id=1444,corei73630qm
AMD,Athlon X4 870K,Godaveri,4,4,3.9,4.1,Socket FM2+,28,,95,Dec 2015,2015-12-01,3467,,,,34.2,https://www.techpowerup.com/cpu-specs/athlon-x4-870k.c2630,https://www.cpubenchmark.net/cpu.php?cpu=AMD+Athlon+X4+870K&id=2724,athlonx4870k
Intel,Core i7-3960X,Sandy Bridge-E,6,12,3.3,3.9,Socket 2011,32,15,130,Nov 2011,2011-11-01,8436,,1889,44.75,188.52,https://www.techpowerup.com/cpu-specs/core-i7-3960x.c857,https://www.cpubenchmark.net/cpu_lookup.php?cpu=Intel+Core+i7-3960X+%40+3.30GHz&id=903,corei73960x
Intel,Core i9-11900KF,Rocket Lake,8,16,3.5,5.3,Socket 1200,14,16,125,Mar 2021,2021-03-01,24494,,793,61.39,399.0,https://www.techpowerup.com/cpu-specs/core-i9-11900kf.c2392,https://www.cpubenchmark.net/cpu_lookup.php?cpu=Intel+Core+i9-11900KF+%40+3.50GHz&id=4240,corei911900kf
Intel,Xeon 6369P,Raptor Lake-R,8,16,3.3,5.7,Socket 1700,10,24,95,Feb 2025,2025-02-01,30323,,562,50.04,606.0,https://www.techpowerup.com/cpu-specs/xeon-6369p.c4094,https://www.cpubenchmark.net/cpu_lookup.php?cpu=Intel+Xeon+6369P&id=6680,xeon6369p
Intel,Xeon E5-1660 v4,Broadwell-EP,8,16,3.2,3.8,Socket 2011-3,14,20,140,Jun 2016,2016-06-01,13270,,1477,37.66,352.36,https://www.techpowerup.com/cpu-specs/xeon-e5-1660-v4.c3175,https://www.cpubenchmark.net/cpu_lookup.php?cpu=Intel+Xeon+E5-1660+v4+%40+3.20GHz&id=2866,xeone51660v4
AMD,Athlon X4 840,Kaveri,4,4,3.1,3.8,Socket FM2+,28,,65,Aug 2014,2014-08-01,,,,,,https://www.techpowerup.com/cpu-specs/athlon-x4-840.c2633,,athlonx4840
AMD,Ryzen 3 PRO 5350G,Cezanne,4,8,4.0,4.2,Socket AM4,7,8,65,Jun 2021,2021-06-01,13736,,,,,https://www.techpowerup.com/cpu-specs/ryzen-3-pro-5350g.c2705,https://www.cpubenchmark.net/cpu.php?cpu=AMD+Ryzen+3+PRO+5350G&id=4382,ryzen3pro5350g
Intel,Celeron 7305,Alder Lake-U,5,6,1.1,,BGA 1744,10,8,15,Feb 2022,2022-02-01,2559,843,3456,23.92,107.0,https://www.techpowerup.com/cpu-specs/celeron-7305.c2674,https://www.cpubenchmark.net/cpu_lookup.php?cpu=Intel+Celeron+7305&id=4762,celeron7305
Intel,Core 5 330,Wildcat Lake,6,6,1.5,4.6,BGA 1516,3,6,15,Apr 2026,2026-04-01,14701,,1371,,,https://www.techpowerup.com/cpu-specs/core-5-330.c4404,https://www.cpubenchmark.net/cpu_lookup.php?cpu=Intel+Core+5+330&id=7299,core5330
Intel,Pentium G6950,Clarkdale,2,2,2.8,,Socket 1156,32,3,73,Jan 2010,2010-01-01,1265,,4404,16.22,78.0,https://www.techpowerup.com/cpu-specs/pentium-g6950.c716,https://www.cpubenchmark.net/cpu_lookup.php?cpu=Intel+Pentium+G6950+%40+2.80GHz&id=1112,pentiumg6950
Intel,Xeon W-3175X,Skylake-W,28,56,3.1,4.3,Socket 3647,14,38,255,Jan 2019,2019-01-01,45520,,317,15.7,2899.0,https://www.techpowerup.com/cpu-specs/xeon-w-3175x.c2116,https://www.cpubenchmark.net/cpu_lookup.php?cpu=Intel+Xeon+W-3175X+%40+3.10GHz&id=3420,xeonw3175x
AMD,A4-7300,Richland,2,2,3.8,4.0,Socket FM2,32,,65,Aug 2014,2014-08-01,,,,,,https://www.techpowerup.com/cpu-specs/a4-7300.c2646,,a47300
AMD,EPYC 9115,Turin,16,32,2.6,4.1,Socket SP5,4,64,125,Oct 2024,2024-10-01,48936,,,,1575.0,https://www.techpowerup.com/cpu-specs/epyc-9115.c3902,https://www.cpubenchmark.net/cpu.php?cpu=AMD+EPYC+9115&id=6506,epyc9115
Intel,Core 2 Duo P8700,Penryn,2,2,2.533,,Socket P,45,,25,Dec 2008,2008-12-01,970,1017,4725,11.42,84.95,https://www.techpowerup.com/cpu-specs/core-2-duo-p8700.c2728,https://www.cpubenchmark.net/cpu_lookup.php?cpu=Intel+Core2+Duo+P8700+%40+2.53GHz&id=975,core2duop8700
AMD,Athlon XP 3200+ (400FSB),Barton,1,1,2.2,,Socket A,130,,77,May 2003,2003-05-01,,,,,,https://www.techpowerup.com/cpu-specs/athlon-xp-3200-400fsb.c86,,athlonxp3200400fsb
Intel,Pentium Silver N6005,Jasper Lake,4,4,2.0,3.3,BGA 1338,10,4,10,Jan 2021,2021-01-01,5225,1763,2526,,,https://www.techpowerup.com/cpu-specs/pentium-silver-n6005.c4211,https://www.cpubenchmark.net/cpu_lookup.php?cpu=Intel+Pentium+Silver+N6005+%40+2.00GHz&id=4565,pentiumsilvern6005
Intel,Xeon E5-1680 v3,Haswell-EP,8,16,3.2,3.8,Socket 2011-3,22,20,140,Sep 2014,2014-09-01,13282,,1476,33.29,398.95,https://www.techpowerup.com/cpu-specs/xeon-e5-1680-v3.c2664,https://www.cpubenchmark.net/cpu_lookup.php?cpu=Intel+Xeon+E5-1680+v3+%40+3.20GHz&id=2497,xeone51680v3
AMD,Ryzen 5 PRO 1500,Zen,4,8,3.5,3.7,Socket AM4,14,16,65,Jun 2017,2017-06-01,8985,,,,,https://www.techpowerup.com/cpu-specs/ryzen-5-pro-1500.c1917,https://www.cpubenchmark.net/cpu.php?cpu=AMD+Ryzen+5+PRO+1500&id=3049,ryzen5pro1500
Intel,Core 2 Duo E4400,Allendale,2,2,2.0,,Socket 775,65,,65,Jul 2007,2007-07-01,737,,5019,36.86,19.99,https://www.techpowerup.com/cpu-specs/core-2-duo-e4400.c519,https://www.cpubenchmark.net/cpu_lookup.php?cpu=Intel+Core2+Duo+E4400+%40+2.00GHz&id=935,core2duoe4400
Intel,Core 2 Duo E4600,Allendale,2,2,2.4,,Socket 775,65,,65,Oct 2007,2007-10-01,877,,4841,5.55,157.95,https://www.techpowerup.com/cpu-specs/core-2-duo-e4600.c521,https://www.cpubenchmark.net/cpu_lookup.php?cpu=Intel+Core2+Duo+E4600+%40+2.40GHz&id=937,core2duoe4600
Intel,Xeon 6776P,Granite Rapids,64,128,2.3,3.9,Socket 4710,5,336,350,May 2025,2025-05-01,,,,,,https://www.techpowerup.com/cpu-specs/xeon-6776p.c4272,,xeon6776p
Intel,Xeon W-2135,Skylake-W,6,12,3.7,4.5,Socket 2066,14,8,140,Aug 2017,2017-08-01,14342,,1392,14.23,1007.7,https://www.techpowerup.com/cpu-specs/xeon-w-2135.c2947,https://www.cpubenchmark.net/cpu_lookup.php?cpu=Intel+Xeon+W-2135+%40+3.70GHz&id=3121,xeonw2135
AMD,PRO A10-9700E,Bristol Ridge,4,4,3.0,3.5,Socket AM4,28,,35,Oct 2016,2016-10-01,,,,,,https://www.techpowerup.com/cpu-specs/pro-a10-9700e.c2794,,proa109700e
AMD,Ryzen 7 PRO 8845HS,Hawk Point,8,16,3.8,5.1,Socket FP7,4,16,45,Apr 2024,2024-04-01,28602,3764,,,,https://www.techpowerup.com/cpu-specs/ryzen-7-pro-8845hs.c3570,https://www.cpubenchmark.net/cpu.php?cpu=AMD+Ryzen+7+PRO+8845HS&id=6086,ryzen7pro8845hs
AMD,Athlon 300GE,Dali,2,4,3.4,,Socket AM4,14,4,35,Jul 2019,2019-07-01,4284,,,,,https://www.techpowerup.com/cpu-specs/athlon-300ge.c4356,https://www.cpubenchmark.net/cpu.php?cpu=AMD+Athlon+300GE&id=3629,athlon300ge
Intel,Core i5-7300HQ,Kaby Lake-H,4,4,2.5,3.5,BGA 1440,14,6,45,Jan 2017,2017-01-01,5080,1945,2558,,,https://www.techpowerup.com/cpu-specs/core-i5-7300hq.c1998,https://www.cpubenchmark.net/cpu_lookup.php?cpu=Intel+Core+i5-7300HQ+%40+2.50GHz&id=2922,corei57300hq
Intel,Xeon E3-1240 v2,Ivy Bridge,4,8,3.4,3.8,Socket 1155,22,8,69,May 2012,2012-05-01,6400,,2237,42.66,150.0,https://www.techpowerup.com/cpu-specs/xeon-e3-1240-v2.c1031,https://www.cpubenchmark.net/cpu_lookup.php?cpu=Intel+Xeon+E3-1240+V2+%40+3.40GHz&id=1190,xeone31240v2
Intel,Xeon E3-1270 v2,Ivy Bridge,4,8,3.5,3.9,Socket 1155,22,8,69,May 2012,2012-05-01,6481,,2220,42.65,151.96,https://www.techpowerup.com/cpu-specs/xeon-e3-1270-v2.c1030,https://www.cpubenchmark.net/cpu_lookup.php?cpu=Intel+Xeon+E3-1270+V2+%40+3.50GHz&id=1192,xeone31270v2
AMD,Athlon II X3 450,Rana,3,3,3.2,,Socket AM3,45,,95,Sep 2010,2010-09-01,,,,,,https://www.techpowerup.com/cpu-specs/athlon-ii-x3-450.c697,,athloniix3450
AMD,EPYC 7451,Naples,24,48,2.3,3.2,Socket SP3,14,64,180,Jun 2017,2017-06-01,26639,,,,1787.0,https://www.techpowerup.com/cpu-specs/epyc-7451.c1923,https://www.cpubenchmark.net/cpu.php?cpu=AMD+EPYC+7451&id=3164,epyc7451
AMD,PRO A10-9700,Bristol Ridge,4,4,3.5,3.8,Socket AM4,28,,65,Jul 2017,2017-07-01,3620,,,,169.0,https://www.techpowerup.com/cpu-specs/pro-a10-9700.c2795,https://www.cpubenchmark.net/cpu.php?cpu=AMD+PRO+A10-9700&id=2883,proa109700
AMD,Ryzen 5 7640U,Phoenix,6,12,3.5,4.9,Socket FP8,4,16,15,May 2023,2023-05-01,20252,3407,,,,https://www.techpowerup.com/cpu-specs/ryzen-5-7640u.c3205,https://www.cpubenchmark.net/cpu.php?cpu=AMD+Ryzen+5+7640U&id=5639,ryzen57640u
Intel,Celeron G540,Sandy Bridge,2,2,2.5,,Socket 1155,32,2,65,Sep 2011,2011-09-01,1192,,4478,108.09,11.03,https://www.techpowerup.com/cpu-specs/celeron-g540.c829,https://www.cpubenchmark.net/cpu_lookup.php?cpu=Intel+Celeron+G540+%40+2.50GHz&id=684,celerong540
Intel,Core i5-13490F,Raptor Lake-S,10,16,2.5,4.8,Socket 1700,10,24,65,Feb 2023,2023-02-01,26784,,702,140.98,189.99,https://www.techpowerup.com/cpu-specs/core-i5-13490f.c3097,https://www.cpubenchmark.net/cpu_lookup.php?cpu=Intel+Core+i5-13490F&id=5412,corei513490f
Intel,Core i5-3350P,Ivy Bridge,4,4,3.1,3.3,Socket 1155,22,6,69,Sep 2012,2012-09-01,4330,,2722,72.16,60.0,https://www.techpowerup.com/cpu-specs/core-i5-3350p.c1078,https://www.cpubenchmark.net/cpu_lookup.php?cpu=Intel+Core+i5-3350P+%40+3.10GHz&id=1476,corei53350p
Intel,Xeon E3-1245,Sandy Bridge,4,8,3.3,3.7,Socket 1155,32,8,95,Apr 2011,2011-04-01,5359,,2483,26.93,199.0,https://www.techpowerup.com/cpu-specs/xeon-e3-1245.c814,https://www.cpubenchmark.net/cpu_lookup.php?cpu=Intel+Xeon+E3-1245+%40+3.30GHz&id=1202,xeone31245
AMD,EPYC 4124P,Raphael,4,8,3.8,5.1,Socket AM5,5,32,65,May 2024,2024-05-01,18139,,,,,https://www.techpowerup.com/cpu-specs/epyc-4124p.c3610,https://www.cpubenchmark.net/cpu.php?cpu=AMD+EPYC+4124P&id=6127,epyc4124p
Qualcomm,Snapdragon X1E-78-100,Oryon,12,12,3.4,,Qualcomm BGA 2073,4,6,35,Apr 2024,2024-04-01,,,,,,https://www.techpowerup.com/cpu-specs/snapdragon-x1e-78-100.c4102,,snapdragonx1e78100
Starfive,JH-7110 SoC,7-Series,5,5,1.25,1.5,mBGA 625,14,,5,Aug 2022,2022-08-01,,,,,,https://www.techpowerup.com/cpu-specs/jh-7110-soc.c4026,,jh7110
AMD,A12-9800E,Bristol Ridge,4,4,3.1,3.8,Socket AM4,28,,35,Jul 2017,2017-07-01,,,,,,https://www.techpowerup.com/cpu-specs/a12-9800e.c1954,,a129800e
Intel,Celeron G3930,Kaby Lake,2,2,2.9,,Socket 1151,14,2,51,Jan 2017,2017-01-01,2258,,3651,28.95,78.0,https://www.techpowerup.com/cpu-specs/celeron-g3930.c1941,https://www.cpubenchmark.net/cpu_lookup.php?cpu=Intel+Celeron+G3930+%40+2.90GHz&id=2957,celerong3930
Intel,Core 2 Duo T7300,Merom,2,2,2.0,,Socket P,65,,35,Jul 2006,2006-07-01,705,770,5057,7.84,89.95,https://www.techpowerup.com/cpu-specs/core-2-duo-t7300.c1507,https://www.cpubenchmark.net/cpu_lookup.php?cpu=Intel+Core2+Duo+T7300+%40+2.00GHz&id=1001,core2duot7300
Intel,Core i5-3470S,Ivy Bridge,4,4,2.9,3.6,Socket 1155,22,6,65,Jun 2012,2012-06-01,4360,,2711,24.24,179.88,https://www.techpowerup.com/cpu-specs/core-i5-3470s.c1040,https://www.cpubenchmark.net/cpu_lookup.php?cpu=Intel+Core+i5-3470S+%40+2.90GHz&id=823,corei53470s
Intel,Pentium 4 HT 631,Cedar Mill,1,2,3.0,,Socket 775,65,,86,Jan 2006,2006-01-01,,,,,,https://www.techpowerup.com/cpu-specs/pentium-4-ht-631.c333,,pentium4ht631
AMD,Ryzen 9 7940HX,Dragon Range,16,32,2.4,5.2,Socket FL1,5,64,55,Jan 2024,2024-01-01,52924,3930,,,,https://www.techpowerup.com/cpu-specs/ryzen-9-7940hx.c4239,https://www.cpubenchmark.net/cpu.php?cpu=AMD+Ryzen+9+7940HX&id=5882,ryzen97940hx
Intel,Celeron 420,Conroe-L,1,1,1.6,,Socket 775,65,,35,Jun 2007,2007-06-01,231,,5766,3.3,69.95,https://www.techpowerup.com/cpu-specs/celeron-420.c842,https://www.cpubenchmark.net/cpu_lookup.php?cpu=Intel+Celeron+420+%40+1.60GHz&id=650,celeron420
Intel,Pentium 4 HT Extreme Edition 3.46,Gallatin,1,2,3.466,,Socket 775,130,2,110,Oct 2004,2004-10-01,,,,,,https://www.techpowerup.com/cpu-specs/pentium-4-ht-extreme-edition-3-46.c13,,pentium4htextremeedition346
Intel,Xeon E5-1650,Sandy Bridge-E,6,12,3.2,3.8,Socket 2011,32,12,130,Mar 2012,2012-03-01,8049,,1940,54.95,146.47,https://www.techpowerup.com/cpu-specs/xeon-e5-1650.c984,https://www.cpubenchmark.net/cpu_lookup.php?cpu=Intel+Xeon+E5-1650+%40+3.20GHz&id=1211,xeone51650
Intel,Xeon E5-1620 v3,Haswell-EP,4,8,3.5,3.6,Socket 2011-3,22,10,140,Sep 2014,2014-09-01,6953,,2123,29.95,232.12,https://www.techpowerup.com/cpu-specs/xeon-e5-1620-v3.c2660,https://www.cpubenchmark.net/cpu_lookup.php?cpu=Intel+Xeon+E5-1620+v3+%40+3.50GHz&id=2409,xeone51620v3
AMD,A6-3400M,Llano,4,4,1.4,2.3,Socket FS1,32,,35,Jun 2011,2011-06-01,,,,,,https://www.techpowerup.com/cpu-specs/a6-3400m.c890,,a63400m
AMD,Ryzen 9 9850HX,Fire Range,12,24,3.0,5.2,Socket FL1,4,64,55,Jan 2025,2025-01-01,51722,4461,,,,https://www.techpowerup.com/cpu-specs/ryzen-9-9850hx.c4038,https://www.cpubenchmark.net/cpu.php?cpu=AMD+Ryzen+9+9850HX&id=6859,ryzen99850hx
AMD,Ryzen Threadripper PRO 7985WX,Storm Peak,64,128,3.2,5.1,Socket sTR5,5,256,350,Oct 2023,2023-10-01,131843,,,,7399.0,https://www.techpowerup.com/cpu-specs/ryzen-threadripper-pro-7985wx.c3356,https://www.cpubenchmark.net/cpu.php?cpu=AMD+Ryzen+Threadripper+PRO+7985WX&id=5732,ryzenthreadripperpro7985wx
Intel,Core i3-7100T,Kaby Lake,2,4,3.4,,Socket 1151,14,3,35,Jan 2017,2017-01-01,3726,,2911,109.62,33.99,https://www.techpowerup.com/cpu-specs/core-i3-7100t.c1864,https://www.cpubenchmark.net/cpu_lookup.php?cpu=Intel+Core+i3-7100T+%40+3.40GHz&id=2953,corei37100t
Intel,Xeon E-2288G,Coffee Lake-S WS,8,16,3.7,5.0,Socket 1151,14,16,95,May 2019,2019-05-01,17432,,1206,32.34,539.0,https://www.techpowerup.com/cpu-specs/xeon-e-2288g.c3534,https://www.cpubenchmark.net/cpu_lookup.php?cpu=Intel+Xeon+E-2288G+%40+3.70GHz&id=3546,xeone2288g
AMD,A10-4600M,Trinity,4,4,2.3,3.2,Socket FS1r2,32,,35,May 2012,2012-05-01,,,,,,https://www.techpowerup.com/cpu-specs/a10-4600m.c1023,,a104600m
Intel,Celeron 3865U,Kaby Lake-U,2,2,1.8,,BGA 1356,14,2,15,Jan 2017,2017-01-01,1356,1047,4314,,,https://www.techpowerup.com/cpu-specs/celeron-3865u.c3104,https://www.cpubenchmark.net/cpu_lookup.php?cpu=Intel+Celeron+3865U+%40+1.80GHz&id=3034,celeron3865u
Intel,Xeon E3-1225 v2,Ivy Bridge,4,4,3.2,3.6,Socket 1155,22,8,77,May 2012,2012-05-01,4698,,2625,22.39,209.86,https://www.techpowerup.com/cpu-specs/xeon-e3-1225-v2.c1037,https://www.cpubenchmark.net/cpu_lookup.php?cpu=Intel+Xeon+E3-1225+V2+%40+3.20GHz&id=1485,xeone31225v2
AMD,E1-1500,Zacate,2,2,1.48,,Socket FT1,40,,18,Jan 2013,2013-01-01,,,,,,https://www.techpowerup.com/cpu-specs/e1-1500.c1486,,e11500
AMD,EPYC 7773X,Milan-X,64,128,2.2,3.5,Socket SP3,7,768,280,Mar 2022,2022-03-01,90279,,,,1563.0,https://www.techpowerup.com/cpu-specs/epyc-7773x.c2759,https://www.cpubenchmark.net/cpu.php?cpu=AMD+EPYC+7773X&id=4884,epyc7773x
Intel,Pentium G850,Sandy Bridge,2,2,2.9,,Socket 1155,32,3,65,May 2011,2011-05-01,1497,,4206,17.61,85.0,https://www.techpowerup.com/cpu-specs/pentium-g850.c774,https://www.cpubenchmark.net/cpu_lookup.php?cpu=Intel+Pentium+G850+%40+2.90GHz&id=1116,pentiumg850
Intel,Xeon E-2124,Coffee Lake-S WS,4,4,3.3,4.3,Socket 1151,14,8,71,Jul 2018,2018-07-01,6748,,2162,8.71,774.45,https://www.techpowerup.com/cpu-specs/xeon-e-2124.c2078,https://www.cpubenchmark.net/cpu_lookup.php?cpu=Intel+Xeon+E-2124+%40+3.30GHz&id=3432,xeone2124
Intel,Xeon E3-1270,Sandy Bridge,4,8,3.4,3.8,Socket 1155,32,8,80,Apr 2011,2011-04-01,5378,,2478,30.21,178.0,https://www.techpowerup.com/cpu-specs/xeon-e3-1270.c815,https://www.cpubenchmark.net/cpu_lookup.php?cpu=Intel+Xeon+E3-1270+%40+3.40GHz&id=1204,xeone31270
Intel,Core i3-8350K,Coffee Lake,4,4,4.0,,Socket 1151,14,8,91,Oct 2017,2017-10-01,6916,,2130,140.0,49.4,https://www.techpowerup.com/cpu-specs/core-i3-8350k.c1967,https://www.cpubenchmark.net/cpu_lookup.php?cpu=Intel+Core+i3-8350K+%40+4.00GHz&id=3102,corei38350k
Intel,Core i5-3320M,Ivy Bridge,2,4,2.6,3.3,BGA 1023,22,3,35,Jun 2012,2012-06-01,2656,1603,3391,60.32,44.04,https://www.techpowerup.com/cpu-specs/core-i5-3320m.c1066,https://www.cpubenchmark.net/cpu_lookup.php?cpu=Intel+Core+i5-3320M+%40+2.60GHz&id=817,corei53320m
Intel,Core i5-4430,Haswell,4,4,3.0,3.2,Socket 1150,22,6,84,Jun 2013,2013-06-01,4673,,2631,87.28,53.54,https://www.techpowerup.com/cpu-specs/core-i5-4430.c1470,https://www.cpubenchmark.net/cpu_lookup.php?cpu=Intel+Core+i5-4430+%40+3.00GHz&id=1924,corei54430
Intel,Core i7-8665U,Whiskey Lake-U,4,8,1.9,4.8,BGA 1528,14,8,15,Oct 2018,2018-10-01,6137,2145,2300,8.71,704.49,https://www.techpowerup.com/cpu-specs/core-i7-8665u.c3596,https://www.cpubenchmark.net/cpu_lookup.php?cpu=Intel+Core+i7-8665U+%40+1.90GHz&id=3434,corei78665u
Intel,Core Ultra 5 235H,Arrow Lake-H,14,14,2.4,5.0,BGA 2049,3,18,28,Jan 2025,2025-01-01,29990,4331,574,,,https://www.techpowerup.com/cpu-specs/core-ultra-5-235h.c4269,https://www.cpubenchmark.net/cpu_lookup.php?cpu=Intel+Core+Ultra+5+235H&id=6370,coreultra5235h
AMD,EPYC 7663,Milan,56,112,2.0,3.5,Socket SP3,7,256,240,Mar 2021,2021-03-01,81283,,,,,https://www.techpowerup.com/cpu-specs/epyc-7663.c2376,https://www.cpubenchmark.net/cpu.php?cpu=AMD+EPYC+7663&id=5827,epyc7663
Intel,Core i5-4570S,Haswell,4,4,2.9,3.6,Socket 1150,22,6,65,Jun 2013,2013-06-01,5006,,2573,25.16,198.95,https://www.techpowerup.com/cpu-specs/core-i5-4570s.c1481,https://www.cpubenchmark.net/cpu_lookup.php?cpu=Intel+Core+i5-4570S+%40+2.90GHz&id=1925,corei54570s
AMD,Ryzen AI 9 HX PRO 370,Strix Point,12,24,2.0,5.1,Socket FP8,4,16,28,Jan 2025,2025-01-01,33293,4000,,,,https://www.techpowerup.com/cpu-specs/ryzen-ai-9-hx-pro-370.c4003,https://www.cpubenchmark.net/cpu.php?cpu=AMD+Ryzen+AI+9+HX+PRO+370&id=6516,ryzenai9hxpro370
AMD,PRO A6-8570,Carrizo,2,2,3.5,3.8,Socket AM4,28,,65,Oct 2018,2018-10-01,,,,,,https://www.techpowerup.com/cpu-specs/pro-a6-8570.c2620,,proa68570
Intel,Core i5-12600H,Alder Lake-H,12,16,2.7,4.5,BGA 1744,10,18,45,Jan 2022,2022-01-01,20354,3442,1003,65.45,311.0,https://www.techpowerup.com/cpu-specs/core-i5-12600h.c2535,https://www.cpubenchmark.net/cpu_lookup.php?cpu=Intel+Core+i5-12600H&id=4835,corei512600h
Intel,Core i5-4210U,Haswell,2,4,1.7,2.7,BGA 1168,22,3,15,Apr 2014,2014-04-01,2311,1369,3614,,,https://www.techpowerup.com/cpu-specs/core-i5-4210u.c2028,https://www.cpubenchmark.net/cpu_lookup.php?cpu=Intel+Core+i5-4210U+%40+1.70GHz&id=2259,corei54210u
Intel,Core i9-9980HK,Coffee Lake-HR,8,16,2.4,5.0,BGA 1440,14,16,45,Apr 2019,2019-04-01,13924,2503,1428,23.88,583.0,https://www.techpowerup.com/cpu-specs/core-i9-9980hk.c2288,https://www.cpubenchmark.net/cpu_lookup.php?cpu=Intel+Core+i9-9980HK+%40+2.40GHz&id=3451,corei99980hk
Intel,Core i9-9980XE,Skylake-X,18,36,3.0,4.5,Socket 2066,14,24,165,Oct 2018,2018-10-01,31504,,519,33.17,949.9,https://www.techpowerup.com/cpu-specs/core-i9-9980xe.c2109,https://www.cpubenchmark.net/cpu_lookup.php?cpu=Intel+Core+i9-9980XE+%40+3.00GHz&id=3373,corei99980xe
AMD,Sempron 2800+,Palermo,1,1,1.6,,Socket 754,90,,62,Aug 2004,2004-08-01,,,,,,https://www.techpowerup.com/cpu-specs/sempron-2800.c70,,sempron2800
Intel,Xeon 6520P,Granite Rapids,24,48,2.4,4.0,Socket 4710,5,144,210,Feb 2025,2025-02-01,62936,,160,48.6,1295.0,https://www.techpowerup.com/cpu-specs/xeon-6520p.c4048,https://www.cpubenchmark.net/cpu_lookup.php?cpu=Intel+Xeon+6520P&id=6668,xeon6520p
AMD,A4-3400,Llano,2,2,2.7,,Socket FM1,32,,65,Sep 2011,2011-09-01,,,,,,https://www.techpowerup.com/cpu-specs/a4-3400.c806,,a43400
AMD,EPYC 7C13,Milan,64,128,2.0,3.675,Socket SP3,7,256,225,2021,202101-01,76392,,,,,https://www.techpowerup.com/cpu-specs/epyc-7c13.c4238,https://www.cpubenchmark.net/cpu.php?cpu=AMD+EPYC+7C13&id=6101,epyc7c13
AMD,Ryzen 7 4800HS,Renoir,8,16,2.9,4.2,Socket FP6,7,8,45,Jan 2020,2020-01-01,17840,2544,,,,https://www.techpowerup.com/cpu-specs/ryzen-7-4800hs.c2296,https://www.cpubenchmark.net/cpu.php?cpu=AMD+Ryzen+7+4800HS&id=3697,ryzen74800hs
Intel,Core i5-1155G7,Tiger Lake-U,4,8,2.5,4.5,BGA 1449,10,8,28,May 2021,2021-05-01,9565,2776,1775,30.96,309.0,https://www.techpowerup.com/cpu-specs/core-i5-1155g7.c2486,https://www.cpubenchmark.net/cpu_lookup.php?cpu=Intel+Core+i5-1155G7+%40+2.50GHz&id=4582,corei51155g7
Intel,Core i7-3970X,Sandy Bridge-E,6,12,3.5,4.0,Socket 2011,32,15,150,Nov 2012,2012-11-01,8703,,1862,49.73,175.0,https://www.techpowerup.com/cpu-specs/core-i7-3970x.c1291,https://www.cpubenchmark.net/cpu_lookup.php?cpu=Intel+Core+i7-3970X+%40+3.50GHz&id=1799,corei73970x
Intel,Core i9-14900F,Raptor Lake-R,24,32,2.0,5.8,Socket 1700,10,36,65,Jan 2024,2024-01-01,46440,,307,80.21,579.0,https://www.techpowerup.com/cpu-specs/core-i9-14900f.c3445,https://www.cpubenchmark.net/cpu_lookup.php?cpu=Intel+Core+i9-14900F&id=5833,corei914900f
Intel,Core Ultra 7 265T,Arrow Lake-S,20,20,1.5,5.3,Socket 1851,3,30,35,Jan 2025,2025-01-01,36987,,422,,,https://www.techpowerup.com/cpu-specs/core-ultra-7-265t.c3780,https://www.cpubenchmark.net/cpu_lookup.php?cpu=Intel+Core+Ultra+7+265T&id=6687,coreultra7265t
AMD,Athlon 64 X2 4400+,Toledo,2,2,2.2,,Socket 939,90,,110,May 2005,2005-05-01,,,,,,https://www.techpowerup.com/cpu-specs/athlon-64-x2-4400.c27,,athlon64x24400
AMD,Ryzen 5 8500GE,Phoenix2,6,12,3.4,5.0,Socket AM5,4,16,35,Apr 2024,2024-04-01,21108,,,,,https://www.techpowerup.com/cpu-specs/ryzen-5-8500ge.c4130,https://www.cpubenchmark.net/cpu.php?cpu=AMD+Ryzen+5+8500GE&id=6246,ryzen58500ge
AMD,Ryzen 7 5705G,Cezanne,8,16,3.8,4.6,Socket AM4,7,16,65,Feb 2025,2025-02-01,,,,,,https://www.techpowerup.com/cpu-specs/ryzen-7-5705g.c4029,,ryzen75705g
Intel,Core i7-5600U,Broadwell-U,2,4,2.6,3.2,BGA 1168,14,4,15,Mar 2015,2015-03-01,2985,1741,3236,,,https://www.techpowerup.com/cpu-specs/core-i7-5600u.c1810,https://www.cpubenchmark.net/cpu_lookup.php?cpu=Intel+Core+i7-5600U+%40+2.60GHz&id=2456,corei75600u
Intel,Core i7-8850H,Coffee Lake-H,6,12,2.7,4.3,BGA 1440,14,12,45,Apr 2018,2018-04-01,10001,2340,1728,25.32,395.0,https://www.techpowerup.com/cpu-specs/core-i7-8850h.c1991,https://www.cpubenchmark.net/cpu_lookup.php?cpu=Intel+Core+i7-8850H+%40+2.60GHz&id=3247,corei78850h
Intel,Xeon E3-1220 v5,Skylake-DT,4,4,3.0,3.5,Socket 1151,14,8,80,Oct 2015,2015-10-01,5697,,2390,17.53,324.95,https://www.techpowerup.com/cpu-specs/xeon-e3-1220-v5.c3238,https://www.cpubenchmark.net/cpu_lookup.php?cpu=Intel+Xeon+E3-1220+v5+%40+3.00GHz&id=2692,xeone31220v5
AMD,Ryzen 7 2700X 50th Anniversary,Zen,8,16,3.7,4.35,Socket AM4,12,16,105,Apr 2019,2019-04-01,,,,,,https://www.techpowerup.com/cpu-specs/ryzen-7-2700x-50th-anniversary.c2190,,ryzen72700x50thanniversary
Intel,Core i7-7820HQ,Kaby Lake-H,4,8,2.9,3.9,BGA 1440,14,8,45,Jan 2017,2017-01-01,7158,2114,2086,18.94,378.0,https://www.techpowerup.com/cpu-specs/core-i7-7820hq.c3100,https://www.cpubenchmark.net/cpu_lookup.php?cpu=Intel+Core+i7-7820HQ+%40+2.90GHz&id=2952,corei77820hq
Intel,Xeon E-2136,Coffee Lake-S WS,6,12,3.3,4.5,Socket 1151,14,12,80,Jul 2018,2018-07-01,12893,,1512,17.61,732.0,https://www.techpowerup.com/cpu-specs/xeon-e-2136.c3528,https://www.cpubenchmark.net/cpu_lookup.php?cpu=Intel+Xeon+E-2136+%40+3.30GHz&id=3363,xeone2136
Intel,Xeon E3-1245 v5,Skylake-DT,4,8,3.5,3.9,Socket 1151,14,8,80,Oct 2015,2015-10-01,8031,,1943,,,https://www.techpowerup.com/cpu-specs/xeon-e3-1245-v5.c3232,https://www.cpubenchmark.net/cpu_lookup.php?cpu=Intel+Xeon+E3-1245+v5+%40+3.50GHz&id=2674,xeone31245v5
Intel,Xeon E5-2660 v3,Haswell-EP,10,20,2.6,3.3,Socket 2011-3,22,25,105,Sep 2014,2014-09-01,12996,,1503,158.51,81.99,https://www.techpowerup.com/cpu-specs/xeon-e5-2660-v3.c2874,https://www.cpubenchmark.net/cpu_lookup.php?cpu=Intel+Xeon+E5-2660+v3+%40+2.60GHz&id=2359,xeone52660v3
Intel,Xeon E5530,Gainestown,4,8,2.4,2.666,Socket 1366,45,8,80,Mar 2009,2009-03-01,2739,,3349,91.33,29.99,https://www.techpowerup.com/cpu-specs/xeon-e5530.c917,https://www.cpubenchmark.net/cpu_lookup.php?cpu=Intel+Xeon+E5530+%40+2.40GHz&id=1244,xeone5530
AMD,Phenom II X4 960T BE,Zosma,4,4,3.0,3.4,Socket AM3,45,6,95,Jun 2010,2010-06-01,,,,,,https://www.techpowerup.com/cpu-specs/phenom-ii-x4-960t-be.c745,,phenomiix4960tbe
Intel,Core i5-1340P,Raptor Lake-P,12,16,1.9,4.6,BGA 1744,10,12,28,Jan 2023,2023-01-01,18284,3397,1135,51.8,353.0,https://www.techpowerup.com/cpu-specs/core-i5-1340p.c3061,https://www.cpubenchmark.net/cpu_lookup.php?cpu=Intel+Core+i5-1340P&id=5237,corei51340p
Intel,Pentium B980,Sandy Bridge,2,2,2.4,,Socket G2 (988B),32,2,35,Sep 2012,2012-09-01,1076,1031,4606,30.05,35.81,https://www.techpowerup.com/cpu-specs/pentium-b980.c1317,https://www.cpubenchmark.net/cpu_lookup.php?cpu=Intel+Pentium+B980+%40+2.40GHz&id=1796,pentiumb980
Intel,Xeon E3-1245 v2,Ivy Bridge,4,8,3.4,3.8,Socket 1155,22,8,77,May 2012,2012-05-01,6374,,2243,65.6,97.17,https://www.techpowerup.com/cpu-specs/xeon-e3-1245-v2.c1036,https://www.cpubenchmark.net/cpu_lookup.php?cpu=Intel+Xeon+E3-1245+V2+%40+3.40GHz&id=1191,xeone31245v2
AMD,A6-3500,Llano,3,3,2.1,2.4,Socket FM1,32,,65,Aug 2011,2011-08-01,,,,,,https://www.techpowerup.com/cpu-specs/a6-3500.c776,,a63500
AMD,Athlon 64 X2 3800+,Windsor,2,2,2.0,,Socket AM2,90,,89,May 2006,2006-05-01,,,,,,https://www.techpowerup.com/cpu-specs/athlon-64-x2-3800.c353,,athlon64x23800
Intel,Atom N550,Pineview,2,4,1.5,,BGA 559,45,,9,Aug 2010,2010-08-01,304,239,5623,3.54,86.0,https://www.techpowerup.com/cpu-specs/atom-n550.c1408,https://www.cpubenchmark.net/cpu_lookup.php?cpu=Intel+Atom+N550+%40+1.50GHz&id=622,atomn550
Intel,Xeon X5680,Westmere-EP,6,12,3.333,3.6,Socket 1366,32,12,130,Feb 2010,2010-02-01,6907,,2133,42.37,163.0,https://www.techpowerup.com/cpu-specs/xeon-x5680.c950,https://www.cpubenchmark.net/cpu_lookup.php?cpu=Intel+Xeon+X5680+%40+3.33GHz&id=1312,xeonx5680
AMD,Athlon X2 4450e,Brisbane,2,2,2.3,,Socket AM2,65,,45,Apr 2008,2008-04-01,,,,,,https://www.techpowerup.com/cpu-specs/athlon-x2-4450e.c488,,athlonx24450e
AMD,FX-7500,Kaveri,4,4,2.1,3.3,Socket FP3,28,,19,Jun 2014,2014-06-01,,,,,,https://www.techpowerup.com/cpu-specs/fx-7500.c3670,,fx7500
Intel,Xeon E3-1230 v5,Skylake-DT,4,8,3.4,3.8,Socket 1151,14,8,80,Oct 2015,2015-10-01,7933,,1959,22.67,349.95,https://www.techpowerup.com/cpu-specs/xeon-e3-1230-v5.c3236,https://www.cpubenchmark.net/cpu_lookup.php?cpu=Intel+Xeon+E3-1230+v5+%40+3.40GHz&id=2693,xeone31230v5
AMD,Athlon II X4 630,Propus,4,4,2.8,,Socket AM3,45,,95,Sep 2009,2009-09-01,,,,,,https://www.techpowerup.com/cpu-specs/athlon-ii-x4-630.c784,,athloniix4630
AMD,EPYC 7513,Milan,32,64,2.6,3.65,Socket SP3,7,128,200,Mar 2021,2021-03-01,58964,,,,1692.4,https://www.techpowerup.com/cpu-specs/epyc-7513.c2381,https://www.cpubenchmark.net/cpu.php?cpu=AMD+EPYC+7513&id=4383,epyc7513
Intel,Celeron G550,Sandy Bridge,2,2,2.6,,Socket 1155,32,2,65,Jun 2012,2012-06-01,1275,,4386,12.38,102.99,https://www.techpowerup.com/cpu-specs/celeron-g550.c1339,https://www.cpubenchmark.net/cpu_lookup.php?cpu=Intel+Celeron+G550+%40+2.60GHz&id=686,celerong550
Intel,Core i3-1125G4,Tiger Lake-U,4,8,2.0,3.7,BGA 1449,10,8,15,Mar 2021,2021-03-01,9232,2415,1811,,,https://www.techpowerup.com/cpu-specs/core-i3-1125g4.c2347,https://www.cpubenchmark.net/cpu_lookup.php?cpu=Intel+Core+i3-1125G4+%40+2.00GHz&id=3995,corei31125g4
Intel,Core i7-11700KF,Rocket Lake,8,16,3.6,5.0,Socket 1200,14,16,125,Mar 2021,2021-03-01,23735,,829,62.46,379.99,https://www.techpowerup.com/cpu-specs/core-i7-11700kf.c2396,https://www.cpubenchmark.net/cpu_lookup.php?cpu=Intel+Core+i7-11700KF+%40+3.60GHz&id=4234,corei711700kf
Intel,Core i7-14700T,Raptor Lake-R,20,28,1.3,5.2,Socket 1700,10,33,35,Jan 2024,2024-01-01,30710,,545,79.97,384.0,https://www.techpowerup.com/cpu-specs/core-i7-14700t.c3446,https://www.cpubenchmark.net/cpu_lookup.php?cpu=Intel+Core+i7-14700T&id=6112,corei714700t
Intel,Pentium D 925,Presler,2,2,3.0,,Socket 775,65,,95,Oct 2006,2006-10-01,,,,,,https://www.techpowerup.com/cpu-specs/pentium-d-925.c1108,,pentiumd925
Qualcomm,Snapdragon X2P-42-100,Glymur,6,6,4.032,,Qualcomm BGA 2620,3,6,,Apr 2026,2026-04-01,,,,,,https://www.techpowerup.com/cpu-specs/snapdragon-x2p-42-100.c4567,,snapdragonx2p42100
AMD,EPYC 9335,Turin,32,64,3.0,4.4,Socket SP5,4,128,210,Oct 2024,2024-10-01,65811,,,,3178.0,https://www.techpowerup.com/cpu-specs/epyc-9335.c3897,https://www.cpubenchmark.net/cpu.php?cpu=AMD+EPYC+9335&id=6925,epyc9335
Intel,Celeron G4900,Coffee Lake,2,2,3.1,,Socket 1151,14,2,54,Apr 2018,2018-04-01,2371,,3574,32.48,73.0,https://www.techpowerup.com/cpu-specs/celeron-g4900.c1990,https://www.cpubenchmark.net/cpu_lookup.php?cpu=Intel+Celeron+G4900+%40+3.10GHz&id=3275,celerong4900
Intel,Core 2 Duo T9500,Penryn,2,2,2.6,,Socket P,45,,35,Jan 2008,2008-01-01,1019,1028,4672,9.43,108.02,https://www.techpowerup.com/cpu-specs/core-2-duo-t9500.c2737,https://www.cpubenchmark.net/cpu_lookup.php?cpu=Intel+Core2+Duo+T9500+%40+2.60GHz&id=1010,core2duot9500
Intel,Core i7-10870H,Comet Lake-H,8,16,2.2,5.0,BGA 1440,14,16,45,Sep 2020,2020-09-01,13923,2616,1429,33.39,417.0,https://www.techpowerup.com/cpu-specs/core-i7-10870h.c2353,https://www.cpubenchmark.net/cpu_lookup.php?cpu=Intel+Core+i7-10870H+%40+2.20GHz&id=3856,corei710870h
Intel,Pentium G870,Sandy Bridge,2,2,3.1,,Socket 1155,32,3,65,Jun 2012,2012-06-01,1329,,4335,19.64,67.64,https://www.techpowerup.com/cpu-specs/pentium-g870.c1350,https://www.cpubenchmark.net/cpu_lookup.php?cpu=Intel+Pentium+G870+%40+3.10GHz&id=1484,pentiumg870
Intel,Pentium III 1400,Tualatin,1,1,1.4,,Socket 370,130,,31,Dec 2001,2001-12-01,193,,5828,,,https://www.techpowerup.com/cpu-specs/pentium-iii-1400.c1277,https://www.cpubenchmark.net/cpu_lookup.php?cpu=Intel+Pentium+III+1400+%40+1400MHz&id=1695,pentiumiii1400
AMD,Athlon X4 760K,Richland,4,4,3.8,4.1,Socket FM2,32,,100,Jun 2013,2013-06-01,,,,,,https://www.techpowerup.com/cpu-specs/athlon-x4-760k.c2650,,athlonx4760k
AMD,Ryzen 7 PRO 5755G,Cezanne,8,16,3.8,4.6,Socket AM4,7,16,65,Sep 2024,2024-09-01,23858,,,,,https://www.techpowerup.com/cpu-specs/ryzen-7-pro-5755g.c4125,https://www.cpubenchmark.net/cpu.php?cpu=AMD+Ryzen+7+PRO+5755G&id=6848,ryzen7pro5755g
Intel,Celeron D 346,Prescott,1,1,3.06,,Socket 775,90,,73,Oct 2004,2004-10-01,,,,,,https://www.techpowerup.com/cpu-specs/celeron-d-346.c22,,celerond346
Intel,Core 2 Duo T7600,Merom,2,2,2.333,,Socket 479,65,,35,Jul 2006,2006-07-01,809,852,4913,8.09,99.95,https://www.techpowerup.com/cpu-specs/core-2-duo-t7600.c375,https://www.cpubenchmark.net/cpu_lookup.php?cpu=Intel+Core2+Duo+T7600+%40+2.33GHz&id=929,core2duot7600
Intel,Core i7-1195G7,Tiger Lake-U,4,8,2.9,5.0,BGA 1449,10,12,28,May 2021,2021-05-01,10362,2944,1697,24.32,426.0,https://www.techpowerup.com/cpu-specs/core-i7-1195g7.c4212,https://www.cpubenchmark.net/cpu_lookup.php?cpu=Intel+Core+i7-1195G7+%40+2.90GHz&id=4514,corei71195g7
Intel,Core i9-9990XE,Skylake-X,14,28,4.0,5.1,Socket 2066,14,19,255,Oct 2018,2018-10-01,30162,,565,13.94,2163.0,https://www.techpowerup.com/cpu-specs/core-i9-9990xe.c2149,https://www.cpubenchmark.net/cpu_lookup.php?cpu=Intel+Core+i9-9990XE+%40+4.00GHz&id=3770,corei99990xe
Intel,Pentium 4 HT 640,Prescott,1,2,3.2,,Socket 775,90,,84,Feb 2005,2005-02-01,,,,,,https://www.techpowerup.com/cpu-specs/pentium-4-ht-640.c17,,pentium4ht640
Intel,Xeon 6511P,Granite Rapids,16,32,2.3,4.2,Socket 4710,5,72,150,Feb 2025,2025-02-01,48786,,289,59.86,815.0,https://www.techpowerup.com/cpu-specs/xeon-6511p.c4051,https://www.cpubenchmark.net/cpu_lookup.php?cpu=Intel+Xeon+6511P&id=6932,xeon6511p
Intel,Celeron G1840,Haswell,2,2,2.8,,Socket 1150,22,3,54,May 2014,2014-05-01,1779,,3994,59.35,29.97,https://www.techpowerup.com/cpu-specs/celeron-g1840.c1752,https://www.cpubenchmark.net/cpu_lookup.php?cpu=Intel+Celeron+G1840+%40+2.80GHz&id=2268,celerong1840
Intel,Core i7-965,Bloomfield,4,8,3.2,3.466,Socket 1366,45,8,130,Nov 2008,2008-11-01,3396,,3034,22.65,149.95,https://www.techpowerup.com/cpu-specs/core-i7-965.c643,https://www.cpubenchmark.net/cpu_lookup.php?cpu=Intel+Core+i7-965+%40+3.20GHz&id=839,corei7965
Intel,Xeon w9-3595X,Sapphire Rapids,60,120,2.0,4.8,Socket 4677,10,112,385,Aug 2024,2024-08-01,99182,,47,16.84,5889.0,https://www.techpowerup.com/cpu-specs/xeon-w9-3595x.c3801,https://www.cpubenchmark.net/cpu_lookup.php?cpu=Intel+Xeon+w9-3595X&id=6240,xeonw93595x
AMD,A8-3800,Llano,4,4,2.4,2.7,Socket FM1,32,,65,Jun 2011,2011-06-01,,,,,,https://www.techpowerup.com/cpu-specs/a8-3800.c789,,a83800
AMD,Athlon Silver 10,Mendocino,2,2,2.4,3.5,Socket FT6,6,2,15,Oct 2025,2025-10-01,3543,2089,,,,https://www.techpowerup.com/cpu-specs/athlon-silver-10.c4261,https://www.cpubenchmark.net/cpu.php?cpu=AMD+Athlon+Silver+10&id=7155,athlonsilver10
AMD,Phenom II X2 550,Callisto,2,2,3.1,,Socket AM3,45,6,80,Nov 2009,2009-11-01,,,,,,https://www.techpowerup.com/cpu-specs/phenom-ii-x2-550.c681,,phenomiix2550
AMD,PRO A12-9800,Bristol Ridge,4,4,3.8,4.2,Socket AM4,28,,65,Oct 2016,2016-10-01,3726,,,,169.0,https://www.techpowerup.com/cpu-specs/pro-a12-9800.c2611,https://www.cpubenchmark.net/cpu.php?cpu=AMD+PRO+A12-9800&id=2939,proa129800
AMD,EPYC 7313,Milan,16,32,3.0,3.7,Socket SP3,7,128,155,Mar 2021,2021-03-01,39725,,,,824.0,https://www.techpowerup.com/cpu-specs/epyc-7313.c2389,https://www.cpubenchmark.net/cpu.php?cpu=AMD+EPYC+7313&id=4443,epyc7313
Intel,Celeron 450,Conroe-L,1,1,2.2,,Socket 775,65,,35,Aug 2008,2008-08-01,433,,5401,1.45,299.0,https://www.techpowerup.com/cpu-specs/celeron-450.c845,https://www.cpubenchmark.net/cpu_lookup.php?cpu=Intel+Celeron+450+%40+2.20GHz&id=653,celeron450
Intel,Celeron G1610,Ivy Bridge,2,2,2.6,,Socket 1155,22,2,55,Dec 2012,2012-12-01,1552,,4162,53.53,28.99,https://www.techpowerup.com/cpu-specs/celeron-g1610.c1482,https://www.cpubenchmark.net/cpu_lookup.php?cpu=Intel+Celeron+G1610+%40+2.60GHz&id=1819,celerong1610
Intel,Core i7-940XM,Clarksfield,4,8,2.133,3.333,Socket G1,45,8,55,Jun 2010,2010-06-01,2269,1124,3642,,,https://www.techpowerup.com/cpu-specs/core-i7-940xm.c3206,https://www.cpubenchmark.net/cpu_lookup.php?cpu=Intel+Core+i7-940XM+%40+2.13GHz&id=865,corei7940xm
Intel,Xeon 676X,Granite Rapids,32,64,2.8,4.9,Socket 4710,5,144,275,Feb 2026,2026-02-01,91115,,59,28.84,3159.0,https://www.techpowerup.com/cpu-specs/xeon-676x.c4328,https://www.cpubenchmark.net/cpu_lookup.php?cpu=Intel+Xeon+676X&id=7244,xeon676x
Intel,Celeron E3300,Wolfdale,2,2,2.5,,Socket 775,45,,65,Aug 2009,2009-08-01,892,,4813,14.4,61.94,https://www.techpowerup.com/cpu-specs/celeron-e3300.c833,https://www.cpubenchmark.net/cpu_lookup.php?cpu=Intel+Celeron+E3300+%40+2.50GHz&id=677,celerone3300
Intel,Core 2 Duo T5500,Merom,2,2,1.667,,Socket M,65,,35,Jul 2006,2006-07-01,578,619,5225,,,https://www.techpowerup.com/cpu-specs/core-2-duo-t5500.c379,https://www.cpubenchmark.net/cpu_lookup.php?cpu=Intel+Core2+Duo+T5500+%40+1.66GHz&id=922,core2duot5500
Intel,Xeon E5-2687W v3,Haswell-EP,10,20,3.1,3.5,Socket 2011-3,22,25,160,Sep 2014,2014-09-01,14371,,1390,19.16,749.95,https://www.techpowerup.com/cpu-specs/xeon-e5-2687w-v3.c2877,https://www.cpubenchmark.net/cpu_lookup.php?cpu=Intel+Xeon+E5-2687W+v3+%40+3.10GHz&id=2387,xeone52687wv3
Intel,Xeon E5420,Harpertown,4,4,2.5,,Socket 771,45,,80,Nov 2007,2007-11-01,2044,,3788,8.18,249.95,https://www.techpowerup.com/cpu-specs/xeon-e5420.c4148,https://www.cpubenchmark.net/cpu_lookup.php?cpu=Intel+Xeon+E5420+%40+2.50GHz&id=1233,xeone5420
Intel,Xeon Gold 6330,Ice Lake-SP,28,56,2.0,3.1,Socket 4189,10,42,205,Apr 2021,2021-04-01,42072,,350,28.05,1500.0,https://www.techpowerup.com/cpu-specs/xeon-gold-6330.c2434,https://www.cpubenchmark.net/cpu_lookup.php?cpu=Intel+Xeon+Gold+6330+%40+2.00GHz&id=4513,xeongold6330
AMD,EPYC 7443P,Milan,24,48,2.85,4.0,Socket SP3,7,128,200,Mar 2021,2021-03-01,56984,,,,1050.0,https://www.techpowerup.com/cpu-specs/epyc-7443p.c2385,https://www.cpubenchmark.net/cpu.php?cpu=AMD+EPYC+7443P&id=4391,epyc7443p
Intel,Core i5-8400T,Coffee Lake,6,6,1.7,3.3,Socket 1151,14,9,35,Apr 2018,2018-04-01,7388,,2045,81.19,91.0,https://www.techpowerup.com/cpu-specs/core-i5-8400t.c2018,https://www.cpubenchmark.net/cpu_lookup.php?cpu=Intel+Core+i5-8400T+%40+1.70GHz&id=3260,corei58400t
Intel,Core i9-9900X,Skylake-X,10,20,3.5,4.5,Socket 2066,14,19,165,Oct 2018,2018-10-01,21516,,935,97.43,220.85,https://www.techpowerup.com/cpu-specs/core-i9-9900x.c2113,https://www.cpubenchmark.net/cpu_lookup.php?cpu=Intel+Core+i9-9900X+%40+3.50GHz&id=3376,corei99900x
AMD,A8-5550M,Richland,4,4,2.1,3.1,Socket FS1r2,32,,35,Jun 2013,2013-06-01,,,,,,https://www.techpowerup.com/cpu-specs/a8-5550m.c1555,,a85550m
AMD,EPYC 9334,Genoa,32,64,2.7,3.9,Socket SP5,5,128,210,Nov 2022,2022-11-01,65568,,,,2598.95,https://www.techpowerup.com/cpu-specs/epyc-9334.c2922,https://www.cpubenchmark.net/cpu.php?cpu=AMD+EPYC+9334&id=5519,epyc9334
AMD,Ryzen 7 PRO 8840U,Hawk Point,8,16,3.3,5.1,Socket FP7,4,16,28,Apr 2024,2024-04-01,23847,3637,,,,https://www.techpowerup.com/cpu-specs/ryzen-7-pro-8840u.c3572,https://www.cpubenchmark.net/cpu.php?cpu=AMD+Ryzen+7+PRO+8840U&id=6096,ryzen7pro8840u
AMD,Ryzen 9 4900HS,Renoir,8,16,3.0,4.3,Socket FP6,7,8,35,Mar 2020,2020-03-01,18701,2577,,,,https://www.techpowerup.com/cpu-specs/ryzen-9-4900hs.c2278,https://www.cpubenchmark.net/cpu.php?cpu=AMD+Ryzen+9+4900HS&id=3694,ryzen94900hs
Intel,Celeron 1007U,Ivy Bridge,2,2,1.5,,BGA 1023,22,2,17,Jan 2013,2013-01-01,842,777,4882,4.55,184.99,https://www.techpowerup.com/cpu-specs/celeron-1007u.c1615,https://www.cpubenchmark.net/cpu_lookup.php?cpu=Intel+Celeron+1007U+%40+1.50GHz&id=1847,celeron1007u
Intel,Core 2 Duo E8200,Wolfdale,2,2,2.667,,Socket 775,45,,65,Jan 2008,2008-01-01,1136,,4534,14.95,75.99,https://www.techpowerup.com/cpu-specs/core-2-duo-e8200.c468,https://www.cpubenchmark.net/cpu_lookup.php?cpu=Intel+Core2+Duo+E8200+%40+2.66GHz&id=950,core2duoe8200
Intel,Core i3-7350K,Kaby Lake,2,4,4.2,,Socket 1151,14,4,60,Jan 2017,2017-01-01,4765,,2612,28.2,169.0,https://www.techpowerup.com/cpu-specs/core-i3-7350k.c1860,https://www.cpubenchmark.net/cpu_lookup.php?cpu=Intel+Core+i3-7350K+%40+4.20GHz&id=2930,corei37350k
Intel,Core i9-10990XE,Cascade Lake-X,22,44,4.0,5.0,Socket 2066,14,30,380,Unreleased,,,,,,,https://www.techpowerup.com/cpu-specs/core-i9-10990xe.c2272,,corei910990xe
Intel,Xeon W-2133,Skylake-W,6,12,3.6,3.9,Socket 2066,14,8,140,Aug 2017,2017-08-01,12549,,1537,20.34,617.0,https://www.techpowerup.com/cpu-specs/xeon-w-2133.c2948,https://www.cpubenchmark.net/cpu_lookup.php?cpu=Intel+Xeon+W-2133+%40+3.60GHz&id=3084,xeonw2133
AMD,EPYC 7371,Naples,16,32,3.1,3.8,Socket SP3,14,64,170,Nov 2018,2018-11-01,30830,,,,609.99,https://www.techpowerup.com/cpu-specs/epyc-7371.c2121,https://www.cpubenchmark.net/cpu.php?cpu=AMD+EPYC+7371&id=3387,epyc7371
Intel,Core i5-4570T,Haswell,2,4,2.9,3.6,Socket 1150,22,4,35,Jun 2013,2013-06-01,3216,,3115,21.45,149.95,https://www.techpowerup.com/cpu-specs/core-i5-4570t.c1472,https://www.cpubenchmark.net/cpu_lookup.php?cpu=Intel+Core+i5-4570T+%40+2.90GHz&id=2041,corei54570t
Intel,Xeon Silver 4510,Sapphire Rapids,12,24,2.4,4.1,Socket 4677,10,30,150,Dec 2023,2023-12-01,31867,,510,56.6,563.0,https://www.techpowerup.com/cpu-specs/xeon-silver-4510.c3496,https://www.cpubenchmark.net/cpu_lookup.php?cpu=Intel+Xeon+Silver+4510&id=5984,xeonsilver4510
AMD,Athlon 64 X2 5600+,Windsor,2,2,2.8,,Socket AM2,90,,89,Dec 2006,2006-12-01,,,,,,https://www.techpowerup.com/cpu-specs/athlon-64-x2-5600.c424,,athlon64x25600
AMD,Athlon X4 740,Trinity,4,4,3.2,3.7,Socket FM2,32,,65,Oct 2012,2012-10-01,,,,,,https://www.techpowerup.com/cpu-specs/athlon-x4-740.c2654,,athlonx4740
Intel,Celeron J4005,Gemini Lake,2,2,2.0,2.7,BGA 1090,14,,10,Dec 2017,2017-12-01,1562,,4153,9.25,168.75,https://www.techpowerup.com/cpu-specs/celeron-j4005.c2072,https://www.cpubenchmark.net/cpu_lookup.php?cpu=Intel+Celeron+J4005+%40+2.00GHz&id=3200,celeronj4005
Intel,Core i9-9880H,Coffee Lake-HR,8,16,2.3,4.8,BGA 1440,14,16,45,Apr 2019,2019-04-01,13446,2446,1466,24.18,556.0,https://www.techpowerup.com/cpu-specs/core-i9-9880h.c2289,https://www.cpubenchmark.net/cpu_lookup.php?cpu=Intel+Core+i9-9880H+%40+2.30GHz&id=3456,corei99880h
Intel,Xeon E3-1241 v3,Haswell-WS,4,8,3.5,3.9,Socket 1150,22,8,80,May 2014,2014-05-01,7144,,2089,28.04,254.74,https://www.techpowerup.com/cpu-specs/xeon-e3-1241-v3.c3184,https://www.cpubenchmark.net/cpu_lookup.php?cpu=Intel+Xeon+E3-1241+v3+%40+3.50GHz&id=2341,xeone31241v3
Intel,Xeon E3-1275 v3,Haswell-WS,4,8,3.5,3.9,Socket 1150,22,8,84,Jun 2013,2013-06-01,7131,,2094,20.02,356.21,https://www.techpowerup.com/cpu-specs/xeon-e3-1275-v3.c1641,https://www.cpubenchmark.net/cpu_lookup.php?cpu=Intel+Xeon+E3-1275+v3+%40+3.50GHz&id=1979,xeone31275v3
Intel,Xeon Gold 6430,Sapphire Rapids,32,64,2.1,3.4,Socket 4677,10,60,270,Jan 2023,2023-01-01,53587,,240,24.75,2164.84,https://www.techpowerup.com/cpu-specs/xeon-gold-6430.c3143,https://www.cpubenchmark.net/cpu_lookup.php?cpu=Intel+Xeon+Gold+6430&id=5111,xeongold6430
AMD,A9-9410 SoC,Stoney Ridge,2,2,2.9,3.5,Socket FP4,28,,15,May 2016,2016-05-01,,1342,,,,https://www.techpowerup.com/cpu-specs/a9-9410-soc.c2063,https://www.cpubenchmark.net/cpu.php?cpu=AMD+A9-9410&id=2841,a99410
AMD,EPYC 9254,Genoa,24,48,2.9,4.15,Socket SP5,5,128,200,Nov 2022,2022-11-01,64001,,,,1995.0,https://www.techpowerup.com/cpu-specs/epyc-9254.c2920,https://www.cpubenchmark.net/cpu.php?cpu=AMD+EPYC+9254&id=5500,epyc9254
AMD,EPYC 9375F,Turin,32,64,3.85,4.8,Socket SP5,4,256,320,Oct 2024,2024-10-01,95768,,,,5306.0,https://www.techpowerup.com/cpu-specs/epyc-9375f.c3894,https://www.cpubenchmark.net/cpu.php?cpu=AMD+EPYC+9375F&id=6480,epyc9375f
Intel,Core i5-2450M,Sandy Bridge,2,4,2.5,,Socket G2 (988B),32,3,35,Jan 2012,2012-01-01,2089,1286,3760,28.22,74.02,https://www.techpowerup.com/cpu-specs/core-i5-2450m.c1309,https://www.cpubenchmark.net/cpu_lookup.php?cpu=Intel+Core+i5-2450M+%40+2.50GHz&id=800,corei52450m
Intel,Xeon Gold 6348,Ice Lake-SP,28,56,2.6,3.5,Socket 4189,10,42,235,Apr 2021,2021-04-01,51843,,254,23.56,2200.0,https://www.techpowerup.com/cpu-specs/xeon-gold-6348.c2432,https://www.cpubenchmark.net/cpu_lookup.php?cpu=Intel+Xeon+Gold+6348+%40+2.60GHz&id=4494,xeongold6348
AMD,EPYC 7232P,Rome,8,16,3.1,3.2,Socket SP3,7,16,120,Aug 2019,2019-08-01,17712,,,,729.95,https://www.techpowerup.com/cpu-specs/epyc-7232p.c2263,https://www.cpubenchmark.net/cpu.php?cpu=AMD+EPYC+7232P&id=3718,epyc7232p
AMD,FX-8370E,Vishera,8,8,3.3,4.3,Socket AM3+,32,8,95,Sep 2014,2014-09-01,,,,,,https://www.techpowerup.com/cpu-specs/fx-8370e.c1786,,fx8370e
Intel,Celeron G440,Sandy Bridge,1,1,1.6,,Socket 1155,32,1,35,Sep 2011,2011-09-01,420,,5418,1.64,256.41,https://www.techpowerup.com/cpu-specs/celeron-g440.c831,https://www.cpubenchmark.net/cpu_lookup.php?cpu=Intel+Celeron+G440+%40+1.60GHz&id=681,celerong440
Intel,Core i3-2350M,Sandy Bridge,2,4,2.3,,Socket G2 (988B),32,3,35,Oct 2011,2011-10-01,1273,973,4391,34.36,37.04,https://www.techpowerup.com/cpu-specs/core-i3-2350m.c1312,https://www.cpubenchmark.net/cpu_lookup.php?cpu=Intel+Core+i3-2350M+%40+2.30GHz&id=758,corei32350m
Intel,Xeon 6507P,Granite Rapids,8,16,3.5,4.3,Socket 4710,5,48,150,Feb 2025,2025-02-01,31233,,525,40.83,765.0,https://www.techpowerup.com/cpu-specs/xeon-6507p.c4044,https://www.cpubenchmark.net/cpu_lookup.php?cpu=Intel+Xeon+6507P&id=6835,xeon6507p
Intel,Xeon E3-1285 v4,Broadwell-DT,4,8,3.5,3.8,Socket 1150,14,6,95,Jun 2015,2015-06-01,7766,,1981,,,https://www.techpowerup.com/cpu-specs/xeon-e3-1285-v4.c1840,https://www.cpubenchmark.net/cpu_lookup.php?cpu=Intel+Xeon+E3-1285+v4+%40+3.50GHz&id=3282,xeone31285v4
Intel,Core i5-2520M,Sandy Bridge,2,4,2.5,,Socket G2 (988B),32,3,35,Feb 2011,2011-02-01,2239,1344,3666,66.11,33.87,https://www.techpowerup.com/cpu-specs/core-i5-2520m.c1308,https://www.cpubenchmark.net/cpu_lookup.php?cpu=Intel+Core+i5-2520M+%40+2.50GHz&id=809,corei52520m
Intel,Xeon E5-2650,Sandy Bridge-EP,8,16,2.0,2.8,Socket 2011,32,20,95,Mar 2012,2012-03-01,7416,,2037,144.03,51.49,https://www.techpowerup.com/cpu-specs/xeon-e5-2650.c974,https://www.cpubenchmark.net/cpu_lookup.php?cpu=Intel+Xeon+E5-2650+%40+2.00GHz&id=1218,xeone52650
Intel,Xeon Platinum 8558,Emerald Rapids,48,96,2.1,4.0,Socket 4677,10,260,330,Dec 2023,2023-12-01,,,,,,https://www.techpowerup.com/cpu-specs/xeon-platinum-8558.c3413,,xeonplatinum8558
AMD,Phenom X4 9650,Agena,4,4,2.3,,Socket AM2+,65,2,95,Mar 2008,2008-03-01,,,,,,https://www.techpowerup.com/cpu-specs/phenom-x4-9650.c499,,phenomx49650
Intel,Celeron B820,Sandy Bridge,2,2,1.7,,Socket G2 (988B),32,2,35,Jul 2012,2012-07-01,809,745,4912,27.62,29.29,https://www.techpowerup.com/cpu-specs/celeron-b820.c1328,https://www.cpubenchmark.net/cpu_lookup.php?cpu=Intel+Celeron+B820+%40+1.70GHz&id=671,celeronb820
Intel,Core 2 Duo E8700,Wolfdale,2,2,3.5,,Socket 775,45,,65,Nov 2009,2009-11-01,1302,,4364,,,https://www.techpowerup.com/cpu-specs/core-2-duo-e8700.c4227,https://www.cpubenchmark.net/cpu_lookup.php?cpu=Intel+Core2+Duo+E8700+%40+3.50GHz&id=1679,core2duoe8700
Intel,Core i3-2130,Sandy Bridge,2,4,3.4,,Socket 1155,32,3,65,Sep 2011,2011-09-01,2067,,3773,69.02,29.94,https://www.techpowerup.com/cpu-specs/core-i3-2130.c797,https://www.cpubenchmark.net/cpu_lookup.php?cpu=Intel+Core+i3-2130+%40+3.40GHz&id=755,corei32130
Intel,Core i5-2410M,Sandy Bridge,2,4,2.3,,BGA 1023,32,3,35,Feb 2011,2011-02-01,1955,1205,3851,46.53,42.02,https://www.techpowerup.com/cpu-specs/core-i5-2410m.c1373,https://www.cpubenchmark.net/cpu_lookup.php?cpu=Intel+Core+i5-2410M+%40+2.30GHz&id=796,corei52410m
Intel,Xeon E3-1240,Sandy Bridge,4,8,3.3,3.7,Socket 1155,32,8,80,Apr 2011,2011-04-01,5330,,2492,136.69,38.99,https://www.techpowerup.com/cpu-specs/xeon-e3-1240.c813,https://www.cpubenchmark.net/cpu_lookup.php?cpu=Intel+Xeon+E3-1240+%40+3.30GHz&id=1201,xeone31240
AMD,EPYC 4565P,Grado,16,32,4.3,5.7,Socket AM5,4,64,170,May 2025,2025-05-01,63474,,,,668.02,https://www.techpowerup.com/cpu-specs/epyc-4565p.c4173,https://www.cpubenchmark.net/cpu.php?cpu=AMD+EPYC+4565P&id=6714,epyc4565p
AMD,Ryzen 7 PRO 1700X,Zen,8,16,3.4,3.8,Socket AM4,14,16,95,Jun 2017,2017-06-01,15522,,,,,https://www.techpowerup.com/cpu-specs/ryzen-7-pro-1700x.c1914,https://www.cpubenchmark.net/cpu.php?cpu=AMD+Ryzen+7+PRO+1700X&id=3033,ryzen7pro1700x
Intel,Celeron B800,Sandy Bridge,2,2,1.5,,Socket G2 (988B),32,2,35,Jun 2011,2011-06-01,694,649,5072,25.72,26.99,https://www.techpowerup.com/cpu-specs/celeron-b800.c1325,https://www.cpubenchmark.net/cpu_lookup.php?cpu=Intel+Celeron+B800+%40+1.50GHz&id=668,celeronb800
Intel,Core i7-10875H,Comet Lake-H,8,16,2.3,5.1,BGA 1440,14,16,45,Apr 2020,2020-04-01,14369,2682,1391,31.93,450.0,https://www.techpowerup.com/cpu-specs/core-i7-10875h.c2277,https://www.cpubenchmark.net/cpu_lookup.php?cpu=Intel+Core+i7-10875H+%40+2.30GHz&id=3726,corei710875h
Intel,Core i9-10940X,Cascade Lake-X,14,28,3.3,4.8,Socket 2066,14,19,165,Oct 2019,2019-10-01,27642,,670,70.89,389.94,https://www.techpowerup.com/cpu-specs/core-i9-10940x.c2239,https://www.cpubenchmark.net/cpu_lookup.php?cpu=Intel+Core+i9-10940X+%40+3.30GHz&id=3639,corei910940x
Intel,Xeon E5-2630 v2,Ivy Bridge-EP,6,12,2.6,,Socket 2011,22,15,80,Sep 2013,2013-09-01,7461,,2033,66.61,112.0,https://www.techpowerup.com/cpu-specs/xeon-e5-2630-v2.c1657,https://www.cpubenchmark.net/cpu_lookup.php?cpu=Intel+Xeon+E5-2630+v2+%40+2.60GHz&id=2052,xeone52630v2
Intel,Xeon Platinum 8180,Skylake-SP,28,56,2.5,3.8,Socket 3647,14,38,205,Jul 2017,2017-07-01,38259,,402,16.19,2363.09,https://www.techpowerup.com/cpu-specs/xeon-platinum-8180.c2055,https://www.cpubenchmark.net/cpu_lookup.php?cpu=Intel+Xeon+Platinum+8180+%40+2.50GHz&id=3207,xeonplatinum8180
Intel,Xeon Platinum 8280,Cascade Lake-SP,28,56,2.7,4.0,Socket 3647,14,38,205,Dec 2018,2018-12-01,31287,,524,10.64,2940.0,https://www.techpowerup.com/cpu-specs/xeon-platinum-8280.c2170,https://www.cpubenchmark.net/cpu_lookup.php?cpu=Intel+Xeon+Platinum+8280+%40+2.70GHz&id=3662,xeonplatinum8280
AMD,PRO A6-8570E,Carrizo,2,2,3.0,3.4,Socket AM4,28,,65,Oct 2018,2018-10-01,,,,,,https://www.techpowerup.com/cpu-specs/pro-a6-8570e.c2621,,proa68570e
Intel,Atom N2600,Cedarview,2,4,1.6,,BGA 559,32,,4,Dec 2011,2011-12-01,344,277,5536,,,https://www.techpowerup.com/cpu-specs/atom-n2600.c1407,https://www.cpubenchmark.net/cpu_lookup.php?cpu=Intel+Atom+N2600+%40+1.60GHz&id=613,atomn2600
Intel,Core 2 Quad Q6600 (105W),Kentsfield,4,4,2.4,,Socket 775,65,,105,Jan 2007,2007-01-01,,,,,,https://www.techpowerup.com/cpu-specs/core-2-quad-q6600-105w.c658,,core2quadq6600105w
Intel,Core Ultra 5 238V,Lunar Lake,8,8,2.1,4.7,BGA 2833,3,8,17,Sep 2024,2024-09-01,18391,,1128,40.51,454.0,https://www.techpowerup.com/cpu-specs/core-ultra-5-238v.c3797,https://www.cpubenchmark.net/cpu_lookup.php?cpu=Intel+Core+Ultra+5+238V&id=6463,coreultra5238v
Qualcomm,Snapdragon X2E-90-100,Glymur,18,18,4.032,5.016,Qualcomm BGA 2620,3,9,,Apr 2026,2026-04-01,,,,,,https://www.techpowerup.com/cpu-specs/snapdragon-x2e-90-100.c4570,,snapdragonx2e90100
AMD,Ryzen 9 5980HX,Cezanne,8,16,3.3,4.8,Socket FP6,7,16,45,Jan 2021,2021-01-01,23027,3293,,,,https://www.techpowerup.com/cpu-specs/ryzen-9-5980hx.c3517,https://www.cpubenchmark.net/cpu.php?cpu=AMD+Ryzen+9+5980HX&id=4602,ryzen95980hx
Intel,Core i9-12900HK,Alder Lake-H,14,20,2.5,5.0,BGA 1744,10,24,45,Jan 2022,2022-01-01,24955,3514,770,39.3,635.0,https://www.techpowerup.com/cpu-specs/core-i9-12900hk.c2540,https://www.cpubenchmark.net/cpu_lookup.php?cpu=Intel+Core+i9-12900HK&id=4702,corei912900hk
Intel,Pentium G4500,Skylake,2,2,3.5,,Socket 1151,14,4,51,Sep 2015,2015-09-01,2813,,3311,70.34,39.99,https://www.techpowerup.com/cpu-specs/pentium-g4500.c1838,https://www.cpubenchmark.net/cpu_lookup.php?cpu=Intel+Pentium+G4500+%40+3.50GHz&id=2630,pentiumg4500
Intel,Xeon 6353P,Raptor Lake-R,8,16,2.7,5.4,Socket 1700,10,24,65,Feb 2025,2025-02-01,25859,,736,60.7,426.0,https://www.techpowerup.com/cpu-specs/xeon-6353p.c4092,https://www.cpubenchmark.net/cpu_lookup.php?cpu=Intel+Xeon+6353P&id=6673,xeon6353p
Intel,Xeon E3-1245 v3,Haswell-WS,4,8,3.4,3.8,Socket 1150,22,8,84,Jun 2013,2013-06-01,7005,,2115,18.1,387.0,https://www.techpowerup.com/cpu-specs/xeon-e3-1245-v3.c1640,https://www.cpubenchmark.net/cpu_lookup.php?cpu=Intel+Xeon+E3-1245+v3+%40+3.40GHz&id=1926,xeone31245v3
Intel,Xeon Silver 4410Y,Sapphire Rapids,12,24,2.0,3.9,Socket 4677,10,30,150,Jan 2023,2023-01-01,25354,,754,45.03,563.0,https://www.techpowerup.com/cpu-specs/xeon-silver-4410y.c3168,https://www.cpubenchmark.net/cpu_lookup.php?cpu=Intel+Xeon+Silver+4410Y&id=5321,xeonsilver4410y
AMD,A4-9120e SoC,Stoney Ridge,2,2,1.5,2.2,Socket FT4,28,,6,Jan 2019,2019-01-01,,753,,,,https://www.techpowerup.com/cpu-specs/a4-9120e-soc.c3701,https://www.cpubenchmark.net/cpu.php?cpu=AMD+A4-9120e&id=3464,a49120e
AMD,EPYC 9374F,Genoa,32,64,3.85,4.3,Socket SP5,5,256,320,Nov 2022,2022-11-01,82009,,,,5455.0,https://www.techpowerup.com/cpu-specs/epyc-9374f.c2925,https://www.cpubenchmark.net/cpu.php?cpu=AMD+EPYC+9374F&id=5219,epyc9374f
AMD,Phenom II X4 940 BE,Deneb,4,4,3.0,,Socket AM2+,45,6,125,Jan 2009,2009-01-01,,,,,,https://www.techpowerup.com/cpu-specs/phenom-ii-x4-940-be.c617,,phenomiix4940be
Intel,Xeon Gold 6154,Skylake-SP,18,36,3.0,3.7,Socket 3647,14,24,200,Jul 2017,2017-07-01,27672,,667,55.46,498.95,https://www.techpowerup.com/cpu-specs/xeon-gold-6154.c2056,https://www.cpubenchmark.net/cpu_lookup.php?cpu=Intel+Xeon+Gold+6154+%40+3.00GHz&id=3127,xeongold6154
AMD,Athlon X4 750K,Trinity,4,4,3.4,4.0,Socket FM2,32,,100,Oct 2012,2012-10-01,,,,,,https://www.techpowerup.com/cpu-specs/athlon-x4-750k.c2653,,athlonx4750k
AMD,EPYC 9224,Genoa,24,48,2.5,3.7,Socket SP5,5,64,200,Nov 2022,2022-11-01,50135,,,,1275.29,https://www.techpowerup.com/cpu-specs/epyc-9224.c2919,https://www.cpubenchmark.net/cpu.php?cpu=AMD+EPYC+9224&id=5545,epyc9224
Intel,Celeron E3200,Wolfdale,2,2,2.4,,Socket 775,45,,65,Aug 2009,2009-08-01,923,,4776,46.19,19.99,https://www.techpowerup.com/cpu-specs/celeron-e3200.c832,https://www.cpubenchmark.net/cpu_lookup.php?cpu=Intel+Celeron+E3200+%40+2.40GHz&id=676,celerone3200
Intel,Core 2 Duo T7400,Merom,2,2,2.166,,Socket 479,65,,35,Jul 2006,2006-07-01,761,770,4981,6.92,109.95,https://www.techpowerup.com/cpu-specs/core-2-duo-t7400.c377,https://www.cpubenchmark.net/cpu_lookup.php?cpu=Intel+Core2+Duo+T7400+%40+2.16GHz&id=1002,core2duot7400
Intel,Core 2 Extreme QX6850,Kentsfield,4,4,3.0,,Socket 775,65,,130,Jul 2007,2007-07-01,,,,,,https://www.techpowerup.com/cpu-specs/core-2-extreme-qx6850.c464,,core2extremeqx6850
Intel,Core i7-3520M,Ivy Bridge,2,4,2.9,3.6,Socket G2 (988B),22,4,35,Jun 2012,2012-06-01,2856,1729,3298,23.41,122.02,https://www.techpowerup.com/cpu-specs/core-i7-3520m.c1084,https://www.cpubenchmark.net/cpu_lookup.php?cpu=Intel+Core+i7-3520M+%40+2.90GHz&id=890,corei73520m
Intel,Xeon E3-1226 v3,Haswell-WS,4,4,3.3,3.7,Socket 1150,22,8,84,May 2014,2014-05-01,5518,,2446,8.64,639.0,https://www.techpowerup.com/cpu-specs/xeon-e3-1226-v3.c3181,https://www.cpubenchmark.net/cpu_lookup.php?cpu=Intel+Xeon+E3-1226+v3+%40+3.30GHz&id=2297,xeone31226v3
Intel,Xeon Gold 6544Y,Emerald Rapids,16,32,3.6,4.1,Socket 4677,10,45,270,Dec 2023,2023-12-01,49944,,271,13.05,3828.46,https://www.techpowerup.com/cpu-specs/xeon-gold-6544y.c3422,https://www.cpubenchmark.net/cpu_lookup.php?cpu=Intel+Xeon+Gold+6544Y&id=6147,xeongold6544y
AMD,Athlon II X2 255,Regor,2,2,3.1,,Socket AM3,45,,65,Jan 2010,2010-01-01,,,,,,https://www.techpowerup.com/cpu-specs/athlon-ii-x2-255.c690,,athloniix2255
AMD,Ryzen AI 9 HX PRO 470,Gorgon Point,12,24,2.0,5.2,Socket FP8,4,16,28,Jan 2026,2026-01-01,35780,4106,,,,https://www.techpowerup.com/cpu-specs/ryzen-ai-9-hx-pro-470.c4314,https://www.cpubenchmark.net/cpu.php?cpu=AMD+Ryzen+AI+9+HX+PRO+470&id=7130,ryzenai9hxpro470
Intel,Pentium 4 HT 641,Cedar Mill,1,2,3.2,,Socket 775,65,,86,Jan 2006,2006-01-01,,,,,,https://www.techpowerup.com/cpu-specs/pentium-4-ht-641.c334,,pentium4ht641
Intel,Xeon 6960P,Granite Rapids,72,144,2.7,3.9,Socket 7529,5,432,500,Sep 2024,2024-09-01,130659,,18,13.57,9625.0,https://www.techpowerup.com/cpu-specs/xeon-6960p.c3865,https://www.cpubenchmark.net/cpu_lookup.php?cpu=Intel+Xeon+6960P&id=6862,xeon6960p
AMD,Athlon 3000G (FB),Zen,2,4,3.5,,Socket AM4,14,4,35,Nov 2019,2019-11-01,,,,,,https://www.techpowerup.com/cpu-specs/athlon-3000g-fb.c4195,,athlon3000gfb
AMD,Athlon 64 3200+,Orleans,1,1,2.0,,Socket AM2,90,,62,May 2006,2006-05-01,,,,,,https://www.techpowerup.com/cpu-specs/athlon-64-3200.c365,,athlon643200
Intel,Atom 230,Diamondville,1,2,1.6,,BGA 437,45,,4,Jun 2008,2008-06-01,169,,5889,,,https://www.techpowerup.com/cpu-specs/atom-230.c1395,https://www.cpubenchmark.net/cpu_lookup.php?cpu=Intel+Atom+230+%40+1.60GHz&id=603,atom230
Intel,Core i7-3610QM,Ivy Bridge,4,8,2.3,3.3,Socket G2 (988B),22,6,45,Apr 2012,2012-04-01,5147,1668,2542,17.16,299.95,https://www.techpowerup.com/cpu-specs/core-i7-3610qm.c1022,https://www.cpubenchmark.net/cpu_lookup.php?cpu=Intel+Core+i7-3610QM+%40+2.30GHz&id=891,corei73610qm
Intel,Pentium II Xeon 400,Drake,1,1,0.4,,Slot 2,,,31,Jun 1998,1998-06-01,,,,,,https://www.techpowerup.com/cpu-specs/pentium-ii-xeon-400.c2962,,pentiumiixeon400
Intel,Xeon E-2236,Coffee Lake-S WS,6,12,3.4,4.8,Socket 1151,14,12,80,May 2019,2019-05-01,13881,,1431,28.98,479.0,https://www.techpowerup.com/cpu-specs/xeon-e-2236.c3540,https://www.cpubenchmark.net/cpu_lookup.php?cpu=Intel+Xeon+E-2236+%40+3.40GHz&id=3607,xeone2236
Intel,Xeon W-11855M,Tiger Lake-H,6,12,3.2,4.9,BGA 1787,10,18,35,May 2021,2021-05-01,17260,3133,1216,38.35,450.0,https://www.techpowerup.com/cpu-specs/xeon-w-11855m.c2483,https://www.cpubenchmark.net/cpu_lookup.php?cpu=Intel+Xeon+W-11855M+%40+3.20GHz&id=4417,xeonw11855m
AMD,A6-9220 SoC,Stoney Ridge,2,2,2.5,2.9,Socket FT4,28,,15,Apr 2017,2017-04-01,,1156,,,,https://www.techpowerup.com/cpu-specs/a6-9220-soc.c3694,https://www.cpubenchmark.net/cpu.php?cpu=AMD+A6-9220&id=3072,a69220
AMD,Athlon XP 2400+,Thoroughbred,1,1,2.0,,Socket A,130,,68,Aug 2002,2002-08-01,,,,,,https://www.techpowerup.com/cpu-specs/athlon-xp-2400.c102,,athlonxp2400
AMD,Ryzen Z2 A,Van Gogh,4,8,2.8,3.8,BGA ST1,7,4,15,Jan 2025,2025-01-01,10008,,,,,https://www.techpowerup.com/cpu-specs/ryzen-z2-a.c4565,https://www.cpubenchmark.net/cpu.php?cpu=AMD+Ryzen+Z2+A&id=6967,ryzenz2a
Intel,Celeron G5900,Comet Lake,2,2,3.4,,Socket 1200,14,2,58,Apr 2020,2020-04-01,2670,,3387,,,https://www.techpowerup.com/cpu-specs/celeron-g5900.c2307,https://www.cpubenchmark.net/cpu_lookup.php?cpu=Intel+Celeron+G5900+%40+3.40GHz&id=3761,celerong5900
Intel,Core i3-14100T,Raptor Lake-R,4,8,2.7,4.4,Socket 1700,10,12,35,Jan 2024,2024-01-01,13679,,1448,55.62,245.92,https://www.techpowerup.com/cpu-specs/core-i3-14100t.c3456,https://www.cpubenchmark.net/cpu_lookup.php?cpu=Intel+Core+i3-14100T&id=6134,corei314100t
Intel,Core i9-10900KF,Comet Lake,10,20,3.7,5.3,Socket 1200,14,20,125,Apr 2020,2020-04-01,22140,,901,61.02,362.84,https://www.techpowerup.com/cpu-specs/core-i9-10900kf.c2218,https://www.cpubenchmark.net/cpu_lookup.php?cpu=Intel+Core+i9-10900KF+%40+3.70GHz&id=3754,corei910900kf
Intel,Pentium 4 HT Extreme Edition 3.40,Gallatin,1,2,3.4,,Socket 478,130,2,103,Feb 2004,2004-02-01,,,,,,https://www.techpowerup.com/cpu-specs/pentium-4-ht-extreme-edition-3-40.c14,,pentium4htextremeedition340
Intel,Pentium II Xeon 450,Drake,1,1,0.45,,Slot 2,,,35,Oct 1998,1998-10-01,,,,,,https://www.techpowerup.com/cpu-specs/pentium-ii-xeon-450.c2964,,pentiumiixeon450
Intel,Xeon E5-2687W,Sandy Bridge-EP,8,16,3.1,3.8,Socket 2011,32,20,150,Mar 2012,2012-03-01,10028,,1725,47.77,209.95,https://www.techpowerup.com/cpu-specs/xeon-e5-2687w.c981,https://www.cpubenchmark.net/cpu_lookup.php?cpu=Intel+Xeon+E5-2687W+%40+3.10GHz&id=1222,xeone52687w
AMD,C-70,Ontario,2,2,1.0,1.333,Socket FT1,40,,9,Sep 2012,2012-09-01,,,,,,https://www.techpowerup.com/cpu-specs/c-70.c1105,,c70
AMD,E2-6110,Beema,4,4,1.5,,Socket FT3,28,,15,Apr 2014,2014-04-01,,,,,,https://www.techpowerup.com/cpu-specs/e2-6110.c4197,,e26110
AMD,EPYC 9255,Turin,24,48,3.25,4.8,Socket SP5,4,128,200,Oct 2024,2024-10-01,76580,,,,,https://www.techpowerup.com/cpu-specs/epyc-9255.c3899,https://www.cpubenchmark.net/cpu.php?cpu=AMD+EPYC+9255&id=6692,epyc9255
Intel,Core 2 Duo T9400,Penryn,2,2,2.533,,Socket P,45,,35,Jul 2008,2008-07-01,1011,1036,4680,28.92,34.95,https://www.techpowerup.com/cpu-specs/core-2-duo-t9400.c2736,https://www.cpubenchmark.net/cpu_lookup.php?cpu=Intel+Core2+Duo+T9400+%40+2.53GHz&id=1009,core2duot9400
Intel,Core i3-8130U,Kaby Lake-R,2,4,2.4,3.4,BGA 1356,14,4,15,Feb 2018,2018-02-01,3517,1838,2985,12.52,281.0,https://www.techpowerup.com/cpu-specs/core-i3-8130u.c1996,https://www.cpubenchmark.net/cpu_lookup.php?cpu=Intel+Core+i3-8130U+%40+2.20GHz&id=3225,corei38130u
Intel,Pentium Dual-Core E2220,Allendale,2,2,2.4,,Socket 775,65,,65,Mar 2008,2008-03-01,,,,,,https://www.techpowerup.com/cpu-specs/pentium-dual-core-e2220.c848,,pentiumdualcoree2220
Intel,Xeon E-2276M,Coffee Lake-H,6,12,2.8,4.7,BGA 1440,14,12,45,May 2019,2019-05-01,11634,2572,1604,25.85,450.0,https://www.techpowerup.com/cpu-specs/xeon-e-2276m.c3547,https://www.cpubenchmark.net/cpu_lookup.php?cpu=Intel+Xeon+E-2276M+%40+2.80GHz&id=3489,xeone2276m
Intel,Xeon E5504,Gainestown,4,4,2.0,,Socket 1366,45,4,80,Mar 2009,2009-03-01,1715,,4038,59.13,29.0,https://www.techpowerup.com/cpu-specs/xeon-e5504.c911,https://www.cpubenchmark.net/cpu_lookup.php?cpu=Intel+Xeon+E5504+%40+2.00GHz&id=1240,xeone5504
Intel,Core 2 Duo T8300,Penryn,2,2,2.4,,Socket P,45,,35,Jan 2008,2008-01-01,903,971,4804,8.29,108.95,https://www.techpowerup.com/cpu-specs/core-2-duo-t8300.c2734,https://www.cpubenchmark.net/cpu_lookup.php?cpu=Intel+Core2+Duo+T8300+%40+2.40GHz&id=1007,core2duot8300
Intel,Core i3-3217U,Ivy Bridge,2,4,1.8,,BGA 1023,22,3,17,Jun 2012,2012-06-01,1225,898,4439,6.15,199.0,https://www.techpowerup.com/cpu-specs/core-i3-3217u.c1062,https://www.cpubenchmark.net/cpu_lookup.php?cpu=Intel+Core+i3-3217U+%40+1.80GHz&id=764,corei33217u
Intel,Core i5-11600KF,Rocket Lake,6,12,3.9,4.9,Socket 1200,14,12,125,Mar 2021,2021-03-01,19404,,1070,137.58,141.03,https://www.techpowerup.com/cpu-specs/core-i5-11600kf.c2401,https://www.cpubenchmark.net/cpu_lookup.php?cpu=Intel+Core+i5-11600KF+%40+3.90GHz&id=4261,corei511600kf
Intel,Core Ultra 5 225T,Arrow Lake-S,10,10,2.5,4.9,Socket 1851,3,20,65,Jan 2025,2025-01-01,25903,,731,,,https://www.techpowerup.com/cpu-specs/core-ultra-5-225t.c4017,https://www.cpubenchmark.net/cpu_lookup.php?cpu=Intel+Core+Ultra+5+225T&id=6550,coreultra5225t
Intel,Processor N50,Gracemont,2,2,1.0,3.4,BGA 1264,10,6,6,Jan 2023,2023-01-01,,,,,,https://www.techpowerup.com/cpu-specs/processor-n50.c3010,,processorn50
Intel,Xeon D-1581,Broadwell,16,32,1.8,2.4,BGA 1667,14,1,65,Feb 2016,2016-02-01,13173,,1485,,,https://www.techpowerup.com/cpu-specs/xeon-d-1581.c2753,https://www.cpubenchmark.net/cpu_lookup.php?cpu=Intel+Xeon+D-1581+%40+1.80GHz&id=4626,xeond1581
Intel,Xeon E5-2660,Sandy Bridge-EP,8,16,2.2,3.0,Socket 2011,32,20,95,Mar 2012,2012-03-01,8016,,1948,123.42,64.95,https://www.techpowerup.com/cpu-specs/xeon-e5-2660.c976,https://www.cpubenchmark.net/cpu_lookup.php?cpu=Intel+Xeon+E5-2660+%40+2.20GHz&id=1219,xeone52660
Intel,Xeon W-2140B,Skylake-W,8,16,3.2,4.2,Socket 2066,14,11,120,Dec 2017,2017-12-01,17286,,1214,,,https://www.techpowerup.com/cpu-specs/xeon-w-2140b.c2953,https://www.cpubenchmark.net/cpu_lookup.php?cpu=Intel+Xeon+W-2140B+%40+3.20GHz&id=3172,xeonw2140b
AMD,EPYC 7252,Rome,8,16,3.1,3.2,Socket SP3,7,32,120,Aug 2019,2019-08-01,18414,,,,332.81,https://www.techpowerup.com/cpu-specs/epyc-7252.c2258,https://www.cpubenchmark.net/cpu.php?cpu=AMD+EPYC+7252&id=4366,epyc7252
AMD,Ryzen AI Max 390,Strix Halo,12,24,3.2,5.0,Socket FP11,4,64,55,Jan 2025,2025-01-01,41726,4032,,,,https://www.techpowerup.com/cpu-specs/ryzen-ai-max-390.c3995,https://www.cpubenchmark.net/cpu.php?cpu=AMD+Ryzen+AI+Max+390&id=6598,ryzenaimax390
Intel,Xeon E-2174G,Coffee Lake-S WS,4,8,3.8,4.7,Socket 1151,14,8,71,Jul 2018,2018-07-01,9519,,1778,14.65,649.95,https://www.techpowerup.com/cpu-specs/xeon-e-2174g.c3531,https://www.cpubenchmark.net/cpu_lookup.php?cpu=Intel+Xeon+E-2174G+%40+3.80GHz&id=3320,xeone2174g
Intel,Xeon Platinum 8380,Ice Lake-SP,40,80,2.3,3.4,Socket 4189,10,60,270,Apr 2021,2021-04-01,62318,,166,8.54,7301.0,https://www.techpowerup.com/cpu-specs/xeon-platinum-8380.c2421,https://www.cpubenchmark.net/cpu_lookup.php?cpu=Intel+Xeon+Platinum+8380+%40+2.30GHz&id=4483,xeonplatinum8380
AMD,Opteron X3421,Excavator,4,4,2.1,3.4,Socket FP4,28,,15,Jun 2017,2017-06-01,,,,,,https://www.techpowerup.com/cpu-specs/opteron-x3421.c4193,,opteronx3421
AMD,Ryzen Threadripper 5990X,Chagall,64,128,2.5,4.45,Socket TRX4,7,256,280,Unreleased,,,,,,,https://www.techpowerup.com/cpu-specs/ryzen-threadripper-5990x.c2915,,ryzenthreadripper5990x
Intel,Core i7-3940XM,Ivy Bridge,4,8,3.0,3.9,Socket G2 (988B),22,8,55,Sep 2012,2012-09-01,6022,1977,2330,17.5,344.04,https://www.techpowerup.com/cpu-specs/core-i7-3940xm.c1083,https://www.cpubenchmark.net/cpu_lookup.php?cpu=Intel+Core+i7-3940XM+%40+3.00GHz&id=1482,corei73940xm
AMD,Athlon 300U,Raven Ridge 2,2,4,2.4,3.3,Socket FP5,14,4,15,Jan 2019,2019-01-01,3806,1734,,,,https://www.techpowerup.com/cpu-specs/athlon-300u.c2135,https://www.cpubenchmark.net/cpu.php?cpu=AMD+Athlon+300U&id=3503,athlon300u
AMD,EPYC 7F72,Rome,24,48,3.2,3.7,Socket SP3,7,192,240,Apr 2020,2020-04-01,52143,,,,938.4,https://www.techpowerup.com/cpu-specs/epyc-7f72.c2302,https://www.cpubenchmark.net/cpu.php?cpu=AMD+EPYC+7F72&id=3811,epyc7f72
Intel,Core i5-7400T,Kaby Lake,4,4,2.4,3.0,Socket 1151,14,6,35,Jan 2017,2017-01-01,4678,,2629,59.96,78.02,https://www.techpowerup.com/cpu-specs/core-i5-7400t.c1859,https://www.cpubenchmark.net/cpu_lookup.php?cpu=Intel+Core+i5-7400T+%40+2.40GHz&id=2889,corei57400t
Intel,Core i7-4940MX,Haswell,4,8,3.1,4.0,Socket G3,22,8,57,Jan 2014,2014-01-01,6782,2180,2152,9.69,699.95,https://www.techpowerup.com/cpu-specs/core-i7-4940mx.c1756,https://www.cpubenchmark.net/cpu_lookup.php?cpu=Intel+Core+i7-4940MX+%40+3.10GHz&id=2186,corei74940mx
AMD,Phenom II X6 1075T,Thuban,6,6,3.0,3.5,Socket AM3,45,6,125,Sep 2010,2010-09-01,3542,,,,65.04,https://www.techpowerup.com/cpu-specs/phenom-ii-x6-1075t.c671,https://www.cpubenchmark.net/cpu.php?cpu=AMD+Phenom+II+X6+1075T&id=392,phenomiix61075t
AMD,Phenom X4 9550,Agena,4,4,2.2,,Socket AM2+,65,2,95,Mar 2008,2008-03-01,,,,,,https://www.techpowerup.com/cpu-specs/phenom-x4-9550.c496,,phenomx49550
Intel,Core m3-6Y30,Skylake-Y,2,4,0.9,2.2,BGA 1515,14,4,5,Sep 2015,2015-09-01,2169,1165,3713,7.72,281.0,https://www.techpowerup.com/cpu-specs/core-m3-6y30.c3586,https://www.cpubenchmark.net/cpu_lookup.php?cpu=Intel+Core+m3-6Y30+%40+0.90GHz&id=2631,corem36y30
Intel,Xeon Platinum 8592+,Emerald Rapids,64,128,1.9,3.9,Socket 4677,10,320,350,Dec 2023,2023-12-01,84013,,73,7.24,11600.0,https://www.techpowerup.com/cpu-specs/xeon-platinum-8592.c3408,https://www.cpubenchmark.net/cpu_lookup.php?cpu=Intel+Xeon+Platinum+8592%2B&id=6245,xeonplatinum8592
Intel,Xeon X3470,Lynnfield,4,8,2.933,3.6,Socket 1156,45,8,95,Sep 2009,2009-09-01,3364,,3055,35.58,94.56,https://www.techpowerup.com/cpu-specs/xeon-x3470.c3960,https://www.cpubenchmark.net/cpu_lookup.php?cpu=Intel+Xeon+X3470+%40+2.93GHz&id=1291,xeonx3470
Qualcomm,Snapdragon X1P-64-100,Oryon,10,10,3.4,,Qualcomm BGA 2073,4,6,35,Apr 2024,2024-04-01,,,,,,https://www.techpowerup.com/cpu-specs/snapdragon-x1p-64-100.c4104,,snapdragonx1p64100
AMD,EPYC 9686F,Venice,96,192,3.4,5.0,Socket SP7,2,384,500,Jul 2026,2026-07-01,,,,,,https://www.techpowerup.com/cpu-specs/epyc-9686f.c4538,,epyc9686f
Intel,Celeron J4025,Gemini Lake,2,2,2.0,2.9,BGA 1090,14,,10,Nov 2019,2019-11-01,1455,,4233,,,https://www.techpowerup.com/cpu-specs/celeron-j4025.c3281,https://www.cpubenchmark.net/cpu_lookup.php?cpu=Intel+Celeron+J4025+%40+2.00GHz&id=3668,celeronj4025
Intel,Core 2 Duo T7700,Merom,2,2,2.4,,Socket P,65,,35,May 2007,2007-05-01,941,964,4757,7.24,129.95,https://www.techpowerup.com/cpu-specs/core-2-duo-t7700.c1535,https://www.cpubenchmark.net/cpu_lookup.php?cpu=Intel+Core2+Duo+T7700+%40+2.40GHz&id=1004,core2duot7700
Intel,Core i5-9400T,Coffee Lake,6,6,1.8,3.4,Socket 1151,14,9,35,Sep 2018,2018-09-01,8103,,1930,44.52,182.0,https://www.techpowerup.com/cpu-specs/core-i5-9400t.c2093,https://www.cpubenchmark.net/cpu_lookup.php?cpu=Intel+Core+i5-9400T+%40+1.80GHz&id=3513,corei59400t
Intel,Xeon 6780E,Sierra Forest,144,144,2.2,3.0,Socket 4710,5,108,330,Jun 2024,2024-06-01,86734,,68,10.19,8513.0,https://www.techpowerup.com/cpu-specs/xeon-6780e.c3664,https://www.cpubenchmark.net/cpu_lookup.php?cpu=Intel+Xeon+6780E&id=6907,xeon6780e
AMD,A6-1450,Temash,4,4,1.0,1.4,Socket FT3,28,,8,May 2013,2013-05-01,,,,,,https://www.techpowerup.com/cpu-specs/a6-1450.c1704,,a61450
Intel,Celeron 1037U,Ivy Bridge,2,2,1.8,,BGA 1023,22,2,17,Jan 2013,2013-01-01,1044,937,4639,,,https://www.techpowerup.com/cpu-specs/celeron-1037u.c1614,https://www.cpubenchmark.net/cpu_lookup.php?cpu=Intel+Celeron+1037U+%40+1.80GHz&id=1988,celeron1037u
Intel,Core i3-2310M,Sandy Bridge,2,4,2.1,,Socket G2 (988B),32,3,35,Feb 2011,2011-02-01,1217,930,4450,30.46,39.95,https://www.techpowerup.com/cpu-specs/core-i3-2310m.c1346,https://www.cpubenchmark.net/cpu_lookup.php?cpu=Intel+Core+i3-2310M+%40+2.10GHz&id=756,corei32310m
Intel,Core i7-840QM,Clarksfield,4,8,1.867,3.2,Socket G1,45,8,45,Jun 2010,2010-06-01,2038,1174,3792,23.97,85.0,https://www.techpowerup.com/cpu-specs/core-i7-840qm.c3216,https://www.cpubenchmark.net/cpu_lookup.php?cpu=Intel+Core+i7-840QM+%40+1.87GHz&id=854,corei7840qm
AMD,Athlon 64 3500+,Venice,1,1,2.2,,Socket 939,90,,67,Apr 2005,2005-04-01,,,,,,https://www.techpowerup.com/cpu-specs/athlon-64-3500.c40,,athlon643500
AMD,Ryzen 3 PRO 5450U,Cezanne-U,4,8,2.6,4.0,Socket FP6,7,8,15,Mar 2021,2021-03-01,10547,2713,,,,https://www.techpowerup.com/cpu-specs/ryzen-3-pro-5450u.c2772,https://www.cpubenchmark.net/cpu.php?cpu=AMD+Ryzen+3+PRO+5450U&id=4408,ryzen3pro5450u
Intel,Core i5-11600,Rocket Lake,6,12,2.8,4.8,Socket 1200,14,12,65,Mar 2021,2021-03-01,17947,,1168,61.66,291.05,https://www.techpowerup.com/cpu-specs/core-i5-11600.c2402,https://www.cpubenchmark.net/cpu_lookup.php?cpu=Intel+Core+i5-11600+%40+2.80GHz&id=4306,corei511600
Intel,Core i7-4710HQ,Crystalwell,4,8,2.5,3.5,BGA 1364,22,6,47,Apr 2014,2014-04-01,5504,1771,2451,14.56,378.0,https://www.techpowerup.com/cpu-specs/core-i7-4710hq.c1780,https://www.cpubenchmark.net/cpu_lookup.php?cpu=Intel+Core+i7-4710HQ+%40+2.50GHz&id=2243,corei74710hq
AMD,Athlon 5370,Kabini,4,4,2.2,,Socket AM1,28,,25,Apr 2014,2014-04-01,,,,,,https://www.techpowerup.com/cpu-specs/athlon-5370.c2517,,athlon5370
AMD,Ryzen 7 PRO 2700U,Raven Ridge,4,8,2.2,3.8,Socket FP5,14,4,15,Jan 2019,2019-01-01,6935,1905,,,,https://www.techpowerup.com/cpu-specs/ryzen-7-pro-2700u.c2000,https://www.cpubenchmark.net/cpu.php?cpu=AMD+Ryzen+7+PRO+2700U&id=3258,ryzen7pro2700u
AMD,Ryzen Embedded 9950X3D,Granite Ridge,16,32,4.3,5.7,Socket AM5,4,128,170,Oct 2025,2025-10-01,,,,,,https://www.techpowerup.com/cpu-specs/ryzen-embedded-9950x3d.c4407,,ryzenembedded9950x3d
Intel,Core i7-12850HX,Alder Lake-HX,16,24,2.1,4.8,BGA 1964,10,25,55,May 2022,2022-05-01,30496,3652,553,71.25,428.0,https://www.techpowerup.com/cpu-specs/core-i7-12850hx.c2788,https://www.cpubenchmark.net/cpu_lookup.php?cpu=Intel+Core+i7-12850HX&id=4913,corei712850hx
Intel,Core i9-7920X,Skylake-X,12,24,2.9,4.4,Socket 2066,14,16,140,Sep 2017,2017-09-01,23548,,835,113.76,207.0,https://www.techpowerup.com/cpu-specs/core-i9-7920x.c1932,https://www.cpubenchmark.net/cpu_lookup.php?cpu=Intel+Core+i9-7920X+%40+2.90GHz&id=3082,corei97920x
Intel,Xeon E3-1285 v6,Kaby Lake-DT,4,8,4.1,4.5,Socket 1151,14,8,79,Aug 2017,2017-08-01,9552,,1777,9.65,989.95,https://www.techpowerup.com/cpu-specs/xeon-e3-1285-v6.c1999,https://www.cpubenchmark.net/cpu_lookup.php?cpu=Intel+Xeon+E3-1285+v6+%40+4.10GHz&id=3158,xeone31285v6
AMD,Athlon II X4 645,Propus,4,4,3.1,,Socket AM3,45,,95,Sep 2010,2010-09-01,,,,,,https://www.techpowerup.com/cpu-specs/athlon-ii-x4-645.c786,,athloniix4645
AMD,Sempron 3850,Kabini,4,4,1.3,,Socket AM1,28,,25,Apr 2014,2014-04-01,,,,,,https://www.techpowerup.com/cpu-specs/sempron-3850.c2515,,sempron3850
Intel,Core Ultra 5 236V,Lunar Lake,8,8,2.1,4.7,BGA 2833,3,8,17,Sep 2024,2024-09-01,18380,,1129,45.61,403.0,https://www.techpowerup.com/cpu-specs/core-ultra-5-236v.c3798,https://www.cpubenchmark.net/cpu_lookup.php?cpu=Intel+Core+Ultra+5+236V&id=6476,coreultra5236v
Intel,Core Ultra 5 245HX,Arrow Lake-HX,14,14,3.1,5.1,BGA 2114,3,24,55,Jan 2025,2025-01-01,38029,,405,,,https://www.techpowerup.com/cpu-specs/core-ultra-5-245hx.c4099,https://www.cpubenchmark.net/cpu_lookup.php?cpu=Intel+Core+Ultra+5+245HX&id=6782,coreultra5245hx
Intel,Pentium 2020M,Ivy Bridge,2,2,2.4,,Socket G2 (988B),22,2,35,Sep 2012,2012-09-01,1406,1279,4282,10.49,134.0,https://www.techpowerup.com/cpu-specs/pentium-2020m.c1303,https://www.cpubenchmark.net/cpu_lookup.php?cpu=Intel+Pentium+2020M+%40+2.40GHz&id=1855,pentium2020m
Qualcomm,Snapdragon X2E-78-100,Glymur,12,12,4.032,,Qualcomm BGA 2620,3,6,,Apr 2026,2026-04-01,,,,,,https://www.techpowerup.com/cpu-specs/snapdragon-x2e-78-100.c4486,,snapdragonx2e78100
AMD,EPYC 4564P,Raphael,16,32,4.5,5.7,Socket AM5,5,64,170,May 2024,2024-05-01,64357,,,,658.84,https://www.techpowerup.com/cpu-specs/epyc-4564p.c3613,https://www.cpubenchmark.net/cpu.php?cpu=AMD+EPYC+4564P&id=6076,epyc4564p
Intel,Core i9-12900HX,Alder Lake-HX,16,24,2.3,5.0,BGA 1964,10,30,55,May 2022,2022-05-01,32727,3732,498,54.01,606.0,https://www.techpowerup.com/cpu-specs/core-i9-12900hx.c2787,https://www.cpubenchmark.net/cpu_lookup.php?cpu=Intel+Core+i9-12900HX&id=4895,corei912900hx
Intel,Pentium Gold G5420,Coffee Lake,2,4,3.8,,Socket 1151,14,4,54,Apr 2019,2019-04-01,3747,,2900,62.37,60.08,https://www.techpowerup.com/cpu-specs/pentium-gold-g5420.c4458,https://www.cpubenchmark.net/cpu_lookup.php?cpu=Intel+Pentium+Gold+G5420+%40+3.80GHz&id=3471,pentiumgoldg5420
Intel,Xeon Gold 6334,Ice Lake-SP,8,16,3.6,3.7,Socket 4189,10,18,165,Apr 2021,2021-04-01,20512,,993,10.83,1894.43,https://www.techpowerup.com/cpu-specs/xeon-gold-6334.c2438,https://www.cpubenchmark.net/cpu_lookup.php?cpu=Intel+Xeon+Gold+6334+%40+3.60GHz&id=4488,xeongold6334
Intel,Xeon Gold 6526Y,Emerald Rapids,16,32,2.8,3.9,Socket 4677,10,37,195,Dec 2023,2023-12-01,41900,,352,24.66,1699.3,https://www.techpowerup.com/cpu-specs/xeon-gold-6526y.c3423,https://www.cpubenchmark.net/cpu_lookup.php?cpu=Intel+Xeon+Gold+6526Y&id=5979,xeongold6526y
Intel,Xeon X3480,Lynnfield,4,8,3.066,3.733,Socket 1156,45,8,95,May 2010,2010-05-01,3335,,3065,,,https://www.techpowerup.com/cpu-specs/xeon-x3480.c3959,https://www.cpubenchmark.net/cpu_lookup.php?cpu=Intel+Xeon+X3480+%40+3.07GHz&id=1708,xeonx3480
AMD,FX-9800P,Bristol Ridge,4,4,2.7,3.6,Socket FP4,28,,15,May 2016,2016-05-01,,1199,,,,https://www.techpowerup.com/cpu-specs/fx-9800p.c3666,https://www.cpubenchmark.net/cpu.php?cpu=AMD+FX-9800P&id=2823,fx9800p
Intel,Celeron G1820,Haswell,2,2,2.7,,Socket 1150,22,3,54,Dec 2013,2013-12-01,1664,,4074,8.76,189.88,https://www.techpowerup.com/cpu-specs/celeron-g1820.c1793,https://www.cpubenchmark.net/cpu_lookup.php?cpu=Intel+Celeron+G1820+%40+2.70GHz&id=2129,celerong1820
Intel,Celeron N2830,Bay Trail-M,2,2,2.16,2.41,BGA 1170,22,,7,Feb 2014,2014-02-01,545,621,5273,3.63,149.99,https://www.techpowerup.com/cpu-specs/celeron-n2830.c1880,https://www.cpubenchmark.net/cpu_lookup.php?cpu=Intel+Celeron+N2830+%40+2.16GHz&id=2213,celeronn2830
Intel,Xeon E3-1265L v2,Ivy Bridge,4,8,2.5,3.5,Socket 1155,22,8,45,May 2012,2012-05-01,5092,,2552,10.99,463.39,https://www.techpowerup.com/cpu-specs/xeon-e3-1265l-v2.c1035,https://www.cpubenchmark.net/cpu_lookup.php?cpu=Intel+Xeon+E3-1265L+V2+%40+2.50GHz&id=1486,xeone31265lv2
Intel,Xeon E5-2470 v2,Ivy Bridge-EN,10,20,2.4,,Socket 1356,22,25,95,Sep 2013,2013-09-01,10769,,1674,215.59,49.95,https://www.techpowerup.com/cpu-specs/xeon-e5-2470-v2.c1681,https://www.cpubenchmark.net/cpu_lookup.php?cpu=Intel+Xeon+E5-2470+v2+%40+2.40GHz&id=2715,xeone52470v2
Intel,Xeon w5-2555X,Sapphire Rapids,14,28,3.3,4.8,Socket 4677,10,33,210,Aug 2024,2024-08-01,47193,,302,44.15,1069.0,https://www.techpowerup.com/cpu-specs/xeon-w5-2555x.c3811,https://www.cpubenchmark.net/cpu_lookup.php?cpu=Intel+Xeon+w5-2555X&id=6262,xeonw52555x
AMD,EPYC 4584PX,Raphael,16,32,4.2,5.7,Socket AM5,5,128,120,May 2024,2024-05-01,58117,,,,818.99,https://www.techpowerup.com/cpu-specs/epyc-4584px.c3607,https://www.cpubenchmark.net/cpu.php?cpu=AMD+EPYC+4584PX&id=6075,epyc4584px
AMD,Phenom II X4 925,Deneb,4,4,2.8,,Socket AM3,45,6,95,May 2009,2009-05-01,,,,,,https://www.techpowerup.com/cpu-specs/phenom-ii-x4-925.c616,,phenomiix4925
Intel,Atom D2700,Cedarview,2,4,2.133,,BGA 437,32,,10,Nov 2011,2011-11-01,467,,5373,,,https://www.techpowerup.com/cpu-specs/atom-d2700.c1403,https://www.cpubenchmark.net/cpu_lookup.php?cpu=Intel+Atom+D2700+%40+2.13GHz&id=607,atomd2700
Intel,Core i7-4771,Haswell,4,8,3.5,3.9,Socket 1150,22,8,84,Sep 2013,2013-09-01,7146,,2088,27.87,256.43,https://www.techpowerup.com/cpu-specs/core-i7-4771.c1627,https://www.cpubenchmark.net/cpu_lookup.php?cpu=Intel+Core+i7-4771+%40+3.50GHz&id=2027,corei74771
Intel,Pentium B970,Sandy Bridge,2,2,2.3,,Socket G2 (988B),32,2,35,Jan 2012,2012-01-01,1096,1019,4572,21.49,50.99,https://www.techpowerup.com/cpu-specs/pentium-b970.c1316,https://www.cpubenchmark.net/cpu_lookup.php?cpu=Intel+Pentium+B970+%40+2.30GHz&id=1096,pentiumb970
Intel,Xeon E5-2620 v2,Ivy Bridge-EP,6,12,2.1,,Socket 2011,22,15,80,Sep 2013,2013-09-01,6235,,2279,14.21,438.88,https://www.techpowerup.com/cpu-specs/xeon-e5-2620-v2.c1656,https://www.cpubenchmark.net/cpu_lookup.php?cpu=Intel+Xeon+E5-2620+v2+%40+2.10GHz&id=2051,xeone52620v2
AMD,Athlon 64 FX-60,Toledo,2,2,2.6,,Socket 939,90,,110,Jan 2006,2006-01-01,,,,,,https://www.techpowerup.com/cpu-specs/athlon-64-fx-60.c330,,athlon64fx60
AMD,Ryzen AI 9 HX PRO 375,Strix Point,12,24,2.0,5.1,Socket FP8,4,16,28,Jan 2025,2025-01-01,33655,3912,,,,https://www.techpowerup.com/cpu-specs/ryzen-ai-9-hx-pro-375.c4001,https://www.cpubenchmark.net/cpu.php?cpu=AMD+Ryzen+AI+9+HX+PRO+375&id=6456,ryzenai9hxpro375
AMD,Sempron 2600+,Palermo,1,1,1.6,,Socket 754,90,,62,Aug 2004,2004-08-01,,,,,,https://www.techpowerup.com/cpu-specs/sempron-2600.c72,,sempron2600
Intel,Atom E3845,Bay Trail-I,4,4,1.91,,BGA 1170,22,,10,Oct 2013,2013-10-01,1071,,4614,,,https://www.techpowerup.com/cpu-specs/atom-e3845.c1739,https://www.cpubenchmark.net/cpu_lookup.php?cpu=Intel+Atom+E3845+%40+1.91GHz&id=2225,atome3845
AMD,FX-4130,Zambezi,4,4,3.8,4.0,Socket AM3+,32,4,125,Aug 2012,2012-08-01,,,,,,https://www.techpowerup.com/cpu-specs/fx-4130.c1208,,fx4130
AMD,Ryzen 5 4600GE,Renoir,6,12,3.3,4.2,Socket AM4,7,8,35,Jul 2020,2020-07-01,15762,,,,,https://www.techpowerup.com/cpu-specs/ryzen-5-4600ge.c2322,https://www.cpubenchmark.net/cpu.php?cpu=AMD+Ryzen+5+4600GE&id=3835,ryzen54600ge
Intel,Xeon 6732P,Granite Rapids,32,64,3.8,4.1,Socket 4710,5,144,350,May 2025,2025-05-01,74849,,105,14.14,5295.0,https://www.techpowerup.com/cpu-specs/xeon-6732p.c4282,https://www.cpubenchmark.net/cpu_lookup.php?cpu=Intel+Xeon+6732P&id=7064,xeon6732p
Intel,Xeon E5-2695 v2,Ivy Bridge-EP,12,24,2.4,3.2,Socket 2011,22,30,115,Sep 2013,2013-09-01,13352,,1470,169.02,79.0,https://www.techpowerup.com/cpu-specs/xeon-e5-2695-v2.c1670,https://www.cpubenchmark.net/cpu_lookup.php?cpu=Intel+Xeon+E5-2695+v2+%40+2.40GHz&id=2114,xeone52695v2
Intel,Xeon W3530,Bloomfield,4,8,2.8,3.066,Socket 1366,45,8,130,Mar 2010,2010-03-01,3062,,3191,9.06,338.14,https://www.techpowerup.com/cpu-specs/xeon-w3530.c901,https://www.cpubenchmark.net/cpu_lookup.php?cpu=Intel+Xeon+W3530+%40+2.80GHz&id=1267,xeonw3530
Intel,Xeon X5470,Harpertown,4,4,3.333,,Socket 771,45,,120,Sep 2008,2008-09-01,2871,,3290,13.05,219.95,https://www.techpowerup.com/cpu-specs/xeon-x5470.c4141,https://www.cpubenchmark.net/cpu_lookup.php?cpu=Intel+Xeon+X5470+%40+3.33GHz&id=1709,xeonx5470
AMD,FX-4170,Zambezi,4,4,4.2,4.3,Socket AM3+,32,8,125,Feb 2012,2012-02-01,,,,,,https://www.techpowerup.com/cpu-specs/fx-4170.c964,,fx4170
AMD,Phenom II X2 555 BE,Callisto,2,2,3.2,,Socket AM3,45,6,80,Jan 2010,2010-01-01,,,,,,https://www.techpowerup.com/cpu-specs/phenom-ii-x2-555-be.c679,,phenomiix2555be
AMD,Ryzen 3 PRO 1300,Zen,4,4,3.5,3.7,Socket AM4,14,8,65,Jun 2017,2017-06-01,7137,,,,,https://www.techpowerup.com/cpu-specs/ryzen-3-pro-1300.c1918,https://www.cpubenchmark.net/cpu.php?cpu=AMD+Ryzen+3+PRO+1300&id=3074,ryzen3pro1300
Intel,Core i9-10900F,Comet Lake,10,20,2.8,5.2,Socket 1200,14,20,65,Apr 2020,2020-04-01,19687,,1049,32.96,597.3,https://www.techpowerup.com/cpu-specs/core-i9-10900f.c2217,https://www.cpubenchmark.net/cpu_lookup.php?cpu=Intel+Core+i9-10900F+%40+2.80GHz&id=3798,corei910900f
Intel,Core Ultra 7 266V,Lunar Lake,8,8,2.2,5.0,BGA 2833,3,12,17,Sep 2024,2024-09-01,19531,3951,1061,37.56,520.0,https://www.techpowerup.com/cpu-specs/core-ultra-7-266v.c3794,https://www.cpubenchmark.net/cpu_lookup.php?cpu=Intel+Core+Ultra+7+266V&id=6448,coreultra7266v
Intel,Xeon 6985P-C,Granite Rapids,96,192,2.0,4.2,Socket 7529,5,480,550,Sep 2024,2024-09-01,,,,,,https://www.techpowerup.com/cpu-specs/xeon-6985p-c.c4271,,xeon6985pc
Intel,Xeon E5645,Westmere-EP,6,12,2.4,2.666,Socket 1366,32,12,80,Mar 2010,2010-03-01,4933,,2586,10.96,450.0,https://www.techpowerup.com/cpu-specs/xeon-e5645.c944,https://www.cpubenchmark.net/cpu_lookup.php?cpu=Intel+Xeon+E5645+%40+2.40GHz&id=1252,xeone5645
AMD,A6-3650,Llano,4,4,2.6,,Socket FM1,32,,100,Jun 2011,2011-06-01,,,,,,https://www.techpowerup.com/cpu-specs/a6-3650.c741,,a63650
AMD,A8-3850,Llano,4,4,2.9,,Socket FM1,32,,100,Jun 2011,2011-06-01,,,,,,https://www.techpowerup.com/cpu-specs/a8-3850.c740,,a83850
AMD,EPYC 9275F,Turin,24,48,4.1,4.8,Socket SP5,4,256,320,Oct 2024,2024-10-01,84620,,,,3439.0,https://www.techpowerup.com/cpu-specs/epyc-9275f.c3898,https://www.cpubenchmark.net/cpu.php?cpu=AMD+EPYC+9275F&id=6458,epyc9275f
AMD,Opteron 6386 SE,Abu Dhabi,16,16,2.8,3.5,Socket G34,32,8,140,Nov 2012,2012-11-01,8291,,,,880.11,https://www.techpowerup.com/cpu-specs/opteron-6386-se.c1292,https://www.cpubenchmark.net/cpu.php?cpu=AMD+Opteron+6386+SE&id=2294,opteron6386se
AMD,Ryzen AI 9 HX PRO 475,Gorgon Point,12,24,2.0,5.2,Socket FP8,4,16,28,Jan 2026,2026-01-01,36108,4237,,,,https://www.techpowerup.com/cpu-specs/ryzen-ai-9-hx-pro-475.c4313,https://www.cpubenchmark.net/cpu.php?cpu=AMD+Ryzen+AI+9+HX+PRO+475&id=7415,ryzenai9hxpro475
Intel,Core i5-11320H,Tiger Lake-H,4,8,2.5,4.5,BGA 1449,10,8,28,Jun 2021,2021-06-01,10778,2903,1671,34.88,309.0,https://www.techpowerup.com/cpu-specs/core-i5-11320h.c2832,https://www.cpubenchmark.net/cpu_lookup.php?cpu=Intel+Core+i5-11320H+%40+3.20GHz&id=4593,corei511320h
Intel,Core i5-12400T,Alder Lake-S,6,12,1.8,4.2,Socket 1700,10,18,35,Jan 2022,2022-01-01,15558,,1315,103.73,149.99,https://www.techpowerup.com/cpu-specs/core-i5-12400t.c2551,https://www.cpubenchmark.net/cpu_lookup.php?cpu=Intel+Core+i5-12400T&id=4980,corei512400t
Intel,Xeon 638,Granite Rapids,16,32,3.2,4.8,Socket 4710,5,72,180,Feb 2026,2026-02-01,55877,,229,56.5,989.0,https://www.techpowerup.com/cpu-specs/xeon-638.c4334,https://www.cpubenchmark.net/cpu_lookup.php?cpu=Intel+Xeon+638&id=7295,xeon638
Intel,Xeon E3-1285L v4,Broadwell-DT,4,8,3.4,3.8,Socket 1150,14,6,65,Jun 2015,2015-06-01,8102,,1931,6.63,1222.0,https://www.techpowerup.com/cpu-specs/xeon-e3-1285l-v4.c2679,https://www.cpubenchmark.net/cpu_lookup.php?cpu=Intel+Xeon+E3-1285L+v4+%40+3.40GHz&id=2743,xeone31285lv4
AMD,EPYC 7272,Rome,12,24,2.9,3.2,Socket SP3,7,32,120,Aug 2019,2019-08-01,25771,,,,482.02,https://www.techpowerup.com/cpu-specs/epyc-7272.c2256,https://www.cpubenchmark.net/cpu.php?cpu=AMD+EPYC+7272&id=3731,epyc7272
AMD,Ryzen Embedded 5950E,Vermeer,16,32,3.05,3.4,Socket AM4,7,64,105,Apr 2023,2023-04-01,,,,,,https://www.techpowerup.com/cpu-specs/ryzen-embedded-5950e.c3208,,ryzenembedded5950e
Intel,Core Duo T2400,Yonah,2,2,1.826,,Socket 479,65,,31,Jan 2006,2006-01-01,366,532,5506,22.87,16.0,https://www.techpowerup.com/cpu-specs/core-duo-t2400.c340,https://www.cpubenchmark.net/cpu_lookup.php?cpu=Intel+Core+Duo+T2400+%40+1.83GHz&id=730,coreduot2400
Intel,Core i9-10920X,Cascade Lake-X,12,24,3.5,4.8,Socket 2066,14,19,165,Oct 2019,2019-10-01,25720,,743,99.44,258.65,https://www.techpowerup.com/cpu-specs/core-i9-10920x.c2241,https://www.cpubenchmark.net/cpu_lookup.php?cpu=Intel+Core+i9-10920X+%40+3.50GHz&id=3632,corei910920x
Intel,Pentium G840,Sandy Bridge,2,2,2.8,,Socket 1155,32,3,65,May 2011,2011-05-01,1328,,4338,14.5,91.54,https://www.techpowerup.com/cpu-specs/pentium-g840.c773,https://www.cpubenchmark.net/cpu_lookup.php?cpu=Intel+Pentium+G840+%40+2.80GHz&id=1115,pentiumg840
Intel,Xeon 5160,Woodcrest,2,2,3.0,,Socket 771,65,,80,Jun 2006,2006-06-01,963,,4729,22.14,43.5,https://www.techpowerup.com/cpu-specs/xeon-5160.c391,https://www.cpubenchmark.net/cpu_lookup.php?cpu=Intel+Xeon+5160+%40+3.00GHz&id=1187,xeon5160
Intel,Xeon E5-2643 v3,Haswell-EP,6,12,3.4,3.7,Socket 2011-3,22,20,135,Sep 2014,2014-09-01,10228,,1712,44.48,229.95,https://www.techpowerup.com/cpu-specs/xeon-e5-2643-v3.c2862,https://www.cpubenchmark.net/cpu_lookup.php?cpu=Intel+Xeon+E5-2643+v3+%40+3.40GHz&id=2479,xeone52643v3
Intel,Xeon W-11955M,Tiger Lake-H,8,16,2.1,5.0,BGA 1787,10,24,35,May 2021,2021-05-01,21308,3169,947,34.2,623.0,https://www.techpowerup.com/cpu-specs/xeon-w-11955m.c2482,https://www.cpubenchmark.net/cpu_lookup.php?cpu=Intel+Xeon+W-11955M+%40+2.60GHz&id=4419,xeonw11955m
Intel,Xeon W-2125,Skylake-W,4,8,4.0,4.5,Socket 2066,14,8,120,Aug 2017,2017-08-01,9918,,1736,23.07,429.95,https://www.techpowerup.com/cpu-specs/xeon-w-2125.c2949,https://www.cpubenchmark.net/cpu_lookup.php?cpu=Intel+Xeon+W-2125+%40+4.00GHz&id=3146,xeonw2125
AMD,Athlon Gold 7220U,Mendocino,2,4,2.4,3.7,Socket FT6,6,4,15,Sep 2022,2022-09-01,4903,2219,,,,https://www.techpowerup.com/cpu-specs/athlon-gold-7220u.c3044,https://www.cpubenchmark.net/cpu.php?cpu=AMD+Athlon+Gold+7220U&id=5316,athlongold7220u
AMD,EPYC 9176F,Venice,16,32,3.9,5.0,Socket SP8,2,192,200,Jul 2026,2026-07-01,,,,,,https://www.techpowerup.com/cpu-specs/epyc-9176f.c4560,,epyc9176f
AMD,Ryzen 9 PRO 7945,Raphael,12,24,3.7,5.4,Socket AM5,5,64,65,Jun 2023,2023-06-01,47110,,,,802.78,https://www.techpowerup.com/cpu-specs/ryzen-9-pro-7945.c3302,https://www.cpubenchmark.net/cpu.php?cpu=AMD+Ryzen+9+PRO+7945&id=5505,ryzen9pro7945
Intel,Core i5-10400H,Comet Lake-H,4,8,2.6,4.6,BGA 1440,14,6,45,Apr 2020,2020-04-01,8081,2550,1934,32.32,250.0,https://www.techpowerup.com/cpu-specs/core-i5-10400h.c2361,https://www.cpubenchmark.net/cpu_lookup.php?cpu=Intel+Core+i5-10400H+%40+2.60GHz&id=3775,corei510400h
Intel,Core i7-12700T,Alder Lake-S,12,20,1.4,4.7,Socket 1700,10,25,35,Jan 2022,2022-01-01,21143,,959,62.37,339.0,https://www.techpowerup.com/cpu-specs/core-i7-12700t.c2562,https://www.cpubenchmark.net/cpu_lookup.php?cpu=Intel+Core+i7-12700T&id=4830,corei712700t
Intel,Core i7-4500U,Haswell-ULT,2,4,1.8,3.0,BGA 1168,22,4,15,Jun 2013,2013-06-01,2483,1483,3500,,,https://www.techpowerup.com/cpu-specs/core-i7-4500u.c1592,https://www.cpubenchmark.net/cpu_lookup.php?cpu=Intel+Core+i7-4500U+%40+1.80GHz&id=1937,corei74500u
Intel,Xeon E-2124G,Coffee Lake-S WS,4,4,3.4,4.5,Socket 1151,14,8,71,Jul 2018,2018-07-01,7169,,2081,15.43,464.45,https://www.techpowerup.com/cpu-specs/xeon-e-2124g.c2079,https://www.cpubenchmark.net/cpu_lookup.php?cpu=Intel+Xeon+E-2124G+%40+3.40GHz&id=3364,xeone2124g
Intel,Xeon E5440,Harpertown,4,4,2.833,,Socket 771,45,,80,Nov 2007,2007-11-01,2369,,3575,62.37,37.99,https://www.techpowerup.com/cpu-specs/xeon-e5440.c4146,https://www.cpubenchmark.net/cpu_lookup.php?cpu=Intel+Xeon+E5440+%40+2.83GHz&id=1235,xeone5440
Intel,Xeon W3680,Gulftown,6,12,3.333,3.6,Socket 1366,32,12,130,Mar 2010,2010-03-01,7029,,2111,56.21,125.05,https://www.techpowerup.com/cpu-specs/xeon-w3680.c928,https://www.cpubenchmark.net/cpu_lookup.php?cpu=Intel+Xeon+W3680+%40+3.33GHz&id=1274,xeonw3680
AMD,EPYC 7351,Naples,16,32,2.4,2.9,Socket SP3,14,64,170,Jun 2017,2017-06-01,23079,,,,208.0,https://www.techpowerup.com/cpu-specs/epyc-7351.c1925,https://www.cpubenchmark.net/cpu.php?cpu=AMD+EPYC+7351&id=3411,epyc7351
AMD,EPYC 7351P,Naples,16,32,2.4,2.9,Socket SP3,14,64,170,Jun 2017,2017-06-01,24587,,,,1196.97,https://www.techpowerup.com/cpu-specs/epyc-7351p.c1931,https://www.cpubenchmark.net/cpu.php?cpu=AMD+EPYC+7351P&id=3124,epyc7351p
AMD,EPYC 7413,Milan,24,48,2.65,3.6,Socket SP3,7,128,180,Mar 2021,2021-03-01,50641,,,,1375.0,https://www.techpowerup.com/cpu-specs/epyc-7413.c2386,https://www.cpubenchmark.net/cpu.php?cpu=AMD+EPYC+7413&id=4346,epyc7413
AMD,Opteron 6276,Interlagos,16,16,2.3,3.2,Socket G34,32,8,115,Nov 2011,2011-11-01,6348,,,,396.99,https://www.techpowerup.com/cpu-specs/opteron-6276.c1300,https://www.cpubenchmark.net/cpu.php?cpu=AMD+Opteron+6276&id=1880,opteron6276
Intel,Core i5-1035G7,Ice Lake-U,4,8,1.2,3.7,BGA 1526,10,6,15,Aug 2019,2019-08-01,7912,2143,1960,24.73,320.0,https://www.techpowerup.com/cpu-specs/core-i5-1035g7.c2227,https://www.cpubenchmark.net/cpu_lookup.php?cpu=Intel+Core+i5-1035G7+%40+1.20GHz&id=3582,corei51035g7
Intel,Pentium III 1000,Coppermine T,1,1,1.0,,Socket 370,180,,29,Jun 2001,2001-06-01,,,,,,https://www.techpowerup.com/cpu-specs/pentium-iii-1000.c1286,,pentiumiii1000
Intel,Xeon X5450,Harpertown,4,4,3.0,,Socket 771,45,,120,Nov 2007,2007-11-01,2426,,3540,41.11,59.01,https://www.techpowerup.com/cpu-specs/xeon-x5450.c4143,https://www.cpubenchmark.net/cpu_lookup.php?cpu=Intel+Xeon+X5450+%40+3.00GHz&id=1296,xeonx5450
AMD,Athlon 220GE,Zen,2,4,3.4,,Socket AM4,14,4,35,Dec 2018,2018-12-01,4444,1961,,,122.1,https://www.techpowerup.com/cpu-specs/athlon-220ge.c2122,https://www.cpubenchmark.net/cpu.php?cpu=AMD+Athlon+220GE&id=3416,athlon220ge
AMD,Athlon II X2 280,Regor,2,2,3.6,,Socket AM3,45,,65,Feb 2013,2013-02-01,,,,,,https://www.techpowerup.com/cpu-specs/athlon-ii-x2-280.c1525,,athloniix2280
AMD,EPYC 7552,Rome,48,96,2.2,3.3,Socket SP3,7,192,200,Aug 2019,2019-08-01,57414,,,,1650.0,https://www.techpowerup.com/cpu-specs/epyc-7552.c2248,https://www.cpubenchmark.net/cpu.php?cpu=AMD+EPYC+7552&id=3822,epyc7552
Intel,Core i9-13900F,Raptor Lake-S,24,32,2.0,5.6,Socket 1700,10,36,65,Jan 2023,2023-01-01,48071,,294,96.14,499.99,https://www.techpowerup.com/cpu-specs/core-i9-13900f.c2997,https://www.cpubenchmark.net/cpu_lookup.php?cpu=Intel+Core+i9-13900F&id=5143,corei913900f
Intel,Xeon 6315P,Raptor Lake-R,4,4,2.8,4.7,Socket 1700,10,12,55,Feb 2025,2025-02-01,11883,,1582,55.79,213.0,https://www.techpowerup.com/cpu-specs/xeon-6315p.c4087,https://www.cpubenchmark.net/cpu_lookup.php?cpu=Intel+Xeon+6315P&id=6814,xeon6315p
Intel,Xeon 6730P,Granite Rapids,32,64,2.5,3.8,Socket 4710,5,288,250,Feb 2025,2025-02-01,74113,,109,19.89,3726.0,https://www.techpowerup.com/cpu-specs/xeon-6730p.c4059,https://www.cpubenchmark.net/cpu_lookup.php?cpu=Intel+Xeon+6730P&id=6828,xeon6730p
Intel,Xeon Gold 6326,Ice Lake-SP,16,32,2.9,3.5,Socket 4189,10,24,185,Apr 2021,2021-04-01,32829,,496,17.37,1890.0,https://www.techpowerup.com/cpu-specs/xeon-gold-6326.c2439,https://www.cpubenchmark.net/cpu_lookup.php?cpu=Intel+Xeon+Gold+6326+%40+2.90GHz&id=4651,xeongold6326
AMD,Athlon PRO 300GE,Dali,2,4,3.4,,Socket AM4,14,4,35,Sep 2019,2019-09-01,4228,,,,,https://www.techpowerup.com/cpu-specs/athlon-pro-300ge.c4355,https://www.cpubenchmark.net/cpu.php?cpu=AMD+Athlon+PRO+300GE&id=3571,athlonpro300ge
AMD,EPYC 4345P,Grado,8,16,3.8,5.5,Socket AM5,4,32,65,May 2025,2025-05-01,36123,,,,329.0,https://www.techpowerup.com/cpu-specs/epyc-4345p.c4176,https://www.cpubenchmark.net/cpu.php?cpu=AMD+EPYC+4345P&id=6710,epyc4345p
AMD,Ryzen 5 7645HX,Dragon Range,6,12,4.0,5.0,Socket FL1,5,32,45,Jan 2023,2023-01-01,25677,3851,,,,https://www.techpowerup.com/cpu-specs/ryzen-5-7645hx.c3021,https://www.cpubenchmark.net/cpu.php?cpu=AMD+Ryzen+5+7645HX&id=5879,ryzen57645hx
Intel,Core 2 Duo T7100,Merom,2,2,1.8,,Socket P,65,,35,May 2007,2007-05-01,603,681,5188,40.22,14.99,https://www.techpowerup.com/cpu-specs/core-2-duo-t7100.c1537,https://www.cpubenchmark.net/cpu_lookup.php?cpu=Intel+Core2+Duo+T7100+%40+1.80GHz&id=999,core2duot7100
Intel,Core Duo T2300,Yonah,2,2,1.66,,Socket 479,65,,31,Jan 2006,2006-01-01,325,509,5584,,,https://www.techpowerup.com/cpu-specs/core-duo-t2300.c339,https://www.cpubenchmark.net/cpu_lookup.php?cpu=Intel+Core+Duo+T2300+%40+1.66GHz&id=728,coreduot2300
Intel,Pentium E6800,Wolfdale,2,2,3.333,,Socket 775,45,,65,Aug 2010,2010-08-01,1155,,4516,46.31,24.95,https://www.techpowerup.com/cpu-specs/pentium-e6800.c868,https://www.cpubenchmark.net/cpu_lookup.php?cpu=Intel+Pentium+E6800+%40+3.33GHz&id=1398,pentiume6800
Intel,Xeon 6333P,Raptor Lake-R,6,12,3.1,5.2,Socket 1700,10,18,65,Feb 2025,2025-02-01,18374,,1130,57.6,319.0,https://www.techpowerup.com/cpu-specs/xeon-6333p.c4089,https://www.cpubenchmark.net/cpu_lookup.php?cpu=Intel+Xeon+6333P&id=6738,xeon6333p
Intel,Xeon E-2224,Coffee Lake-S WS,4,4,3.4,4.6,Socket 1151,14,8,71,May 2019,2019-05-01,7178,,2079,24.17,296.95,https://www.techpowerup.com/cpu-specs/xeon-e-2224.c3544,https://www.cpubenchmark.net/cpu_lookup.php?cpu=Intel+Xeon+E-2224+%40+3.40GHz&id=3512,xeone2224
AMD,Athlon 1400 (C),Thunderbird C,1,1,1.4,,Socket A,180,,72,Jun 2001,2001-06-01,,,,,,https://www.techpowerup.com/cpu-specs/athlon-1400-c.c1222,,athlon1400
Intel,Celeron 2.60,Northwood,1,1,2.6,,Socket 478,130,,73,Jun 2003,2003-06-01,,,,,,https://www.techpowerup.com/cpu-specs/celeron-2-60.c1052,,celeron260
Intel,Core 2 Quad Q9550S,Yorkfield,4,4,2.833,,Socket 775,45,,65,Jan 2009,2009-01-01,,,,,,https://www.techpowerup.com/cpu-specs/core-2-quad-q9550s.c651,,core2quadq9550s
Intel,Core i7-4980HQ,Crystalwell,4,8,2.8,4.0,BGA 1364,22,6,47,Sep 2013,2013-09-01,6576,2191,2198,,,https://www.techpowerup.com/cpu-specs/core-i7-4980hq.c1715,https://www.cpubenchmark.net/cpu_lookup.php?cpu=Intel+Core+i7-4980HQ+%40+2.80GHz&id=2327,corei74980hq
Intel,Core i7-8809G,Kaby Lake G,4,8,3.1,4.2,BGA 2270,14,8,65,Feb 2018,2018-02-01,8457,2371,1887,,,https://www.techpowerup.com/cpu-specs/core-i7-8809g.c1980,https://www.cpubenchmark.net/cpu_lookup.php?cpu=Intel+Core+i7-8809G+%40+3.10GHz&id=3209,corei78809g
Intel,Xeon 6760P,Granite Rapids,64,128,2.2,3.8,Socket 4710,5,320,330,Feb 2025,2025-02-01,,,,,,https://www.techpowerup.com/cpu-specs/xeon-6760p.c4070,,xeon6760p
Intel,Xeon E-2274G,Coffee Lake-S WS,4,8,4.0,4.9,Socket 1151,14,8,83,May 2019,2019-05-01,9771,,1754,22.64,431.54,https://www.techpowerup.com/cpu-specs/xeon-e-2274g.c3536,https://www.cpubenchmark.net/cpu_lookup.php?cpu=Intel+Xeon+E-2274G+%40+4.00GHz&id=3584,xeone2274g
Intel,Xeon E5506,Gainestown,4,4,2.133,,Socket 1366,45,4,80,Mar 2009,2009-03-01,1961,,3844,22.13,88.63,https://www.techpowerup.com/cpu-specs/xeon-e5506.c912,https://www.cpubenchmark.net/cpu_lookup.php?cpu=Intel+Xeon+E5506+%40+2.13GHz&id=1241,xeone5506
Intel,Xeon Max 9480,Sapphire Rapids HBM,56,112,1.9,3.5,Socket 4677,10,112,350,Jan 2023,2023-01-01,82311,,80,89.43,920.4,https://www.techpowerup.com/cpu-specs/xeon-max-9480.c3084,https://www.cpubenchmark.net/cpu_lookup.php?cpu=Intel+Xeon+Max+9480&id=5958,xeonmax9480
AMD,EPYC 7713P,Milan,64,128,2.0,3.675,Socket SP3,7,256,225,Mar 2021,2021-03-01,80736,,,,2443.73,https://www.techpowerup.com/cpu-specs/epyc-7713p.c2375,https://www.cpubenchmark.net/cpu.php?cpu=AMD+EPYC+7713P&id=4714,epyc7713p
AMD,Ryzen 9 PRO 5945,Vermeer,12,24,3.0,4.7,Socket AM4,7,64,65,Apr 2022,2022-04-01,34374,,,,,https://www.techpowerup.com/cpu-specs/ryzen-9-pro-5945.c4127,https://www.cpubenchmark.net/cpu.php?cpu=AMD+Ryzen+9+PRO+5945&id=5000,ryzen9pro5945
Intel,Celeron N2940,Bay Trail-M,4,4,1.83,2.25,BGA 1170,22,,7,May 2014,2014-05-01,1053,607,4630,,,https://www.techpowerup.com/cpu-specs/celeron-n2940.c1891,https://www.cpubenchmark.net/cpu_lookup.php?cpu=Intel+Celeron+N2940+%40+1.83GHz&id=2356,celeronn2940
Intel,Core i3-1305U,Raptor Lake-U,5,6,1.6,4.5,BGA 1744,10,10,15,Jan 2023,2023-01-01,8423,2930,1890,27.26,309.0,https://www.techpowerup.com/cpu-specs/core-i3-1305u.c3062,https://www.cpubenchmark.net/cpu_lookup.php?cpu=Intel+Core+i3-1305U&id=5524,corei31305u
Intel,Xeon Platinum 8481C,Sapphire Rapids,56,112,2.0,3.8,Socket 4677,10,105,350,Jan 2023,2023-01-01,11646,,1602,,,https://www.techpowerup.com/cpu-specs/xeon-platinum-8481c.c3992,https://www.cpubenchmark.net/cpu_lookup.php?cpu=Intel+Xeon+Platinum+8481C+%40+2.70GHz&id=5203,xeonplatinum8481c
Intel,Xeon Silver 4514Y,Emerald Rapids,16,32,2.0,3.4,Socket 4677,10,30,150,Dec 2023,2023-12-01,30500,,552,14.19,2150.0,https://www.techpowerup.com/cpu-specs/xeon-silver-4514y.c3495,https://www.cpubenchmark.net/cpu_lookup.php?cpu=Intel+Xeon+Silver+4514Y&id=5933,xeonsilver4514y
AMD,A8-5500B,Trinity,4,4,3.2,3.7,Socket FM2,32,,65,Oct 2012,2012-10-01,,,,,,https://www.techpowerup.com/cpu-specs/a8-5500b.c1488,,a85500b
AMD,Athlon XP 2600+,Barton,1,1,1.917,,Socket A,130,,68,Sep 2003,2003-09-01,,,,,,https://www.techpowerup.com/cpu-specs/athlon-xp-2600.c90,,athlonxp2600
AMD,EPYC 9745,Turin,128,256,2.4,3.7,Socket SP5,3,256,400,Oct 2024,2024-10-01,130698,,,,9950.0,https://www.techpowerup.com/cpu-specs/epyc-9745.c3907,https://www.cpubenchmark.net/cpu.php?cpu=AMD+EPYC+9745&id=6320,epyc9745
Intel,Core 2 Duo T8100,Penryn,2,2,2.1,,Socket P,45,,35,Jan 2008,2008-01-01,799,847,4925,10.25,77.99,https://www.techpowerup.com/cpu-specs/core-2-duo-t8100.c2733,https://www.cpubenchmark.net/cpu_lookup.php?cpu=Intel+Core2+Duo+T8100+%40+2.10GHz&id=1006,core2duot8100
Intel,Core i5-2430M,Sandy Bridge,2,4,2.4,,Socket G2 (988B),32,3,35,Oct 2011,2011-10-01,2011,1233,3813,32.42,62.02,https://www.techpowerup.com/cpu-specs/core-i5-2430m.c1371,https://www.cpubenchmark.net/cpu_lookup.php?cpu=Intel+Core+i5-2430M+%40+2.40GHz&id=798,corei52430m
Intel,Pentium Gold G6500,Comet Lake,2,4,4.1,,Socket 1200,14,4,58,Apr 2020,2020-04-01,4210,,2749,66.83,62.99,https://www.techpowerup.com/cpu-specs/pentium-gold-g6500.c2304,https://www.cpubenchmark.net/cpu_lookup.php?cpu=Intel+Pentium+Gold+G6500+%40+4.10GHz&id=3857,pentiumgoldg6500
Intel,Xeon E5-2660 v2,Ivy Bridge-EP,10,20,2.2,3.0,Socket 2011,22,25,95,Sep 2013,2013-09-01,10330,,1701,79.49,129.95,https://www.techpowerup.com/cpu-specs/xeon-e5-2660-v2.c1664,https://www.cpubenchmark.net/cpu_lookup.php?cpu=Intel+Xeon+E5-2660+v2+%40+2.20GHz&id=2184,xeone52660v2
Intel,Xeon L5420,Harpertown,4,4,2.5,,Socket 771,45,,50,Mar 2008,2008-03-01,2141,,3728,77.86,27.5,https://www.techpowerup.com/cpu-specs/xeon-l5420.c4153,https://www.cpubenchmark.net/cpu_lookup.php?cpu=Intel+Xeon+L5420+%40+2.50GHz&id=1259,xeonl5420
AMD,Ryzen 5 7545U,Phoenix2,6,12,3.2,4.9,Socket FP7,4,16,28,Nov 2023,2023-11-01,19868,3720,,,,https://www.techpowerup.com/cpu-specs/ryzen-5-7545u.c3365,https://www.cpubenchmark.net/cpu.php?cpu=AMD+Ryzen+5+7545U&id=6725,ryzen57545u
Intel,Atom Z520,Silverthorne,1,2,1.334,,BGA 441,45,,2,Apr 2008,2008-04-01,122,151,5975,,,https://www.techpowerup.com/cpu-specs/atom-z520.c1421,https://www.cpubenchmark.net/cpu_lookup.php?cpu=Intel+Atom+Z520+%40+1.33GHz&id=625,atomz520
Intel,Core i5-4300M,Haswell,2,4,2.6,3.6,Socket G3,22,3,37,Sep 2013,2013-09-01,2960,1724,3249,6.31,469.0,https://www.techpowerup.com/cpu-specs/core-i5-4300m.c1721,https://www.cpubenchmark.net/cpu_lookup.php?cpu=Intel+Core+i5-4300M+%40+2.60GHz&id=2095,corei54300m
Intel,Core Ultra 9 285T,Arrow Lake-S,24,24,1.4,5.4,Socket 1851,3,36,35,Jan 2025,2025-01-01,39668,,384,72.26,549.0,https://www.techpowerup.com/cpu-specs/core-ultra-9-285t.c3775,https://www.cpubenchmark.net/cpu_lookup.php?cpu=Intel+Core+Ultra+9+285T&id=6510,coreultra9285t
Intel,Xeon E-2146G,Coffee Lake-S WS,6,12,3.5,4.5,Socket 1151,14,12,80,Jul 2018,2018-07-01,13196,,1482,26.62,495.64,https://www.techpowerup.com/cpu-specs/xeon-e-2146g.c3530,https://www.cpubenchmark.net/cpu_lookup.php?cpu=Intel+Xeon+E-2146G+%40+3.50GHz&id=3314,xeone2146g
Intel,Xeon E-2286G,Coffee Lake-S WS,6,12,4.0,4.9,Socket 1151,14,12,95,May 2019,2019-05-01,13988,,1426,11.16,1253.0,https://www.techpowerup.com/cpu-specs/xeon-e-2286g.c3533,https://www.cpubenchmark.net/cpu_lookup.php?cpu=Intel+Xeon+E-2286G+%40+4.00GHz&id=3590,xeone2286g
Intel,Xeon E5-2649 v3,Haswell-EP,10,20,2.3,3.0,Socket 2011-3,22,25,105,Sep 2014,2014-09-01,12399,,1547,,,https://www.techpowerup.com/cpu-specs/xeon-e5-2649-v3.c2871,https://www.cpubenchmark.net/cpu_lookup.php?cpu=Intel+Xeon+E5-2649+v3+%40+2.30GHz&id=3194,xeone52649v3
Intel,Xeon Platinum 8558P,Emerald Rapids,48,96,2.7,4.0,Socket 4677,10,260,350,Dec 2023,2023-12-01,91879,,58,,,https://www.techpowerup.com/cpu-specs/xeon-platinum-8558p.c3414,https://www.cpubenchmark.net/cpu_lookup.php?cpu=Intel+Xeon+Platinum+8558P&id=6572,xeonplatinum8558p
AMD,A4-4300M,Trinity,2,2,2.5,3.0,Socket FS1r2,32,,35,May 2012,2012-05-01,,,,,,https://www.techpowerup.com/cpu-specs/a4-4300m.c1045,,a44300m
AMD,Athlon 64 X2 4800+,Toledo,2,2,2.4,,Socket 939,90,,110,May 2005,2005-05-01,,,,,,https://www.techpowerup.com/cpu-specs/athlon-64-x2-4800.c85,,athlon64x24800
AMD,EPYC 9586F,Venice,64,128,3.75,5.0,Socket SP7,2,384,500,Jul 2026,2026-07-01,,,,,,https://www.techpowerup.com/cpu-specs/epyc-9586f.c4539,,epyc9586f
AMD,Ryzen 7 4700GE,Renoir,8,16,3.1,4.3,Socket AM4,7,8,35,Jul 2020,2020-07-01,19620,,,,,https://www.techpowerup.com/cpu-specs/ryzen-7-4700ge.c2321,https://www.cpubenchmark.net/cpu.php?cpu=AMD+Ryzen+7+4700GE&id=3847,ryzen74700ge
Intel,Core i7-1280P,Alder Lake-P,14,20,1.8,4.8,BGA 1744,10,24,28,Feb 2022,2022-02-01,19903,3297,1039,41.29,482.0,https://www.techpowerup.com/cpu-specs/core-i7-1280p.c2579,https://www.cpubenchmark.net/cpu_lookup.php?cpu=Intel+Core+i7-1280P&id=4783,corei71280p
Intel,Xeon 6527P,Granite Rapids,24,48,3.0,4.2,Socket 4710,5,144,255,Feb 2025,2025-02-01,74445,,107,25.87,2878.0,https://www.techpowerup.com/cpu-specs/xeon-6527p.c4046,https://www.cpubenchmark.net/cpu_lookup.php?cpu=Intel+Xeon+6527P&id=7179,xeon6527p
Intel,Xeon E-2144G,Coffee Lake-S WS,4,8,3.6,4.5,Socket 1151,14,8,71,Jul 2018,2018-07-01,9254,,1807,27.89,331.84,https://www.techpowerup.com/cpu-specs/xeon-e-2144g.c3529,https://www.cpubenchmark.net/cpu_lookup.php?cpu=Intel+Xeon+E-2144G+%40+3.60GHz&id=3399,xeone2144g
Intel,Xeon w3-2423,Sapphire Rapids,6,12,2.1,4.2,Socket 4677,10,15,120,Feb 2023,2023-02-01,15933,,1292,,,https://www.techpowerup.com/cpu-specs/xeon-w3-2423.c3120,https://www.cpubenchmark.net/cpu_lookup.php?cpu=Intel+Xeon+w3-2423&id=5464,xeonw32423
AMD,A9-9420e SoC,Stoney Ridge,2,2,1.8,2.7,Socket FT4,28,,6,May 2016,2016-05-01,,941,,,,https://www.techpowerup.com/cpu-specs/a9-9420e-soc.c3693,https://www.cpubenchmark.net/cpu.php?cpu=AMD+A9-9420e&id=3226,a99420e
AMD,Athlon 64 3800+,Venice,1,1,2.4,,Socket 939,90,,89,Apr 2005,2005-04-01,,,,,,https://www.techpowerup.com/cpu-specs/athlon-64-3800.c38,,athlon643800
AMD,Ryzen 3 5300GE,Cezanne,4,8,3.6,4.2,Socket AM4,7,8,35,Apr 2021,2021-04-01,12775,,,,,https://www.techpowerup.com/cpu-specs/ryzen-3-5300ge.c4031,https://www.cpubenchmark.net/cpu.php?cpu=AMD+Ryzen+3+5300GE&id=4389,ryzen35300ge
Intel,Xeon E3-1225,Sandy Bridge,4,4,3.1,3.4,Socket 1155,32,6,95,Apr 2011,2011-04-01,3909,,2843,18.99,205.88,https://www.techpowerup.com/cpu-specs/xeon-e3-1225.c810,https://www.cpubenchmark.net/cpu_lookup.php?cpu=Intel+Xeon+E3-1225+%40+3.10GHz&id=1198,xeone31225
AMD,A4-9120 SoC,Stoney Ridge,2,2,2.2,2.5,Socket FT4,28,,15,Apr 2017,2017-04-01,,1058,,,,https://www.techpowerup.com/cpu-specs/a4-9120-soc.c3700,https://www.cpubenchmark.net/cpu.php?cpu=AMD+A4-9120&id=3093,a49120
AMD,Athlon Silver 3050GE,Dali,2,4,3.4,,Socket AM4,14,4,35,Jul 2020,2020-07-01,4545,2016,,,,https://www.techpowerup.com/cpu-specs/athlon-silver-3050ge.c2332,https://www.cpubenchmark.net/cpu.php?cpu=AMD+Athlon+Silver+3050GE&id=4093,athlonsilver3050ge
AMD,Ryzen 5 8640U,Hawk Point,6,12,3.5,4.9,Socket FP8,4,16,28,Dec 2023,2023-12-01,19961,3472,,,,https://www.techpowerup.com/cpu-specs/ryzen-5-8640u.c3405,https://www.cpubenchmark.net/cpu.php?cpu=AMD+Ryzen+5+8640U&id=6089,ryzen58640u
Intel,Core 2 Duo T5600,Merom,2,2,1.833,,Socket 479,65,,35,Jul 2006,2006-07-01,681,686,5089,,,https://www.techpowerup.com/cpu-specs/core-2-duo-t5600.c378,https://www.cpubenchmark.net/cpu_lookup.php?cpu=Intel+Core2+Duo+T5600+%40+1.83GHz&id=923,core2duot5600
Intel,Xeon E5-2687W v2,Ivy Bridge-EP,8,16,3.4,4.0,Socket 2011,22,20,150,Sep 2013,2013-09-01,12319,,1557,,,https://www.techpowerup.com/cpu-specs/xeon-e5-2687w-v2.c1663,https://www.cpubenchmark.net/cpu_lookup.php?cpu=Intel+Xeon+E5-2687W+v2+%40+3.40GHz&id=2045,xeone52687wv2
AMD,Athlon XP 2800+,Barton,1,1,2.083,,Socket A,130,,68,Feb 2003,2003-02-01,,,,,,https://www.techpowerup.com/cpu-specs/athlon-xp-2800.c89,,athlonxp2800
AMD,EPYC 9555P,Turin,64,128,3.2,4.4,Socket SP5,4,256,360,Oct 2024,2024-10-01,123576,,,,7983.0,https://www.techpowerup.com/cpu-specs/epyc-9555p.c3887,https://www.cpubenchmark.net/cpu.php?cpu=AMD+EPYC+9555P&id=6512,epyc9555p
AMD,K6-III+ 500ACZ,Sharptooth,1,1,0.5,,Super Socket 7,180,,12,Apr 2000,2000-04-01,,,,,,https://www.techpowerup.com/cpu-specs/k6-iii-500acz.c3582,,k6iii500acz
AMD,Phenom II X6 1065T,Thuban,6,6,2.9,3.4,Socket AM3,45,6,125,Dec 2010,2010-12-01,,,,,,https://www.techpowerup.com/cpu-specs/phenom-ii-x6-1065t.c742,,phenomiix61065t
AMD,Ryzen 3 2300U,Raven Ridge,4,4,2.0,3.4,Socket FP5,14,4,15,Jan 2018,2018-01-01,5507,1750,,,,https://www.techpowerup.com/cpu-specs/ryzen-3-2300u.c1977,https://www.cpubenchmark.net/cpu.php?cpu=AMD+Ryzen+3+2300U&id=3290,ryzen32300u
Intel,Xeon E5405,Harpertown,4,4,2.0,,Socket 771,45,,80,Nov 2007,2007-11-01,1753,,4011,16.7,105.0,https://www.techpowerup.com/cpu-specs/xeon-e5405.c4150,https://www.cpubenchmark.net/cpu_lookup.php?cpu=Intel+Xeon+E5405+%40+2.00GHz&id=1231,xeone5405
Intel,Xeon L5520,Gainestown,4,8,2.266,2.533,Socket 1366,45,8,60,Mar 2009,2009-03-01,2319,,3609,79.97,29.0,https://www.techpowerup.com/cpu-specs/xeon-l5520.c925,https://www.cpubenchmark.net/cpu_lookup.php?cpu=Intel+Xeon+L5520+%40+2.27GHz&id=1260,xeonl5520
AMD,E2-3200,Llano,2,2,2.4,,Socket FM1,32,,65,Sep 2011,2011-09-01,,,,,,https://www.techpowerup.com/cpu-specs/e2-3200.c883,,e23200
AMD,EPYC 7313P,Milan,16,32,3.0,3.7,Socket SP3,7,128,155,Mar 2021,2021-03-01,40684,,,,825.0,https://www.techpowerup.com/cpu-specs/epyc-7313p.c2390,https://www.cpubenchmark.net/cpu.php?cpu=AMD+EPYC+7313P&id=4407,epyc7313p
AMD,EPYC 7401,Naples,24,48,2.0,3.0,Socket SP3,14,64,170,Jun 2017,2017-06-01,,,,,,https://www.techpowerup.com/cpu-specs/epyc-7401.c1924,,epyc7401
AMD,EPYC 75F3,Milan,32,64,2.95,4.0,Socket SP3,7,256,280,Mar 2021,2021-03-01,64505,,,,3544.45,https://www.techpowerup.com/cpu-specs/epyc-75f3.c2378,https://www.cpubenchmark.net/cpu.php?cpu=AMD+EPYC+75F3&id=4416,epyc75f3
Intel,Atom D425,Pineview,1,2,1.834,,BGA 437,45,,10,Jun 2010,2010-06-01,185,,5853,0.19,992.98,https://www.techpowerup.com/cpu-specs/atom-d425.c1398,https://www.cpubenchmark.net/cpu_lookup.php?cpu=Intel+Atom+D425+%40+1.80GHz&id=609,atomd425
Intel,Celeron 440,Conroe-L,1,1,2.0,,Socket 775,65,,35,Jun 2007,2007-06-01,368,,5502,7.37,49.95,https://www.techpowerup.com/cpu-specs/celeron-440.c844,https://www.cpubenchmark.net/cpu_lookup.php?cpu=Intel+Celeron+440+%40+2.00GHz&id=652,celeron440
Intel,Core i3-3120M,Ivy Bridge,2,4,2.5,,Socket G2 (988B),22,3,35,Sep 2012,2012-09-01,1699,1258,4048,15.45,109.95,https://www.techpowerup.com/cpu-specs/core-i3-3120m.c1380,https://www.cpubenchmark.net/cpu_lookup.php?cpu=Intel+Core+i3-3120M+%40+2.50GHz&id=1442,corei33120m
Intel,Core i7-820QM,Clarksfield,4,8,1.733,3.067,Socket G1,45,8,45,Sep 2009,2009-09-01,1847,1059,3935,14.32,129.0,https://www.techpowerup.com/cpu-specs/core-i7-820qm.c3215,https://www.cpubenchmark.net/cpu_lookup.php?cpu=Intel+Core+i7-820QM+%40+1.73GHz&id=853,corei7820qm
Intel,Core i9-11900F,Rocket Lake,8,16,2.5,5.2,Socket 1200,14,16,65,Mar 2021,2021-03-01,22042,,905,37.65,585.5,https://www.techpowerup.com/cpu-specs/core-i9-11900f.c2394,https://www.cpubenchmark.net/cpu_lookup.php?cpu=Intel+Core+i9-11900F+%40+2.50GHz&id=4267,corei911900f
Intel,Xeon 6737P,Granite Rapids,32,64,2.9,4.0,Socket 4710,5,144,270,Feb 2025,2025-02-01,79634,,93,15.94,4995.0,https://www.techpowerup.com/cpu-specs/xeon-6737p.c4060,https://www.cpubenchmark.net/cpu_lookup.php?cpu=Intel+Xeon+6737P&id=6620,xeon6737p
AMD,Athlon II X3 445,Rana,3,3,3.1,,Socket AM3,45,,95,May 2010,2010-05-01,,,,,,https://www.techpowerup.com/cpu-specs/athlon-ii-x3-445.c696,,athloniix3445
Intel,Core 2 Quad Q9100,Penryn QC,4,4,2.267,,Socket P,45,,45,Aug 2008,2008-08-01,1806,955,3973,4.68,385.89,https://www.techpowerup.com/cpu-specs/core-2-quad-q9100.c1387,https://www.cpubenchmark.net/cpu_lookup.php?cpu=Intel+Core2+Quad+Q9100+%40+2.26GHz&id=1043,core2quadq9100
Intel,Core i5-3337U,Ivy Bridge,2,4,1.8,2.8,BGA 1023,22,3,17,Jan 2013,2013-01-01,2092,1276,3758,9.3,225.0,https://www.techpowerup.com/cpu-specs/core-i5-3337u.c1515,https://www.cpubenchmark.net/cpu_lookup.php?cpu=Intel+Core+i5-3337U+%40+1.80GHz&id=1850,corei53337u
Intel,Core i7-4600U,Haswell-ULT,2,4,2.1,3.3,BGA 1168,22,4,15,Sep 2013,2013-09-01,2717,1632,3359,,,https://www.techpowerup.com/cpu-specs/core-i7-4600u.c1717,https://www.cpubenchmark.net/cpu_lookup.php?cpu=Intel+Core+i7-4600U+%40+2.10GHz&id=2033,corei74600u
Intel,Xeon 6724P,Granite Rapids,16,32,3.6,4.3,Socket 4710,5,72,210,Feb 2025,2025-02-01,51345,,258,14.18,3622.0,https://www.techpowerup.com/cpu-specs/xeon-6724p.c4055,https://www.cpubenchmark.net/cpu_lookup.php?cpu=Intel+Xeon+6724P&id=7056,xeon6724p
Intel,Xeon E3-1275 v5,Skylake-DT,4,8,3.6,4.0,Socket 1151,14,8,80,Oct 2015,2015-10-01,8314,,1902,18.72,444.04,https://www.techpowerup.com/cpu-specs/xeon-e3-1275-v5.c3228,https://www.cpubenchmark.net/cpu_lookup.php?cpu=Intel+Xeon+E3-1275+v5+%40+3.60GHz&id=2672,xeone31275v5
Intel,Xeon w5-2545,Sapphire Rapids,12,24,3.5,4.7,Socket 4677,10,30,210,Aug 2024,2024-08-01,41119,,364,46.25,889.0,https://www.techpowerup.com/cpu-specs/xeon-w5-2545.c3812,https://www.cpubenchmark.net/cpu_lookup.php?cpu=Intel+Xeon+w5-2545&id=6256,xeonw52545
AMD,GX-212JJ,Prairie Falcon,2,2,1.2,1.6,Socket FP4,28,,6,Jun 2018,2018-06-01,,,,,,https://www.techpowerup.com/cpu-specs/gx-212jj.c3672,,gx212jj
AMD,Ryzen 5 PRO 8500GE,Phoenix2,6,12,3.4,5.0,Socket AM5,4,16,35,Apr 2024,2024-04-01,21484,,,,,https://www.techpowerup.com/cpu-specs/ryzen-5-pro-8500ge.c4128,https://www.cpubenchmark.net/cpu.php?cpu=AMD+Ryzen+5+PRO+8500GE&id=6024,ryzen5pro8500ge
Intel,Atom x7809C,Amston Lake,8,8,2.0,3.6,BGA 1264,10,6,25,Apr 2024,2024-04-01,9409,,1789,80.42,117.0,https://www.techpowerup.com/cpu-specs/atom-x7809c.c3723,https://www.cpubenchmark.net/cpu_lookup.php?cpu=Intel+Atom+x7809C&id=7016,atomx7809c
Intel,Celeron D 326,Prescott,1,1,2.53,,Socket 775,90,,73,Sep 2004,2004-09-01,,,,,,https://www.techpowerup.com/cpu-specs/celeron-d-326.c332,,celerond326
Intel,Core 2 Duo E4700,Allendale,2,2,2.6,,Socket 775,65,,65,Mar 2008,2008-03-01,1021,,4670,37.83,26.99,https://www.techpowerup.com/cpu-specs/core-2-duo-e4700.c522,https://www.cpubenchmark.net/cpu_lookup.php?cpu=Intel+Core2+Duo+E4700+%40+2.60GHz&id=938,core2duoe4700
Intel,Core i3-3225,Ivy Bridge,2,4,3.3,,Socket 1155,22,3,55,Sep 2012,2012-09-01,2286,,3630,19.12,119.54,https://www.techpowerup.com/cpu-specs/core-i3-3225.c1047,https://www.cpubenchmark.net/cpu_lookup.php?cpu=Intel+Core+i3-3225+%40+3.30GHz&id=1474,corei33225
Intel,Core i5-661,Clarkdale,2,4,3.333,3.6,Socket 1156,32,4,87,Jan 2010,2010-01-01,2390,,3564,29.88,80.0,https://www.techpowerup.com/cpu-specs/core-i5-661.c711,https://www.cpubenchmark.net/cpu_lookup.php?cpu=Intel+Core+i5-661+%40+3.33GHz&id=769,corei5661
Intel,Core i7-4700HQ,Crystalwell,4,8,2.4,3.4,BGA 1364,22,6,47,May 2013,2013-05-01,5571,1775,2431,14.55,383.0,https://www.techpowerup.com/cpu-specs/core-i7-4700hq.c1593,https://www.cpubenchmark.net/cpu_lookup.php?cpu=Intel+Core+i7-4700HQ+%40+2.40GHz&id=1949,corei74700hq
Intel,Core i7-920XM,Clarksfield,4,8,2.0,3.2,Socket G1,45,8,55,Sep 2009,2009-09-01,2032,1068,3795,5.09,398.95,https://www.techpowerup.com/cpu-specs/core-i7-920xm.c3207,https://www.cpubenchmark.net/cpu_lookup.php?cpu=Intel+Core+i7-920XM+%40+2.00GHz&id=864,corei7920xm
Intel,Xeon E-2488,Raptor Lake-S,8,16,3.2,5.6,Socket 1700,10,24,95,Dec 2023,2023-12-01,31371,,523,51.77,606.0,https://www.techpowerup.com/cpu-specs/xeon-e-2488.c3483,https://www.cpubenchmark.net/cpu_lookup.php?cpu=Intel+Xeon+E-2488&id=5846,xeone2488
Intel,Xeon E3-1275,Sandy Bridge,4,8,3.4,3.8,Socket 1155,32,8,95,Apr 2011,2011-04-01,5487,,2454,7.33,749.0,https://www.techpowerup.com/cpu-specs/xeon-e3-1275.c816,https://www.cpubenchmark.net/cpu_lookup.php?cpu=Intel+Xeon+E3-1275+%40+3.40GHz&id=1205,xeone31275
Intel,Xeon E5540,Gainestown,4,8,2.533,2.8,Socket 1366,45,8,80,Mar 2009,2009-03-01,2743,,3347,30.84,88.93,https://www.techpowerup.com/cpu-specs/xeon-e5540.c918,https://www.cpubenchmark.net/cpu_lookup.php?cpu=Intel+Xeon+E5540+%40+2.53GHz&id=1245,xeone5540
Intel,Xeon W-2150B,Skylake-W,10,20,3.0,4.5,Socket 2066,14,13,120,Dec 2017,2017-12-01,20409,,999,,,https://www.techpowerup.com/cpu-specs/xeon-w-2150b.c2951,https://www.cpubenchmark.net/cpu_lookup.php?cpu=Intel+Xeon+W-2150B+%40+3.00GHz&id=3162,xeonw2150b
Intel,Atom D2550,Cedarview,2,4,1.867,,BGA 437,32,,10,Nov 2011,2011-11-01,410,,5435,,,https://www.techpowerup.com/cpu-specs/atom-d2550.c1402,https://www.cpubenchmark.net/cpu_lookup.php?cpu=Intel+Atom+D2550+%40+1.86GHz&id=606,atomd2550
Intel,Core i5-2400S,Sandy Bridge,4,4,2.5,3.3,Socket 1155,32,6,65,Jan 2011,2011-01-01,3167,,3139,16.51,191.84,https://www.techpowerup.com/cpu-specs/core-i5-2400s.c735,https://www.cpubenchmark.net/cpu_lookup.php?cpu=Intel+Core+i5-2400S+%40+2.50GHz&id=794,corei52400s
Intel,Core i7-7740X,Kaby Lake-X,4,8,4.3,4.6,Socket 2066,14,8,112,Jun 2017,2017-06-01,9699,,1763,105.22,92.18,https://www.techpowerup.com/cpu-specs/core-i7-7740x.c1866,https://www.cpubenchmark.net/cpu_lookup.php?cpu=Intel+Core+i7-7740X+%40+4.30GHz&id=3041,corei77740x
Intel,Core i9-12900F,Alder Lake-S,16,24,2.4,5.1,Socket 1700,10,30,65,Jan 2022,2022-01-01,35804,,441,89.73,399.0,https://www.techpowerup.com/cpu-specs/core-i9-12900f.c2566,https://www.cpubenchmark.net/cpu_lookup.php?cpu=Intel+Core+i9-12900F&id=4694,corei912900f
Intel,Pentium 4 HT 672,Prescott,1,2,3.8,,Socket 775,90,,84,Nov 2005,2005-11-01,,,,,,https://www.techpowerup.com/cpu-specs/pentium-4-ht-672.c1096,,pentium4ht672
Intel,Pentium G3420,Haswell,2,2,3.2,,Socket 1150,22,3,54,Sep 2013,2013-09-01,2043,,3789,24.04,85.0,https://www.techpowerup.com/cpu-specs/pentium-g3420.c1634,https://www.cpubenchmark.net/cpu_lookup.php?cpu=Intel+Pentium+G3420+%40+3.20GHz&id=2028,pentiumg3420
Intel,Xeon 6325P,Raptor Lake-R,4,8,3.5,5.2,Socket 1700,10,12,55,Feb 2025,2025-02-01,16138,,1280,,,https://www.techpowerup.com/cpu-specs/xeon-6325p.c4088,https://www.cpubenchmark.net/cpu_lookup.php?cpu=Intel+Xeon+6325P&id=6688,xeon6325p
Intel,Xeon E5-1630 v4,Broadwell-EP,4,8,3.7,4.0,Socket 2011-3,14,10,140,Jun 2016,2016-06-01,7605,,2006,,,https://www.techpowerup.com/cpu-specs/xeon-e5-1630-v4.c3173,https://www.cpubenchmark.net/cpu_lookup.php?cpu=Intel+Xeon+E5-1630+v4+%40+3.70GHz&id=2827,xeone51630v4
Intel,Celeron 2.40,Northwood,1,1,2.4,,Socket 478,130,,73,Mar 2003,2003-03-01,,,,,,https://www.techpowerup.com/cpu-specs/celeron-2-40.c309,,celeron240
Intel,Core i5-680,Clarkdale,2,4,3.6,3.866,Socket 1156,32,4,73,Apr 2010,2010-04-01,2639,,3402,8.51,310.17,https://www.techpowerup.com/cpu-specs/core-i5-680.c710,https://www.cpubenchmark.net/cpu_lookup.php?cpu=Intel+Core+i5-680+%40+3.60GHz&id=771,corei5680
Intel,Xeon 634,Granite Rapids,12,24,2.7,4.6,Socket 4710,5,48,150,Feb 2026,2026-02-01,38515,,395,70.15,549.0,https://www.techpowerup.com/cpu-specs/xeon-634.c4336,https://www.cpubenchmark.net/cpu_lookup.php?cpu=Intel+Xeon+634&id=7398,xeon634
Intel,Xeon 6747P,Granite Rapids,48,96,2.7,3.9,Socket 4710,5,288,330,Feb 2025,2025-02-01,101685,,44,15.65,6497.0,https://www.techpowerup.com/cpu-specs/xeon-6747p.c4065,https://www.cpubenchmark.net/cpu_lookup.php?cpu=Intel+Xeon+6747P&id=6707,xeon6747p
AMD,Athlon 64 X2 4400+,Brisbane,2,2,2.3,,Socket AM2,65,,65,Dec 2006,2006-12-01,,,,,,https://www.techpowerup.com/cpu-specs/athlon-64-x2-4400.c428,,athlon64x24400
AMD,EPYC 9646,Venice,96,192,2.8,3.7,Socket SP8,2,256,300,Jul 2026,2026-07-01,,,,,,https://www.techpowerup.com/cpu-specs/epyc-9646.c4546,,epyc9646
AMD,Opteron 6380,Abu Dhabi,16,16,2.5,3.4,Socket G34,32,8,115,Nov 2012,2012-11-01,6687,,,,369.96,https://www.techpowerup.com/cpu-specs/opteron-6380.c1293,https://www.cpubenchmark.net/cpu.php?cpu=AMD+Opteron+6380&id=2498,opteron6380
AMD,Ryzen 9 PRO 8945HS,Hawk Point,8,16,4.0,5.2,Socket FP7,4,16,45,Apr 2024,2024-04-01,30345,3921,,,,https://www.techpowerup.com/cpu-specs/ryzen-9-pro-8945hs.c3569,https://www.cpubenchmark.net/cpu.php?cpu=AMD+Ryzen+9+PRO+8945HS&id=6136,ryzen9pro8945hs
Intel,Core 2 Extreme X9000,Penryn XE,2,2,2.8,,Socket P,45,,44,Jan 2008,2008-01-01,1108,1101,4560,2.7,409.95,https://www.techpowerup.com/cpu-specs/core-2-extreme-x9000.c2742,https://www.cpubenchmark.net/cpu_lookup.php?cpu=Intel+Core2+Extreme+X9000+%40+2.80GHz&id=1029,core2extremex9000
Intel,Pentium 4 HT Extreme Edition 3.73,Prescott,1,2,3.733,,Socket 775,90,,115,Feb 2005,2005-02-01,,,,,,https://www.techpowerup.com/cpu-specs/pentium-4-ht-extreme-edition-3-73.c21,,pentium4htextremeedition373
Intel,Pentium M 780,Dothan,1,1,2.26,,Socket 479,90,,27,Jul 2005,2005-07-01,,,,,,https://www.techpowerup.com/cpu-specs/pentium-m-780.c146,,pentiumm780
Intel,Xeon w9-3495X,Sapphire Rapids,56,112,1.9,4.8,Socket 4677,10,105,350,Feb 2023,2023-02-01,90863,,60,15.43,5889.0,https://www.techpowerup.com/cpu-specs/xeon-w9-3495x.c3106,https://www.cpubenchmark.net/cpu_lookup.php?cpu=Intel+Xeon+w9-3495X&id=5480,xeonw93495x
AMD,EPYC 4344P,Raphael,8,16,3.8,5.3,Socket AM5,5,32,65,May 2024,2024-05-01,33325,,,,527.39,https://www.techpowerup.com/cpu-specs/epyc-4344p.c3608,https://www.cpubenchmark.net/cpu.php?cpu=AMD+EPYC+4344P&id=6071,epyc4344p
AMD,EPYC 9534,Genoa,64,128,2.45,3.7,Socket SP5,5,256,280,Nov 2022,2022-11-01,89492,,,,3625.0,https://www.techpowerup.com/cpu-specs/epyc-9534.c2929,https://www.cpubenchmark.net/cpu.php?cpu=AMD+EPYC+9534&id=5557,epyc9534
AMD,EPYC 9845,Turin,160,320,2.1,3.7,Socket SP5,3,320,390,Oct 2024,2024-10-01,152985,,,,13564.0,https://www.techpowerup.com/cpu-specs/epyc-9845.c3905,https://www.cpubenchmark.net/cpu.php?cpu=AMD+EPYC+9845&id=6418,epyc9845
AMD,EPYC 9966,Venice,196,384,2.9,4.0,Socket SP7,2,768,600,Jul 2026,2026-07-01,,,,,,https://www.techpowerup.com/cpu-specs/epyc-9966.c4533,,epyc9966
AMD,Ryzen 9 PRO 9945,Granite Ridge,12,24,3.4,5.4,Socket AM5,4,64,65,Sep 2025,2025-09-01,48664,,,,,https://www.techpowerup.com/cpu-specs/ryzen-9-pro-9945.c4426,https://www.cpubenchmark.net/cpu.php?cpu=AMD+Ryzen+9+PRO+9945&id=6924,ryzen9pro9945
AMD,Ryzen AI 5 435,Gorgon Point,6,12,2.0,4.5,Socket FP8,4,4,28,Jan 2026,2026-01-01,18879,3648,,,,https://www.techpowerup.com/cpu-specs/ryzen-ai-5-435.c4324,https://www.cpubenchmark.net/cpu.php?cpu=AMD+Ryzen+AI+5+435&id=7216,ryzenai5435
Intel,Celeron 1200,Tualatin,1,1,1.2,,Socket 370,130,,30,Oct 2001,2001-10-01,,,,,,https://www.techpowerup.com/cpu-specs/celeron-1200.c3617,,celeron1200
Intel,Core 7 250H,Raptor Lake-H,14,20,2.5,5.4,BGA 1744,10,24,45,Dec 2024,2024-12-01,26383,4051,719,,,https://www.techpowerup.com/cpu-specs/core-7-250h.c3990,https://www.cpubenchmark.net/cpu_lookup.php?cpu=Intel+Core+7+250H&id=6531,core7250h
Intel,Xeon Platinum 8260,Cascade Lake-SP,24,48,2.4,3.9,Socket 3647,14,35,165,Dec 2018,2018-12-01,30162,,564,18.39,1640.0,https://www.techpowerup.com/cpu-specs/xeon-platinum-8260.c2179,https://www.cpubenchmark.net/cpu_lookup.php?cpu=Intel+Xeon+Platinum+8260+%40+2.40GHz&id=3561,xeonplatinum8260
AMD,Athlon II X4 635,Propus,4,4,2.9,,Socket AM3,45,,95,Jan 2010,2010-01-01,,,,,,https://www.techpowerup.com/cpu-specs/athlon-ii-x4-635.c785,,athloniix4635
AMD,Ryzen Embedded R2312,Picasso,2,4,2.7,3.5,Socket FP5,12,4,15,Jun 2022,2022-06-01,3616,,,,,https://www.techpowerup.com/cpu-specs/ryzen-embedded-r2312.c3320,https://www.cpubenchmark.net/cpu.php?cpu=AMD+Ryzen+Embedded+R2312&id=4897,ryzenembeddedr2312
Intel,Celeron G1620,Ivy Bridge,2,2,2.7,,Socket 1155,22,2,55,Dec 2012,2012-12-01,1596,,4128,32.58,49.0,https://www.techpowerup.com/cpu-specs/celeron-g1620.c1483,https://www.cpubenchmark.net/cpu_lookup.php?cpu=Intel+Celeron+G1620+%40+2.70GHz&id=1848,celerong1620
Intel,Core i5-1250P,Alder Lake-P,12,16,1.7,4.4,BGA 1744,10,12,28,Feb 2022,2022-02-01,17968,3332,1164,,,https://www.techpowerup.com/cpu-specs/core-i5-1250p.c2582,https://www.cpubenchmark.net/cpu_lookup.php?cpu=Intel+Core+i5-1250P&id=4719,corei51250p
Intel,Core i5-3317U,Ivy Bridge,2,4,1.7,2.6,BGA 1023,22,3,17,Jun 2012,2012-06-01,2003,1235,3820,8.9,225.0,https://www.techpowerup.com/cpu-specs/core-i5-3317u.c1074,https://www.cpubenchmark.net/cpu_lookup.php?cpu=Intel+Core+i5-3317U+%40+1.70GHz&id=816,corei53317u
Intel,Core i9-11980HK,Tiger Lake-H,8,16,2.6,5.0,BGA 1787,10,24,45,May 2021,2021-05-01,21878,3209,918,37.53,583.0,https://www.techpowerup.com/cpu-specs/core-i9-11980hk.c2474,https://www.cpubenchmark.net/cpu_lookup.php?cpu=Intel+Core+i9-11980HK+%40+2.60GHz&id=4355,corei911980hk
Intel,Pentium 4 HT 670,Prescott,1,2,3.8,,Socket 775,90,,84,May 2005,2005-05-01,,,,,,https://www.techpowerup.com/cpu-specs/pentium-4-ht-670.c20,,pentium4ht670
Intel,Pentium B940,Sandy Bridge,2,2,2.0,,Socket G2 (988B),32,2,35,Jun 2011,2011-06-01,901,865,4805,10.02,89.95,https://www.techpowerup.com/cpu-specs/pentium-b940.c1313,https://www.cpubenchmark.net/cpu_lookup.php?cpu=Intel+Pentium+B940+%40+2.00GHz&id=1093,pentiumb940
Intel,Pentium P6000,Arrandale,2,2,1.877,,Socket G1,32,3,35,Jun 2010,2010-06-01,844,745,4876,,,https://www.techpowerup.com/cpu-specs/pentium-p6000.c1356,https://www.cpubenchmark.net/cpu_lookup.php?cpu=Intel+Pentium+P6000+%40+1.87GHz&id=1118,pentiump6000
Intel,Xeon E5-2692 v2,Ivy Bridge-EP,12,24,2.2,3.0,Socket 2011,22,30,100,Sep 2013,2013-09-01,12119,,1569,,,https://www.techpowerup.com/cpu-specs/xeon-e5-2692-v2.c1669,https://www.cpubenchmark.net/cpu_lookup.php?cpu=Intel+Xeon+E5-2692+v2+%40+2.20GHz&id=2761,xeone52692v2
Intel,Xeon Silver 4310,Ice Lake-SP,12,24,2.1,3.3,Socket 4189,10,18,120,Apr 2021,2021-04-01,19646,,1051,32.15,611.12,https://www.techpowerup.com/cpu-specs/xeon-silver-4310.c2454,https://www.cpubenchmark.net/cpu_lookup.php?cpu=Intel+Xeon+Silver+4310+%40+2.10GHz&id=4322,xeonsilver4310
AMD,Ryzen 5 7535H,Rembrandt-R,6,12,3.3,4.55,Socket FP7,6,16,35,Jan 2023,2023-01-01,14065,2114,,,,https://www.techpowerup.com/cpu-specs/ryzen-5-7535h.c3188,https://www.cpubenchmark.net/cpu.php?cpu=AMD+Ryzen+5+7535H&id=6839,ryzen57535h
Intel,Core i5-9500F,Coffee Lake,6,6,3.0,4.4,Socket 1151,14,9,65,Apr 2019,2019-04-01,9964,,1731,106.56,93.51,https://www.techpowerup.com/cpu-specs/core-i5-9500f.c2185,https://www.cpubenchmark.net/cpu_lookup.php?cpu=Intel+Core+i5-9500F+%40+3.00GHz&id=3511,corei59500f
Intel,Xeon E-2278G,Coffee Lake-S WS,8,16,3.4,5.0,Socket 1151,14,16,95,May 2019,2019-05-01,15885,,1298,32.16,494.0,https://www.techpowerup.com/cpu-specs/xeon-e-2278g.c3537,https://www.cpubenchmark.net/cpu_lookup.php?cpu=Intel+Xeon+E-2278G+%40+3.40GHz&id=3606,xeone2278g
Intel,Atom x7835RE,Amston Lake,8,8,1.3,3.6,BGA 1264,10,6,12,Apr 2024,2024-04-01,7391,,2043,58.2,127.0,https://www.techpowerup.com/cpu-specs/atom-x7835re.c3722,https://www.cpubenchmark.net/cpu_lookup.php?cpu=Intel+Atom+x7835RE&id=6085,atomx7835re
Intel,Core i3-5010U,Broadwell-U,2,4,2.1,,BGA 1168,14,3,15,Mar 2015,2015-03-01,2142,1198,3725,7.14,299.86,https://www.techpowerup.com/cpu-specs/core-i3-5010u.c1802,https://www.cpubenchmark.net/cpu_lookup.php?cpu=Intel+Core+i3-5010U+%40+2.10GHz&id=2467,corei35010u
Intel,Core i3-6300,Skylake,2,4,3.8,,Socket 1151,14,4,51,Sep 2015,2015-09-01,4335,,2721,49.74,87.15,https://www.techpowerup.com/cpu-specs/core-i3-6300.c1835,https://www.cpubenchmark.net/cpu_lookup.php?cpu=Intel+Core+i3-6300+%40+3.80GHz&id=2621,corei36300
Intel,Core i5-3210M,Ivy Bridge,2,4,2.5,3.1,Socket G2 (988B),22,3,35,Jun 2012,2012-06-01,2463,1514,3512,47.34,52.02,https://www.techpowerup.com/cpu-specs/core-i5-3210m.c1064,https://www.cpubenchmark.net/cpu_lookup.php?cpu=Intel+Core+i5-3210M+%40+2.50GHz&id=815,corei53210m
Intel,Core i7-10710U,Comet Lake-U,6,12,1.1,4.7,BGA 1440,14,12,25,Aug 2019,2019-08-01,9136,2260,1821,14.16,644.99,https://www.techpowerup.com/cpu-specs/core-i7-10710u.c2237,https://www.cpubenchmark.net/cpu_lookup.php?cpu=Intel+Core+i7-10710U+%40+1.10GHz&id=3567,corei710710u
Intel,Pentium 4 1.3,Willamette,1,1,1.3,,Socket 478,180,,52,Jan 2001,2001-01-01,,,,,,https://www.techpowerup.com/cpu-specs/pentium-4-1-3.c1269,,pentium413
Intel,Pentium 4 HT 3.20,Northwood,1,2,3.2,,Socket 478,130,,82,Jun 2003,2003-06-01,,,,,,https://www.techpowerup.com/cpu-specs/pentium-4-ht-3-20.c270,,pentium4ht320
Intel,Xeon 6521P,Granite Rapids,24,48,2.6,4.1,Socket 4710,5,144,225,Feb 2025,2025-02-01,66657,,138,53.33,1250.0,https://www.techpowerup.com/cpu-specs/xeon-6521p.c4057,https://www.cpubenchmark.net/cpu_lookup.php?cpu=Intel+Xeon+6521P&id=6625,xeon6521p
Intel,Xeon E-2286M,Coffee Lake-H,8,16,2.4,5.0,BGA 1440,14,16,45,May 2019,2019-05-01,15099,2694,1342,11.0,1373.18,https://www.techpowerup.com/cpu-specs/xeon-e-2286m.c3548,https://www.cpubenchmark.net/cpu_lookup.php?cpu=Intel+Xeon+E-2286M+%40+2.40GHz&id=3491,xeone2286m
Intel,Xeon E5410,Harpertown,4,4,2.333,,Socket 771,45,,80,Nov 2007,2007-11-01,2032,,3796,190.06,10.69,https://www.techpowerup.com/cpu-specs/xeon-e5410.c4149,https://www.cpubenchmark.net/cpu_lookup.php?cpu=Intel+Xeon+E5410+%40+2.33GHz&id=1232,xeone5410
AMD,Athlon XP 2000+,Thoroughbred,1,1,1.667,,Socket A,130,,60,Jun 2002,2002-06-01,,,,,,https://www.techpowerup.com/cpu-specs/athlon-xp-2000.c108,,athlonxp2000
AMD,EPYC 9455,Turin,48,96,3.15,4.4,Socket SP5,4,256,300,Oct 2024,2024-10-01,,,,,,https://www.techpowerup.com/cpu-specs/epyc-9455.c3890,,epyc9455
AMD,EPYC 9475F,Turin,48,96,3.65,4.8,Socket SP5,4,256,400,Oct 2024,2024-10-01,122476,,,,5950.0,https://www.techpowerup.com/cpu-specs/epyc-9475f.c3889,https://www.cpubenchmark.net/cpu.php?cpu=AMD+EPYC+9475F&id=6743,epyc9475f
AMD,PRO A10-8850B,Godaveri,4,4,3.9,4.1,Socket FM2+,28,,95,Sep 2015,2015-09-01,3752,,,,,https://www.techpowerup.com/cpu-specs/pro-a10-8850b.c2605,https://www.cpubenchmark.net/cpu.php?cpu=AMD+PRO+A10-8850B&id=2694,proa108850b
AMD,Ryzen 5 4680U,Renoir,6,12,2.2,4.0,Socket FP6,7,8,15,Apr 2021,2021-04-01,,,,,,https://www.techpowerup.com/cpu-specs/ryzen-5-4680u.c4043,,ryzen54680u
AMD,Ryzen 7 PRO 7730U,Barcelo-R,8,16,2.0,4.5,Socket FP6,7,16,15,Jan 2023,2023-01-01,17847,2952,,,,https://www.techpowerup.com/cpu-specs/ryzen-7-pro-7730u.c3275,https://www.cpubenchmark.net/cpu.php?cpu=AMD+Ryzen+7+PRO+7730U&id=5078,ryzen7pro7730u
Intel,Celeron 1000M,Ivy Bridge,2,2,1.8,,Socket G2 (988B),22,2,35,Jan 2013,2013-01-01,1058,964,4628,,,https://www.techpowerup.com/cpu-specs/celeron-1000m.c1589,https://www.cpubenchmark.net/cpu_lookup.php?cpu=Intel+Celeron+1000M+%40+1.80GHz&id=1866,celeron1000m
Intel,Celeron B815,Sandy Bridge,2,2,1.6,,Socket G2 (988B),32,2,35,Jan 2012,2012-01-01,754,709,4995,27.93,26.99,https://www.techpowerup.com/cpu-specs/celeron-b815.c1327,https://www.cpubenchmark.net/cpu_lookup.php?cpu=Intel+Celeron+B815+%40+1.60GHz&id=670,celeronb815
Intel,Core i3-4330,Haswell,2,4,3.5,,Socket 1150,22,4,54,Sep 2013,2013-09-01,3470,,3000,66.83,51.93,https://www.techpowerup.com/cpu-specs/core-i3-4330.c1629,https://www.cpubenchmark.net/cpu_lookup.php?cpu=Intel+Core+i3-4330+%40+3.50GHz&id=2025,corei34330
Intel,Core i7-4800MQ,Haswell,4,8,2.7,3.7,Socket G3,22,6,47,Apr 2013,2013-04-01,5783,1921,2372,41.9,138.02,https://www.techpowerup.com/cpu-specs/core-i7-4800mq.c1462,https://www.cpubenchmark.net/cpu_lookup.php?cpu=Intel+Core+i7-4800MQ+%40+2.70GHz&id=1927,corei74800mq
Intel,Pentium D 960,Presler,2,2,3.6,,Socket 775,65,,130,Apr 2006,2006-04-01,822,,4900,,,https://www.techpowerup.com/cpu-specs/pentium-d-960.c1110,https://www.cpubenchmark.net/cpu_lookup.php?cpu=Intel+Pentium+D+960+%40+3.60GHz&id=1131,pentiumd960
Intel,Pentium III  800,Coppermine T,1,1,0.8,,Socket 370,180,,38,Jun 2001,2001-06-01,,,,,,https://www.techpowerup.com/cpu-specs/pentium-iii-800.c1289,,pentiumiii800
Intel,Xeon E5-2695 v3,Haswell-EP,14,28,2.3,3.3,Socket 2011-3,22,35,120,Sep 2014,2014-09-01,16546,,1256,48.67,339.95,https://www.techpowerup.com/cpu-specs/xeon-e5-2695-v3.c2894,https://www.cpubenchmark.net/cpu_lookup.php?cpu=Intel+Xeon+E5-2695+v3+%40+2.30GHz&id=2371,xeone52695v3
Intel,Xeon W-1390P,Rocket Lake-S,8,16,3.5,5.3,Socket 1200,14,16,125,May 2021,2021-05-01,24774,,781,,,https://www.techpowerup.com/cpu-specs/xeon-w-1390p.c3554,https://www.cpubenchmark.net/cpu_lookup.php?cpu=Intel+Xeon+W-1390P+%40+3.50GHz&id=4531,xeonw1390p
Intel,Xeon X5660,Westmere-EP,6,12,2.8,3.2,Socket 1366,32,12,95,Mar 2010,2010-03-01,6002,,2334,601.35,9.98,https://www.techpowerup.com/cpu-specs/xeon-x5660.c947,https://www.cpubenchmark.net/cpu_lookup.php?cpu=Intel+Xeon+X5660+%40+2.80GHz&id=1305,xeonx5660
AMD,Athlon II X4 620,Propus,4,4,2.6,,Socket AM3,45,,95,Sep 2009,2009-09-01,,,,,,https://www.techpowerup.com/cpu-specs/athlon-ii-x4-620.c783,,athloniix4620
Intel,Core i5-14400T,Raptor Lake-R,10,16,1.5,4.5,Socket 1700,10,20,35,Jan 2024,2024-01-01,20358,,1001,92.12,221.0,https://www.techpowerup.com/cpu-specs/core-i5-14400t.c3453,https://www.cpubenchmark.net/cpu_lookup.php?cpu=Intel+Core+i5-14400T&id=6039,corei514400t
Intel,Xeon Gold 6542Y,Emerald Rapids,24,48,2.9,4.1,Socket 4677,10,60,250,Dec 2023,2023-12-01,60144,,182,17.44,3449.3,https://www.techpowerup.com/cpu-specs/xeon-gold-6542y.c3421,https://www.cpubenchmark.net/cpu_lookup.php?cpu=Intel+Xeon+Gold+6542Y&id=6252,xeongold6542y
AMD,Athlon 64 X2 4000+,Brisbane,2,2,2.1,,Socket AM2,65,,65,Dec 2006,2006-12-01,,,,,,https://www.techpowerup.com/cpu-specs/athlon-64-x2-4000.c429,,athlon64x24000
AMD,Athlon 64 X2 6000+,Brisbane,2,2,3.1,,Socket AM2,65,,89,Aug 2007,2007-08-01,,,,,,https://www.techpowerup.com/cpu-specs/athlon-64-x2-6000.c483,,athlon64x26000
Intel,Core i9-10885H,Comet Lake-H,8,16,2.4,5.3,BGA 1440,14,16,45,Apr 2020,2020-04-01,14204,2665,1403,25.55,556.0,https://www.techpowerup.com/cpu-specs/core-i9-10885h.c2356,https://www.cpubenchmark.net/cpu_lookup.php?cpu=Intel+Core+i9-10885H+%40+2.40GHz&id=3782,corei910885h
Intel,Pentium 4 2.0,Willamette,1,1,2.0,,Socket 478,180,,72,Aug 2001,2001-08-01,,,,,,https://www.techpowerup.com/cpu-specs/pentium-4-2-0.c1275,,pentium420
Intel,Xeon E-2224G,Coffee Lake-S WS,4,4,3.5,4.7,Socket 1151,14,8,71,May 2019,2019-05-01,7539,,2016,28.13,268.02,https://www.techpowerup.com/cpu-specs/xeon-e-2224g.c3543,https://www.cpubenchmark.net/cpu_lookup.php?cpu=Intel+Xeon+E-2224G+%40+3.50GHz&id=3490,xeone2224g
Intel,Xeon E-2314,Rocket Lake-E,4,4,2.8,4.5,Socket 1200,14,8,65,Sep 2021,2021-09-01,7776,,1978,24.6,316.15,https://www.techpowerup.com/cpu-specs/xeon-e-2314.c2501,https://www.cpubenchmark.net/cpu_lookup.php?cpu=Intel+Xeon+E-2314+%40+2.80GHz&id=4676,xeone2314
Intel,Xeon W-1290P,Comet Lake,10,20,3.7,5.3,Socket 1200,10,20,125,May 2020,2020-05-01,22363,,890,34.44,649.4,https://www.techpowerup.com/cpu-specs/xeon-w-1290p.c2839,https://www.cpubenchmark.net/cpu_lookup.php?cpu=Intel+Xeon+W-1290P+%40+3.70GHz&id=3831,xeonw1290p
AMD,A6-3420M,Llano,4,4,1.5,2.4,Socket FS1,32,,35,Dec 2011,2011-12-01,,,,,,https://www.techpowerup.com/cpu-specs/a6-3420m.c892,,a63420m
AMD,A6-3620,Llano,4,4,2.2,2.5,Socket FM1,32,,65,Dec 2011,2011-12-01,,,,,,https://www.techpowerup.com/cpu-specs/a6-3620.c881,,a63620
AMD,Ryzen 5 PRO 9655,Granite Ridge,6,12,3.9,5.4,Socket AM5,4,32,120,Jun 2026,2026-06-01,31751,,,,,https://www.techpowerup.com/cpu-specs/ryzen-5-pro-9655.c4430,https://www.cpubenchmark.net/cpu.php?cpu=AMD+Ryzen+5+PRO+9655&id=7392,ryzen5pro9655
AMD,Ryzen Embedded V3C14,Rembrandt,4,8,2.3,3.8,Socket FP7,6,8,15,Sep 2022,2022-09-01,11812,,,,,https://www.techpowerup.com/cpu-specs/ryzen-embedded-v3c14.c3315,https://www.cpubenchmark.net/cpu.php?cpu=AMD+Ryzen+Embedded+V3C14&id=6454,ryzenembeddedv3c14
Intel,Core i5-580M,Arrandale,2,4,2.667,3.333,Socket G1,32,3,35,Sep 2010,2010-09-01,1997,1311,3824,19.98,99.95,https://www.techpowerup.com/cpu-specs/core-i5-580m.c1870,https://www.cpubenchmark.net/cpu_lookup.php?cpu=Intel+Core+i5-580M+%40+2.67GHz&id=781,corei5580m
Intel,Xeon Platinum 8490H,Sapphire Rapids,60,120,1.9,3.5,Socket 4677,10,112,350,Jan 2023,2023-01-01,,,,,,https://www.techpowerup.com/cpu-specs/xeon-platinum-8490h.c2942,,xeonplatinum8490h
Intel,Xeon W-2155,Skylake-W,10,20,3.3,4.5,Socket 2066,14,13,140,Aug 2017,2017-08-01,20615,,986,13.47,1530.39,https://www.techpowerup.com/cpu-specs/xeon-w-2155.c2945,https://www.cpubenchmark.net/cpu_lookup.php?cpu=Intel+Xeon+W-2155+%40+3.30GHz&id=3178,xeonw2155
AMD,A8-5545M,Richland,4,4,1.7,2.7,Socket FP2,32,,25,Jun 2013,2013-06-01,,,,,,https://www.techpowerup.com/cpu-specs/a8-5545m.c1622,,a85545m
AMD,EPYC 4245P,Grado,6,12,3.9,5.4,Socket AM5,4,32,65,May 2025,2025-05-01,30900,,,,288.98,https://www.techpowerup.com/cpu-specs/epyc-4245p.c4177,https://www.cpubenchmark.net/cpu.php?cpu=AMD+EPYC+4245P&id=6711,epyc4245p
AMD,EPYC 7301,Naples,16,32,2.2,2.7,Socket SP3,14,64,170,Jun 2017,2017-06-01,14991,,,,1450.0,https://www.techpowerup.com/cpu-specs/epyc-7301.c1926,https://www.cpubenchmark.net/cpu.php?cpu=AMD+EPYC+7301&id=3427,epyc7301
AMD,Ryzen 3 8300GE,Phoenix2,4,8,3.5,4.9,Socket AM5,4,8,35,Apr 2024,2024-04-01,13507,,,,,https://www.techpowerup.com/cpu-specs/ryzen-3-8300ge.c4131,https://www.cpubenchmark.net/cpu.php?cpu=AMD+Ryzen+3+8300GE&id=6165,ryzen38300ge
AMD,Ryzen 9 PRO 9965,Granite Ridge,16,32,4.3,5.5,Socket AM5,4,64,170,Jun 2026,2026-06-01,65320,,,,,https://www.techpowerup.com/cpu-specs/ryzen-9-pro-9965.c4424,https://www.cpubenchmark.net/cpu.php?cpu=AMD+Ryzen+9+PRO+9965&id=7395,ryzen9pro9965
Intel,Atom x7835FE,Amston Lake,8,8,1.3,3.6,BGA 1264,10,6,12,Oct 2025,2025-10-01,,,,,,https://www.techpowerup.com/cpu-specs/atom-x7835fe.c4266,,atomx7835fe
Intel,Celeron G4930,Coffee Lake,2,2,3.2,,Socket 1151,14,2,54,Apr 2019,2019-04-01,2517,,3480,110.49,22.78,https://www.techpowerup.com/cpu-specs/celeron-g4930.c4460,https://www.cpubenchmark.net/cpu_lookup.php?cpu=Intel+Celeron+G4930+%40+3.20GHz&id=3557,celerong4930
Intel,Core 2 Duo E8800,Wolfdale,2,2,3.667,,Socket 775,45,,65,Unreleased,,,,,,,https://www.techpowerup.com/cpu-specs/core-2-duo-e8800.c4228,,core2duoe8800
Intel,Core i3-13100T,Raptor Lake-S,4,8,2.5,4.2,Socket 1700,10,12,35,Jan 2023,2023-01-01,12738,,1526,95.06,134.0,https://www.techpowerup.com/cpu-specs/core-i3-13100t.c3000,https://www.cpubenchmark.net/cpu_lookup.php?cpu=Intel+Core+i3-13100T&id=5295,corei313100t
Intel,Pentium Silver J5040,Gemini Lake,4,4,2.0,3.2,BGA 1090,14,,10,Nov 2019,2019-11-01,3211,,3117,,,https://www.techpowerup.com/cpu-specs/pentium-silver-j5040.c3278,https://www.cpubenchmark.net/cpu_lookup.php?cpu=Intel+Pentium+Silver+J5040+%40+2.00GHz&id=3665,pentiumsilverj5040
AMD,EPYC 9116,Venice,16,32,2.85,4.5,Socket SP8,2,48,160,Jul 2026,2026-07-01,,,,,,https://www.techpowerup.com/cpu-specs/epyc-9116.c4561,,epyc9116
AMD,Opteron 4386,Seoul,8,8,3.1,3.8,Socket C32,32,8,95,Dec 2012,2012-12-01,,,,,,https://www.techpowerup.com/cpu-specs/opteron-4386.c1563,,opteron4386
Intel,Atom x7433RE,Amston Lake,4,4,1.5,3.4,BGA 1264,10,6,9,Apr 2024,2024-04-01,4280,,2732,,,https://www.techpowerup.com/cpu-specs/atom-x7433re.c3721,https://www.cpubenchmark.net/cpu_lookup.php?cpu=Intel+Atom+x7433RE&id=6288,atomx7433re
Intel,Core 9 273PTE,Bartlett Lake,12,24,1.4,5.5,Socket 1700,10,36,45,Mar 2026,2026-03-01,24054,,813,43.81,549.0,https://www.techpowerup.com/cpu-specs/core-9-273pte.c4392,https://www.cpubenchmark.net/cpu_lookup.php?cpu=Intel+Core+9+273PTE&id=7259,core9273pte
Intel,Core i7-13800H,Raptor Lake-H,14,20,2.5,5.2,BGA 1744,10,24,45,Jan 2023,2023-01-01,26014,3504,730,56.92,457.0,https://www.techpowerup.com/cpu-specs/core-i7-13800h.c3050,https://www.cpubenchmark.net/cpu_lookup.php?cpu=Intel+Core+i7-13800H&id=5246,corei713800h
Intel,Core i7-2600S,Sandy Bridge,4,8,2.8,3.8,Socket 1155,32,8,65,Jan 2011,2011-01-01,4629,,2649,31.07,149.0,https://www.techpowerup.com/cpu-specs/core-i7-2600s.c728,https://www.cpubenchmark.net/cpu_lookup.php?cpu=Intel+Core+i7-2600S+%40+2.80GHz&id=869,corei72600s
Intel,Xeon E3-1265L v3,Haswell-WS,4,8,2.5,3.7,Socket 1150,22,8,45,Jun 2013,2013-06-01,6171,,2290,15.47,398.95,https://www.techpowerup.com/cpu-specs/xeon-e3-1265l-v3.c1644,https://www.cpubenchmark.net/cpu_lookup.php?cpu=Intel+Xeon+E3-1265L+v3+%40+2.50GHz&id=2088,xeone31265lv3
Intel,Xeon E5-2683 v3,Haswell-EP,14,28,2.0,3.0,Socket 2011-3,22,35,120,Sep 2014,2014-09-01,14693,,1372,77.35,189.95,https://www.techpowerup.com/cpu-specs/xeon-e5-2683-v3.c2893,https://www.cpubenchmark.net/cpu_lookup.php?cpu=Intel+Xeon+E5-2683+v3+%40+2.00GHz&id=2491,xeone52683v3
AMD,EPYC 4464P,Raphael,12,24,3.7,5.4,Socket AM5,5,64,65,May 2024,2024-05-01,47330,,,,469.0,https://www.techpowerup.com/cpu-specs/epyc-4464p.c3612,https://www.cpubenchmark.net/cpu.php?cpu=AMD+EPYC+4464P&id=6073,epyc4464p
AMD,Ryzen AI Embedded X199,Strix Halo,16,32,3.0,5.1,Socket FP11,4,64,55,Jul 2026,2026-07-01,,,,,,https://www.techpowerup.com/cpu-specs/ryzen-ai-embedded-x199.c4510,,ryzenaiembeddedx199
Intel,Celeron B830,Sandy Bridge,2,2,1.8,,Socket G2 (988B),32,2,35,Sep 2012,2012-09-01,870,818,4850,17.41,49.99,https://www.techpowerup.com/cpu-specs/celeron-b830.c1329,https://www.cpubenchmark.net/cpu_lookup.php?cpu=Intel+Celeron+B830+%40+1.80GHz&id=1803,celeronb830
Intel,Core i3-12100T,Alder Lake-S,4,8,2.2,4.1,Socket 1700,10,12,35,Jan 2022,2022-01-01,12349,,1554,101.22,122.0,https://www.techpowerup.com/cpu-specs/core-i3-12100t.c2544,https://www.cpubenchmark.net/cpu_lookup.php?cpu=Intel+Core+i3-12100T&id=4802,corei312100t
Intel,Core i5-11260H,Tiger Lake-H,6,12,2.1,4.4,BGA 1787,10,12,35,May 2021,2021-05-01,15117,2883,1339,60.47,250.0,https://www.techpowerup.com/cpu-specs/core-i5-11260h.c2478,https://www.cpubenchmark.net/cpu_lookup.php?cpu=Intel+Core+i5-11260H+%40+2.60GHz&id=4477,corei511260h
Intel,Pentium E6300,Wolfdale,2,2,2.8,,Socket 775,45,,65,May 2009,2009-05-01,1038,,4645,19.61,52.93,https://www.techpowerup.com/cpu-specs/pentium-e6300.c863,https://www.cpubenchmark.net/cpu_lookup.php?cpu=Intel+Pentium+E6300+%40+2.80GHz&id=1103,pentiume6300
Intel,Xeon Platinum 8268,Cascade Lake-SP,24,48,2.9,3.9,Socket 3647,14,35,205,Dec 2018,2018-12-01,33823,,474,5.63,6005.98,https://www.techpowerup.com/cpu-specs/xeon-platinum-8268.c2177,https://www.cpubenchmark.net/cpu_lookup.php?cpu=Intel+Xeon+Platinum+8268+%40+2.90GHz&id=3472,xeonplatinum8268
AMD,Athlon 64 X2 4600+,Windsor,2,2,2.4,,Socket AM2,90,,89,May 2006,2006-05-01,,,,,,https://www.techpowerup.com/cpu-specs/athlon-64-x2-4600.c349,,athlon64x24600
AMD,EPYC Embedded 3251,Zen,8,16,2.5,3.1,BGA SP4r2,14,16,55,Feb 2018,2018-02-01,,,,,,https://www.techpowerup.com/cpu-specs/epyc-embedded-3251.c2009,,epycembedded3251
AMD,PRO A6-9500,Bristol Ridge,2,2,3.5,3.8,Socket AM4,28,,65,Oct 2016,2016-10-01,,,,,,https://www.techpowerup.com/cpu-specs/pro-a6-9500.c2624,,proa69500
AMD,Ryzen AI 7 PRO 450GE,Gorgon Point,8,16,2.0,5.1,Socket AM5,4,8,35,Mar 2026,2026-03-01,,,,,,https://www.techpowerup.com/cpu-specs/ryzen-ai-7-pro-450ge.c4351,,ryzenai7pro450ge
Intel,Core i5-8259U,Coffee Lake-U,4,8,2.3,3.8,BGA 1526,14,6,28,Apr 2018,2018-04-01,7780,2168,1977,14.96,519.99,https://www.techpowerup.com/cpu-specs/core-i5-8259u.c2024,https://www.cpubenchmark.net/cpu_lookup.php?cpu=Intel+Core+i5-8259U+%40+2.30GHz&id=3299,corei58259u
Intel,Core i7-4785T,Haswell,4,8,2.2,3.2,Socket 1150,22,8,35,Jun 2013,2013-06-01,5485,,2456,,,https://www.techpowerup.com/cpu-specs/core-i7-4785t.c2697,https://www.cpubenchmark.net/cpu_lookup.php?cpu=Intel+Core+i7-4785T+%40+2.20GHz&id=2260,corei74785t
Intel,Core i7-4790T,Haswell,4,8,2.7,3.9,Socket 1150,22,8,45,May 2014,2014-05-01,6328,,2262,25.32,249.88,https://www.techpowerup.com/cpu-specs/core-i7-4790t.c3500,https://www.cpubenchmark.net/cpu_lookup.php?cpu=Intel+Core+i7-4790T+%40+2.70GHz&id=2253,corei74790t
Qualcomm,Snapdragon X2P-64-100,Glymur,10,10,4.032,,Qualcomm BGA 2620,3,6,,Apr 2026,2026-04-01,,,,,,https://www.techpowerup.com/cpu-specs/snapdragon-x2p-64-100.c4566,,snapdragonx2p64100
Intel,Core i7-11390H,Tiger Lake-H,4,8,2.9,5.0,BGA 1449,10,12,28,Jun 2021,2021-06-01,9688,2798,1764,22.74,426.0,https://www.techpowerup.com/cpu-specs/core-i7-11390h.c2835,https://www.cpubenchmark.net/cpu_lookup.php?cpu=Intel+Core+i7-11390H+%40+3.40GHz&id=4619,corei711390h
Intel,Pentium 4 HT Extreme Edition 3.20,Gallatin,1,2,3.2,,Socket 478,130,2,92,Nov 2003,2003-11-01,,,,,,https://www.techpowerup.com/cpu-specs/pentium-4-ht-extreme-edition-3-20.c306,,pentium4htextremeedition320
Intel,Xeon 6745P,Granite Rapids,32,64,3.1,4.3,Socket 4710,5,336,300,Feb 2025,2025-02-01,84210,,72,16.04,5250.0,https://www.techpowerup.com/cpu-specs/xeon-6745p.c4066,https://www.cpubenchmark.net/cpu_lookup.php?cpu=Intel+Xeon+6745P&id=7152,xeon6745p
Intel,Xeon E-2244G,Coffee Lake-S WS,4,8,3.8,4.8,Socket 1151,14,8,71,May 2019,2019-05-01,9560,,1776,28.56,334.73,https://www.techpowerup.com/cpu-specs/xeon-e-2244g.c3539,https://www.cpubenchmark.net/cpu_lookup.php?cpu=Intel+Xeon+E-2244G+%40+3.80GHz&id=3580,xeone2244g
Intel,Xeon E3-1285 v3,Haswell-WS,4,8,3.6,4.0,Socket 1150,22,8,84,Jun 2013,2013-06-01,7211,,2074,,,https://www.techpowerup.com/cpu-specs/xeon-e3-1285-v3.c1550,https://www.cpubenchmark.net/cpu_lookup.php?cpu=Intel+Xeon+E3-1285+v3+%40+3.60GHz&id=2894,xeone31285v3
Intel,Xeon Platinum 8358,Ice Lake-SP,32,64,2.6,3.4,Socket 4189,10,48,250,Apr 2021,2021-04-01,54416,,233,12.66,4298.95,https://www.techpowerup.com/cpu-specs/xeon-platinum-8358.c2424,https://www.cpubenchmark.net/cpu_lookup.php?cpu=Intel+Xeon+Platinum+8358+%40+2.60GHz&id=4493,xeonplatinum8358
AMD,EPYC 9336,Venice,32,64,3.15,3.7,Socket SP8,2,128,195,Jul 2026,2026-07-01,,,,,,https://www.techpowerup.com/cpu-specs/epyc-9336.c4557,,epyc9336
Intel,Xeon E-2134,Coffee Lake-S WS,4,8,3.5,4.5,Socket 1151,14,8,71,Jul 2018,2018-07-01,9434,,1786,13.53,697.0,https://www.techpowerup.com/cpu-specs/xeon-e-2134.c3527,https://www.cpubenchmark.net/cpu_lookup.php?cpu=Intel+Xeon+E-2134+%40+3.50GHz&id=3391,xeone2134
Intel,Xeon Platinum 8570,Emerald Rapids,56,112,2.1,4.0,Socket 4677,10,300,350,Dec 2023,2023-12-01,93722,,55,9.77,9595.0,https://www.techpowerup.com/cpu-specs/xeon-platinum-8570.c3410,https://www.cpubenchmark.net/cpu_lookup.php?cpu=Intel+Xeon+Platinum+8570&id=6257,xeonplatinum8570
AMD,EPYC 7281,Naples,16,32,2.1,2.7,Socket SP3,14,32,170,Jun 2017,2017-06-01,21653,,,,349.95,https://www.techpowerup.com/cpu-specs/epyc-7281.c1927,https://www.cpubenchmark.net/cpu.php?cpu=AMD+EPYC+7281&id=3130,epyc7281
Intel,Celeron G465,Sandy Bridge,1,1,1.9,,Socket 1155,32,1,35,Sep 2012,2012-09-01,559,,5256,15.12,36.98,https://www.techpowerup.com/cpu-specs/celeron-g465.c1341,https://www.cpubenchmark.net/cpu_lookup.php?cpu=Intel+Celeron+G465+%40+1.90GHz&id=1804,celerong465
Intel,Core i3-3210,Ivy Bridge,2,4,3.2,,Socket 1155,22,3,55,Jan 2013,2013-01-01,2229,,3672,14.02,159.0,https://www.techpowerup.com/cpu-specs/core-i3-3210.c1505,https://www.cpubenchmark.net/cpu_lookup.php?cpu=Intel+Core+i3-3210+%40+3.20GHz&id=1865,corei33210
Intel,Core i5-13400T,Raptor Lake-S,10,16,1.3,4.4,Socket 1700,10,20,35,Jan 2023,2023-01-01,20066,,1028,90.79,221.0,https://www.techpowerup.com/cpu-specs/core-i5-13400t.c3006,https://www.cpubenchmark.net/cpu_lookup.php?cpu=Intel+Core+i5-13400T&id=5328,corei513400t
Intel,Core i9-14900T,Raptor Lake-R,24,32,1.1,5.5,Socket 1700,10,36,35,Jan 2024,2024-01-01,36239,,429,60.44,599.61,https://www.techpowerup.com/cpu-specs/core-i9-14900t.c3444,https://www.cpubenchmark.net/cpu_lookup.php?cpu=Intel+Core+i9-14900T&id=5903,corei914900t
Intel,Pentium 987,Sandy Bridge,2,2,1.5,,BGA 1023,32,2,17,Feb 2013,2013-02-01,701,642,5064,,,https://www.techpowerup.com/cpu-specs/pentium-987.c1504,https://www.cpubenchmark.net/cpu_lookup.php?cpu=Intel+Pentium+987+%40+1.50GHz&id=1092,pentium987
VIA,Centaur CHA,CHA,8,8,1.2,2.5,VIA Socket 2084,16,16,70,Unreleased,,,,,,,https://www.techpowerup.com/cpu-specs/centaur-cha.c2797,,cha
AMD,EPYC 4244P,Raphael,6,12,3.8,5.1,Socket AM5,5,32,65,May 2024,2024-05-01,26869,,,,468.24,https://www.techpowerup.com/cpu-specs/epyc-4244p.c3609,https://www.cpubenchmark.net/cpu.php?cpu=AMD+EPYC+4244P&id=6070,epyc4244p
Intel,Atom Z3735G,Bay Trail-T,4,4,1.333,1.833,BGA 592,22,,2,Apr 2014,2014-04-01,772,476,4965,,,https://www.techpowerup.com/cpu-specs/atom-z3735g.c2518,https://www.cpubenchmark.net/cpu_lookup.php?cpu=Intel+Atom+Z3735G+%40+1.33GHz&id=2377,atomz3735g
Intel,Core i3-4130T,Haswell,2,4,2.9,,Socket 1150,22,3,35,Sep 2013,2013-09-01,2870,,3291,143.55,19.99,https://www.techpowerup.com/cpu-specs/core-i3-4130t.c1631,https://www.cpubenchmark.net/cpu_lookup.php?cpu=Intel+Core+i3-4130T+%40+2.90GHz&id=2035,corei34130t
Intel,Core i5-1350P,Raptor Lake-P,12,16,1.9,4.7,BGA 1744,10,12,28,Jan 2023,2023-01-01,18548,3470,1112,57.96,320.0,https://www.techpowerup.com/cpu-specs/core-i5-1350p.c3060,https://www.cpubenchmark.net/cpu_lookup.php?cpu=Intel+Core+i5-1350P&id=5417,corei51350p
Intel,Xeon 6714P,Granite Rapids,8,16,4.0,4.3,Socket 4710,5,48,165,Feb 2025,2025-02-01,,,,,,https://www.techpowerup.com/cpu-specs/xeon-6714p.c4056,,xeon6714p
Intel,Xeon E5-1630 v3,Haswell-EP,4,8,3.7,3.8,Socket 2011-3,22,10,140,Sep 2014,2014-09-01,7415,,2038,24.8,298.95,https://www.techpowerup.com/cpu-specs/xeon-e5-1630-v3.c2661,https://www.cpubenchmark.net/cpu_lookup.php?cpu=Intel+Xeon+E5-1630+v3+%40+3.70GHz&id=2384,xeone51630v3
AMD,A4-5300B,Trinity,2,2,3.4,3.6,Socket FM2,32,,65,Oct 2012,2012-10-01,,,,,,https://www.techpowerup.com/cpu-specs/a4-5300b.c1490,,a45300b
AMD,Athlon 64 3700+,San Diego,1,1,2.2,,Socket 939,90,,89,May 2005,2005-05-01,,,,,,https://www.techpowerup.com/cpu-specs/athlon-64-3700.c39,,athlon643700
AMD,EPYC 9355P,Turin,32,64,3.55,4.4,Socket SP5,4,256,280,Oct 2024,2024-10-01,96603,,,,2477.26,https://www.techpowerup.com/cpu-specs/epyc-9355p.c3896,https://www.cpubenchmark.net/cpu.php?cpu=AMD+EPYC+9355P&id=6449,epyc9355p
AMD,FX-6200,Zambezi,6,6,3.8,4.1,Socket AM3+,32,8,125,Feb 2012,2012-02-01,,,,,,https://www.techpowerup.com/cpu-specs/fx-6200.c963,,fx6200
AMD,Ryzen 5 PRO 7645,Raphael,6,12,3.8,5.1,Socket AM5,5,32,65,Jun 2023,2023-06-01,27564,,,,446.69,https://www.techpowerup.com/cpu-specs/ryzen-5-pro-7645.c3304,https://www.cpubenchmark.net/cpu.php?cpu=AMD+Ryzen+5+PRO+7645&id=5503,ryzen5pro7645
Intel,Core i7-4810MQ,Haswell,4,8,2.8,3.8,Socket G3,22,6,47,Jan 2014,2014-01-01,6034,2014,2324,40.24,149.95,https://www.techpowerup.com/cpu-specs/core-i7-4810mq.c1758,https://www.cpubenchmark.net/cpu_lookup.php?cpu=Intel+Core+i7-4810MQ+%40+2.80GHz&id=2196,corei74810mq
Intel,Xeon 696X,Granite Rapids,64,128,2.4,4.8,Socket 4710,5,336,350,Feb 2026,2026-02-01,104974,,39,15.0,6999.0,https://www.techpowerup.com/cpu-specs/xeon-696x.c4327,https://www.cpubenchmark.net/cpu_lookup.php?cpu=Intel+Xeon+696X&id=7082,xeon696x
AMD,EPYC 7251,Naples,8,16,2.1,2.9,Socket SP3,14,32,120,Jun 2017,2017-06-01,14935,,,,964.22,https://www.techpowerup.com/cpu-specs/epyc-7251.c1928,https://www.cpubenchmark.net/cpu.php?cpu=AMD+EPYC+7251&id=3196,epyc7251
AMD,FX-8100,Zambezi,8,8,2.8,3.7,Socket AM3+,32,8,95,Oct 2011,2011-10-01,,,,,,https://www.techpowerup.com/cpu-specs/fx-8100.c962,,fx8100
AMD,Opteron 6376,Abu Dhabi,16,16,2.3,3.2,Socket G34,32,8,115,Nov 2012,2012-11-01,5572,,,,1913.0,https://www.techpowerup.com/cpu-specs/opteron-6376.c1295,https://www.cpubenchmark.net/cpu.php?cpu=AMD+Opteron+6376&id=2000,opteron6376
AMD,Ryzen 7 160,Rembrandt-R,8,16,2.7,4.75,Socket FP7,6,16,28,Oct 2025,2025-10-01,15971,3196,,,,https://www.techpowerup.com/cpu-specs/ryzen-7-160.c4259,https://www.cpubenchmark.net/cpu.php?cpu=AMD+Ryzen+7+160&id=7418,ryzen7160
Intel,Core i5-4250U,Haswell,2,4,1.3,2.6,BGA 1168,22,3,15,Jun 2013,2013-06-01,2138,1314,3732,6.13,349.0,https://www.techpowerup.com/cpu-specs/core-i5-4250u.c1603,https://www.cpubenchmark.net/cpu_lookup.php?cpu=Intel+Core+i5-4250U+%40+1.30GHz&id=1944,corei54250u
Intel,Core i7-11700T,Rocket Lake,8,16,1.4,4.6,Socket 1200,14,16,35,Mar 2021,2021-03-01,15187,,1335,47.02,323.0,https://www.techpowerup.com/cpu-specs/core-i7-11700t.c2399,https://www.cpubenchmark.net/cpu_lookup.php?cpu=Intel+Core+i7-11700T+%40+1.40GHz&id=4558,corei711700t
Intel,Core i7-3770T,Ivy Bridge,4,8,2.5,3.7,Socket 1155,22,8,45,Apr 2012,2012-04-01,5425,,2468,34.65,156.59,https://www.techpowerup.com/cpu-specs/core-i7-3770t.c1004,https://www.cpubenchmark.net/cpu_lookup.php?cpu=Intel+Core+i7-3770T+%40+2.50GHz&id=898,corei73770t
Intel,Xeon 6788P,Granite Rapids,86,172,2.0,3.8,Socket 4710,5,336,350,Feb 2025,2025-02-01,,,,,,https://www.techpowerup.com/cpu-specs/xeon-6788p.c4073,,xeon6788p
Intel,Xeon Silver 4516Y+,Emerald Rapids,24,48,2.2,3.7,Socket 4677,10,45,185,Dec 2023,2023-12-01,,,,,,https://www.techpowerup.com/cpu-specs/xeon-silver-4516y.c3494,,xeonsilver4516y
AMD,Athlon 1300,Thunderbird B,1,1,1.3,,Socket A,180,,68,Mar 2001,2001-03-01,,,,,,https://www.techpowerup.com/cpu-specs/athlon-1300.c1225,,athlon1300
AMD,Athlon Gold 3150G,Picasso,4,4,3.5,3.9,Socket AM4,12,4,65,Jul 2020,2020-07-01,6922,,,,,https://www.techpowerup.com/cpu-specs/athlon-gold-3150g.c2330,https://www.cpubenchmark.net/cpu.php?cpu=AMD+Athlon+Gold+3150G&id=4704,athlongold3150g
AMD,EPYC 9G76,Venice,96,192,3.4,4.8,Socket SP7,2,384,500,Jul 2026,2026-07-01,,,,,,https://www.techpowerup.com/cpu-specs/epyc-9g76.c4536,,epyc9g76
AMD,Phenom II X6 1045T,Thuban,6,6,2.7,3.2,Socket AM3,45,6,95,Sep 2010,2010-09-01,,,,,,https://www.techpowerup.com/cpu-specs/phenom-ii-x6-1045t.c743,,phenomiix61045t
AMD,Sempron 3000+,Palermo,1,1,1.8,,Socket 754,90,,62,Apr 2005,2005-04-01,,,,,,https://www.techpowerup.com/cpu-specs/sempron-3000.c69,,sempron3000
Intel,Core 2 Duo E6320,Conroe,2,2,1.866,,Socket 775,65,,65,Apr 2007,2007-04-01,716,,5045,17.91,39.99,https://www.techpowerup.com/cpu-specs/core-2-duo-e6320.c470,https://www.cpubenchmark.net/cpu_lookup.php?cpu=Intel+Core2+Duo+E6320+%40+1.86GHz&id=909,core2duoe6320
Intel,Core i3-10300,Comet Lake,4,8,3.7,4.4,Socket 1200,14,8,62,Apr 2020,2020-04-01,9295,,1801,46.3,200.76,https://www.techpowerup.com/cpu-specs/core-i3-10300.c2207,https://www.cpubenchmark.net/cpu_lookup.php?cpu=Intel+Core+i3-10300+%40+3.70GHz&id=3765,corei310300
Intel,Core i7-4910MQ,Haswell,4,8,2.9,3.9,Socket G3,22,8,47,Jan 2014,2014-01-01,6281,2042,2271,10.56,594.94,https://www.techpowerup.com/cpu-specs/core-i7-4910mq.c1757,https://www.cpubenchmark.net/cpu_lookup.php?cpu=Intel+Core+i7-4910MQ+%40+2.90GHz&id=2220,corei74910mq
Intel,Xeon E3-1260L v5,Skylake-DT,4,8,2.9,3.9,Socket 1151,14,8,45,Oct 2015,2015-10-01,8254,,1911,31.91,258.7,https://www.techpowerup.com/cpu-specs/xeon-e3-1260l-v5.c3231,https://www.cpubenchmark.net/cpu_lookup.php?cpu=Intel+Xeon+E3-1260L+v5+%40+2.90GHz&id=2804,xeone31260lv5
AMD,EPYC 74F3,Milan,24,48,2.8,4.0,Socket SP3,7,256,240,Mar 2021,2021-03-01,60666,,,,2398.95,https://www.techpowerup.com/cpu-specs/epyc-74f3.c2383,https://www.cpubenchmark.net/cpu.php?cpu=AMD+EPYC+74F3&id=4560,epyc74f3
AMD,Phenom II X4 980 BE,Deneb,4,4,3.7,,Socket AM3,45,6,125,May 2011,2011-05-01,,,,,,https://www.techpowerup.com/cpu-specs/phenom-ii-x4-980-be.c702,,phenomiix4980be
AMD,Phenom X3 8650,Toliman,3,3,2.3,,Socket AM2+,65,2,95,Apr 2008,2008-04-01,,,,,,https://www.techpowerup.com/cpu-specs/phenom-x3-8650.c512,,phenomx38650
AMD,Ryzen 5 7533HS,Rembrandt-R,6,12,3.3,4.4,Socket FP7,6,16,35,Sep 2024,2024-09-01,14898,3045,,,,https://www.techpowerup.com/cpu-specs/ryzen-5-7533hs.c4136,https://www.cpubenchmark.net/cpu.php?cpu=AMD+Ryzen+5+7533HS&id=6642,ryzen57533hs
AMD,Ryzen AI 7 345,Krackan Point,6,12,2.0,4.6,Socket FP8,4,4,28,Jan 2025,2025-01-01,19971,3899,,,,https://www.techpowerup.com/cpu-specs/ryzen-ai-7-345.c4434,https://www.cpubenchmark.net/cpu.php?cpu=AMD+Ryzen+AI+7+345&id=7383,ryzenai7345
Intel,Atom x7-E3950,Apollo Lake,4,4,1.6,2.0,BGA 1296,14,,12,Aug 2014,2014-08-01,2028,727,3799,,,https://www.techpowerup.com/cpu-specs/atom-x7-e3950.c2597,https://www.cpubenchmark.net/cpu_lookup.php?cpu=Intel+Atom+x7-E3950+%40+1.60GHz&id=2893,atomx7e3950
Intel,Core 7 251E,Bartlett Lake,24,32,2.1,5.6,Socket 1700,10,36,65,Jan 2025,2025-01-01,,,,,,https://www.techpowerup.com/cpu-specs/core-7-251e.c4398,,core7251e
Intel,Core i3-8300,Coffee Lake,4,4,3.7,,Socket 1151,14,8,62,Feb 2018,2018-02-01,6370,,2246,118.98,53.54,https://www.techpowerup.com/cpu-specs/core-i3-8300.c1965,https://www.cpubenchmark.net/cpu_lookup.php?cpu=Intel+Core+i3-8300+%40+3.70GHz&id=3280,corei38300
Intel,Xeon E3-1505M v5,Skylake-H,4,8,2.8,3.7,BGA 1440,14,8,45,Oct 2015,2015-10-01,6954,,2122,,,https://www.techpowerup.com/cpu-specs/xeon-e3-1505m-v5.c3249,https://www.cpubenchmark.net/cpu_lookup.php?cpu=Intel+Xeon+E3-1505M+v5+%40+2.80GHz&id=2637,xeone31505mv5
Intel,Xeon Silver 4309Y,Ice Lake-SP,8,16,2.8,3.6,Socket 4189,10,12,105,Apr 2021,2021-04-01,18887,,1094,21.12,894.45,https://www.techpowerup.com/cpu-specs/xeon-silver-4309y.c2453,https://www.cpubenchmark.net/cpu_lookup.php?cpu=Intel+Xeon+Silver+4309Y+%40+2.80GHz&id=4462,xeonsilver4309y
Intel,Xeon W-1350,Rocket Lake-S,6,12,3.3,5.0,Socket 1200,14,12,80,May 2021,2021-05-01,18447,,1123,54.9,335.99,https://www.techpowerup.com/cpu-specs/xeon-w-1350.c3549,https://www.cpubenchmark.net/cpu_lookup.php?cpu=Intel+Xeon+W-1350+%40+3.30GHz&id=4425,xeonw1350
Intel,Xeon X5482,Harpertown,4,4,3.2,,Socket 771,45,,150,Nov 2007,2007-11-01,2755,,3343,27.56,99.95,https://www.techpowerup.com/cpu-specs/xeon-x5482.c4138,https://www.cpubenchmark.net/cpu_lookup.php?cpu=Intel+Xeon+X5482+%40+3.20GHz&id=1299,xeonx5482
AMD,Phenom II X6 1035T,Thuban,6,6,2.6,3.1,Socket AM3,45,6,95,Apr 2010,2010-04-01,,,,,,https://www.techpowerup.com/cpu-specs/phenom-ii-x6-1035t.c677,,phenomiix61035t
Intel,Celeron E3500,Wolfdale,2,2,2.7,,Socket 775,45,,65,Aug 2010,2010-08-01,935,,4765,62.4,14.99,https://www.techpowerup.com/cpu-specs/celeron-e3500.c835,https://www.cpubenchmark.net/cpu_lookup.php?cpu=Intel+Celeron+E3500+%40+2.70GHz&id=679,celerone3500
Intel,Core i9-7960X,Skylake-X,16,32,2.8,4.4,Socket 2066,14,22,165,Sep 2017,2017-09-01,27547,,673,154.97,177.75,https://www.techpowerup.com/cpu-specs/core-i9-7960x.c1950,https://www.cpubenchmark.net/cpu_lookup.php?cpu=Intel+Core+i9-7960X+%40+2.80GHz&id=3096,corei97960x
Intel,Xeon E-2186G,Coffee Lake-S WS,6,12,3.8,4.7,Socket 1151,14,12,95,May 2018,2018-05-01,13559,,1456,31.53,429.99,https://www.techpowerup.com/cpu-specs/xeon-e-2186g.c3476,https://www.cpubenchmark.net/cpu_lookup.php?cpu=Intel+Xeon+E-2186G+%40+3.80GHz&id=3346,xeone2186g
Intel,Xeon E-2388G,Rocket Lake-E,8,16,3.2,5.1,Socket 1200,14,16,95,Sep 2021,2021-09-01,23458,,840,27.96,838.87,https://www.techpowerup.com/cpu-specs/xeon-e-2388g.c2492,https://www.cpubenchmark.net/cpu_lookup.php?cpu=Intel+Xeon+E-2388G+%40+3.20GHz&id=4576,xeone2388g
Intel,Xeon X5560,Gainestown,4,8,2.8,3.2,Socket 1366,45,8,95,Mar 2009,2009-03-01,3235,,3105,32.35,100.0,https://www.techpowerup.com/cpu-specs/xeon-x5560.c920,https://www.cpubenchmark.net/cpu_lookup.php?cpu=Intel+Xeon+X5560+%40+2.80GHz&id=1301,xeonx5560
AMD,Athlon II X4 641,Llano,4,4,2.8,,Socket FM1,32,,100,Feb 2012,2012-02-01,,,,,,https://www.techpowerup.com/cpu-specs/athlon-ii-x4-641.c959,,athloniix4641
AMD,Athlon X2 7750 BE,Kuma,2,2,2.7,,Socket AM2+,65,2,95,Dec 2008,2008-12-01,,,,,,https://www.techpowerup.com/cpu-specs/athlon-x2-7750-be.c594,,athlonx27750be
AMD,E2-2000,Zacate,2,2,1.75,,Socket FT1,40,,18,Jan 2013,2013-01-01,,,,,,https://www.techpowerup.com/cpu-specs/e2-2000.c1485,,e22000
AMD,EPYC 9256,Venice,24,48,2.85,4.5,Socket SP8,2,96,190,Jul 2026,2026-07-01,,,,,,https://www.techpowerup.com/cpu-specs/epyc-9256.c4559,,epyc9256
AMD,Sempron 2650,Kabini,2,2,1.45,,Socket AM1,28,,25,Apr 2014,2014-04-01,,,,,,https://www.techpowerup.com/cpu-specs/sempron-2650.c2513,,sempron2650
AMD,Sempron 3000+,Manila,1,1,1.6,,Socket AM2,90,,62,May 2006,2006-05-01,,,,,,https://www.techpowerup.com/cpu-specs/sempron-3000.c554,,sempron3000
Intel,Core i3-2330M,Sandy Bridge,2,4,2.2,,BGA 1023,32,3,35,Jun 2011,2011-06-01,1253,964,4419,31.36,39.95,https://www.techpowerup.com/cpu-specs/core-i3-2330m.c1344,https://www.cpubenchmark.net/cpu_lookup.php?cpu=Intel+Core+i3-2330M+%40+2.20GHz&id=757,corei32330m
Intel,Core i3-4010U,Haswell,2,4,1.7,,BGA 1168,22,3,15,Jun 2013,2013-06-01,1666,897,4073,13.33,124.95,https://www.techpowerup.com/cpu-specs/core-i3-4010u.c1607,https://www.cpubenchmark.net/cpu_lookup.php?cpu=Intel+Core+i3-4010U+%40+1.70GHz&id=2012,corei34010u
Intel,Core i7-9700E,Coffee Lake,8,8,2.6,4.4,Socket 1151,14,12,65,Apr 2019,2019-04-01,12494,,1543,38.68,323.0,https://www.techpowerup.com/cpu-specs/core-i7-9700e.c3122,https://www.cpubenchmark.net/cpu_lookup.php?cpu=Intel+Core+i7-9700E+%40+2.60GHz&id=3875,corei79700e
Intel,Pentium Gold G5500,Coffee Lake,2,4,3.8,,Socket 1151,14,4,54,Apr 2018,2018-04-01,3865,,2856,30.03,128.7,https://www.techpowerup.com/cpu-specs/pentium-gold-g5500.c1987,https://www.cpubenchmark.net/cpu_lookup.php?cpu=Intel+Pentium+Gold+G5500+%40+3.80GHz&id=3271,pentiumgoldg5500
Intel,Xeon E5-1660 v2,Ivy Bridge-E,6,12,3.7,4.0,Socket 2011,22,15,130,Sep 2013,2013-09-01,10315,,1705,35.58,289.95,https://www.techpowerup.com/cpu-specs/xeon-e5-1660-v2.c1674,https://www.cpubenchmark.net/cpu_lookup.php?cpu=Intel+Xeon+E5-1660+v2+%40+3.70GHz&id=2120,xeone51660v2
AMD,EPYC 7543P,Milan,32,64,2.8,3.7,Socket SP3,7,256,225,Mar 2021,2021-03-01,66590,,,,5104.0,https://www.techpowerup.com/cpu-specs/epyc-7543p.c2380,https://www.cpubenchmark.net/cpu.php?cpu=AMD+EPYC+7543P&id=4508,epyc7543p
AMD,EPYC 9526,Venice,64,128,2.75,3.7,Socket SP8,2,256,220,Jul 2026,2026-07-01,,,,,,https://www.techpowerup.com/cpu-specs/epyc-9526.c4550,,epyc9526
AMD,FX-770K,Kaveri,4,4,3.5,3.9,Socket FM2+,28,,65,Dec 2014,2014-12-01,,,,,,https://www.techpowerup.com/cpu-specs/fx-770k.c2635,,fx770k
Intel,Celeron E1200,Allendale,2,2,1.6,,Socket 775,65,,65,Jan 2008,2008-01-01,516,,5309,5.21,98.95,https://www.techpowerup.com/cpu-specs/celeron-e1200.c836,https://www.cpubenchmark.net/cpu_lookup.php?cpu=Intel+Celeron+E1200+%40+1.60GHz&id=673,celerone1200
Intel,Core i3-560,Clarkdale,2,4,3.333,,Socket 1156,32,4,73,Aug 2010,2010-08-01,1642,,4094,18.26,89.95,https://www.techpowerup.com/cpu-specs/core-i3-560.c714,https://www.cpubenchmark.net/cpu_lookup.php?cpu=Intel+Core+i3-560+%40+3.33GHz&id=740,corei3560
Intel,Pentium Extreme Edition 840,Smithfield,2,4,3.2,,Socket 775,90,,130,Apr 2005,2005-04-01,,,,,,https://www.techpowerup.com/cpu-specs/pentium-extreme-edition-840.c315,,pentiumextremeedition840
Intel,Pentium Gold 5405U,Whiskey Lake-U,2,4,2.3,,BGA 1528,10,2,15,Jan 2019,2019-01-01,,,,,,https://www.techpowerup.com/cpu-specs/pentium-gold-5405u.c3601,,pentiumgold5405u
Intel,Xeon 5150,Woodcrest,2,2,2.666,,Socket 771,65,,65,Jun 2006,2006-06-01,880,,4835,58.67,15.0,https://www.techpowerup.com/cpu-specs/xeon-5150.c390,https://www.cpubenchmark.net/cpu_lookup.php?cpu=Intel+Xeon+5150+%40+2.66GHz&id=1186,xeon5150
Intel,Xeon E-2246G,Coffee Lake-S WS,6,12,3.6,4.8,Socket 1151,14,12,80,May 2019,2019-05-01,13789,,1441,44.34,311.0,https://www.techpowerup.com/cpu-specs/xeon-e-2246g.c3538,https://www.cpubenchmark.net/cpu_lookup.php?cpu=Intel+Xeon+E-2246G+%40+3.60GHz&id=3523,xeone2246g
Intel,Celeron N4505,Jasper Lake,2,2,2.0,2.9,BGA 1338,10,4,10,Jan 2021,2021-01-01,2013,,3812,,,https://www.techpowerup.com/cpu-specs/celeron-n4505.c4209,https://www.cpubenchmark.net/cpu_lookup.php?cpu=Intel+Celeron+N4505+%40+2.00GHz&id=4717,celeronn4505
Intel,Core i5-11400T,Rocket Lake,6,12,1.3,3.7,Socket 1200,14,12,35,Mar 2021,2021-03-01,13067,,1496,71.8,182.0,https://www.techpowerup.com/cpu-specs/core-i5-11400t.c2405,https://www.cpubenchmark.net/cpu_lookup.php?cpu=Intel+Core+i5-11400T+%40+1.30GHz&id=4406,corei511400t
Intel,Core i7-1068NG7,Ice Lake-U,4,8,2.3,4.1,BGA 1344,10,8,28,Aug 2019,2019-08-01,9214,2319,1813,21.63,426.0,https://www.techpowerup.com/cpu-specs/core-i7-1068ng7.c2229,https://www.cpubenchmark.net/cpu_lookup.php?cpu=Intel+Core+i7-1068NG7+%40+2.30GHz&id=3729,corei71068ng7
Intel,Xeon 674X,Granite Rapids,28,56,3.0,4.9,Socket 4710,5,144,270,Feb 2026,2026-02-01,83647,,74,,,https://www.techpowerup.com/cpu-specs/xeon-674x.c4330,https://www.cpubenchmark.net/cpu_lookup.php?cpu=Intel+Xeon+674X&id=7188,xeon674x
Intel,Xeon E5462,Harpertown,4,4,2.8,,Socket 771,45,,80,Nov 2007,2007-11-01,2213,,3680,9.79,226.0,https://www.techpowerup.com/cpu-specs/xeon-e5462.c4144,https://www.cpubenchmark.net/cpu_lookup.php?cpu=Intel+Xeon+E5462+%40+2.80GHz&id=1237,xeone5462
Intel,Xeon Platinum 8562Y+,Emerald Rapids,32,64,2.8,4.1,Socket 4677,10,60,300,Dec 2023,2023-12-01,64050,,156,10.77,5945.0,https://www.techpowerup.com/cpu-specs/xeon-platinum-8562y.c3412,https://www.cpubenchmark.net/cpu_lookup.php?cpu=Intel+Xeon+Platinum+8562Y%2B&id=6283,xeonplatinum8562y
AMD,A10-5745M,Richland,4,4,2.1,2.9,Socket FP2,32,,25,Jun 2013,2013-06-01,,,,,,https://www.techpowerup.com/cpu-specs/a10-5745m.c1620,,a105745m
AMD,Athlon 64 3200+,Clawhammer,1,1,2.0,,Socket 754,130,,89,Sep 2003,2003-09-01,,,,,,https://www.techpowerup.com/cpu-specs/athlon-64-3200.c52,,athlon643200
AMD,EPYC 7Y43,Milan,48,96,2.55,3.6,Socket SP3,7,256,280,2021,202101-01,,,,,,https://www.techpowerup.com/cpu-specs/epyc-7y43.c4237,,epyc7y43
AMD,EPYC 9455P,Turin,48,96,3.15,4.4,Socket SP5,4,256,300,Oct 2024,2024-10-01,116927,,,,4950.0,https://www.techpowerup.com/cpu-specs/epyc-9455p.c3892,https://www.cpubenchmark.net/cpu.php?cpu=AMD+EPYC+9455P&id=6461,epyc9455p
AMD,Phenom X3 8450,Toliman,3,3,2.1,,Socket AM2+,65,2,95,Apr 2008,2008-04-01,,,,,,https://www.techpowerup.com/cpu-specs/phenom-x3-8450.c508,,phenomx38450
Intel,Core i5-1035G4,Ice Lake-U,4,8,1.1,3.7,BGA 1526,10,6,15,Aug 2019,2019-08-01,7555,2140,2014,24.45,309.0,https://www.techpowerup.com/cpu-specs/core-i5-1035g4.c2226,https://www.cpubenchmark.net/cpu_lookup.php?cpu=Intel+Core+i5-1035G4+%40+1.10GHz&id=3581,corei51035g4
Intel,Core i9-9820X,Skylake-X,10,20,3.3,4.2,Socket 2066,14,16,165,Oct 2018,2018-10-01,20565,,990,147.58,139.35,https://www.techpowerup.com/cpu-specs/core-i9-9820x.c2114,https://www.cpubenchmark.net/cpu_lookup.php?cpu=Intel+Core+i9-9820X+%40+3.30GHz&id=3369,corei99820x
Intel,Pentium 4 1.5,Willamette,1,1,1.5,,Socket 423,180,,58,Nov 2000,2000-11-01,,,,,,https://www.techpowerup.com/cpu-specs/pentium-4-1-5.c297,,pentium415
Intel,Xeon E5345,Clovertown,4,4,2.333,,Socket 771,65,,80,Nov 2006,2006-11-01,1868,,3916,124.61,14.99,https://www.techpowerup.com/cpu-specs/xeon-e5345.c3490,https://www.cpubenchmark.net/cpu_lookup.php?cpu=Intel+Xeon+E5345+%40+2.33GHz&id=1230,xeone5345
Intel,Xeon W-1290,Comet Lake,10,20,3.2,5.2,Socket 1200,14,20,80,May 2020,2020-05-01,20063,,1029,34.08,588.67,https://www.techpowerup.com/cpu-specs/xeon-w-1290.c2837,https://www.cpubenchmark.net/cpu_lookup.php?cpu=Intel+Xeon+W-1290+%40+3.20GHz&id=3815,xeonw1290
Intel,Xeon w5-3435X,Sapphire Rapids,16,32,3.1,4.7,Socket 4677,10,45,270,Feb 2023,2023-02-01,44581,,327,26.36,1691.23,https://www.techpowerup.com/cpu-specs/xeon-w5-3435x.c3111,https://www.cpubenchmark.net/cpu_lookup.php?cpu=Intel+Xeon+w5-3435X&id=5486,xeonw53435x
Intel,Xeon X3460,Lynnfield,4,8,2.8,3.467,Socket 1156,45,8,95,Sep 2009,2009-09-01,2963,,3248,40.57,73.04,https://www.techpowerup.com/cpu-specs/xeon-x3460.c3961,https://www.cpubenchmark.net/cpu_lookup.php?cpu=Intel+Xeon+X3460+%40+2.80GHz&id=1290,xeonx3460
Qualcomm,Snapdragon X2E-80-100,Glymur,12,12,4.032,4.728,Qualcomm BGA 2620,3,6,,Apr 2026,2026-04-01,,,,,,https://www.techpowerup.com/cpu-specs/snapdragon-x2e-80-100.c4569,,snapdragonx2e80100
AMD,A8-3520M,Llano,4,4,1.6,2.5,Socket FS1,32,,35,Dec 2011,2011-12-01,,,,,,https://www.techpowerup.com/cpu-specs/a8-3520m.c896,,a83520m
AMD,Athlon 64 X2 4200+,Windsor,2,2,2.2,,Socket AM2,90,,89,May 2006,2006-05-01,,,,,,https://www.techpowerup.com/cpu-specs/athlon-64-x2-4200.c351,,athlon64x24200
AMD,Phenom II X4 B97,Deneb,4,4,3.2,,Socket AM3,45,6,95,May 2010,2010-05-01,,,,,,https://www.techpowerup.com/cpu-specs/phenom-ii-x4-b97.c755,,phenomiix4b97
Intel,Celeron 220,Conroe-L,1,1,1.2,,Socket 479,65,,19,Oct 2007,2007-10-01,209,,5796,,,https://www.techpowerup.com/cpu-specs/celeron-220.c846,https://www.cpubenchmark.net/cpu_lookup.php?cpu=Intel+Celeron+220+%40+1.20GHz&id=646,celeron220
Intel,Celeron J6413,Elkhart Lake,4,4,1.8,3.0,BGA 1493,10,4,10,Jan 2021,2021-01-01,3887,,2848,,,https://www.techpowerup.com/cpu-specs/celeron-j6413.c4295,https://www.cpubenchmark.net/cpu_lookup.php?cpu=Intel+Celeron+J6413+%40+1.80GHz&id=4115,celeronj6413
Intel,Celeron N2930,Bay Trail-M,4,4,1.83,2.16,BGA 1170,22,,7,Feb 2014,2014-02-01,1029,585,4656,,,https://www.techpowerup.com/cpu-specs/celeron-n2930.c1890,https://www.cpubenchmark.net/cpu_lookup.php?cpu=Intel+Celeron+N2930+%40+1.83GHz&id=2255,celeronn2930
Intel,Core 2 Duo P9700,Penryn,2,2,2.8,,Socket P,45,,28,Jun 2009,2009-06-01,1165,1158,4503,,,https://www.techpowerup.com/cpu-specs/core-2-duo-p9700.c2732,https://www.cpubenchmark.net/cpu_lookup.php?cpu=Intel+Core2+Duo+P9700+%40+2.80GHz&id=982,core2duop9700
Intel,Core i3-1215U (IPU),Alder Lake-U,6,8,1.2,4.4,BGA 1744,10,10,15,Feb 2022,2022-02-01,,,,,,https://www.techpowerup.com/cpu-specs/core-i3-1215u-ipu.c2698,,corei31215uipu
Intel,Pentium 4 1.4,Willamette,1,1,1.4,,Socket 423,180,,55,Nov 2000,2000-11-01,,,,,,https://www.techpowerup.com/cpu-specs/pentium-4-1-4.c296,,pentium414
Intel,Xeon E5-1603 v3,Haswell-EP,4,4,2.8,,Socket 2011-3,22,10,140,Sep 2014,2014-09-01,4469,,2685,346.95,12.88,https://www.techpowerup.com/cpu-specs/xeon-e5-1603-v3.c2669,https://www.cpubenchmark.net/cpu_lookup.php?cpu=Intel+Xeon+E5-1603+v3+%40+2.80GHz&id=2457,xeone51603v3
Intel,Xeon X5492,Harpertown,4,4,3.4,,Socket 771,45,,150,Sep 2008,2008-09-01,2912,,3267,2.09,1391.29,https://www.techpowerup.com/cpu-specs/xeon-x5492.c3240,https://www.cpubenchmark.net/cpu_lookup.php?cpu=Intel+Xeon+X5492+%40+3.40GHz&id=1493,xeonx5492
AMD,E-240,Zacate,1,1,1.5,,Socket FT1,40,,18,Jan 2011,2011-01-01,,403,,,,https://www.techpowerup.com/cpu-specs/e-240.c793,https://www.cpubenchmark.net/cpu.php?cpu=AMD+E-240&id=247,e240
AMD,EPYC 9655P,Turin,96,192,2.6,4.5,Socket SP5,4,384,400,Oct 2024,2024-10-01,160432,,,,10811.0,https://www.techpowerup.com/cpu-specs/epyc-9655p.c3883,https://www.cpubenchmark.net/cpu.php?cpu=AMD+EPYC+9655P&id=6354,epyc9655p
Intel,Core 2 Quad Q9505,Yorkfield,4,4,2.833,,Socket 775,45,,95,2009,200901-01,2173,,3712,43.46,49.99,https://www.techpowerup.com/cpu-specs/core-2-quad-q9505.c2840,https://www.cpubenchmark.net/cpu_lookup.php?cpu=Intel+Core2+Quad+Q9505+%40+2.83GHz&id=1048,core2quadq9505
Intel,Core 5 220U,Raptor Lake-U,10,12,1.5,5.0,BGA 1744,10,12,15,Unknown,,14259,3235,1397,,,https://www.techpowerup.com/cpu-specs/core-5-220u.c3470,https://www.cpubenchmark.net/cpu_lookup.php?cpu=Intel+Core+5+220U&id=6450,core5220u
Intel,Core i7-13790F,Raptor Lake-S,16,24,2.1,5.2,Socket 1700,10,33,65,Feb 2023,2023-02-01,41951,,351,129.89,322.98,https://www.techpowerup.com/cpu-specs/core-i7-13790f.c3096,https://www.cpubenchmark.net/cpu_lookup.php?cpu=Intel+Core+i7-13790F&id=5611,corei713790f
Intel,Core i7-940,Bloomfield,4,8,2.933,3.2,Socket 1366,45,8,130,Nov 2008,2008-11-01,3090,,3181,8.88,348.0,https://www.techpowerup.com/cpu-specs/core-i7-940.c645,https://www.cpubenchmark.net/cpu_lookup.php?cpu=Intel+Core+i7-940+%40+2.93GHz&id=836,corei7940
Intel,Xeon Gold 6342,Ice Lake-SP,24,48,2.8,3.5,Socket 4189,10,36,230,Apr 2021,2021-04-01,47076,,304,14.28,3295.95,https://www.techpowerup.com/cpu-specs/xeon-gold-6342.c2440,https://www.cpubenchmark.net/cpu_lookup.php?cpu=Intel+Xeon+Gold+6342+%40+2.80GHz&id=4485,xeongold6342
AMD,EPYC 9474F,Genoa,48,96,3.6,4.1,Socket SP5,5,256,360,Nov 2022,2022-11-01,102255,,,,6203.66,https://www.techpowerup.com/cpu-specs/epyc-9474f.c2928,https://www.cpubenchmark.net/cpu.php?cpu=AMD+EPYC+9474F&id=5297,epyc9474f
AMD,Phenom X4 9950 BE (125W),Agena,4,4,2.6,,Socket AM2+,65,2,125,Oct 2008,2008-10-01,,,,,,https://www.techpowerup.com/cpu-specs/phenom-x4-9950-be-125w.c599,,phenomx49950be125w
AMD,Ryzen AI 5 435G,Gorgon Point,6,12,2.0,4.5,Socket AM5,4,4,65,Mar 2026,2026-03-01,,,,,,https://www.techpowerup.com/cpu-specs/ryzen-ai-5-435g.c4341,,ryzenai5435g
AMD,Ryzen Embedded V3C48,Rembrandt,8,16,3.3,3.8,Socket FP7,6,16,45,Sep 2022,2022-09-01,20203,,,,,https://www.techpowerup.com/cpu-specs/ryzen-embedded-v3c48.c3319,https://www.cpubenchmark.net/cpu.php?cpu=AMD+Ryzen+Embedded+V3C48&id=5118,ryzenembeddedv3c48
Intel,Celeron D 352,Cedar Mill,1,1,3.2,,Socket 775,65,,84,May 2006,2006-05-01,274,,5675,,,https://www.techpowerup.com/cpu-specs/celeron-d-352.c1095,https://www.cpubenchmark.net/cpu_lookup.php?cpu=Intel+Celeron+D+352+%40+3.20GHz&id=694,celerond352
Intel,Pentium D 915,Presler,2,2,2.8,,Socket 775,65,,95,Jul 2006,2006-07-01,468,,5368,,,https://www.techpowerup.com/cpu-specs/pentium-d-915.c1109,https://www.cpubenchmark.net/cpu_lookup.php?cpu=Intel+Pentium+D+915+%40+2.80GHz&id=1126,pentiumd915
Intel,Xeon E-2176G,Coffee Lake-S WS,6,12,3.7,4.7,Socket 1151,14,12,80,Jul 2018,2018-07-01,13631,,1452,33.65,405.1,https://www.techpowerup.com/cpu-specs/xeon-e-2176g.c3532,https://www.cpubenchmark.net/cpu_lookup.php?cpu=Intel+Xeon+E-2176G+%40+3.70GHz&id=3336,xeone2176g
Intel,Xeon Gold 6426Y,Sapphire Rapids,16,32,2.5,4.1,Socket 4677,10,37,185,Jan 2023,2023-01-01,37324,,415,24.6,1517.0,https://www.techpowerup.com/cpu-specs/xeon-gold-6426y.c3162,https://www.cpubenchmark.net/cpu_lookup.php?cpu=Intel+Xeon+Gold+6426Y&id=5686,xeongold6426y
AMD,EPYC 9274F,Genoa,24,48,4.05,4.3,Socket SP5,5,256,320,Nov 2022,2022-11-01,72272,,,,2549.95,https://www.techpowerup.com/cpu-specs/epyc-9274f.c2921,https://www.cpubenchmark.net/cpu.php?cpu=AMD+EPYC+9274F&id=5513,epyc9274f
AMD,Phenom X4 9500,Agena,4,4,2.2,,Socket AM2+,65,2,95,Nov 2007,2007-11-01,,,,,,https://www.techpowerup.com/cpu-specs/phenom-x4-9500.c495,,phenomx49500
AMD,Ryzen 5 PRO 8540U,Hawk Point,6,12,3.2,4.9,Socket FP7,4,16,28,Apr 2024,2024-04-01,18151,3552,,,,https://www.techpowerup.com/cpu-specs/ryzen-5-pro-8540u.c3576,https://www.cpubenchmark.net/cpu.php?cpu=AMD+Ryzen+5+PRO+8540U&id=6098,ryzen5pro8540u
AMD,Ryzen Embedded V1807B,Zen,4,8,3.35,3.8,Socket FP5,14,2,45,Feb 2018,2018-02-01,8261,2094,,,,https://www.techpowerup.com/cpu-specs/ryzen-embedded-v1807b.c2010,https://www.cpubenchmark.net/cpu.php?cpu=AMD+Ryzen+Embedded+V1807B&id=3310,ryzenembeddedv1807b
Intel,Celeron 2.0,Northwood,1,1,2.0,,Socket 478,130,,73,Sep 2002,2002-09-01,,,,,,https://www.techpowerup.com/cpu-specs/celeron-2-0.c1049,,celeron20
Intel,Core i9-14901KE,Raptor Lake-R,8,16,3.8,5.8,Socket 1700,10,36,125,Jul 2024,2024-07-01,,,,,,https://www.techpowerup.com/cpu-specs/core-i9-14901ke.c3732,,corei914901ke
Intel,Pentium 4 HT 531,Prescott,1,2,3.0,,Socket 775,90,,84,Jun 2005,2005-06-01,,,,,,https://www.techpowerup.com/cpu-specs/pentium-4-ht-531.c302,,pentium4ht531
Intel,Xeon Gold 6548Y+,Emerald Rapids,32,64,2.5,4.1,Socket 4677,10,60,250,Dec 2023,2023-12-01,73387,,111,19.7,3726.0,https://www.techpowerup.com/cpu-specs/xeon-gold-6548y.c3420,https://www.cpubenchmark.net/cpu_lookup.php?cpu=Intel+Xeon+Gold+6548Y%2B&id=5928,xeongold6548y
AMD,A9-9430 SoC,Stoney Ridge,2,2,3.1,3.7,Socket FT4,28,,25,May 2016,2016-05-01,,,,,,https://www.techpowerup.com/cpu-specs/a9-9430-soc.c3692,,a99430
AMD,EPYC 9756,Venice,128,256,3.15,4.0,Socket SP7,2,512,500,Jul 2026,2026-07-01,,,,,,https://www.techpowerup.com/cpu-specs/epyc-9756.c4535,,epyc9756
AMD,Phenom II X6 1055T (125W),Thuban,6,6,2.8,3.3,Socket AM3,45,6,125,Apr 2010,2010-04-01,,,,,,https://www.techpowerup.com/cpu-specs/phenom-ii-x6-1055t-125w.c672,,phenomiix61055t125w
AMD,Phenom X4 9850 (95W),Agena,4,4,2.5,,Socket AM2+,65,2,95,Oct 2008,2008-10-01,,,,,,https://www.techpowerup.com/cpu-specs/phenom-x4-9850-95w.c598,,phenomx4985095w
Intel,Xeon 6731P,Granite Rapids,32,64,2.5,4.1,Socket 4710,5,144,245,Feb 2025,2025-02-01,52790,,245,17.46,3024.0,https://www.techpowerup.com/cpu-specs/xeon-6731p.c4058,https://www.cpubenchmark.net/cpu_lookup.php?cpu=Intel+Xeon+6731P&id=7319,xeon6731p
Intel,Xeon E-2234,Coffee Lake-S WS,4,8,3.6,4.8,Socket 1151,14,8,71,May 2019,2019-05-01,9751,,1756,16.4,594.54,https://www.techpowerup.com/cpu-specs/xeon-e-2234.c3541,https://www.cpubenchmark.net/cpu_lookup.php?cpu=Intel+Xeon+E-2234+%40+3.60GHz&id=3853,xeone2234
Intel,Xeon E5-2640 v2,Ivy Bridge-EP,8,16,2.0,,Socket 2011,22,20,95,Sep 2013,2013-09-01,7640,,2000,117.54,65.0,https://www.techpowerup.com/cpu-specs/xeon-e5-2640-v2.c1660,https://www.cpubenchmark.net/cpu_lookup.php?cpu=Intel+Xeon+E5-2640+v2+%40+2.00GHz&id=2153,xeone52640v2
AMD,Duron 800,Spitfire,1,1,0.8,,Socket A,180,,35,Oct 2000,2000-10-01,,,,,,https://www.techpowerup.com/cpu-specs/duron-800.c3974,,duron800
AMD,EPYC 9454P,Genoa,48,96,2.75,3.8,Socket SP5,5,256,290,Nov 2022,2022-11-01,94689,,,,3450.0,https://www.techpowerup.com/cpu-specs/epyc-9454p.c2927,https://www.cpubenchmark.net/cpu.php?cpu=AMD+EPYC+9454P&id=5596,epyc9454p
AMD,EPYC 9825,Turin,144,288,2.2,3.7,Socket SP5,3,384,390,Oct 2024,2024-10-01,,,,,,https://www.techpowerup.com/cpu-specs/epyc-9825.c3906,,epyc9825
AMD,Ryzen 3 8440U,Hawk Point,4,8,3.0,4.7,Socket FP7,4,8,28,Dec 2023,2023-12-01,12201,3481,,,,https://www.techpowerup.com/cpu-specs/ryzen-3-8440u.c3407,https://www.cpubenchmark.net/cpu.php?cpu=AMD+Ryzen+3+8440U&id=6192,ryzen38440u
Intel,Core i5-10200H,Comet Lake-H,4,8,2.4,4.1,BGA 1440,14,6,45,Sep 2020,2020-09-01,7986,2405,1955,31.94,250.0,https://www.techpowerup.com/cpu-specs/core-i5-10200h.c2354,https://www.cpubenchmark.net/cpu_lookup.php?cpu=Intel+Core+i5-10200H+%40+2.40GHz&id=3867,corei510200h
Intel,Core i7-13700T,Raptor Lake-S,16,24,1.4,4.9,Socket 1700,10,30,35,Jan 2023,2023-01-01,27231,,684,70.91,384.0,https://www.techpowerup.com/cpu-specs/core-i7-13700t.c3002,https://www.cpubenchmark.net/cpu_lookup.php?cpu=Intel+Core+i7-13700T&id=5223,corei713700t
Intel,Pentium Extreme Edition 955,Presler,2,4,3.466,,Socket 775,65,,130,Dec 2005,2005-12-01,469,,5367,15.02,31.23,https://www.techpowerup.com/cpu-specs/pentium-extreme-edition-955.c323,https://www.cpubenchmark.net/cpu_lookup.php?cpu=Intel+Pentium+Extreme+Edition+955+%40+3.46GHz&id=1130,pentiumextremeedition955
Intel,Xeon 6952P,Granite Rapids,96,192,2.1,3.9,Socket 7529,5,480,400,Sep 2024,2024-09-01,,,,,,https://www.techpowerup.com/cpu-specs/xeon-6952p.c3866,,xeon6952p
AMD,EPYC 9356,Venice,32,64,3.6,4.5,Socket SP8,2,192,250,Jul 2026,2026-07-01,,,,,,https://www.techpowerup.com/cpu-specs/epyc-9356.c4556,,epyc9356
AMD,EPYC 9535,Turin,64,128,2.4,4.3,Socket SP5,4,256,300,Oct 2024,2024-10-01,114528,,,,7439.0,https://www.techpowerup.com/cpu-specs/epyc-9535.c3888,https://www.cpubenchmark.net/cpu.php?cpu=AMD+EPYC+9535&id=7196,epyc9535
AMD,EPYC 9634,Genoa,84,168,2.25,3.7,Socket SP5,5,384,290,Nov 2022,2022-11-01,107944,,,,3949.99,https://www.techpowerup.com/cpu-specs/epyc-9634.c2932,https://www.cpubenchmark.net/cpu.php?cpu=AMD+EPYC+9634&id=5897,epyc9634
Intel,Atom D410,Pineview,1,2,1.667,,BGA 437,45,,10,Jan 2010,2010-01-01,180,,5871,0.28,635.99,https://www.techpowerup.com/cpu-specs/atom-d410.c1397,https://www.cpubenchmark.net/cpu_lookup.php?cpu=Intel+Atom+D410+%40+1.66GHz&id=608,atomd410
Intel,Core i5-2550K,Sandy Bridge,4,4,3.4,3.8,Socket 1155,32,6,95,Jan 2012,2012-01-01,4269,,2736,67.76,63.01,https://www.techpowerup.com/cpu-specs/core-i5-2550k.c955,https://www.cpubenchmark.net/cpu_lookup.php?cpu=Intel+Core+i5-2550K+%40+3.40GHz&id=813,corei52550k
Intel,Core i7-10810U,Comet Lake-U,6,12,1.1,4.9,BGA 1440,14,12,25,Apr 2020,2020-04-01,8018,2155,1946,18.1,443.0,https://www.techpowerup.com/cpu-specs/core-i7-10810u.c2357,https://www.cpubenchmark.net/cpu_lookup.php?cpu=Intel+Core+i7-10810U+%40+1.10GHz&id=3741,corei710810u
Intel,Core i7-4710MQ,Haswell,4,8,2.5,3.5,Socket G3,22,6,47,Apr 2013,2013-04-01,5780,1880,2374,21.28,271.57,https://www.techpowerup.com/cpu-specs/core-i7-4710mq.c1901,https://www.cpubenchmark.net/cpu_lookup.php?cpu=Intel+Core+i7-4710MQ+%40+2.50GHz&id=2219,corei74710mq
Intel,Pentium G2120,Ivy Bridge,2,2,3.1,,Socket 1155,22,3,55,Sep 2012,2012-09-01,1879,,3910,53.68,35.0,https://www.techpowerup.com/cpu-specs/pentium-g2120.c1354,https://www.cpubenchmark.net/cpu_lookup.php?cpu=Intel+Pentium+G2120+%40+3.10GHz&id=1443,pentiumg2120
Intel,Xeon E3-1280,Sandy Bridge,4,8,3.5,3.9,Socket 1155,32,8,95,Apr 2011,2011-04-01,5584,,2424,11.25,496.21,https://www.techpowerup.com/cpu-specs/xeon-e3-1280.c817,https://www.cpubenchmark.net/cpu_lookup.php?cpu=Intel+Xeon+E3-1280+%40+3.50GHz&id=1206,xeone31280
Intel,Xeon Gold 6338N,Ice Lake-SP,32,64,2.2,3.5,Socket 4189,10,48,185,Apr 2021,2021-04-01,42086,,349,9.01,4671.69,https://www.techpowerup.com/cpu-specs/xeon-gold-6338n.c2437,https://www.cpubenchmark.net/cpu_lookup.php?cpu=Intel+Xeon+Gold+6338N+%40+2.20GHz&id=4656,xeongold6338n
AMD,A4-4020,Richland,2,2,3.2,3.4,Socket FM2,32,,65,Jan 2014,2014-01-01,,,,,,https://www.techpowerup.com/cpu-specs/a4-4020.c2649,,a44020
AMD,A6-3670K,Llano,4,4,2.7,,Socket FM1,32,,100,Dec 2011,2011-12-01,,,,,,https://www.techpowerup.com/cpu-specs/a6-3670k.c879,,a63670k
AMD,Athlon II X3 435,Rana,3,3,2.9,,Socket AM3,45,,95,Oct 2009,2009-10-01,,,,,,https://www.techpowerup.com/cpu-specs/athlon-ii-x3-435.c694,,athloniix3435
AMD,EPYC 7453,Milan,28,56,2.75,3.45,Socket SP3,7,64,225,Mar 2021,2021-03-01,48453,,,,1253.0,https://www.techpowerup.com/cpu-specs/epyc-7453.c2382,https://www.cpubenchmark.net/cpu.php?cpu=AMD+EPYC+7453&id=4663,epyc7453
AMD,Phenom II X3 720,Heka,3,3,2.8,,Socket AM3,45,6,95,Jan 2010,2010-01-01,,,,,,https://www.techpowerup.com/cpu-specs/phenom-ii-x3-720.c756,,phenomiix3720
AMD,Ryzen 7 PRO 8840HS,Hawk Point,8,16,3.3,5.1,Socket FP7,4,16,28,Apr 2024,2024-04-01,26647,3692,,,,https://www.techpowerup.com/cpu-specs/ryzen-7-pro-8840hs.c3571,https://www.cpubenchmark.net/cpu.php?cpu=AMD+Ryzen+7+PRO+8840HS&id=6006,ryzen7pro8840hs
Intel,Celeron G460,Sandy Bridge,1,1,1.8,,Socket 1155,32,1,35,Dec 2011,2011-12-01,490,,5345,5.05,97.0,https://www.techpowerup.com/cpu-specs/celeron-g460.c870,https://www.cpubenchmark.net/cpu_lookup.php?cpu=Intel+Celeron+G460+%40+1.80GHz&id=682,celerong460
Intel,Celeron G4900T,Coffee Lake,2,2,2.9,,Socket 1151,14,2,35,Apr 2018,2018-04-01,2236,,3669,37.3,59.95,https://www.techpowerup.com/cpu-specs/celeron-g4900t.c3126,https://www.cpubenchmark.net/cpu_lookup.php?cpu=Intel+Celeron+G4900T+%40+2.90GHz&id=3214,celerong4900t
Intel,Core 2 Quad Q7600,Yorkfield,4,4,2.7,,Socket 775,45,,95,Aug 2009,2009-08-01,,,,,,https://www.techpowerup.com/cpu-specs/core-2-quad-q7600.c669,,core2quadq7600
Intel,Core Ultra 5 245T,Arrow Lake-S,14,14,2.2,5.1,Socket 1851,3,24,65,Jan 2025,2025-01-01,30071,,571,111.37,270.0,https://www.techpowerup.com/cpu-specs/core-ultra-5-245t.c4021,https://www.cpubenchmark.net/cpu_lookup.php?cpu=Intel+Core+Ultra+5+245T&id=6637,coreultra5245t
Intel,Pentium 4 HT 650,Prescott,1,2,3.4,,Socket 775,90,,84,Feb 2005,2005-02-01,,,,,,https://www.techpowerup.com/cpu-specs/pentium-4-ht-650.c18,,pentium4ht650
Intel,Xeon 6710E,Sierra Forest,64,64,2.4,3.2,Socket 4710,5,96,205,Jun 2024,2024-06-01,61775,,170,22.47,2749.0,https://www.techpowerup.com/cpu-specs/xeon-6710e.c3657,https://www.cpubenchmark.net/cpu_lookup.php?cpu=Intel+Xeon+6710E&id=6285,xeon6710e
Intel,Xeon 6980E+,Clearwater Forest,264,264,2.1,3.2,Socket 7529,3,528,400,May 2026,2026-05-01,,,,,,https://www.techpowerup.com/cpu-specs/xeon-6980e.c4444,,xeon6980e
Intel,Xeon Gold 6548N,Emerald Rapids,32,64,2.8,4.1,Socket 4677,10,60,270,Dec 2023,2023-12-01,64783,,150,16.72,3875.0,https://www.techpowerup.com/cpu-specs/xeon-gold-6548n.c3430,https://www.cpubenchmark.net/cpu_lookup.php?cpu=Intel+Xeon+Gold+6548N&id=6453,xeongold6548n
Intel,Xeon w3-2435,Sapphire Rapids,8,16,3.1,4.5,Socket 4677,10,22,165,Feb 2023,2023-02-01,26095,,726,39.01,669.0,https://www.techpowerup.com/cpu-specs/xeon-w3-2435.c3118,https://www.cpubenchmark.net/cpu_lookup.php?cpu=Intel+Xeon+w3-2435&id=5501,xeonw32435
Intel,Xeon w5-2455X,Sapphire Rapids,12,24,3.2,4.6,Socket 4677,10,30,200,Feb 2023,2023-02-01,37078,,421,32.26,1149.21,https://www.techpowerup.com/cpu-specs/xeon-w5-2455x.c3116,https://www.cpubenchmark.net/cpu_lookup.php?cpu=Intel+Xeon+w5-2455X&id=5604,xeonw52455x
AMD,EPYC 9376F,Venice,32,64,3.8,5.0,Socket SP8,2,192,285,Jul 2026,2026-07-01,,,,,,https://www.techpowerup.com/cpu-specs/epyc-9376f.c4554,,epyc9376f
AMD,Ryzen 9 7940H,Phoenix,8,16,4.0,5.2,Socket FP8,4,16,35,Jan 2023,2023-01-01,28397,3813,,,,https://www.techpowerup.com/cpu-specs/ryzen-9-7940h.c3272,https://www.cpubenchmark.net/cpu.php?cpu=AMD+Ryzen+9+7940H&id=5453,ryzen97940h
AMD,Ryzen AI Max PRO 380,Strix Halo,6,12,3.6,4.9,Socket FP11,4,16,55,Jan 2025,2025-01-01,24244,3995,,,,https://www.techpowerup.com/cpu-specs/ryzen-ai-max-pro-380.c4002,https://www.cpubenchmark.net/cpu.php?cpu=AMD+Ryzen+AI+Max+Pro+380&id=6881,ryzenaimaxpro380
Intel,Core i3-4370,Haswell,2,4,3.8,,Socket 1150,22,4,54,Jul 2014,2014-07-01,3867,,2854,14.06,275.0,https://www.techpowerup.com/cpu-specs/core-i3-4370.c1766,https://www.cpubenchmark.net/cpu_lookup.php?cpu=Intel+Core+i3-4370+%40+3.80GHz&id=2351,corei34370
Intel,Xeon E5-2609 v3,Haswell-EP,6,6,1.9,,Socket 2011-3,22,15,85,Sep 2014,2014-09-01,4514,,2673,23.76,189.95,https://www.techpowerup.com/cpu-specs/xeon-e5-2609-v3.c2857,https://www.cpubenchmark.net/cpu_lookup.php?cpu=Intel+Xeon+E5-2609+v3+%40+1.90GHz&id=2427,xeone52609v3
Intel,Xeon E7-8890 v3,Haswell-EX,18,36,2.5,3.3,Socket 2011-1,22,45,165,Jun 2015,2015-06-01,,,,,,https://www.techpowerup.com/cpu-specs/xeon-e7-8890-v3.c1819,,xeone78890v3
Intel,Xeon X5698,Westmere-EP,2,4,4.4,,Socket 1366,32,12,130,Feb 2011,2011-02-01,3447,,3010,,,https://www.techpowerup.com/cpu-specs/xeon-x5698.c954,https://www.cpubenchmark.net/cpu_lookup.php?cpu=Intel+Xeon+X5698+%40+4.40GHz&id=1928,xeonx5698
Intel,Xeon X7460,Dunnington,6,6,2.667,,Socket 604,45,16,130,Sep 2008,2008-09-01,,,,,,https://www.techpowerup.com/cpu-specs/xeon-x7460.c4137,,xeonx7460
AMD,Athlon 64 FX-57,San Diego,1,1,2.8,,Socket 939,90,,104,Jun 2005,2005-06-01,,,,,,https://www.techpowerup.com/cpu-specs/athlon-64-fx-57.c30,,athlon64fx57
AMD,Athlon 64 FX-62,Windsor,2,2,2.8,,Socket AM2,90,,125,May 2006,2006-05-01,,,,,,https://www.techpowerup.com/cpu-specs/athlon-64-fx-62.c346,,athlon64fx62
Intel,Atom D2500,Cedarview,2,4,1.867,,BGA 437,32,,10,Nov 2011,2011-11-01,251,,5719,,,https://www.techpowerup.com/cpu-specs/atom-d2500.c1401,https://www.cpubenchmark.net/cpu_lookup.php?cpu=Intel+Atom+D2500+%40+1.86GHz&id=605,atomd2500
Intel,Core 2 Extreme QX6800,Kentsfield,4,4,2.933,,Socket 775,65,,130,Apr 2007,2007-04-01,,,,,,https://www.techpowerup.com/cpu-specs/core-2-extreme-qx6800.c659,,core2extremeqx6800
Intel,Core 2 Extreme QX9875,Yorkfield,4,4,3.8,,Socket 771,45,,150,Unreleased,,,,,,,https://www.techpowerup.com/cpu-specs/core-2-extreme-qx9875.c4487,,core2extremeqx9875
Intel,Core 7 253PQE,Bartlett Lake,10,20,3.5,5.7,Socket 1700,10,33,125,Mar 2026,2026-03-01,37363,,414,91.35,409.0,https://www.techpowerup.com/cpu-specs/core-7-253pqe.c4360,https://www.cpubenchmark.net/cpu_lookup.php?cpu=Intel+Core+7+253PQE&id=7336,core7253pqe
Intel,Core i9-12950HX,Alder Lake-HX,16,24,2.3,5.0,BGA 1964,10,30,55,May 2022,2022-05-01,31029,3751,531,52.59,590.0,https://www.techpowerup.com/cpu-specs/core-i9-12950hx.c2786,https://www.cpubenchmark.net/cpu_lookup.php?cpu=Intel+Core+i9-12950HX&id=4860,corei912950hx
Intel,Xeon Silver 4116,Skylake-SP,12,24,2.1,3.0,Socket 3647,14,16,85,Jul 2017,2017-07-01,14944,,1352,622.92,23.99,https://www.techpowerup.com/cpu-specs/xeon-silver-4116.c2057,https://www.cpubenchmark.net/cpu_lookup.php?cpu=Intel+Xeon+Silver+4116+%40+2.10GHz&id=3179,xeonsilver4116
Intel,Xeon W-2191B,Skylake-W,18,36,2.3,4.3,Socket 2066,14,24,140,Dec 2017,2017-12-01,27931,,654,,,https://www.techpowerup.com/cpu-specs/xeon-w-2191b.c2943,https://www.cpubenchmark.net/cpu_lookup.php?cpu=Intel+Xeon+W-2191B+%40+2.30GHz&id=4420,xeonw2191b
AMD,A10-6790K,Richland,4,4,4.0,4.3,Socket FM2,32,,100,Oct 2013,2013-10-01,,,,,,https://www.techpowerup.com/cpu-specs/a10-6790k.c1746,,a106790k
AMD,K6-2+ 500ACZ,Sharptooth,1,1,0.5,,Super Socket 7,180,,13,Apr 2000,2000-04-01,,,,,,https://www.techpowerup.com/cpu-specs/k6-2-500acz.c3750,,k62500acz
AMD,Ryzen 3 PRO 7330U,Barcelo-R,4,8,2.3,4.3,Socket FP6,7,8,15,Jan 2023,2023-01-01,11993,3107,,,,https://www.techpowerup.com/cpu-specs/ryzen-3-pro-7330u.c3273,https://www.cpubenchmark.net/cpu.php?cpu=AMD+Ryzen+3+PRO+7330U&id=5278,ryzen3pro7330u
AMD,Ryzen AI Max PRO 385,Strix Halo,8,16,3.6,5.0,Socket FP11,4,32,55,Jan 2025,2025-01-01,31858,4000,,,,https://www.techpowerup.com/cpu-specs/ryzen-ai-max-pro-385.c4000,https://www.cpubenchmark.net/cpu.php?cpu=AMD+Ryzen+AI+Max+Pro+385&id=6656,ryzenaimaxpro385
Intel,Core 2 Extreme X9100,Penryn XE,2,2,3.067,,Socket P,45,,44,Jul 2008,2008-07-01,1203,1195,4465,1.41,851.0,https://www.techpowerup.com/cpu-specs/core-2-extreme-x9100.c1386,https://www.cpubenchmark.net/cpu_lookup.php?cpu=Intel+Core2+Extreme+X9100+%40+3.06GHz&id=1030,core2extremex9100
Intel,Core i5-1235U (IPU),Alder Lake-U,10,12,1.3,4.4,BGA 1744,10,12,15,Feb 2022,2022-02-01,,,,,,https://www.techpowerup.com/cpu-specs/core-i5-1235u-ipu.c2699,,corei51235uipu
Intel,Core i7-4712MQ,Haswell,4,8,2.3,3.3,Socket G3,22,6,37,Apr 2013,2013-04-01,5300,1784,2504,,,https://www.techpowerup.com/cpu-specs/core-i7-4712mq.c1902,https://www.cpubenchmark.net/cpu_lookup.php?cpu=Intel+Core+i7-4712MQ+%40+2.30GHz&id=2228,corei74712mq
Intel,Core i9-13900T,Raptor Lake-S,24,32,1.1,5.3,Socket 1700,10,36,35,Jan 2023,2023-01-01,42870,,344,78.09,549.0,https://www.techpowerup.com/cpu-specs/core-i9-13900t.c3001,https://www.cpubenchmark.net/cpu_lookup.php?cpu=Intel+Core+i9-13900T&id=5154,corei913900t
Intel,Xeon 6740P,Granite Rapids,48,96,2.1,3.8,Socket 4710,5,288,270,Feb 2025,2025-02-01,88061,,65,18.94,4650.0,https://www.techpowerup.com/cpu-specs/xeon-6740p.c4062,https://www.cpubenchmark.net/cpu_lookup.php?cpu=Intel+Xeon+6740P&id=6633,xeon6740p
Intel,Xeon E-2186M,Coffee Lake-H,6,12,2.9,4.8,BGA 1440,14,12,45,Apr 2018,2018-04-01,11198,2514,1636,17.97,623.0,https://www.techpowerup.com/cpu-specs/xeon-e-2186m.c3546,https://www.cpubenchmark.net/cpu_lookup.php?cpu=Intel+Xeon+E-2186M+%40+2.90GHz&id=3232,xeone2186m
AMD,Opteron 3280,Zurich,8,8,2.5,3.5,Socket AM3+,32,8,65,Mar 2012,2012-03-01,3783,,,,72.02,https://www.techpowerup.com/cpu-specs/opteron-3280.c3679,https://www.cpubenchmark.net/cpu.php?cpu=AMD+Opteron+3280&id=276,opteron3280
AMD,Phenom X3 8750,Toliman,3,3,2.4,,Socket AM2+,65,2,95,Apr 2008,2008-04-01,,,,,,https://www.techpowerup.com/cpu-specs/phenom-x3-8750.c513,,phenomx38750
AMD,Ryzen 3 3100U,Picasso,2,2,1.9,3.2,Socket FP5,12,4,15,Jun 2026,2026-06-01,,1538,,,,https://www.techpowerup.com/cpu-specs/ryzen-3-3100u.c4441,https://www.cpubenchmark.net/cpu.php?cpu=AMD+Ryzen+3+3100U&id=7346,ryzen33100u
AMD,Ryzen 3 PRO 2300U,Raven Ridge,4,4,2.0,3.4,Socket FP5,14,4,15,Jan 2019,2019-01-01,5692,1798,,,,https://www.techpowerup.com/cpu-specs/ryzen-3-pro-2300u.c2002,https://www.cpubenchmark.net/cpu.php?cpu=AMD+Ryzen+3+PRO+2300U&id=3263,ryzen3pro2300u
AMD,Ryzen 5 6600HS,Rembrandt,6,12,3.3,4.5,Socket FP7,6,16,35,Jan 2022,2022-01-01,,,,,,https://www.techpowerup.com/cpu-specs/ryzen-5-6600hs.c2524,,ryzen56600hs
Intel,Atom Z530,Silverthorne,1,2,1.6,,BGA 441,45,,2,Apr 2008,2008-04-01,183,161,5864,,,https://www.techpowerup.com/cpu-specs/atom-z530.c1423,https://www.cpubenchmark.net/cpu_lookup.php?cpu=Intel+Atom+Z530+%40+1.60GHz&id=626,atomz530
Intel,Core i5-655K,Clarkdale,2,4,3.2,3.466,Socket 1156,32,4,73,May 2010,2010-05-01,2394,,3559,31.14,76.87,https://www.techpowerup.com/cpu-specs/core-i5-655k.c712,https://www.cpubenchmark.net/cpu_lookup.php?cpu=Intel+Core+i5-655K+%40+3.20GHz&id=774,corei5655k
Intel,Core i7-3612QM,Ivy Bridge,4,8,2.1,3.1,Socket G2 (988B),22,6,35,Apr 2012,2012-04-01,4637,1535,2645,,,https://www.techpowerup.com/cpu-specs/core-i7-3612qm.c1020,https://www.cpubenchmark.net/cpu_lookup.php?cpu=Intel+Core+i7-3612QM+%40+2.10GHz&id=892,corei73612qm
Intel,Pentium 2117U,Ivy Bridge,2,2,1.8,,Socket G2 (988B),22,2,17,Sep 2012,2012-09-01,1014,918,4677,7.57,134.0,https://www.techpowerup.com/cpu-specs/pentium-2117u.c1587,https://www.cpubenchmark.net/cpu_lookup.php?cpu=Intel+Pentium+2117U+%40+1.80GHz&id=1872,pentium2117u
Intel,Pentium 4 HT 651,Cedar Mill,1,2,3.4,,Socket 775,65,,86,Jan 2006,2006-01-01,,,,,,https://www.techpowerup.com/cpu-specs/pentium-4-ht-651.c335,,pentium4ht651
Intel,Xeon E5-2609,Sandy Bridge-EP,4,4,2.4,,Socket 2011,32,10,80,Mar 2012,2012-03-01,2931,,3261,42.48,69.0,https://www.techpowerup.com/cpu-specs/xeon-e5-2609.c966,https://www.cpubenchmark.net/cpu_lookup.php?cpu=Intel+Xeon+E5-2609+%40+2.40GHz&id=1429,xeone52609
Intel,Xeon Phi 7210,Knights Landing,64,256,1.3,1.5,Socket 3647,14,,215,Jun 2016,2016-06-01,7306,,2059,3.88,1881.0,https://www.techpowerup.com/cpu-specs/xeon-phi-7210.c2041,https://www.cpubenchmark.net/cpu_lookup.php?cpu=Intel+Xeon+Phi+7210+%40+1.30GHz&id=5728,xeonphi7210
Intel,Xeon Platinum 8468,Sapphire Rapids,48,96,2.1,3.8,Socket 4677,10,105,350,Jan 2023,2023-01-01,,,,,,https://www.techpowerup.com/cpu-specs/xeon-platinum-8468.c3094,,xeonplatinum8468
AMD,EPYC 9565,Turin,72,144,3.15,4.3,Socket SP5,4,384,400,Oct 2024,2024-10-01,135221,,,,10486.0,https://www.techpowerup.com/cpu-specs/epyc-9565.c3884,https://www.cpubenchmark.net/cpu.php?cpu=AMD+EPYC+9565&id=6769,epyc9565
AMD,Ryzen 7 PRO 1700,Zen,8,16,3.0,3.7,Socket AM4,14,16,65,Jun 2017,2017-06-01,14707,,,,,https://www.techpowerup.com/cpu-specs/ryzen-7-pro-1700.c1915,https://www.cpubenchmark.net/cpu.php?cpu=AMD+Ryzen+7+PRO+1700&id=3075,ryzen7pro1700
AMD,Ryzen AI 5 440G,Gorgon Point,6,12,2.0,4.8,Socket AM5,4,8,65,Mar 2026,2026-03-01,23487,,,,,https://www.techpowerup.com/cpu-specs/ryzen-ai-5-440g.c4342,https://www.cpubenchmark.net/cpu.php?cpu=AMD+Ryzen+AI+5+440G&id=7401,ryzenai5440g
AMD,Ryzen Embedded V2546,Renoir,6,12,3.0,3.95,Socket FP6,7,8,35,Nov 2020,2020-11-01,12743,,,,,https://www.techpowerup.com/cpu-specs/ryzen-embedded-v2546.c2806,https://www.cpubenchmark.net/cpu.php?cpu=AMD+Ryzen+Embedded+V2546&id=6009,ryzenembeddedv2546
Intel,Celeron 2.0,Northwood,1,1,2.0,,Socket 478,130,,73,Sep 2002,2002-09-01,,,,,,https://www.techpowerup.com/cpu-specs/celeron-2-0.c314,,celeron20
Intel,Core i5-L16G7,Lakefield,5,5,1.4,3.0,,10,4,7,Jun 2020,2020-06-01,3281,1570,3088,11.68,281.0,https://www.techpowerup.com/cpu-specs/core-i5-l16g7.c3313,https://www.cpubenchmark.net/cpu_lookup.php?cpu=Intel+Core+i5-L16G7+%40+1.40GHz&id=3809,corei5l16g7
Intel,Pentium 4 1.8,Willamette,1,1,1.8,,Socket 423,180,,67,Jul 2001,2001-07-01,,,,,,https://www.techpowerup.com/cpu-specs/pentium-4-1-8.c2993,,pentium418
Intel,Xeon Gold 6448Y,Sapphire Rapids,32,64,2.1,4.1,Socket 4677,10,60,225,Jan 2023,2023-01-01,60449,,180,16.87,3583.0,https://www.techpowerup.com/cpu-specs/xeon-gold-6448y.c3148,https://www.cpubenchmark.net/cpu_lookup.php?cpu=Intel+Xeon+Gold+6448Y&id=5313,xeongold6448y
Intel,Xeon W-1370,Rocket Lake-S,8,16,2.9,5.1,Socket 1200,14,16,80,May 2021,2021-05-01,22948,,862,48.93,468.99,https://www.techpowerup.com/cpu-specs/xeon-w-1370.c3550,https://www.cpubenchmark.net/cpu_lookup.php?cpu=Intel+Xeon+W-1370+%40+2.90GHz&id=4547,xeonw1370
AMD,Athlon 64 X2 4800+,Brisbane,2,2,2.5,,Socket AM2,65,,65,Dec 2006,2006-12-01,,,,,,https://www.techpowerup.com/cpu-specs/athlon-64-x2-4800.c427,,athlon64x24800
AMD,Opteron 6272,Interlagos,16,16,2.1,3.0,Socket G34,32,8,115,Nov 2011,2011-11-01,5240,,,,859.2,https://www.techpowerup.com/cpu-specs/opteron-6272.c1302,https://www.cpubenchmark.net/cpu.php?cpu=AMD+Opteron+6272&id=1569,opteron6272
Intel,Core i5-5250U,Broadwell-U,2,4,1.6,2.7,BGA 1168,14,3,15,Mar 2015,2015-03-01,2445,1513,3524,4.61,529.99,https://www.techpowerup.com/cpu-specs/core-i5-5250u.c1811,https://www.cpubenchmark.net/cpu_lookup.php?cpu=Intel+Core+i5-5250U+%40+1.60GHz&id=2478,corei55250u
Intel,Xeon E3-1280 v3,Haswell-WS,4,8,3.6,4.0,Socket 1150,22,8,82,Jun 2013,2013-06-01,7201,,2077,28.92,249.0,https://www.techpowerup.com/cpu-specs/xeon-e3-1280-v3.c1549,https://www.cpubenchmark.net/cpu_lookup.php?cpu=Intel+Xeon+E3-1280+v3+%40+3.60GHz&id=1964,xeone31280v3
Intel,Xeon W-1270,Comet Lake,8,16,3.2,5.0,Socket 1200,14,16,80,May 2020,2020-05-01,17513,,1197,48.38,362.0,https://www.techpowerup.com/cpu-specs/xeon-w-1270.c4476,https://www.cpubenchmark.net/cpu_lookup.php?cpu=Intel+Xeon+W-1270+%40+3.40GHz&id=3812,xeonw1270
AMD,Athlon XP 3000+ (400FSB),Barton,1,1,2.1,,Socket A,130,,68,May 2003,2003-05-01,,,,,,https://www.techpowerup.com/cpu-specs/athlon-xp-3000-400fsb.c87,,athlonxp3000400fsb
AMD,E1-6015,Beema,2,2,1.4,,Socket FT3,28,,10,2015,201501-01,,,,,,https://www.techpowerup.com/cpu-specs/e1-6015.c3566,,e16015
AMD,Ryzen 3 110,Rembrandt-R,4,8,3.0,4.3,Socket FP7,6,8,28,Oct 2025,2025-10-01,,,,,,https://www.techpowerup.com/cpu-specs/ryzen-3-110.c4256,,ryzen3110
Intel,Core i5-12600T,Alder Lake-S,6,12,2.1,4.6,Socket 1700,10,18,35,Jan 2022,2022-01-01,17438,,1205,,,https://www.techpowerup.com/cpu-specs/core-i5-12600t.c2558,https://www.cpubenchmark.net/cpu_lookup.php?cpu=Intel+Core+i5-12600T&id=4784,corei512600t
Intel,Core i5-3475S,Ivy Bridge,4,4,2.9,3.6,Socket 1155,22,6,65,Jun 2012,2012-06-01,4336,,2720,17.35,249.95,https://www.techpowerup.com/cpu-specs/core-i5-3475s.c1042,https://www.cpubenchmark.net/cpu_lookup.php?cpu=Intel+Core+i5-3475S+%40+2.90GHz&id=1775,corei53475s
AMD,A4-3330MX,Llano,2,2,2.2,2.6,Socket FS1,32,,45,Dec 2011,2011-12-01,,,,,,https://www.techpowerup.com/cpu-specs/a4-3330mx.c889,,a43330mx
AMD,A6-9220e SoC,Stoney Ridge,2,2,1.6,2.4,Socket FT4,28,,6,Jan 2019,2019-01-01,,852,,,,https://www.techpowerup.com/cpu-specs/a6-9220e-soc.c3695,https://www.cpubenchmark.net/cpu.php?cpu=AMD+A6-9220e&id=3198,a69220e
AMD,Athlon II X3 425,Rana,3,3,2.7,,Socket AM3,45,,95,Oct 2009,2009-10-01,,,,,,https://www.techpowerup.com/cpu-specs/athlon-ii-x3-425.c693,,athloniix3425
AMD,Athlon X4 830,Kaveri,4,4,3.0,3.4,Socket FM2+,28,,65,Feb 2015,2015-02-01,,,,,,https://www.techpowerup.com/cpu-specs/athlon-x4-830.c2634,,athlonx4830
AMD,EPYC 9456P,Venice,48,96,3.2,3.7,Socket SP8,2,256,265,Jul 2026,2026-07-01,,,,,,https://www.techpowerup.com/cpu-specs/epyc-9456p.c4552,,epyc9456p
AMD,FX-7600P,Kaveri,4,4,2.7,3.6,Socket FP4,28,,35,Jun 2014,2014-06-01,,1238,,,,https://www.techpowerup.com/cpu-specs/fx-7600p.c3669,https://www.cpubenchmark.net/cpu.php?cpu=AMD+FX-7600P&id=2475,fx7600p
Intel,Core 2 Duo P8800,Penryn,2,2,2.667,,Socket P,45,,25,Dec 2008,2008-12-01,937,1065,4763,16.44,56.99,https://www.techpowerup.com/cpu-specs/core-2-duo-p8800.c2729,https://www.cpubenchmark.net/cpu_lookup.php?cpu=Intel+Core2+Duo+P8800+%40+2.66GHz&id=976,core2duop8800
Intel,Core Duo T2500,Yonah,2,2,1.992,,Socket 479,65,,31,Jan 2006,2006-01-01,408,613,5440,3.4,119.99,https://www.techpowerup.com/cpu-specs/core-duo-t2500.c342,https://www.cpubenchmark.net/cpu_lookup.php?cpu=Intel+Core+Duo+T2500+%40+2.00GHz&id=732,coreduot2500
Intel,Core i3-12300,Alder Lake-S,4,8,3.5,4.4,Socket 1700,10,12,60,Jan 2022,2022-01-01,14383,,1387,100.58,143.0,https://www.techpowerup.com/cpu-specs/core-i3-12300.c2546,https://www.cpubenchmark.net/cpu_lookup.php?cpu=Intel+Core+i3-12300&id=4746,corei312300
Intel,Core i5-7600T,Kaby Lake,4,4,2.8,3.7,Socket 1151,14,6,35,Jan 2017,2017-01-01,5844,,2357,39.51,147.91,https://www.techpowerup.com/cpu-specs/core-i5-7600t.c1853,https://www.cpubenchmark.net/cpu_lookup.php?cpu=Intel+Core+i5-7600T+%40+2.80GHz&id=2928,corei57600t
Intel,Pentium G3220T,Haswell,2,2,2.6,,Socket 1150,22,3,35,Sep 2013,2013-09-01,1636,,4096,81.83,19.99,https://www.techpowerup.com/cpu-specs/pentium-g3220t.c1712,https://www.cpubenchmark.net/cpu_lookup.php?cpu=Intel+Pentium+G3220T+%40+2.60GHz&id=2189,pentiumg3220t
Intel,Xeon Gold 6442Y,Sapphire Rapids,24,48,2.6,4.0,Socket 4677,10,60,225,Jan 2023,2023-01-01,58534,,195,20.34,2878.0,https://www.techpowerup.com/cpu-specs/xeon-gold-6442y.c3157,https://www.cpubenchmark.net/cpu_lookup.php?cpu=Intel+Xeon+Gold+6442Y&id=5446,xeongold6442y
Intel,Xeon X7560,Nehalem-EX,8,16,2.266,2.666,Socket 1567,45,24,130,Mar 2010,2010-03-01,,,,,,https://www.techpowerup.com/cpu-specs/xeon-x7560.c3941,,xeonx7560
AMD,EPYC 9476F,Venice,48,96,3.65,5.0,Socket SP8,2,192,330,Jul 2026,2026-07-01,,,,,,https://www.techpowerup.com/cpu-specs/epyc-9476f.c4551,,epyc9476f
Intel,Core i3-2370M,Sandy Bridge,2,4,2.4,,Socket G2 (988B),32,3,35,Jan 2012,2012-01-01,1381,1058,4297,36.33,38.02,https://www.techpowerup.com/cpu-specs/core-i3-2370m.c1311,https://www.cpubenchmark.net/cpu_lookup.php?cpu=Intel+Core+i3-2370M+%40+2.40GHz&id=761,corei32370m
Intel,Core i7-4702MQ,Haswell,4,8,2.2,3.2,Socket G3,22,6,37,May 2013,2013-05-01,5174,1686,2535,14.7,352.05,https://www.techpowerup.com/cpu-specs/core-i7-4702mq.c1597,https://www.cpubenchmark.net/cpu_lookup.php?cpu=Intel+Core+i7-4702MQ+%40+2.20GHz&id=1939,corei74702mq
Intel,Xeon 6725P,Granite Rapids,16,32,3.7,4.8,Socket 4710,5,192,235,Jul 2025,2025-07-01,,,,,,https://www.techpowerup.com/cpu-specs/xeon-6725p.c4281,,xeon6725p
Intel,Xeon w5-2445,Sapphire Rapids,10,20,3.1,4.6,Socket 4677,10,26,175,Feb 2023,2023-02-01,32193,,506,38.37,839.0,https://www.techpowerup.com/cpu-specs/xeon-w5-2445.c3117,https://www.cpubenchmark.net/cpu_lookup.php?cpu=Intel+Xeon+w5-2445&id=5452,xeonw52445
AMD,A8-3820,Llano,4,4,2.5,2.8,Socket FM1,32,,65,Dec 2011,2011-12-01,,,,,,https://www.techpowerup.com/cpu-specs/a8-3820.c880,,a83820
AMD,EPYC 9174F,Genoa,16,32,4.1,4.4,Socket SP5,5,256,320,Nov 2022,2022-11-01,54259,,,,2275.0,https://www.techpowerup.com/cpu-specs/epyc-9174f.c2918,https://www.cpubenchmark.net/cpu.php?cpu=AMD+EPYC+9174F&id=5381,epyc9174f
AMD,EPYC 9746,Venice,128,256,2.9,4.0,Socket SP8,2,512,400,Jul 2026,2026-07-01,,,,,,https://www.techpowerup.com/cpu-specs/epyc-9746.c4541,,epyc9746
Intel,Core Duo T2050,Yonah,2,2,1.6,,Socket 479,65,,31,May 2005,2005-05-01,333,,5571,,,https://www.techpowerup.com/cpu-specs/core-duo-t2050.c409,https://www.cpubenchmark.net/cpu_lookup.php?cpu=Intel+Core+Duo+T2050+%40+1.60GHz&id=584,coreduot2050
Intel,Pentium 4 HT 3.40,Northwood,1,2,3.4,,Socket 478,130,,89,Feb 2004,2004-02-01,,,,,,https://www.techpowerup.com/cpu-specs/pentium-4-ht-3-40.c269,,pentium4ht340
AMD,Athlon II X3 440,Rana,3,3,3.0,,Socket AM3,45,,95,Jan 2010,2010-01-01,,,,,,https://www.techpowerup.com/cpu-specs/athlon-ii-x3-440.c695,,athloniix3440
AMD,EPYC 8124P,Siena,16,32,2.45,3.0,Socket SP6,5,64,125,Sep 2023,2023-09-01,36117,,,,,https://www.techpowerup.com/cpu-specs/epyc-8124p.c3293,https://www.cpubenchmark.net/cpu.php?cpu=AMD+EPYC+8124P&id=5938,epyc8124p
AMD,EPYC 9676F,Venice,96,192,3.1,5.0,Socket SP8,2,384,400,Jul 2026,2026-07-01,,,,,,https://www.techpowerup.com/cpu-specs/epyc-9676f.c4544,,epyc9676f
AMD,Ryzen 7 4980U,Renoir,8,16,2.0,4.4,Socket FP6,7,8,15,Apr 2021,2021-04-01,,,,,,https://www.techpowerup.com/cpu-specs/ryzen-7-4980u.c4042,,ryzen74980u
AMD,Ryzen Embedded 9900X3D,Granite Ridge,12,24,4.4,5.5,Socket AM5,4,128,120,Oct 2025,2025-10-01,,,,,,https://www.techpowerup.com/cpu-specs/ryzen-embedded-9900x3d.c4409,,ryzenembedded9900x3d
Intel,Atom N2800,Cedarview,2,4,1.867,,BGA 559,32,,7,Dec 2011,2011-12-01,444,319,5396,,,https://www.techpowerup.com/cpu-specs/atom-n2800.c1406,https://www.cpubenchmark.net/cpu_lookup.php?cpu=Intel+Atom+N2800+%40+1.86GHz&id=616,atomn2800
Intel,Core i5-3340M,Ivy Bridge,2,4,2.7,3.4,Socket G2 (988B),22,3,35,Jan 2013,2013-01-01,2675,1633,3384,25.48,105.0,https://www.techpowerup.com/cpu-specs/core-i5-3340m.c1510,https://www.cpubenchmark.net/cpu_lookup.php?cpu=Intel+Core+i5-3340M+%40+2.70GHz&id=1889,corei53340m
Intel,Core i7-4900MQ,Haswell,4,8,2.8,3.8,Socket G3,22,8,47,Jun 2013,2013-06-01,6217,2016,2281,31.09,200.0,https://www.techpowerup.com/cpu-specs/core-i7-4900mq.c1461,https://www.cpubenchmark.net/cpu_lookup.php?cpu=Intel+Core+i7-4900MQ+%40+2.80GHz&id=1938,corei74900mq
Intel,Core m7-6Y75,Skylake-Y,2,4,1.2,3.1,BGA 1515,14,4,5,Sep 2015,2015-09-01,2350,1347,3588,,,https://www.techpowerup.com/cpu-specs/core-m7-6y75.c3589,https://www.cpubenchmark.net/cpu_lookup.php?cpu=Intel+Core+m7-6Y75+%40+1.20GHz&id=2641,corem76y75
Intel,Xeon E3-1220L v2,Ivy Bridge,2,4,2.3,3.5,Socket 1155,22,3,17,May 2012,2012-05-01,2594,,3431,14.6,177.66,https://www.techpowerup.com/cpu-specs/xeon-e3-1220l-v2.c1038,https://www.cpubenchmark.net/cpu_lookup.php?cpu=Intel+Xeon+E3-1220L+V2+%40+2.30GHz&id=2183,xeone31220lv2
Intel,Xeon Gold 6346,Ice Lake-SP,16,32,3.1,3.6,Socket 4189,10,36,205,Apr 2021,2021-04-01,37260,,418,19.61,1900.0,https://www.techpowerup.com/cpu-specs/xeon-gold-6346.c2433,https://www.cpubenchmark.net/cpu_lookup.php?cpu=Intel+Xeon+Gold+6346+%40+3.10GHz&id=4657,xeongold6346
Intel,Xeon Gold 6444Y,Sapphire Rapids,16,32,3.6,4.0,Socket 4677,10,45,270,Jan 2023,2023-01-01,49303,,280,13.61,3622.0,https://www.techpowerup.com/cpu-specs/xeon-gold-6444y.c3163,https://www.cpubenchmark.net/cpu_lookup.php?cpu=Intel+Xeon+Gold+6444Y&id=5595,xeongold6444y
AMD,A4-1200,Temash,2,2,1.0,,Socket FT3,28,,4,May 2013,2013-05-01,,,,,,https://www.techpowerup.com/cpu-specs/a4-1200.c1706,,a41200
AMD,A8-3500M,Llano,4,4,1.5,2.4,Socket FS1,32,,35,Jun 2011,2011-06-01,,,,,,https://www.techpowerup.com/cpu-specs/a8-3500m.c894,,a83500m
AMD,EPYC 7343,Milan,16,32,3.2,3.9,Socket SP3,7,128,190,Mar 2021,2021-03-01,43778,,,,800.69,https://www.techpowerup.com/cpu-specs/epyc-7343.c2388,https://www.cpubenchmark.net/cpu.php?cpu=AMD+EPYC+7343&id=4388,epyc7343
Intel,Atom x7425E,Alder Lake-N,4,4,1.5,3.4,BGA 1264,10,6,12,Jan 2023,2023-01-01,5180,,2534,,,https://www.techpowerup.com/cpu-specs/atom-x7425e.c3013,https://www.cpubenchmark.net/cpu_lookup.php?cpu=Intel+Atom+x7425E&id=5783,atomx7425e
Intel,Core i5-6600T,Skylake,4,4,2.7,3.5,Socket 1151,14,6,35,Jul 2015,2015-07-01,5587,,2423,31.05,179.95,https://www.techpowerup.com/cpu-specs/core-i5-6600t.c1828,https://www.cpubenchmark.net/cpu_lookup.php?cpu=Intel+Core+i5-6600T+%40+2.70GHz&id=2613,corei56600t
Intel,Core i5-8600T,Coffee Lake,6,6,2.3,3.7,Socket 1151,14,9,35,Apr 2018,2018-04-01,9157,,1818,45.79,199.99,https://www.techpowerup.com/cpu-specs/core-i5-8600t.c2020,https://www.cpubenchmark.net/cpu_lookup.php?cpu=Intel+Core+i5-8600T+%40+2.30GHz&id=3241,corei58600t
Intel,Pentium 4 2.66,Northwood,1,1,2.66,,Socket 478,130,,110,Aug 2002,2002-08-01,,,,,,https://www.techpowerup.com/cpu-specs/pentium-4-2-66.c278,,pentium4266
Intel,Xeon Platinum 8270,Cascade Lake-SP,26,52,2.7,4.0,Socket 3647,14,35,205,Dec 2018,2018-12-01,33602,,478,9.79,3433.86,https://www.techpowerup.com/cpu-specs/xeon-platinum-8270.c2172,https://www.cpubenchmark.net/cpu_lookup.php?cpu=Intel+Xeon+Platinum+8270+%40+2.70GHz&id=5802,xeonplatinum8270
AMD,A6-5400B,Trinity,2,2,3.6,3.8,Socket FM2,32,,65,Oct 2012,2012-10-01,,,,,,https://www.techpowerup.com/cpu-specs/a6-5400b.c1489,,a65400b
AMD,Athlon Gold PRO 3150G,Picasso,4,4,3.5,3.9,Socket AM4,12,4,65,Jul 2020,2020-07-01,7467,,,,,https://www.techpowerup.com/cpu-specs/athlon-gold-pro-3150g.c2333,https://www.cpubenchmark.net/cpu.php?cpu=AMD+Athlon+Gold+PRO+3150G&id=3800,athlongoldpro3150g
AMD,Ryzen 9 PRO 9955,Granite Ridge,12,24,3.4,5.4,Socket AM5,4,64,120,Jun 2026,2026-06-01,53278,,,,,https://www.techpowerup.com/cpu-specs/ryzen-9-pro-9955.c4425,https://www.cpubenchmark.net/cpu.php?cpu=AMD+Ryzen+9+PRO+9955&id=7396,ryzen9pro9955
Intel,Celeron 4205U,Whiskey Lake-U,2,2,1.8,,BGA 1528,10,2,15,Jan 2019,2019-01-01,1339,1016,4325,12.51,107.0,https://www.techpowerup.com/cpu-specs/celeron-4205u.c3603,https://www.cpubenchmark.net/cpu_lookup.php?cpu=Intel+Celeron+4205U+%40+1.80GHz&id=3460,celeron4205u
Intel,Core i5-2410M,Sandy Bridge,2,4,2.3,,Socket G2 (988B),32,3,35,Feb 2011,2011-02-01,1955,1205,3851,46.53,42.02,https://www.techpowerup.com/cpu-specs/core-i5-2410m.c1372,https://www.cpubenchmark.net/cpu_lookup.php?cpu=Intel+Core+i5-2410M+%40+2.30GHz&id=796,corei52410m
Intel,Core i5-4460S,Haswell,4,4,2.9,3.4,Socket 1150,22,6,65,May 2014,2014-05-01,4658,,2639,29.12,159.95,https://www.techpowerup.com/cpu-specs/core-i5-4460s.c3506,https://www.cpubenchmark.net/cpu_lookup.php?cpu=Intel+Core+i5-4460S+%40+2.90GHz&id=2232,corei54460s
Intel,Core i7-1250U,Alder Lake-U,10,12,1.1,4.7,BGA 1781,10,12,9,Feb 2022,2022-02-01,11200,2683,1635,26.29,426.0,https://www.techpowerup.com/cpu-specs/core-i7-1250u.c2589,https://www.cpubenchmark.net/cpu_lookup.php?cpu=Intel+Core+i7-1250U&id=4977,corei71250u
Intel,Xeon 5130,Woodcrest,2,2,2.0,,Socket 771,65,,65,Jun 2006,2006-06-01,734,,5023,14.98,48.99,https://www.techpowerup.com/cpu-specs/xeon-5130.c388,https://www.cpubenchmark.net/cpu_lookup.php?cpu=Intel+Xeon+5130+%40+2.00GHz&id=1183,xeon5130
Intel,Xeon E5335,Clovertown,4,4,2.0,,Socket 771,65,,80,Nov 2006,2006-11-01,1549,,4166,87.15,17.77,https://www.techpowerup.com/cpu-specs/xeon-e5335.c3491,https://www.cpubenchmark.net/cpu_lookup.php?cpu=Intel+Xeon+E5335+%40+2.00GHz&id=1229,xeone5335
Intel,Xeon Platinum 8360Y,Ice Lake-SP,36,72,2.4,3.5,Socket 4189,10,54,250,Apr 2021,2021-04-01,54078,,237,19.31,2799.97,https://www.techpowerup.com/cpu-specs/xeon-platinum-8360y.c2423,https://www.cpubenchmark.net/cpu_lookup.php?cpu=Intel+Xeon+Platinum+8360Y+%40+2.40GHz&id=5698,xeonplatinum8360y
AMD,Athlon 64 4000+,Clawhammer,1,1,2.4,,Socket 939,130,,89,Oct 2004,2004-10-01,,,,,,https://www.techpowerup.com/cpu-specs/athlon-64-4000.c37,,athlon644000
AMD,E2-3000M,Llano,2,2,1.8,2.4,Socket FS1,32,,35,Dec 2011,2011-12-01,,,,,,https://www.techpowerup.com/cpu-specs/e2-3000m.c884,,e23000m
AMD,EPYC 8534P,Siena,64,128,2.3,3.1,Socket SP6,5,128,200,Sep 2023,2023-09-01,71900,,,,6599.95,https://www.techpowerup.com/cpu-specs/epyc-8534p.c3288,https://www.cpubenchmark.net/cpu.php?cpu=AMD+EPYC+8534P&id=5941,epyc8534p
AMD,Opteron 3380,Delhi,8,8,2.6,3.6,Socket AM3+,32,8,65,Dec 2012,2012-12-01,4358,,,,809.0,https://www.techpowerup.com/cpu-specs/opteron-3380.c1568,https://www.cpubenchmark.net/cpu.php?cpu=AMD+Opteron+3380&id=1892,opteron3380
AMD,Opteron X3418,Excavator,4,4,1.8,3.2,Socket FP4,28,,15,Jun 2017,2017-06-01,,,,,,https://www.techpowerup.com/cpu-specs/opteron-x3418.c4192,,opteronx3418
AMD,Ryzen Embedded 9600X,Granite Ridge,6,12,3.9,5.4,Socket AM5,4,32,65,Oct 2025,2025-10-01,,,,,,https://www.techpowerup.com/cpu-specs/ryzen-embedded-9600x.c4412,,ryzenembedded9600x
Intel,A100,Stealey,1,1,0.6,,BGA 437,90,,3,Jun 2007,2007-06-01,,,,,,https://www.techpowerup.com/cpu-specs/a100.c1404,,a100
Intel,Core 2 Duo T9800,Penryn,2,2,2.933,,Socket P,45,,35,Dec 2008,2008-12-01,1188,1202,4482,2.8,423.89,https://www.techpowerup.com/cpu-specs/core-2-duo-t9800.c2740,https://www.cpubenchmark.net/cpu_lookup.php?cpu=Intel+Core2+Duo+T9800+%40+2.93GHz&id=1013,core2duot9800
Intel,Core i3-8100F,Coffee Lake,4,4,3.6,,Socket 1151,14,6,65,Sep 2018,2018-09-01,,,,,,https://www.techpowerup.com/cpu-specs/core-i3-8100f.c2087,,corei38100f
Intel,Core i5-3330S,Ivy Bridge,4,4,2.7,3.2,Socket 1155,22,6,77,Sep 2012,2012-09-01,3910,,2841,130.38,29.99,https://www.techpowerup.com/cpu-specs/core-i5-3330s.c1077,https://www.cpubenchmark.net/cpu_lookup.php?cpu=Intel+Core+i5-3330S+%40+2.70GHz&id=1794,corei53330s
Intel,Core i7-3840QM,Ivy Bridge,4,8,2.8,3.8,Socket G2 (988B),22,8,45,Sep 2012,2012-09-01,5825,1909,2359,10.61,548.87,https://www.techpowerup.com/cpu-specs/core-i7-3840qm.c1081,https://www.cpubenchmark.net/cpu_lookup.php?cpu=Intel+Core+i7-3840QM+%40+2.80GHz&id=900,corei73840qm
Intel,Xeon E5-2420,Sandy Bridge-EN,6,12,1.9,2.4,Socket 1356,32,15,95,May 2012,2012-05-01,5026,,2568,14.13,355.55,https://www.techpowerup.com/cpu-specs/xeon-e5-2420.c1693,https://www.cpubenchmark.net/cpu_lookup.php?cpu=Intel+Xeon+E5-2420+%40+1.90GHz&id=1213,xeone52420
Intel,Xeon E5-2630L v3,Haswell-EP,8,16,1.8,2.9,Socket 2011-3,22,20,55,Sep 2014,2014-09-01,8625,,1876,57.52,149.95,https://www.techpowerup.com/cpu-specs/xeon-e5-2630l-v3.c2867,https://www.cpubenchmark.net/cpu_lookup.php?cpu=Intel+Xeon+E5-2630L+v3+%40+1.80GHz&id=2818,xeone52630lv3
Intel,Xeon Gold 5515+,Emerald Rapids,8,16,3.2,4.1,Socket 4677,10,22,165,Dec 2023,2023-12-01,25408,,752,23.12,1099.0,https://www.techpowerup.com/cpu-specs/xeon-gold-5515.c3427,https://www.cpubenchmark.net/cpu_lookup.php?cpu=Intel+Xeon+Gold+5515%2B&id=6159,xeongold5515
AMD,Athlon 240GE,Zen,2,4,3.5,,Socket AM4,14,4,35,Dec 2018,2018-12-01,4566,,,,98.27,https://www.techpowerup.com/cpu-specs/athlon-240ge.c2127,https://www.cpubenchmark.net/cpu.php?cpu=AMD+Athlon+240GE&id=3394,athlon240ge
AMD,EPYC 4465P,Grado,12,24,3.4,5.4,Socket AM5,4,64,65,May 2025,2025-05-01,49871,,,,460.02,https://www.techpowerup.com/cpu-specs/epyc-4465p.c4175,https://www.cpubenchmark.net/cpu.php?cpu=AMD+EPYC+4465P&id=6748,epyc4465p
AMD,Ryzen 5 7640H,Phoenix,6,12,4.3,5.0,Socket FP8,4,16,35,Jan 2023,2023-01-01,,,,,,https://www.techpowerup.com/cpu-specs/ryzen-5-7640h.c3270,,ryzen57640h
Intel,Core i3-9350K,Coffee Lake,4,4,4.0,4.6,Socket 1151,14,8,91,Apr 2019,2019-04-01,7596,,2008,105.92,71.71,https://www.techpowerup.com/cpu-specs/core-i3-9350k.c2186,https://www.cpubenchmark.net/cpu_lookup.php?cpu=Intel+Core+i3-9350K+%40+4.00GHz&id=3709,corei39350k
Intel,Core i5-7640X,Kaby Lake-X,4,4,3.9,4.3,Socket 2066,14,6,112,Jun 2017,2017-06-01,7119,,2095,67.8,105.0,https://www.techpowerup.com/cpu-specs/core-i5-7640x.c1867,https://www.cpubenchmark.net/cpu_lookup.php?cpu=Intel+Core+i5-7640X+%40+4.00GHz&id=3045,corei57640x
Intel,Core i9-9940X,Skylake-X,14,28,3.3,4.5,Socket 2066,14,19,165,Oct 2018,2018-10-01,28027,,646,121.65,230.4,https://www.techpowerup.com/cpu-specs/core-i9-9940x.c2111,https://www.cpubenchmark.net/cpu_lookup.php?cpu=Intel+Core+i9-9940X+%40+3.30GHz&id=3358,corei99940x
Intel,Pentium G2010,Ivy Bridge,2,2,2.8,,Socket 1155,22,3,55,Jan 2013,2013-01-01,1660,,4077,72.26,22.97,https://www.techpowerup.com/cpu-specs/pentium-g2010.c1495,https://www.cpubenchmark.net/cpu_lookup.php?cpu=Intel+Pentium+G2010+%40+2.80GHz&id=1854,pentiumg2010
Intel,Pentium III  933,Coppermine T,1,1,0.933,,Socket 370,180,,27,Jun 2001,2001-06-01,,,,,,https://www.techpowerup.com/cpu-specs/pentium-iii-933.c1287,,pentiumiii933
Intel,Xeon 656,Granite Rapids,20,40,2.9,4.8,Socket 4710,5,72,210,Feb 2026,2026-02-01,64897,,149,,,https://www.techpowerup.com/cpu-specs/xeon-656.c4332,https://www.cpubenchmark.net/cpu_lookup.php?cpu=Intel+Xeon+656&id=7482,xeon656
Intel,Xeon E3-1280 v2,Ivy Bridge,4,8,3.6,4.0,Socket 1155,22,8,69,May 2012,2012-05-01,6623,,2187,17.28,383.25,https://www.techpowerup.com/cpu-specs/xeon-e3-1280-v2.c1029,https://www.cpubenchmark.net/cpu_lookup.php?cpu=Intel+Xeon+E3-1280+V2+%40+3.60GHz&id=1779,xeone31280v2
Intel,Xeon Gold 6534,Emerald Rapids,8,16,3.9,4.2,Socket 4677,10,22,195,Dec 2023,2023-12-01,29912,,576,9.45,3165.2,https://www.techpowerup.com/cpu-specs/xeon-gold-6534.c3424,https://www.cpubenchmark.net/cpu_lookup.php?cpu=Intel+Xeon+Gold+6534&id=6255,xeongold6534
Intel,Xeon W-2102,Skylake-W,4,4,2.9,,Socket 2066,14,8,120,Aug 2017,2017-08-01,5116,,2548,17.83,286.99,https://www.techpowerup.com/cpu-specs/xeon-w-2102.c2955,https://www.cpubenchmark.net/cpu_lookup.php?cpu=Intel+Xeon+W-2102+%40+2.90GHz&id=3276,xeonw2102
AMD,A4-3300M,Llano,2,2,1.9,2.5,Socket FS1,32,,35,Jun 2011,2011-06-01,,,,,,https://www.techpowerup.com/cpu-specs/a4-3300m.c885,,a43300m
AMD,EPYC 9454,Genoa,48,96,2.75,3.8,Socket SP5,5,256,290,Nov 2022,2022-11-01,87961,,,,3150.0,https://www.techpowerup.com/cpu-specs/epyc-9454.c2926,https://www.cpubenchmark.net/cpu.php?cpu=AMD+EPYC+9454&id=5561,epyc9454
AMD,FX-6330,Vishera,6,6,3.6,4.2,Socket AM3+,32,8,125,Dec 2015,2015-12-01,,,,,,https://www.techpowerup.com/cpu-specs/fx-6330.c1831,,fx6330
AMD,Phenom II X4 965 BE (140W),Deneb,4,4,3.4,,Socket AM3,45,6,140,Aug 2009,2009-08-01,,,,,,https://www.techpowerup.com/cpu-specs/phenom-ii-x4-965-be-140w.c668,,phenomiix4965be140w
AMD,Ryzen 5 PRO 1600,Zen,6,12,3.2,3.6,Socket AM4,14,16,65,Jun 2017,2017-06-01,11831,,,,,https://www.techpowerup.com/cpu-specs/ryzen-5-pro-1600.c1916,https://www.cpubenchmark.net/cpu.php?cpu=AMD+Ryzen+5+PRO+1600&id=3079,ryzen5pro1600
Intel,Core i7-7820HK,Kaby Lake-H,4,8,2.9,3.9,BGA 1440,14,8,45,Jan 2017,2017-01-01,7410,2111,2039,19.6,378.0,https://www.techpowerup.com/cpu-specs/core-i7-7820hk.c3099,https://www.cpubenchmark.net/cpu_lookup.php?cpu=Intel+Core+i7-7820HK+%40+2.90GHz&id=2938,corei77820hk
Intel,Pentium III Xeon 500,Tanner,1,1,0.5,,Slot 2,,,36,Mar 1999,1999-03-01,,,,,,https://www.techpowerup.com/cpu-specs/pentium-iii-xeon-500.c2967,,pentiumiiixeon500
Intel,Processor 300T,Raptor Lake-S,2,4,3.4,,Socket 1700,10,6,35,Jan 2024,2024-01-01,,,,,,https://www.techpowerup.com/cpu-specs/processor-300t.c3458,,processor300t
Intel,Xeon E-2434,Raptor Lake-S,4,8,3.4,5.0,Socket 1700,10,12,55,Dec 2023,2023-12-01,,,,,,https://www.techpowerup.com/cpu-specs/xeon-e-2434.c3478,,xeone2434
Intel,Xeon Gold 5418Y,Sapphire Rapids,24,48,2.0,3.8,Socket 4677,10,45,185,Jan 2023,2023-01-01,45660,,314,30.79,1483.0,https://www.techpowerup.com/cpu-specs/xeon-gold-5418y.c3155,https://www.cpubenchmark.net/cpu_lookup.php?cpu=Intel+Xeon+Gold+5418Y&id=5320,xeongold5418y
Intel,Xeon Gold 5520+,Emerald Rapids,28,56,2.2,4.0,Socket 4677,10,52,205,Dec 2023,2023-12-01,61227,,175,33.1,1849.99,https://www.techpowerup.com/cpu-specs/xeon-gold-5520.c3426,https://www.cpubenchmark.net/cpu_lookup.php?cpu=Intel+Xeon+Gold+5520%2B&id=5927,xeongold5520
Intel,Xeon W5590,Gainestown,4,8,3.333,3.6,Socket 1366,45,8,130,Aug 2009,2009-08-01,3373,,3047,2.4,1406.34,https://www.techpowerup.com/cpu-specs/xeon-w5590.c923,https://www.cpubenchmark.net/cpu_lookup.php?cpu=Intel+Xeon+W5590+%40+3.33GHz&id=1277,xeonw5590
Intel,Xeon w7-2495X,Sapphire Rapids,24,48,2.5,4.8,Socket 4677,10,45,225,Feb 2023,2023-02-01,57400,,209,19.76,2904.6,https://www.techpowerup.com/cpu-specs/xeon-w7-2495x.c3113,https://www.cpubenchmark.net/cpu_lookup.php?cpu=Intel+Xeon+w7-2495X&id=5326,xeonw72495x
AMD,EPYC 7501,Naples,32,64,2.0,3.0,Socket SP3,14,64,170,Jun 2017,2017-06-01,24925,,,,1325.96,https://www.techpowerup.com/cpu-specs/epyc-7501.c1922,https://www.cpubenchmark.net/cpu.php?cpu=AMD+EPYC+7501&id=3153,epyc7501
AMD,Ryzen 7 5705GE,Cezanne,8,16,3.8,4.6,Socket AM4,7,16,35,Feb 2025,2025-02-01,,,,,,https://www.techpowerup.com/cpu-specs/ryzen-7-5705ge.c4030,,ryzen75705ge
AMD,Ryzen AI Max PRO 390,Strix Halo,12,24,3.2,5.0,Socket FP11,4,64,55,Jan 2025,2025-01-01,42849,3949,,,,https://www.techpowerup.com/cpu-specs/ryzen-ai-max-pro-390.c3999,https://www.cpubenchmark.net/cpu.php?cpu=AMD+Ryzen+AI+Max+Pro+390&id=6399,ryzenaimaxpro390
Intel,Celeron N2807,Bay Trail-M,2,2,1.58,2.16,BGA 1170,22,,4,Feb 2014,2014-02-01,492,565,5341,,,https://www.techpowerup.com/cpu-specs/celeron-n2807.c1886,https://www.cpubenchmark.net/cpu_lookup.php?cpu=Intel+Celeron+N2807+%40+1.58GHz&id=2263,celeronn2807
Intel,Core 2 Duo T9550,Penryn,2,2,2.667,,Socket P,45,,35,Dec 2008,2008-12-01,995,1073,4691,3.33,298.95,https://www.techpowerup.com/cpu-specs/core-2-duo-t9550.c2738,https://www.cpubenchmark.net/cpu_lookup.php?cpu=Intel+Core2+Duo+T9550+%40+2.66GHz&id=1011,core2duot9550
Intel,Core 2 Extreme X7900,Merom XE,2,2,2.8,,Socket P,65,,44,Aug 2007,2007-08-01,1135,1102,4536,7.1,159.95,https://www.techpowerup.com/cpu-specs/core-2-extreme-x7900.c1385,https://www.cpubenchmark.net/cpu_lookup.php?cpu=Intel+Core2+Extreme+X7900+%40+2.80GHz&id=1028,core2extremex7900
Intel,Core i3-9000,Coffee Lake,4,4,3.7,,Socket 1151,14,6,65,Sep 2018,2018-09-01,,,,,,https://www.techpowerup.com/cpu-specs/core-i3-9000.c2095,,corei39000
Intel,Core i5-11500H,Tiger Lake-H,6,12,2.4,4.6,BGA 1787,10,12,35,May 2021,2021-05-01,15252,2987,1333,61.01,250.0,https://www.techpowerup.com/cpu-specs/core-i5-11500h.c2481,https://www.cpubenchmark.net/cpu_lookup.php?cpu=Intel+Core+i5-11500H+%40+2.90GHz&id=4399,corei511500h
Intel,Pentium III 1400S,Tualatin,1,1,1.4,,Socket 370,130,,32,Jan 2002,2002-01-01,194,,5824,,,https://www.techpowerup.com/cpu-specs/pentium-iii-1400s.c1276,https://www.cpubenchmark.net/cpu_lookup.php?cpu=Intel+Pentium+III+1400S+%40+1400MHz&id=1146,pentiumiii1400s
Intel,Pentium M 740,Dothan,1,1,1.73,,Socket 479,90,,27,Jan 2005,2005-01-01,,,,,,https://www.techpowerup.com/cpu-specs/pentium-m-740.c150,,pentiumm740
Intel,Xeon 6740E,Sierra Forest,96,96,2.4,3.2,Socket 4710,5,96,250,Jun 2024,2024-06-01,76167,,102,14.47,5265.0,https://www.techpowerup.com/cpu-specs/xeon-6740e.c3660,https://www.cpubenchmark.net/cpu_lookup.php?cpu=Intel+Xeon+6740E&id=6269,xeon6740e
Intel,Xeon Platinum 8462Y+,Sapphire Rapids,32,64,2.8,4.1,Socket 4677,10,60,300,Jan 2023,2023-01-01,,,,,,https://www.techpowerup.com/cpu-specs/xeon-platinum-8462y.c3137,,xeonplatinum8462y
Intel,Xeon w5-3425,Sapphire Rapids,12,24,3.2,4.6,Socket 4677,10,30,270,Feb 2023,2023-02-01,36365,,427,30.58,1189.0,https://www.techpowerup.com/cpu-specs/xeon-w5-3425.c3112,https://www.cpubenchmark.net/cpu_lookup.php?cpu=Intel+Xeon+w5-3425&id=5598,xeonw53425
AMD,A10 PRO-7850B,Kaveri,4,4,3.7,4.0,Socket FM2+,28,,95,Jul 2014,2014-07-01,,,,,,https://www.techpowerup.com/cpu-specs/a10-pro-7850b.c2603,,a10pro7850b
AMD,A4 PRO-7300B,Richland,2,2,3.8,4.0,Socket FM2,32,,65,Aug 2014,2014-08-01,,,,,,https://www.techpowerup.com/cpu-specs/a4-pro-7300b.c2647,,a4pro7300b
AMD,Athlon 1000,Magnolia,1,1,1.0,,Slot A,180,,65,Mar 2000,2000-03-01,,,,,,https://www.techpowerup.com/cpu-specs/athlon-1000.c3769,,athlon1000
AMD,Athlon Gold 20,Mendocino,2,4,2.4,3.7,Socket FT6,6,4,15,Oct 2025,2025-10-01,,,,,,https://www.techpowerup.com/cpu-specs/athlon-gold-20.c4262,,athlongold20
AMD,Athlon PRO 200GE,Zen,2,4,3.2,,Socket AM4,14,4,35,Sep 2018,2018-09-01,3897,,,,,https://www.techpowerup.com/cpu-specs/athlon-pro-200ge.c2074,https://www.cpubenchmark.net/cpu.php?cpu=AMD+Athlon+PRO+200GE&id=3269,athlonpro200ge
AMD,FX-8170,Zambezi,8,8,3.9,4.5,Socket AM3+,32,8,125,Oct 2012,2012-10-01,,,,,,https://www.techpowerup.com/cpu-specs/fx-8170.c1204,,fx8170
AMD,PRO A12-9800E,Bristol Ridge,4,4,3.1,3.8,Socket AM4,28,,35,Jul 2017,2017-07-01,,,,,,https://www.techpowerup.com/cpu-specs/pro-a12-9800e.c2612,,proa129800e
AMD,Ryzen 3 PRO 1200,Zen,4,4,3.1,3.4,Socket AM4,14,8,65,Jun 2017,2017-06-01,5329,,,,,https://www.techpowerup.com/cpu-specs/ryzen-3-pro-1200.c1919,https://www.cpubenchmark.net/cpu.php?cpu=AMD+Ryzen+3+PRO+1200&id=3073,ryzen3pro1200
AMD,Ryzen AI 5 PRO 440,Gorgon Point,6,12,2.0,4.8,Socket FP8,4,8,28,Jan 2026,2026-01-01,21191,3857,,,,https://www.techpowerup.com/cpu-specs/ryzen-ai-5-pro-440.c4317,https://www.cpubenchmark.net/cpu.php?cpu=AMD+Ryzen+AI+5+PRO+440&id=7359,ryzenai5pro440
AMD,Ryzen AI Embedded X188i,Strix Halo,12,24,3.2,5.0,Socket FP11,4,64,55,Jul 2026,2026-07-01,,,,,,https://www.techpowerup.com/cpu-specs/ryzen-ai-embedded-x188i.c4513,,ryzenaiembeddedx188i
AMD,Ryzen Embedded V3C18I,Rembrandt,8,16,1.9,3.8,Socket FP7,6,16,15,Sep 2022,2022-09-01,12420,,,,,https://www.techpowerup.com/cpu-specs/ryzen-embedded-v3c18i.c3318,https://www.cpubenchmark.net/cpu.php?cpu=AMD+Ryzen+Embedded+V3C18I&id=5613,ryzenembeddedv3c18i
Intel,Atom P5962B,Snow Ridge,24,24,2.2,,BGA 2106,10,,,Feb 2020,2020-02-01,,,,,,https://www.techpowerup.com/cpu-specs/atom-p5962b.c4490,,atomp5962b
Intel,Atom x7213E,Alder Lake-N,2,2,1.7,3.2,BGA 1264,10,6,10,Jan 2023,2023-01-01,,,,,,https://www.techpowerup.com/cpu-specs/atom-x7213e.c3011,,atomx7213e
Intel,Core i3-3250,Ivy Bridge,2,4,3.5,,Socket 1155,22,3,55,Jun 2013,2013-06-01,2457,,3518,27.3,90.0,https://www.techpowerup.com/cpu-specs/core-i3-3250.c3503,https://www.cpubenchmark.net/cpu_lookup.php?cpu=Intel+Core+i3-3250+%40+3.50GHz&id=2034,corei33250
Intel,Core i9-7940X,Skylake-X,14,28,3.1,4.4,Socket 2066,14,19,165,Sep 2017,2017-09-01,25171,,761,82.83,303.88,https://www.techpowerup.com/cpu-specs/core-i9-7940x.c1951,https://www.cpubenchmark.net/cpu_lookup.php?cpu=Intel+Core+i9-7940X+%40+3.10GHz&id=3094,corei97940x
Intel,Xeon E-2276G,Coffee Lake-S WS,6,12,3.8,4.9,Socket 1151,14,12,80,May 2019,2019-05-01,14056,,1417,30.54,460.29,https://www.techpowerup.com/cpu-specs/xeon-e-2276g.c3535,https://www.cpubenchmark.net/cpu_lookup.php?cpu=Intel+Xeon+E-2276G+%40+3.80GHz&id=3596,xeone2276g
Intel,Xeon E5-1660,Sandy Bridge-E,6,12,3.3,3.9,Socket 2011,32,15,130,Mar 2012,2012-03-01,8323,,1901,31.15,267.19,https://www.techpowerup.com/cpu-specs/xeon-e5-1660.c985,https://www.cpubenchmark.net/cpu_lookup.php?cpu=Intel+Xeon+E5-1660+%40+3.30GHz&id=1212,xeone51660
Intel,Xeon Gold 5318Y,Ice Lake-SP,24,48,2.1,3.4,Socket 4189,10,36,165,Apr 2021,2021-04-01,33139,,491,24.53,1350.88,https://www.techpowerup.com/cpu-specs/xeon-gold-5318y.c2444,https://www.cpubenchmark.net/cpu_lookup.php?cpu=Intel+Xeon+Gold+5318Y+%40+2.10GHz&id=4703,xeongold5318y
Intel,Xeon Max 9462,Sapphire Rapids HBM,32,64,2.7,3.5,Socket 4677,10,75,350,Jan 2023,2023-01-01,44153,,332,5.52,7995.0,https://www.techpowerup.com/cpu-specs/xeon-max-9462.c3088,https://www.cpubenchmark.net/cpu_lookup.php?cpu=Intel+Xeon+Max+9462&id=7279,xeonmax9462
Intel,Xeon w9-3475X,Sapphire Rapids,36,72,2.2,4.8,Socket 4677,10,82,300,Feb 2023,2023-02-01,64370,,154,16.12,3992.85,https://www.techpowerup.com/cpu-specs/xeon-w9-3475x.c3107,https://www.cpubenchmark.net/cpu_lookup.php?cpu=Intel+Xeon+w9-3475X&id=5315,xeonw93475x
AMD,A10-5757M,Richland,4,4,2.5,3.5,Socket FP2,32,,35,Jun 2013,2013-06-01,,,,,,https://www.techpowerup.com/cpu-specs/a10-5757m.c1619,,a105757m
AMD,EPYC 9184X,Genoa-X,16,32,3.55,4.2,Socket SP5,5,768,320,Jun 2023,2023-06-01,48058,,,,3750.0,https://www.techpowerup.com/cpu-specs/epyc-9184x.c3255,https://www.cpubenchmark.net/cpu.php?cpu=AMD+EPYC+9184X&id=5898,epyc9184x
AMD,PRO A12-8870E,Carrizo,4,4,2.9,3.7,Socket AM4,28,,35,Oct 2016,2016-10-01,,,,,,https://www.techpowerup.com/cpu-specs/pro-a12-8870e.c2610,,proa128870e
AMD,Ryzen 7 PRO 5755GE,Cezanne,8,16,3.2,4.6,Socket AM4,7,16,35,Sep 2024,2024-09-01,20870,,,,,https://www.techpowerup.com/cpu-specs/ryzen-7-pro-5755ge.c4126,https://www.cpubenchmark.net/cpu.php?cpu=AMD+Ryzen+7+PRO+5755GE&id=6511,ryzen7pro5755ge
Intel,Core i3-3220T,Ivy Bridge,2,4,2.8,,Socket 1155,22,3,35,Sep 2012,2012-09-01,1958,,3846,13.35,146.69,https://www.techpowerup.com/cpu-specs/core-i3-3220t.c1055,https://www.cpubenchmark.net/cpu_lookup.php?cpu=Intel+Core+i3-3220T+%40+2.80GHz&id=1473,corei33220t
Intel,Core i5-110,Comet Lake,6,12,2.9,4.3,Socket 1200,14,12,65,Sep 2025,2025-09-01,,,,,,https://www.techpowerup.com/cpu-specs/core-i5-110.c4240,,corei5110
Intel,Xeon 5080,Dempsey,2,4,3.73,,Socket 771,65,,130,May 2006,2006-05-01,,,,,,https://www.techpowerup.com/cpu-specs/xeon-5080.c380,,xeon5080
Intel,Xeon Silver 4509Y,Sapphire Rapids,8,16,2.6,4.1,Socket 4677,10,22,125,Dec 2023,2023-12-01,18337,,1132,,,https://www.techpowerup.com/cpu-specs/xeon-silver-4509y.c3497,https://www.cpubenchmark.net/cpu_lookup.php?cpu=Intel+Xeon+Silver+4509Y&id=6081,xeonsilver4509y
Intel,Xeon w7-2595X,Sapphire Rapids,26,52,2.8,4.8,Socket 4677,10,48,250,Aug 2024,2024-08-01,64397,,153,27.62,2331.37,https://www.techpowerup.com/cpu-specs/xeon-w7-2595x.c3808,https://www.cpubenchmark.net/cpu_lookup.php?cpu=Intel+Xeon+w7-2595X&id=6599,xeonw72595x
AMD,Athlon II X4 631,Llano,4,4,2.6,,Socket FM1,32,,100,Aug 2011,2011-08-01,,,,,,https://www.techpowerup.com/cpu-specs/athlon-ii-x4-631.c777,,athloniix4631
AMD,Athlon II X4 651K,Llano,4,4,3.0,,Socket FM1,32,,100,Nov 2011,2011-11-01,,,,,,https://www.techpowerup.com/cpu-specs/athlon-ii-x4-651k.c1048,,athloniix4651k
AMD,Athlon XP 1600+,Palomino,1,1,1.4,,Socket A,180,,63,Oct 2001,2001-10-01,,,,,,https://www.techpowerup.com/cpu-specs/athlon-xp-1600.c120,,athlonxp1600
AMD,Athlon XP 1800+,Thoroughbred,1,1,1.533,,Socket A,130,,51,Jun 2002,2002-06-01,,,,,,https://www.techpowerup.com/cpu-specs/athlon-xp-1800.c110,,athlonxp1800
AMD,EPYC 9356P,Venice,32,64,3.6,4.5,Socket SP8,2,192,250,Jul 2026,2026-07-01,,,,,,https://www.techpowerup.com/cpu-specs/epyc-9356p.c4555,,epyc9356p
AMD,EPYC 9556,Venice,64,128,2.75,4.3,Socket SP7,2,384,300,Jul 2026,2026-07-01,,,,,,https://www.techpowerup.com/cpu-specs/epyc-9556.c4540,,epyc9556
AMD,Phenom II X4 850,Propus,4,4,3.3,,Socket AM3,45,,95,Jun 2011,2011-06-01,,,,,,https://www.techpowerup.com/cpu-specs/phenom-ii-x4-850.c750,,phenomiix4850
AMD,Phenom II X4 B95,Deneb,4,4,3.0,,Socket AM3,45,6,95,Oct 2009,2009-10-01,,,,,,https://www.techpowerup.com/cpu-specs/phenom-ii-x4-b95.c754,,phenomiix4b95
AMD,Sempron 3200+,Manila,1,1,1.8,,Socket AM2,90,,62,May 2006,2006-05-01,,,,,,https://www.techpowerup.com/cpu-specs/sempron-3200.c555,,sempron3200
Intel,Core i5-11500T,Rocket Lake,6,12,1.5,3.9,Socket 1200,14,12,35,Mar 2021,2021-03-01,12761,,1523,66.46,192.0,https://www.techpowerup.com/cpu-specs/core-i5-11500t.c2404,https://www.cpubenchmark.net/cpu_lookup.php?cpu=Intel+Core+i5-11500T+%40+1.50GHz&id=4526,corei511500t
Intel,Core i5-3570S,Ivy Bridge,4,4,3.1,3.8,Socket 1155,22,6,65,Jun 2012,2012-06-01,4696,,2627,78.28,59.99,https://www.techpowerup.com/cpu-specs/core-i5-3570s.c1058,https://www.cpubenchmark.net/cpu_lookup.php?cpu=Intel+Core+i5-3570S+%40+3.10GHz&id=829,corei53570s
Intel,Core m5-6Y57,Skylake-Y,2,4,1.1,2.8,BGA 1515,14,4,5,Sep 2015,2015-09-01,2361,1343,3580,,,https://www.techpowerup.com/cpu-specs/core-m5-6y57.c3588,https://www.cpubenchmark.net/cpu_lookup.php?cpu=Intel+Core+m5-6Y57+%40+1.10GHz&id=2670,corem56y57
Intel,Pentium 4 HT Extreme Edition 3.40,Gallatin,1,2,3.4,,Socket 775,130,2,103,Jun 2004,2004-06-01,,,,,,https://www.techpowerup.com/cpu-specs/pentium-4-ht-extreme-edition-3-40.c8,,pentium4htextremeedition340
Intel,Xeon E-2104G,Coffee Lake-S WS,4,4,3.2,,Socket 1151,14,8,65,Jul 2018,2018-07-01,5703,,2388,11.18,510.0,https://www.techpowerup.com/cpu-specs/xeon-e-2104g.c3488,https://www.cpubenchmark.net/cpu_lookup.php?cpu=Intel+Xeon+E-2104G+%40+3.20GHz&id=3342,xeone2104g
Intel,Xeon L5410,Harpertown,4,4,2.333,,Socket 771,45,,50,Mar 2008,2008-03-01,1853,,3929,18.52,100.08,https://www.techpowerup.com/cpu-specs/xeon-l5410.c4152,https://www.cpubenchmark.net/cpu_lookup.php?cpu=Intel+Xeon+L5410+%40+2.33GHz&id=1706,xeonl5410
Intel,Xeon Platinum 8580,Emerald Rapids,60,120,2.0,4.0,Socket 4677,10,300,350,Dec 2023,2023-12-01,,,,,,https://www.techpowerup.com/cpu-specs/xeon-platinum-8580.c3409,,xeonplatinum8580
Qualcomm,Snapdragon X2E-84-100,Glymur,12,12,4.032,4.728,Qualcomm BGA 2620,3,6,,Apr 2026,2026-04-01,,,,,,https://www.techpowerup.com/cpu-specs/snapdragon-x2e-84-100.c4568,,snapdragonx2e84100
AMD,Athlon 64 FX-51,SledgeHammer,1,1,2.2,,Socket 940,130,,89,Sep 2003,2003-09-01,,,,,,https://www.techpowerup.com/cpu-specs/athlon-64-fx-51.c35,,athlon64fx51
AMD,Athlon XP 2200+,Thoroughbred,1,1,1.8,,Socket A,130,,63,Jan 2001,2001-01-01,,,,,,https://www.techpowerup.com/cpu-specs/athlon-xp-2200.c104,,athlonxp2200
AMD,EPYC 72F3,Milan,8,16,3.7,4.1,Socket SP3,7,256,180,Mar 2021,2021-03-01,27252,,,,1146.45,https://www.techpowerup.com/cpu-specs/epyc-72f3.c2391,https://www.cpubenchmark.net/cpu.php?cpu=AMD+EPYC+72F3&id=4641,epyc72f3
AMD,EPYC 7643,Milan,48,96,2.3,3.6,Socket SP3,7,256,225,Mar 2021,2021-03-01,76259,,,,1267.0,https://www.techpowerup.com/cpu-specs/epyc-7643.c2377,https://www.cpubenchmark.net/cpu.php?cpu=AMD+EPYC+7643&id=4205,epyc7643
Intel,Core i3-9300,Coffee Lake,4,4,3.7,4.3,Socket 1151,14,8,62,Apr 2019,2019-04-01,7070,,2105,56.16,125.89,https://www.techpowerup.com/cpu-specs/core-i3-9300.c2188,https://www.cpubenchmark.net/cpu_lookup.php?cpu=Intel+Core+i3-9300+%40+3.70GHz&id=3510,corei39300
Intel,Core i5-1135G7 (IPU),Tiger Lake-U,4,8,1.5,4.2,BGA 1449,10,8,15,Sep 2020,2020-09-01,,,,,,https://www.techpowerup.com/cpu-specs/core-i5-1135g7-ipu.c4218,,corei51135g7ipu
Intel,Pentium 3825U,Broadwell-U,2,4,1.9,,BGA 1168,14,2,15,Mar 2015,2015-03-01,1401,1100,4285,,,https://www.techpowerup.com/cpu-specs/pentium-3825u.c2689,https://www.cpubenchmark.net/cpu_lookup.php?cpu=Intel+Pentium+3825U+%40+1.90GHz&id=2579,pentium3825u
Intel,Xeon w3-2425,Sapphire Rapids,6,12,3.0,4.4,Socket 4677,10,15,130,Feb 2023,2023-02-01,18464,,1122,34.9,529.0,https://www.techpowerup.com/cpu-specs/xeon-w3-2425.c3119,https://www.cpubenchmark.net/cpu_lookup.php?cpu=Intel+Xeon+w3-2425&id=5469,xeonw32425
AMD,Athlon 64 FX-55,San Diego,1,1,2.6,,Socket 939,90,,104,Oct 2004,2004-10-01,,,,,,https://www.techpowerup.com/cpu-specs/athlon-64-fx-55.c31,,athlon64fx55
AMD,E2-3800,Kabini,4,4,1.3,,Socket FT3,28,,15,Jan 2014,2014-01-01,,,,,,https://www.techpowerup.com/cpu-specs/e2-3800.c2512,,e23800
AMD,EPYC 9276F,Venice,24,48,3.8,5.0,Socket SP8,2,96,230,Jul 2026,2026-07-01,,,,,,https://www.techpowerup.com/cpu-specs/epyc-9276f.c4558,,epyc9276f
AMD,Opteron 6282 SE,Interlagos,16,16,2.6,3.3,Socket G34,32,8,140,Nov 2011,2011-11-01,6385,,,,770.11,https://www.techpowerup.com/cpu-specs/opteron-6282-se.c1298,https://www.cpubenchmark.net/cpu.php?cpu=AMD+Opteron+6282+SE&id=1846,opteron6282se
AMD,Ryzen 7 PRO 5845,Vermeer,8,16,3.4,4.6,Socket AM4,7,32,65,Apr 2022,2022-04-01,26054,,,,,https://www.techpowerup.com/cpu-specs/ryzen-7-pro-5845.c4119,https://www.cpubenchmark.net/cpu.php?cpu=AMD+Ryzen+7+PRO+5845&id=5006,ryzen7pro5845
AMD,Ryzen AI Max PRO 490,Gorgon Halo,12,24,3.2,5.0,Socket FP11,4,64,55,May 2026,2026-05-01,,,,,,https://www.techpowerup.com/cpu-specs/ryzen-ai-max-pro-490.c4421,,ryzenaimaxpro490
Intel,Core i5-3470T,Ivy Bridge,2,4,2.9,3.6,Socket 1155,22,3,35,Jun 2012,2012-06-01,2998,,3230,11.1,269.95,https://www.techpowerup.com/cpu-specs/core-i5-3470t.c1041,https://www.cpubenchmark.net/cpu_lookup.php?cpu=Intel+Core+i5-3470T+%40+2.90GHz&id=824,corei53470t
Intel,Core Ultra 3 105UL,Meteor Lake-PS,8,10,1.5,4.2,Socket 1851,7,10,15,Apr 2024,2024-04-01,10285,,1708,34.86,295.0,https://www.techpowerup.com/cpu-specs/core-ultra-3-105ul.c3709,https://www.cpubenchmark.net/cpu_lookup.php?cpu=Intel+Core+Ultra+3+105UL&id=7151,coreultra3105ul
Intel,Pentium 4 2.60,Northwood,1,1,2.6,,Socket 478,130,,92,Aug 2002,2002-08-01,,,,,,https://www.techpowerup.com/cpu-specs/pentium-4-2-60.c284,,pentium4260
Intel,Pentium G2130,Ivy Bridge,2,2,3.2,,Socket 1155,22,3,55,Jan 2013,2013-01-01,1917,,3874,19.17,100.0,https://www.techpowerup.com/cpu-specs/pentium-g2130.c1497,https://www.cpubenchmark.net/cpu_lookup.php?cpu=Intel+Pentium+G2130+%40+3.20GHz&id=1864,pentiumg2130
Intel,Xeon w5-2465X,Sapphire Rapids,16,32,3.1,4.7,Socket 4677,10,33,200,Feb 2023,2023-02-01,44950,,324,29.42,1527.95,https://www.techpowerup.com/cpu-specs/xeon-w5-2465x.c3115,https://www.cpubenchmark.net/cpu_lookup.php?cpu=Intel+Xeon+w5-2465X&id=5463,xeonw52465x
Intel,Xeon X5355,Clovertown,4,4,2.667,,Socket 771,65,,120,Nov 2006,2006-11-01,2039,,3790,6.8,299.95,https://www.techpowerup.com/cpu-specs/xeon-x5355.c3489,https://www.cpubenchmark.net/cpu_lookup.php?cpu=Intel+Xeon+X5355+%40+2.66GHz&id=1294,xeonx5355
Intel,Xeon X5365,Clovertown,4,4,3.0,,Socket 771,65,,150,Aug 2007,2007-08-01,2331,,3603,17.94,129.95,https://www.techpowerup.com/cpu-specs/xeon-x5365.c3433,https://www.cpubenchmark.net/cpu_lookup.php?cpu=Intel+Xeon+X5365+%40+3.00GHz&id=1295,xeonx5365
AMD,Athlon XP 1800+,Thoroughbred,1,1,1.533,,Socket A,130,,51,Jan 2001,2001-01-01,,,,,,https://www.techpowerup.com/cpu-specs/athlon-xp-1800.c111,,athlonxp1800
AMD,EPYC Embedded 3451,Zen,16,32,2.15,3.0,BGA SP4r2,14,32,100,Feb 2018,2018-02-01,,,,,,https://www.techpowerup.com/cpu-specs/epyc-embedded-3451.c3204,,epycembedded3451
AMD,PRO A4-8350B,Kaveri,2,2,3.5,3.9,Socket FM2+,28,,65,Sep 2015,2015-09-01,,,,,,https://www.techpowerup.com/cpu-specs/pro-a4-8350b.c2638,,proa48350b
AMD,Ryzen Embedded R1606G,Zen,2,4,2.6,3.5,Socket FP5,14,4,25,Feb 2020,2020-02-01,4124,,,,,https://www.techpowerup.com/cpu-specs/ryzen-embedded-r1606g.c2844,https://www.cpubenchmark.net/cpu.php?cpu=AMD+Ryzen+Embedded+R1606G&id=3659,ryzenembeddedr1606g
Intel,Core i3-4000M,Haswell,2,4,2.4,,Socket G3,22,3,37,Sep 2013,2013-09-01,1808,1270,3970,31.11,58.12,https://www.techpowerup.com/cpu-specs/core-i3-4000m.c1728,https://www.cpubenchmark.net/cpu_lookup.php?cpu=Intel+Core+i3-4000M+%40+2.40GHz&id=2072,corei34000m
Intel,Core i5-14600T,Raptor Lake-R,14,20,1.8,5.1,Socket 1700,10,24,35,Jan 2024,2024-01-01,26409,,717,103.57,255.0,https://www.techpowerup.com/cpu-specs/core-i5-14600t.c3451,https://www.cpubenchmark.net/cpu_lookup.php?cpu=Intel+Core+i5-14600T&id=5994,corei514600t
Intel,Core i5-5257U,Broadwell-U,2,4,2.7,3.1,BGA 1168,14,3,28,Mar 2015,2015-03-01,2831,1737,3304,,,https://www.techpowerup.com/cpu-specs/core-i5-5257u.c1804,https://www.cpubenchmark.net/cpu_lookup.php?cpu=Intel+Core+i5-5257U+%40+2.70GHz&id=2504,corei55257u
Intel,Pentium 4 1.7,Willamette,1,1,1.7,,Socket 478,180,,64,Aug 2001,2001-08-01,,,,,,https://www.techpowerup.com/cpu-specs/pentium-4-1-7.c1272,,pentium417
Intel,Pentium 4 HT 2.80,Northwood,1,2,2.8,,Socket 478,130,,70,May 2003,2003-05-01,,,,,,https://www.techpowerup.com/cpu-specs/pentium-4-ht-2-80.c272,,pentium4ht280
Intel,Xeon E7-8880 v3,Haswell-EX,18,36,2.3,3.1,Socket 2011-1,22,45,150,Jun 2015,2015-06-01,18244,,1142,137.17,133.0,https://www.techpowerup.com/cpu-specs/xeon-e7-8880-v3.c1820,https://www.cpubenchmark.net/cpu_lookup.php?cpu=Intel+Xeon+E7-8880+v3+%40+2.30GHz&id=2831,xeone78880v3
Intel,Xeon Phi 7295,Knights Mill,72,288,1.5,1.6,Socket 3647,14,,320,Dec 2017,2017-12-01,,,,,,https://www.techpowerup.com/cpu-specs/xeon-phi-7295.c2051,,xeonphi7295
AMD,Athlon II X3 455,Rana,3,3,3.3,,Socket AM3,45,,95,Dec 2010,2010-12-01,,,,,,https://www.techpowerup.com/cpu-specs/athlon-ii-x3-455.c768,,athloniix3455
AMD,Athlon X4 940,Bristol Ridge,4,4,3.2,3.6,Socket AM4,28,,65,Jul 2017,2017-07-01,,,,,,https://www.techpowerup.com/cpu-specs/athlon-x4-940.c1963,,athlonx4940
AMD,EPYC 73F3,Milan,16,32,3.5,4.0,Socket SP3,7,256,240,Mar 2021,2021-03-01,46103,,,,2331.1,https://www.techpowerup.com/cpu-specs/epyc-73f3.c2387,https://www.cpubenchmark.net/cpu.php?cpu=AMD+EPYC+73F3&id=4403,epyc73f3
AMD,Ryzen 3 7440U,Phoenix2,4,8,3.0,4.7,Socket FP7,4,8,28,May 2023,2023-05-01,13100,3158,,,,https://www.techpowerup.com/cpu-specs/ryzen-3-7440u.c3363,https://www.cpubenchmark.net/cpu.php?cpu=AMD+Ryzen+3+7440U&id=5806,ryzen37440u
AMD,Ryzen AI 5 PRO 435,Gorgon Point,6,12,2.0,4.5,Socket FP8,4,4,28,Jan 2026,2026-01-01,18634,3732,,,,https://www.techpowerup.com/cpu-specs/ryzen-ai-5-pro-435.c4318,https://www.cpubenchmark.net/cpu.php?cpu=AMD+Ryzen+AI+5+PRO+435&id=7190,ryzenai5pro435
Intel,Celeron E1500,Allendale,2,2,2.2,,Socket 775,65,,65,Nov 2008,2008-11-01,626,,5164,31.86,19.65,https://www.techpowerup.com/cpu-specs/celeron-e1500.c838,https://www.cpubenchmark.net/cpu_lookup.php?cpu=Intel+Celeron+E1500+%40+2.20GHz&id=675,celerone1500
Intel,Core i7-3540M,Ivy Bridge,2,4,3.0,3.7,BGA 1023,22,4,35,Jan 2013,2013-01-01,2973,1784,3243,27.53,108.02,https://www.techpowerup.com/cpu-specs/core-i7-3540m.c1522,https://www.cpubenchmark.net/cpu_lookup.php?cpu=Intel+Core+i7-3540M+%40+3.00GHz&id=1857,corei73540m
Intel,Core i7-3720QM,Ivy Bridge,4,8,2.6,3.6,Socket G2 (988B),22,6,45,Apr 2012,2012-04-01,5551,1830,2439,55.54,99.95,https://www.techpowerup.com/cpu-specs/core-i7-3720qm.c1013,https://www.cpubenchmark.net/cpu_lookup.php?cpu=Intel+Core+i7-3720QM+%40+2.60GHz&id=895,corei73720qm
Intel,Core Ultra 5 134U,Meteor Lake,12,14,0.7,4.4,BGA 2551,7,12,9,Dec 2023,2023-12-01,13209,3157,1480,39.78,332.0,https://www.techpowerup.com/cpu-specs/core-ultra-5-134u.c3555,https://www.cpubenchmark.net/cpu_lookup.php?cpu=Intel+Core+Ultra+5+134U&id=6065,coreultra5134u
Intel,Pentium 6805,Ice Lake-Y,2,4,1.1,3.0,BGA 1526,10,4,15,Oct 2020,2020-10-01,4472,1851,2683,27.78,161.0,https://www.techpowerup.com/cpu-specs/pentium-6805.c3590,https://www.cpubenchmark.net/cpu_lookup.php?cpu=Intel+Pentium+6805+%40+1.10GHz&id=4431,pentium6805
Intel,Xeon 636,Granite Rapids,12,24,3.5,4.7,Socket 4710,5,48,170,Feb 2026,2026-02-01,44356,,330,63.01,704.0,https://www.techpowerup.com/cpu-specs/xeon-636.c4335,https://www.cpubenchmark.net/cpu_lookup.php?cpu=Intel+Xeon+636&id=7368,xeon636
Intel,Xeon 6766E,Sierra Forest,144,144,1.9,2.7,Socket 4710,5,108,250,Jun 2024,2024-06-01,,,,,,https://www.techpowerup.com/cpu-specs/xeon-6766e.c3663,,xeon6766e
Intel,Xeon E5606,Westmere-EP,4,4,2.133,,Socket 1366,32,8,80,Feb 2011,2011-02-01,2443,,3526,30.54,80.0,https://www.techpowerup.com/cpu-specs/xeon-e5606.c931,https://www.cpubenchmark.net/cpu_lookup.php?cpu=Intel+Xeon+E5606+%40+2.13GHz&id=1247,xeone5606
Intel,Xeon L5640,Westmere-EP,6,12,2.266,2.8,Socket 1366,32,12,60,Mar 2010,2010-03-01,4742,,2617,52.71,89.95,https://www.techpowerup.com/cpu-specs/xeon-l5640.c953,https://www.cpubenchmark.net/cpu_lookup.php?cpu=Intel+Xeon+L5640+%40+2.27GHz&id=1263,xeonl5640
Intel,Xeon Silver 4316,Ice Lake-SP,20,40,2.3,3.4,Socket 4189,10,30,150,Apr 2021,2021-04-01,33379,,486,17.17,1944.45,https://www.techpowerup.com/cpu-specs/xeon-silver-4316.c2452,https://www.cpubenchmark.net/cpu_lookup.php?cpu=Intel+Xeon+Silver+4316+%40+2.30GHz&id=4481,xeonsilver4316
Intel,Xeon W3503,Bloomfield,2,2,2.4,,Socket 1366,45,4,130,Mar 2009,2009-03-01,1105,,4564,110.65,9.99,https://www.techpowerup.com/cpu-specs/xeon-w3503.c907,https://www.cpubenchmark.net/cpu_lookup.php?cpu=Intel+Xeon+W3503+%40+2.40GHz&id=1264,xeonw3503
AMD,A6-4455M,Trinity,2,2,2.1,2.6,Socket FP2,32,,17,May 2012,2012-05-01,,,,,,https://www.techpowerup.com/cpu-specs/a6-4455m.c1027,,a64455m
AMD,A6-9200 SoC,Stoney Ridge,2,2,2.0,2.8,Socket FT4,28,,10,May 2016,2016-05-01,,1019,,,,https://www.techpowerup.com/cpu-specs/a6-9200-soc.c3698,https://www.cpubenchmark.net/cpu.php?cpu=AMD+A6-9200&id=3221,a69200
AMD,A6-9550,Bristol Ridge,2,2,3.8,4.0,Socket AM4,28,,65,Jul 2017,2017-07-01,,,,,,https://www.techpowerup.com/cpu-specs/a6-9550.c1958,,a69550
AMD,Athlon 64 X2 3800+,Toledo,2,2,2.0,,Socket 939,90,,89,Aug 2005,2005-08-01,,,,,,https://www.techpowerup.com/cpu-specs/athlon-64-x2-3800.c432,,athlon64x23800
AMD,EPYC 8024P,Siena,8,16,2.4,3.0,Socket SP6,5,32,90,Sep 2023,2023-09-01,20427,,,,470.07,https://www.techpowerup.com/cpu-specs/epyc-8024p.c3294,https://www.cpubenchmark.net/cpu.php?cpu=AMD+EPYC+8024P&id=5937,epyc8024p
AMD,Opteron 6344,Abu Dhabi,12,12,2.6,3.2,Socket G34,32,8,115,Nov 2012,2012-11-01,6069,,,,49.0,https://www.techpowerup.com/cpu-specs/opteron-6344.c3727,https://www.cpubenchmark.net/cpu.php?cpu=AMD+Opteron+6344&id=1978,opteron6344
AMD,Phenom II X4 955 (125W),Deneb,4,4,3.2,,Socket AM3,45,6,125,Apr 2009,2009-04-01,,,,,,https://www.techpowerup.com/cpu-specs/phenom-ii-x4-955-125w.c673,,phenomiix4955125w
AMD,Ryzen Embedded 9700X,Granite Ridge,8,16,3.8,5.5,Socket AM5,4,32,65,Oct 2025,2025-10-01,,,,,,https://www.techpowerup.com/cpu-specs/ryzen-embedded-9700x.c4411,,ryzenembedded9700x
AMD,Ryzen Embedded V2748,Renoir,8,16,2.9,4.25,Socket FP6,7,8,35,Nov 2020,2020-11-01,16945,,,,,https://www.techpowerup.com/cpu-specs/ryzen-embedded-v2748.c2804,https://www.cpubenchmark.net/cpu.php?cpu=AMD+Ryzen+Embedded+V2748&id=4319,ryzenembeddedv2748
AMD,Sempron LE-1250,Sparta,1,1,2.2,,Socket AM2,65,,45,Oct 2007,2007-10-01,,,,,,https://www.techpowerup.com/cpu-specs/sempron-le-1250.c567,,sempronle1250
Intel,Core i5-4460T,Haswell,4,4,1.9,2.7,Socket 1150,22,6,35,Mar 2014,2014-03-01,3655,,2937,,,https://www.techpowerup.com/cpu-specs/core-i5-4460t.c3507,https://www.cpubenchmark.net/cpu_lookup.php?cpu=Intel+Core+i5-4460T+%40+1.90GHz&id=2370,corei54460t
Intel,Core i5-670,Clarkdale,2,4,3.466,3.733,Socket 1156,32,4,73,Jan 2010,2010-01-01,2534,,3470,23.23,109.08,https://www.techpowerup.com/cpu-specs/core-i5-670.c662,https://www.cpubenchmark.net/cpu_lookup.php?cpu=Intel+Core+i5-670+%40+3.47GHz&id=770,corei5670
Intel,Core i7-5775R,Broadwell,4,8,3.3,3.8,BGA 1364,14,6,65,May 2015,2015-05-01,7483,,2025,,,https://www.techpowerup.com/cpu-specs/core-i7-5775r.c2687,https://www.cpubenchmark.net/cpu_lookup.php?cpu=Intel+Core+i7-5775R+%40+3.30GHz&id=2767,corei75775r
Intel,Core i7-6785R,Skylake,4,8,3.3,3.9,BGA 1440,14,8,65,May 2016,2016-05-01,,,,,,https://www.techpowerup.com/cpu-specs/core-i7-6785r.c3880,,corei76785r
Intel,Core i9-9960X,Skylake-X,16,32,3.1,4.5,Socket 2066,14,22,165,Oct 2018,2018-10-01,29532,,587,140.87,209.64,https://www.techpowerup.com/cpu-specs/core-i9-9960x.c2110,https://www.cpubenchmark.net/cpu_lookup.php?cpu=Intel+Core+i9-9960X+%40+3.10GHz&id=3405,corei99960x
Intel,Pentium 4 HT 530,Prescott,1,2,3.0,,Socket 775,90,,84,Jun 2004,2004-06-01,,,,,,https://www.techpowerup.com/cpu-specs/pentium-4-ht-530.c6,,pentium4ht530
Intel,Pentium 4 HT 570,Prescott,1,2,3.8,,Socket 775,90,,115,Jun 2004,2004-06-01,,,,,,https://www.techpowerup.com/cpu-specs/pentium-4-ht-570.c9,,pentium4ht570
Intel,Pentium G3460,Haswell,2,2,3.5,,Socket 1150,22,3,54,Jul 2014,2014-07-01,2114,,3745,16.92,125.0,https://www.techpowerup.com/cpu-specs/pentium-g3460.c1770,https://www.cpubenchmark.net/cpu_lookup.php?cpu=Intel+Pentium+G3460+%40+3.50GHz&id=2361,pentiumg3460
Intel,Xeon E3-1260L,Sandy Bridge,4,8,2.4,3.3,Socket 1155,32,8,45,Apr 2011,2011-04-01,4080,,2786,15.11,269.99,https://www.techpowerup.com/cpu-specs/xeon-e3-1260l.c819,https://www.cpubenchmark.net/cpu_lookup.php?cpu=Intel+Xeon+E3-1260L+%40+2.40GHz&id=1203,xeone31260l
Intel,Xeon E5-2420 v2,Ivy Bridge-EN,6,12,2.2,,Socket 1356,22,15,80,Sep 2013,2013-09-01,6332,,2260,56.54,111.99,https://www.techpowerup.com/cpu-specs/xeon-e5-2420-v2.c1677,https://www.cpubenchmark.net/cpu_lookup.php?cpu=Intel+Xeon+E5-2420+v2+%40+2.20GHz&id=2217,xeone52420v2
Intel,Xeon E5-2450 v2,Ivy Bridge-EN,8,16,2.5,,Socket 1356,22,20,95,Sep 2013,2013-09-01,9126,,1823,32.03,284.95,https://www.techpowerup.com/cpu-specs/xeon-e5-2450-v2.c1680,https://www.cpubenchmark.net/cpu_lookup.php?cpu=Intel+Xeon+E5-2450+v2+%40+2.50GHz&id=3068,xeone52450v2
Intel,Xeon E5-2643,Sandy Bridge-EP,4,8,3.3,3.5,Socket 2011,32,10,130,Mar 2012,2012-03-01,5253,,2514,250.52,20.97,https://www.techpowerup.com/cpu-specs/xeon-e5-2643.c967,https://www.cpubenchmark.net/cpu_lookup.php?cpu=Intel+Xeon+E5-2643+%40+3.30GHz&id=1217,xeone52643
Intel,Xeon E5-2650L v3,Haswell-EP,12,24,1.8,2.5,Socket 2011-3,22,30,65,Sep 2014,2014-09-01,11863,,1583,5.34,2222.0,https://www.techpowerup.com/cpu-specs/xeon-e5-2650l-v3.c2879,https://www.cpubenchmark.net/cpu_lookup.php?cpu=Intel+Xeon+E5-2650L+v3+%40+1.80GHz&id=2588,xeone52650lv3
Intel,Xeon W-1350P,Rocket Lake-S,6,12,4.0,5.1,Socket 1200,14,12,125,May 2021,2021-05-01,19365,,1073,64.77,299.0,https://www.techpowerup.com/cpu-specs/xeon-w-1350p.c3552,https://www.cpubenchmark.net/cpu_lookup.php?cpu=Intel+Xeon+W-1350P+%40+4.00GHz&id=4595,xeonw1350p
AMD,EPYC 7373X,Milan-X,16,32,3.05,3.8,Socket SP3,7,768,240,Mar 2022,2022-03-01,,,,,,https://www.techpowerup.com/cpu-specs/epyc-7373x.c2762,,epyc7373x
AMD,GX-217GI,Brown Falcon,2,2,1.7,2.0,Socket FP4,28,,15,Feb 2016,2016-02-01,,,,,,https://www.techpowerup.com/cpu-specs/gx-217gi.c3674,,gx217gi
AMD,Ryzen 5 5605G,Cezanne,6,12,3.9,4.4,Socket AM4,7,16,65,Feb 2025,2025-02-01,,,,,,https://www.techpowerup.com/cpu-specs/ryzen-5-5605g.c4034,,ryzen55605g
Intel,Core i5-2500S,Sandy Bridge,4,4,2.7,3.7,Socket 1155,32,6,65,Jan 2011,2011-01-01,3373,,3048,60.95,55.34,https://www.techpowerup.com/cpu-specs/core-i5-2500s.c727,https://www.cpubenchmark.net/cpu_lookup.php?cpu=Intel+Core+i5-2500S+%40+2.70GHz&id=805,corei52500s
Intel,Core i7-11600H,Tiger Lake-H,6,12,2.5,4.6,BGA 1787,10,18,35,May 2021,2021-05-01,15652,2968,1309,39.62,395.0,https://www.techpowerup.com/cpu-specs/core-i7-11600h.c2830,https://www.cpubenchmark.net/cpu_lookup.php?cpu=Intel+Core+i7-11600H+%40+2.90GHz&id=4629,corei711600h
Intel,Core i7-1195G7 (IPU),Tiger Lake-U,4,8,2.9,5.0,BGA 1449,10,12,28,May 2021,2021-05-01,,,,,,https://www.techpowerup.com/cpu-specs/core-i7-1195g7-ipu.c2485,,corei71195g7ipu
Intel,Core i7-4770R,Haswell,4,8,3.2,3.9,BGA 1364,22,6,65,Jun 2013,2013-06-01,6561,,2201,,,https://www.techpowerup.com/cpu-specs/core-i7-4770r.c1573,https://www.cpubenchmark.net/cpu_lookup.php?cpu=Intel+Core+i7-4770R+%40+3.20GHz&id=2137,corei74770r
Intel,Pentium 4 HT 3.0E,Prescott,1,2,3.0,,Socket 478,90,,115,Feb 2004,2004-02-01,,,,,,https://www.techpowerup.com/cpu-specs/pentium-4-ht-3-0e.c266,,pentium4ht30e
Intel,Pentium M 765,Dothan,1,1,2.1,,Socket 479,90,,21,Oct 2004,2004-10-01,,,,,,https://www.techpowerup.com/cpu-specs/pentium-m-765.c153,,pentiumm765
Intel,Xeon 6960E+,Clearwater Forest,144,144,2.4,3.2,Socket 7529,3,432,330,May 2026,2026-05-01,,,,,,https://www.techpowerup.com/cpu-specs/xeon-6960e.c4445,,xeon6960e
Intel,Xeon E3-1220L v3,Haswell-WS,2,4,1.1,1.5,Socket 1150,22,4,13,Sep 2013,2013-09-01,1407,,4281,,,https://www.techpowerup.com/cpu-specs/xeon-e3-1220l-v3.c1642,https://www.cpubenchmark.net/cpu_lookup.php?cpu=Intel+Xeon+E3-1220L+v3+%40+1.10GHz&id=2251,xeone31220lv3
AMD,Athlon XP 1700+,Thoroughbred,1,1,1.467,,Socket A,130,,50,Jan 2001,2001-01-01,,,,,,https://www.techpowerup.com/cpu-specs/athlon-xp-1700.c113,,athlonxp1700
AMD,EPYC 9456,Venice,48,96,3.2,3.7,Socket SP8,2,256,265,Jul 2026,2026-07-01,,,,,,https://www.techpowerup.com/cpu-specs/epyc-9456.c4553,,epyc9456
AMD,FX-4320,Vishera,4,4,4.0,4.2,Socket AM3+,32,4,95,Oct 2012,2012-10-01,,,,,,https://www.techpowerup.com/cpu-specs/fx-4320.c1211,,fx4320
AMD,Ryzen AI Max PRO 485,Gorgon Halo,8,16,3.6,5.0,Socket FP11,4,32,55,May 2026,2026-05-01,,,,,,https://www.techpowerup.com/cpu-specs/ryzen-ai-max-pro-485.c4422,,ryzenaimaxpro485
Intel,Core 2 Duo P9600,Penryn,2,2,2.667,,Socket P,45,,25,Dec 2008,2008-12-01,1040,1122,4642,46.23,22.5,https://www.techpowerup.com/cpu-specs/core-2-duo-p9600.c2731,https://www.cpubenchmark.net/cpu_lookup.php?cpu=Intel+Core2+Duo+P9600+%40+2.53GHz&id=980,core2duop9600
Intel,Core 2 Duo T7800,Merom,2,2,2.6,,Socket P,65,,35,Sep 2007,2007-09-01,909,949,4796,1.5,607.99,https://www.techpowerup.com/cpu-specs/core-2-duo-t7800.c1536,https://www.cpubenchmark.net/cpu_lookup.php?cpu=Intel+Core2+Duo+T7800+%40+2.60GHz&id=1005,core2duot7800
Intel,Core i3-2328M,Sandy Bridge,2,4,2.2,,Socket G2 (988B),32,3,35,Sep 2012,2012-09-01,1216,958,4451,8.1,150.11,https://www.techpowerup.com/cpu-specs/core-i3-2328m.c1343,https://www.cpubenchmark.net/cpu_lookup.php?cpu=Intel+Core+i3-2328M+%40+2.20GHz&id=1471,corei32328m
Intel,Core i5-1038NG7,Ice Lake-U,4,8,2.0,3.8,BGA 1344,10,6,28,May 2020,2020-05-01,8708,2140,1861,27.21,320.0,https://www.techpowerup.com/cpu-specs/core-i5-1038ng7.c2676,https://www.cpubenchmark.net/cpu_lookup.php?cpu=Intel+Core+i5-1038NG7+%40+2.00GHz&id=3723,corei51038ng7
Intel,Core i5-12600HX,Alder Lake-HX,12,16,2.5,4.6,BGA 1964,10,18,55,May 2022,2022-05-01,24411,3541,797,85.95,284.0,https://www.techpowerup.com/cpu-specs/core-i5-12600hx.c2791,https://www.cpubenchmark.net/cpu_lookup.php?cpu=Intel+Core+i5-12600HX&id=4912,corei512600hx
Intel,Pentium 4 HT 3.06,Northwood,1,2,3.06,,Socket 478,130,,110,Jun 2003,2003-06-01,,,,,,https://www.techpowerup.com/cpu-specs/pentium-4-ht-3-06.c275,,pentium4ht306
Intel,Xeon E5-2663 v3,Haswell-EP,10,20,2.8,3.5,Socket 2011-3,22,25,105,Sep 2014,2014-09-01,11777,,1595,,,https://www.techpowerup.com/cpu-specs/xeon-e5-2663-v3.c2875,https://www.cpubenchmark.net/cpu_lookup.php?cpu=Intel+Xeon+E5-2663+v3+%40+2.80GHz&id=2677,xeone52663v3
AMD,Athlon XP 2800+,Thoroughbred,1,1,2.25,,Socket A,130,,74,Oct 2002,2002-10-01,,,,,,https://www.techpowerup.com/cpu-specs/athlon-xp-2800.c1172,,athlonxp2800
AMD,EPYC 9554P,Genoa,64,128,3.1,3.75,Socket SP5,5,256,360,Nov 2022,2022-11-01,104920,,,,4550.0,https://www.techpowerup.com/cpu-specs/epyc-9554p.c2931,https://www.cpubenchmark.net/cpu.php?cpu=AMD+EPYC+9554P&id=5599,epyc9554p
AMD,Sempron 150,Sargas,1,1,2.9,,Socket AM3,45,,45,Dec 2010,2010-12-01,,,,,,https://www.techpowerup.com/cpu-specs/sempron-150.c821,,sempron150
Intel,Core 9 273PE,Bartlett Lake,12,24,2.3,5.7,Socket 1700,10,36,65,Mar 2026,2026-03-01,29875,,579,54.42,549.0,https://www.techpowerup.com/cpu-specs/core-9-273pe.c4393,https://www.cpubenchmark.net/cpu_lookup.php?cpu=Intel+Core+9+273PE&id=7254,core9273pe
Intel,Core i3-10320,Comet Lake,4,8,3.8,4.6,Socket 1200,14,8,91,Apr 2020,2020-04-01,9961,,1732,83.01,120.0,https://www.techpowerup.com/cpu-specs/core-i3-10320.c2208,https://www.cpubenchmark.net/cpu_lookup.php?cpu=Intel+Core+i3-10320+%40+3.80GHz&id=3890,corei310320
Intel,Core i3-4360,Haswell,2,4,3.7,,Socket 1150,22,4,54,May 2014,2014-05-01,3626,,2949,67.73,53.54,https://www.techpowerup.com/cpu-specs/core-i3-4360.c1749,https://www.cpubenchmark.net/cpu_lookup.php?cpu=Intel+Core+i3-4360+%40+3.70GHz&id=2244,corei34360
Intel,Core i3-9350KF,Coffee Lake,4,4,4.0,4.6,Socket 1151,14,8,91,Jan 2019,2019-01-01,7476,,2026,65.13,114.79,https://www.techpowerup.com/cpu-specs/core-i3-9350kf.c2146,https://www.cpubenchmark.net/cpu_lookup.php?cpu=Intel+Core+i3-9350KF+%40+4.00GHz&id=3459,corei39350kf
Intel,Core i5-1130G7,Tiger Lake-U,4,8,1.1,4.0,BGA 1598,10,8,15,Sep 2020,2020-09-01,8197,2331,1918,26.53,309.0,https://www.techpowerup.com/cpu-specs/core-i5-1130g7.c2349,https://www.cpubenchmark.net/cpu_lookup.php?cpu=Intel+Core+i5-1130G7+%40+1.10GHz&id=4049,corei51130g7
Intel,Core i5-3230M,Ivy Bridge,2,4,2.6,3.2,BGA 1023,22,3,35,Jan 2013,2013-01-01,2569,1571,3448,25.7,99.99,https://www.techpowerup.com/cpu-specs/core-i5-3230m.c1508,https://www.cpubenchmark.net/cpu_lookup.php?cpu=Intel+Core+i5-3230M+%40+2.60GHz&id=1849,corei53230m
Intel,Pentium D 840,Smithfield,2,2,3.2,,Socket 775,90,,130,May 2005,2005-05-01,,,,,,https://www.techpowerup.com/cpu-specs/pentium-d-840.c319,,pentiumd840
Intel,Pentium Gold G5600,Coffee Lake,2,4,3.9,,Socket 1151,14,4,54,Apr 2018,2018-04-01,3842,,2865,19.24,199.69,https://www.techpowerup.com/cpu-specs/pentium-gold-g5600.c1986,https://www.cpubenchmark.net/cpu_lookup.php?cpu=Intel+Pentium+Gold+G5600+%40+3.90GHz&id=3261,pentiumgoldg5600
Intel,Processor U300E,Raptor Lake-U,5,6,1.1,4.3,BGA 1744,10,8,15,Jan 2023,2023-01-01,,,,,,https://www.techpowerup.com/cpu-specs/processor-u300e.c3074,,processoru300e
Intel,Xeon 6979P,Granite Rapids,120,240,2.1,3.9,Socket 7529,5,504,500,Sep 2024,2024-09-01,,,,,,https://www.techpowerup.com/cpu-specs/xeon-6979p.c3863,,xeon6979p
Intel,Xeon E-2126G,Coffee Lake-S WS,6,6,3.3,4.5,Socket 1151,14,12,80,Jul 2018,2018-07-01,10460,,1692,30.76,339.99,https://www.techpowerup.com/cpu-specs/xeon-e-2126g.c3526,https://www.cpubenchmark.net/cpu_lookup.php?cpu=Intel+Xeon+E-2126G+%40+3.30GHz&id=3360,xeone2126g
AMD,A10 Micro-6700T,Mullins,4,4,1.2,2.2,Socket FT3,28,,5,Apr 2014,2014-04-01,,,,,,https://www.techpowerup.com/cpu-specs/a10-micro-6700t.c4205,,a10micro6700t
AMD,Athlon PRO 3045B,Dali,2,4,2.3,3.2,Socket FP5,14,4,15,Jan 2021,2021-01-01,,1516,,,,https://www.techpowerup.com/cpu-specs/athlon-pro-3045b.c4039,https://www.cpubenchmark.net/cpu.php?cpu=AMD+Athlon+PRO+3045B&id=5200,athlonpro3045b
AMD,EPYC Embedded 3351,Zen,12,24,1.9,3.0,BGA SP4r2,14,32,80,Feb 2018,2018-02-01,,,,,,https://www.techpowerup.com/cpu-specs/epyc-embedded-3351.c3203,,epycembedded3351
AMD,Ryzen 3 PRO 8300GE,Phoenix2,4,8,3.4,4.9,Socket AM5,4,8,35,Apr 2024,2024-04-01,14376,,,,,https://www.techpowerup.com/cpu-specs/ryzen-3-pro-8300ge.c4025,https://www.cpubenchmark.net/cpu.php?cpu=AMD+Ryzen+3+PRO+8300GE&id=6021,ryzen3pro8300ge
Intel,Core Duo T2600,Yonah,2,2,2.166,,Socket 479,65,,31,Jan 2006,2006-01-01,460,667,5382,,,https://www.techpowerup.com/cpu-specs/core-duo-t2600.c341,https://www.cpubenchmark.net/cpu_lookup.php?cpu=Intel+Core+Duo+T2600+%40+2.16GHz&id=733,coreduot2600
Intel,Core Duo T2700,Yonah,2,2,2.333,,Socket 479,65,,31,Jun 2006,2006-06-01,498,652,5329,,,https://www.techpowerup.com/cpu-specs/core-duo-t2700.c416,https://www.cpubenchmark.net/cpu_lookup.php?cpu=Intel+Core+Duo+T2700+%40+2.33GHz&id=734,coreduot2700
Intel,Core i3-7300,Kaby Lake,2,4,4.0,,Socket 1151,14,4,51,Jan 2017,2017-01-01,4537,,2669,100.52,45.13,https://www.techpowerup.com/cpu-specs/core-i3-7300.c1862,https://www.cpubenchmark.net/cpu_lookup.php?cpu=Intel+Core+i3-7300+%40+4.00GHz&id=2923,corei37300
Intel,Core i5-2540M,Sandy Bridge,2,4,2.6,,BGA 1023,32,3,35,Feb 2011,2011-02-01,2346,1394,3592,36.1,65.0,https://www.techpowerup.com/cpu-specs/core-i5-2540m.c1306,https://www.cpubenchmark.net/cpu_lookup.php?cpu=Intel+Core+i5-2540M+%40+2.60GHz&id=812,corei52540m
Intel,Core i5-750s,Lynnfield,4,4,2.4,3.2,Socket 1156,45,8,82,Jan 2010,2010-01-01,1326,,4341,9.47,140.0,https://www.techpowerup.com/cpu-specs/core-i5-750s.c661,https://www.cpubenchmark.net/cpu_lookup.php?cpu=Intel+Core+i5+750S+%40+2.40GHz&id=1659,corei5750s
Intel,Core i7-1165G7 (IPU),Tiger Lake-U,4,8,2.8,4.7,BGA 1449,10,12,28,Sep 2020,2020-09-01,,,,,,https://www.techpowerup.com/cpu-specs/core-i7-1165g7-ipu.c4216,,corei71165g7ipu
Intel,Core i7-12800HX,Alder Lake-HX,16,24,2.0,4.8,BGA 1964,10,25,55,May 2022,2022-05-01,31060,3675,530,67.97,457.0,https://www.techpowerup.com/cpu-specs/core-i7-12800hx.c2789,https://www.cpubenchmark.net/cpu_lookup.php?cpu=Intel+Core+i7-12800HX&id=4904,corei712800hx
Intel,Core i7-4765T,Haswell,4,8,2.0,3.0,Socket 1150,22,8,35,Jun 2013,2013-06-01,5037,,2564,10.1,498.95,https://www.techpowerup.com/cpu-specs/core-i7-4765t.c1476,https://www.cpubenchmark.net/cpu_lookup.php?cpu=Intel+Core+i7-4765T+%40+2.00GHz&id=2067,corei74765t
Intel,Xeon 5120,Woodcrest,2,2,1.866,,Socket 771,65,,65,Jun 2006,2006-06-01,763,,4979,3.62,210.67,https://www.techpowerup.com/cpu-specs/xeon-5120.c387,https://www.cpubenchmark.net/cpu_lookup.php?cpu=Intel+Xeon+5120+%40+1.86GHz&id=1182,xeon5120
Intel,Xeon E5640,Westmere-EP,4,8,2.666,2.933,Socket 1366,32,12,80,Mar 2010,2010-03-01,3887,,2847,56.26,69.1,https://www.techpowerup.com/cpu-specs/xeon-e5640.c935,https://www.cpubenchmark.net/cpu_lookup.php?cpu=Intel+Xeon+E5640+%40+2.67GHz&id=1251,xeone5640
AMD,A10-5800B,Trinity,4,4,3.8,4.2,Socket FM2,32,,100,Oct 2012,2012-10-01,,,,,,https://www.techpowerup.com/cpu-specs/a10-5800b.c1487,,a105800b
AMD,Athlon 64 FX-74,Windsor,2,2,3.0,,Socket F,90,,125,Nov 2006,2006-11-01,,,,,,https://www.techpowerup.com/cpu-specs/athlon-64-fx-74.c407,,athlon64fx74
AMD,Ryzen AI Embedded P185,Gorgon Point,12,24,2.0,5.1,Socket FP8,4,16,28,Mar 2026,2026-03-01,31817,,,,,https://www.techpowerup.com/cpu-specs/ryzen-ai-embedded-p185.c4362,https://www.cpubenchmark.net/cpu.php?cpu=Ryzen+AI+Embedded+P185&id=7389,ryzenaiembeddedp185
Intel,Core i7-4600M,Haswell,2,4,2.9,3.6,Socket G3,22,4,37,Sep 2013,2013-09-01,3214,1869,3116,,,https://www.techpowerup.com/cpu-specs/core-i7-4600m.c1716,https://www.cpubenchmark.net/cpu_lookup.php?cpu=Intel+Core+i7-4600M+%40+2.90GHz&id=2056,corei74600m
Intel,Pentium D 920,Presler,2,2,2.8,,Socket 775,65,,95,Jan 2006,2006-01-01,,,,,,https://www.techpowerup.com/cpu-specs/pentium-d-920.c327,,pentiumd920
Intel,Pentium D 930,Presler,2,2,3.0,,Socket 775,65,,95,Jan 2006,2006-01-01,,,,,,https://www.techpowerup.com/cpu-specs/pentium-d-930.c326,,pentiumd930
Intel,Pentium D 940,Presler,2,2,3.2,,Socket 775,65,,130,Jan 2006,2006-01-01,627,,5161,,,https://www.techpowerup.com/cpu-specs/pentium-d-940.c325,https://www.cpubenchmark.net/cpu_lookup.php?cpu=Intel+Pentium+D+940+%40+3.20GHz&id=1128,pentiumd940
Intel,Xeon E-2378,Rocket Lake-E,8,16,2.6,4.8,Socket 1200,14,16,65,Sep 2021,2021-09-01,17323,,1212,36.83,470.39,https://www.techpowerup.com/cpu-specs/xeon-e-2378.c2494,https://www.cpubenchmark.net/cpu_lookup.php?cpu=Intel+Xeon+E-2378+%40+2.60GHz&id=4668,xeone2378
Intel,Xeon E3-1290,Sandy Bridge,4,8,3.6,4.0,Socket 1155,32,8,95,May 2011,2011-05-01,5429,,2465,6.13,885.0,https://www.techpowerup.com/cpu-specs/xeon-e3-1290.c818,https://www.cpubenchmark.net/cpu_lookup.php?cpu=Intel+Xeon+E3-1290+%40+3.60GHz&id=1208,xeone31290
Intel,Xeon E5-2643 v2,Ivy Bridge-EP,6,12,3.5,,Socket 2011,22,15,130,Sep 2013,2013-09-01,9247,,1808,46.48,198.95,https://www.techpowerup.com/cpu-specs/xeon-e5-2643-v2.c1658,https://www.cpubenchmark.net/cpu_lookup.php?cpu=Intel+Xeon+E5-2643+v2+%40+3.50GHz&id=2084,xeone52643v2
AMD,A4-3420,Llano,2,2,2.8,,Socket FM1,32,,65,Dec 2011,2011-12-01,,,,,,https://www.techpowerup.com/cpu-specs/a4-3420.c882,,a43420
AMD,A6-9220C SoC,Stoney Ridge,2,2,1.8,2.7,Socket FT4,28,,6,Jan 2019,2019-01-01,,995,,,,https://www.techpowerup.com/cpu-specs/a6-9220c-soc.c2142,https://www.cpubenchmark.net/cpu.php?cpu=AMD+A6-9220C&id=3455,a69220c
AMD,Ryzen 5 5605GE,Cezanne,6,12,3.4,4.4,Socket AM4,7,16,35,Feb 2025,2025-02-01,,,,,,https://www.techpowerup.com/cpu-specs/ryzen-5-5605ge.c4035,,ryzen55605ge
Intel,Celeron 2955U,Haswell,2,2,1.4,,Socket G2 (988B),22,2,15,Sep 2013,2013-09-01,905,793,4803,,,https://www.techpowerup.com/cpu-specs/celeron-2955u.c1722,https://www.cpubenchmark.net/cpu_lookup.php?cpu=Intel+Celeron+2955U+%40+1.40GHz&id=2073,celeron2955u
Intel,Core 2 Duo E8300,Wolfdale,2,2,2.833,,Socket 775,45,,65,Apr 2008,2008-04-01,1109,,4558,55.5,19.99,https://www.techpowerup.com/cpu-specs/core-2-duo-e8300.c1073,https://www.cpubenchmark.net/cpu_lookup.php?cpu=Intel+Core2+Duo+E8300+%40+2.83GHz&id=952,core2duoe8300
Intel,Core i3-10105T,Comet Lake-R,4,8,3.0,3.9,Socket 1200,14,6,35,Mar 2021,2021-03-01,7823,,1968,86.93,89.99,https://www.techpowerup.com/cpu-specs/core-i3-10105t.c2413,https://www.cpubenchmark.net/cpu_lookup.php?cpu=Intel+Core+i3-10105T+%40+3.00GHz&id=4401,corei310105t
Intel,Xeon 6972P,Granite Rapids,96,192,2.4,3.9,Socket 7529,5,480,500,Sep 2024,2024-09-01,,,,,,https://www.techpowerup.com/cpu-specs/xeon-6972p.c3864,,xeon6972p
Intel,Xeon E5-2637 v3,Haswell-EP,4,8,3.5,3.7,Socket 2011-3,22,15,135,Sep 2014,2014-09-01,7212,,2072,31.36,229.95,https://www.techpowerup.com/cpu-specs/xeon-e5-2637-v3.c2861,https://www.cpubenchmark.net/cpu_lookup.php?cpu=Intel+Xeon+E5-2637+v3+%40+3.50GHz&id=2383,xeone52637v3
Intel,Xeon E5-2650L v2,Ivy Bridge-EP,10,20,1.7,,Socket 2011,22,25,70,Sep 2013,2013-09-01,7612,,2003,195.17,39.0,https://www.techpowerup.com/cpu-specs/xeon-e5-2650l-v2.c1668,https://www.cpubenchmark.net/cpu_lookup.php?cpu=Intel+Xeon+E5-2650L+v2+%40+1.70GHz&id=2989,xeone52650lv2
Intel,Xeon E5-2665,Sandy Bridge-EP,8,16,2.4,3.1,Socket 2011,32,20,115,Mar 2012,2012-03-01,8287,,1906,8.47,978.0,https://www.techpowerup.com/cpu-specs/xeon-e5-2665.c977,https://www.cpubenchmark.net/cpu_lookup.php?cpu=Intel+Xeon+E5-2665+%40+2.40GHz&id=1439,xeone52665
Intel,Xeon Gold 6554S,Emerald Rapids,36,72,2.2,4.0,Socket 4677,10,180,270,Dec 2023,2023-12-01,61242,,174,21.59,2836.25,https://www.techpowerup.com/cpu-specs/xeon-gold-6554s.c3432,https://www.cpubenchmark.net/cpu_lookup.php?cpu=Intel+Xeon+Gold+6554S&id=6583,xeongold6554s
Intel,Xeon Silver 4416+,Sapphire Rapids,20,40,2.0,3.9,Socket 4677,10,37,165,Jan 2023,2023-01-01,43659,,336,37.12,1176.0,https://www.techpowerup.com/cpu-specs/xeon-silver-4416.c3167,https://www.cpubenchmark.net/cpu_lookup.php?cpu=Intel+Xeon+Silver+4416%2B&id=5546,xeonsilver4416
AMD,EPYC 4364P,Raphael,8,16,4.5,5.4,Socket AM5,5,32,105,May 2024,2024-05-01,33883,,,,,https://www.techpowerup.com/cpu-specs/epyc-4364p.c3611,https://www.cpubenchmark.net/cpu.php?cpu=AMD+EPYC+4364P&id=6072,epyc4364p
AMD,EPYC 9384X,Genoa-X,32,64,3.1,3.9,Socket SP5,5,768,320,Jun 2023,2023-06-01,72121,,,,5529.0,https://www.techpowerup.com/cpu-specs/epyc-9384x.c3254,https://www.cpubenchmark.net/cpu.php?cpu=AMD+EPYC+9384X&id=6328,epyc9384x
AMD,Ryzen 3 5305G,Cezanne,4,8,4.0,4.2,Socket AM4,7,8,65,Feb 2025,2025-02-01,,,,,,https://www.techpowerup.com/cpu-specs/ryzen-3-5305g.c4032,,ryzen35305g
AMD,Ryzen 7 PRO 2700X,Zen,8,16,3.6,4.1,Socket AM4,12,16,95,Sep 2018,2018-09-01,16851,,,,,https://www.techpowerup.com/cpu-specs/ryzen-7-pro-2700x.c2104,https://www.cpubenchmark.net/cpu.php?cpu=AMD+Ryzen+7+PRO+2700X&id=3292,ryzen7pro2700x
Intel,Celeron D 325,Prescott,1,1,2.533,,Socket 775,90,,73,Jun 2004,2004-06-01,,,,,,https://www.techpowerup.com/cpu-specs/celeron-d-325.c23,,celerond325
Intel,Core i3-390M,Arrandale,2,4,2.667,,Socket G1,32,3,35,Jan 2011,2011-01-01,1307,1074,4359,33.55,38.95,https://www.techpowerup.com/cpu-specs/core-i3-390m.c1875,https://www.cpubenchmark.net/cpu_lookup.php?cpu=Intel+Core+i3-390M+%40+2.67GHz&id=746,corei3390m
Intel,Core i5-13500E,Raptor Lake-S,14,20,2.4,4.6,Socket 1700,10,24,65,Jan 2023,2023-01-01,27025,,690,115.0,235.0,https://www.techpowerup.com/cpu-specs/core-i5-13500e.c3078,https://www.cpubenchmark.net/cpu_lookup.php?cpu=Intel+Core+i5-13500E&id=5890,corei513500e
Intel,Core i5-9600T,Coffee Lake,6,6,2.3,3.9,Socket 1151,14,9,35,Apr 2019,2019-04-01,9571,,1773,44.94,213.0,https://www.techpowerup.com/cpu-specs/core-i5-9600t.c4454,https://www.cpubenchmark.net/cpu_lookup.php?cpu=Intel+Core+i5-9600T+%40+2.30GHz&id=3602,corei59600t
Intel,Xeon E-2456,Raptor Lake-S,6,12,3.3,5.1,Socket 1700,10,18,80,Dec 2023,2023-12-01,20808,,971,55.49,375.0,https://www.techpowerup.com/cpu-specs/xeon-e-2456.c3480,https://www.cpubenchmark.net/cpu_lookup.php?cpu=Intel+Xeon+E-2456&id=5932,xeone2456
Intel,Xeon E3-1280 v5,Skylake-DT,4,8,3.7,4.0,Socket 1151,14,8,80,Oct 2015,2015-10-01,8248,,1912,27.59,298.95,https://www.techpowerup.com/cpu-specs/xeon-e3-1280-v5.c1841,https://www.cpubenchmark.net/cpu_lookup.php?cpu=Intel+Xeon+E3-1280+v5+%40+3.70GHz&id=2773,xeone31280v5
Intel,Xeon E5-1607 v3,Haswell-EP,4,4,3.1,,Socket 2011-3,22,10,140,Sep 2014,2014-09-01,4942,,2585,,,https://www.techpowerup.com/cpu-specs/xeon-e5-1607-v3.c2668,https://www.cpubenchmark.net/cpu_lookup.php?cpu=Intel+Xeon+E5-1607+v3+%40+3.10GHz&id=2493,xeone51607v3
Intel,Xeon Gold 5416S,Sapphire Rapids,16,32,2.0,4.0,Socket 4677,10,30,150,Jan 2023,2023-01-01,35581,,445,27.1,1312.88,https://www.techpowerup.com/cpu-specs/xeon-gold-5416s.c3161,https://www.cpubenchmark.net/cpu_lookup.php?cpu=Intel+Xeon+Gold+5416S&id=5306,xeongold5416s
Intel,Xeon W-3323,Ice Lake-W,12,24,3.5,4.0,Socket 4189,10,18,220,Jul 2021,2021-07-01,27822,,662,29.32,949.0,https://www.techpowerup.com/cpu-specs/xeon-w-3323.c2491,https://www.cpubenchmark.net/cpu_lookup.php?cpu=Intel+Xeon+W-3323+%40+3.50GHz&id=4570,xeonw3323
AMD,A8-6500B,Richland,4,4,3.5,4.1,Socket FM2,32,,65,Jun 2013,2013-06-01,,,,,,https://www.techpowerup.com/cpu-specs/a8-6500b.c2639,,a86500b
AMD,Athlon 64 3500+,Clawhammer,1,1,2.2,,Socket 939,130,,89,Jun 2004,2004-06-01,,,,,,https://www.techpowerup.com/cpu-specs/athlon-64-3500.c318,,athlon643500
AMD,Athlon 64 X2 5600+,Brisbane,2,2,2.9,,Socket AM2,65,,65,Feb 2008,2008-02-01,,,,,,https://www.techpowerup.com/cpu-specs/athlon-64-x2-5600.c481,,athlon64x25600
AMD,EPYC 8025P,Sorano,8,16,2.9,4.5,Socket SP6,4,64,95,May 2026,2026-05-01,,,,,,https://www.techpowerup.com/cpu-specs/epyc-8025p.c4419,,epyc8025p
AMD,Phenom II X4 970 BE,Zosma,4,4,3.5,,Socket AM3,45,6,125,Oct 2010,2010-10-01,,,,,,https://www.techpowerup.com/cpu-specs/phenom-ii-x4-970-be.c744,,phenomiix4970be
AMD,Ryzen 5 PRO 5655GE,Cezanne,6,12,3.4,4.4,Socket AM4,7,16,65,May 2024,2024-05-01,18060,,,,,https://www.techpowerup.com/cpu-specs/ryzen-5-pro-5655ge.c4124,https://www.cpubenchmark.net/cpu.php?cpu=AMD+Ryzen+5+PRO+5655GE&id=6280,ryzen5pro5655ge
AMD,Ryzen 7 2800H,Raven Ridge,4,8,3.4,3.8,Socket FP5,14,4,15,May 2018,2018-05-01,8170,2177,,,,https://www.techpowerup.com/cpu-specs/ryzen-7-2800h.c2076,https://www.cpubenchmark.net/cpu.php?cpu=AMD+Ryzen+7+2800H&id=3383,ryzen72800h
AMD,Ryzen AI 9 PRO 465,Gorgon Point,10,20,2.0,5.0,Socket FP8,4,16,28,Jan 2026,2026-01-01,29877,3912,,,,https://www.techpowerup.com/cpu-specs/ryzen-ai-9-pro-465.c4315,https://www.cpubenchmark.net/cpu.php?cpu=AMD+Ryzen+AI+9+PRO+465&id=7388,ryzenai9pro465
Intel,Atom Z3770,Bay Trail-T,4,4,1.467,2.4,BGA 1380,22,,8,Sep 2013,2013-09-01,728,535,5030,4.87,149.44,https://www.techpowerup.com/cpu-specs/atom-z3770.c1726,https://www.cpubenchmark.net/cpu_lookup.php?cpu=Intel+Atom+Z3770+%40+1.46GHz&id=2115,atomz3770
Intel,Core i3-1210U,Alder Lake-U,6,8,1.0,4.4,BGA 1781,10,10,9,Feb 2022,2022-02-01,9920,3161,1735,,,https://www.techpowerup.com/cpu-specs/core-i3-1210u.c2586,https://www.cpubenchmark.net/cpu_lookup.php?cpu=Intel+Core+i3-1210U&id=4886,corei31210u
Intel,Core i3-2120T,Sandy Bridge,2,4,2.6,,Socket 1155,32,3,35,Sep 2011,2011-09-01,1572,,4144,18.49,85.0,https://www.techpowerup.com/cpu-specs/core-i3-2120t.c799,https://www.cpubenchmark.net/cpu_lookup.php?cpu=Intel+Core+i3-2120T+%40+2.60GHz&id=753,corei32120t
Intel,Core i7-11700B,Tiger Lake-H,8,16,3.2,4.8,BGA 1787,10,24,65,May 2021,2021-05-01,21253,,951,,,https://www.techpowerup.com/cpu-specs/core-i7-11700b.c4246,https://www.cpubenchmark.net/cpu_lookup.php?cpu=Intel+Core+i7-11700B+%40+3.20GHz&id=4601,corei711700b
Intel,Core i7-14701E,Raptor Lake-R,8,16,2.6,5.4,Socket 1700,10,33,65,Jul 2024,2024-07-01,26112,,725,66.61,392.0,https://www.techpowerup.com/cpu-specs/core-i7-14701e.c3733,https://www.cpubenchmark.net/cpu_lookup.php?cpu=Intel+Core+i7-14701E&id=6407,corei714701e
Intel,Core i7-4610M,Haswell,2,4,3.0,3.7,Socket G3,22,4,37,Feb 2014,2014-02-01,3236,1886,3104,,,https://www.techpowerup.com/cpu-specs/core-i7-4610m.c1774,https://www.cpubenchmark.net/cpu_lookup.php?cpu=Intel+Core+i7-4610M+%40+3.00GHz&id=2261,corei74610m
Intel,Core Solo T1400,Yonah,1,1,1.833,,Socket 479,65,,27,Jan 2006,2006-01-01,253,525,5713,,,https://www.techpowerup.com/cpu-specs/core-solo-t1400.c413,https://www.cpubenchmark.net/cpu_lookup.php?cpu=Intel+Core+Solo+T1400+%40+1.83GHz&id=1632,coresolot1400
Intel,Xeon 6768P,Granite Rapids,64,128,2.4,3.9,Socket 4710,5,336,330,Feb 2025,2025-02-01,,,,,,https://www.techpowerup.com/cpu-specs/xeon-6768p.c4067,,xeon6768p
Intel,Xeon X5687,Westmere-EP,4,8,3.6,3.866,Socket 1366,32,12,130,Feb 2011,2011-02-01,5417,,2473,28.52,189.95,https://www.techpowerup.com/cpu-specs/xeon-x5687.c940,https://www.cpubenchmark.net/cpu_lookup.php?cpu=Intel+Xeon+X5687+%40+3.60GHz&id=1313,xeonx5687
AMD,A8-4555M,Trinity,4,4,1.6,2.4,Socket FP2,32,,19,Sep 2012,2012-09-01,,,,,,https://www.techpowerup.com/cpu-specs/a8-4555m.c1163,,a84555m
AMD,Athlon Silver PRO 3125GE,Picasso,2,4,3.4,,Socket AM4,12,4,35,Jul 2020,2020-07-01,4633,,,,,https://www.techpowerup.com/cpu-specs/athlon-silver-pro-3125ge.c2334,https://www.cpubenchmark.net/cpu.php?cpu=AMD+Athlon+Silver+PRO+3125GE&id=3801,athlonsilverpro3125ge
AMD,Sempron 3000+,Barton,1,1,2.0,,Socket A,130,,62,Sep 2004,2004-09-01,,,,,,https://www.techpowerup.com/cpu-specs/sempron-3000.c73,,sempron3000
Intel,Atom Z3740,Bay Trail-T,4,4,1.333,1.867,BGA 1380,22,,2,Sep 2013,2013-09-01,638,414,5151,,,https://www.techpowerup.com/cpu-specs/atom-z3740.c1738,https://www.cpubenchmark.net/cpu_lookup.php?cpu=Intel+Atom+Z3740+%40+1.33GHz&id=2059,atomz3740
Intel,Core i3-10350K,Comet Lake,4,8,4.1,4.8,Socket 1200,14,8,91,Apr 2020,2020-04-01,,,,,,https://www.techpowerup.com/cpu-specs/core-i3-10350k.c2209,,corei310350k
Intel,Core i5-13600T,Raptor Lake-S,14,20,1.8,4.8,Socket 1700,10,24,35,Jan 2023,2023-01-01,27805,,663,109.04,255.0,https://www.techpowerup.com/cpu-specs/core-i5-13600t.c3521,https://www.cpubenchmark.net/cpu_lookup.php?cpu=Intel+Core+i5-13600T&id=5175,corei513600t
Intel,Core i5-2520M,Sandy Bridge,2,4,2.5,,BGA 1023,32,3,35,Feb 2011,2011-02-01,2239,1344,3666,66.11,33.87,https://www.techpowerup.com/cpu-specs/core-i5-2520m.c1307,https://www.cpubenchmark.net/cpu_lookup.php?cpu=Intel+Core+i5-2520M+%40+2.50GHz&id=809,corei52520m
Intel,Core i5-4690S,Haswell,4,4,3.2,3.9,Socket 1150,22,6,65,May 2014,2014-05-01,5426,,2467,90.45,59.99,https://www.techpowerup.com/cpu-specs/core-i5-4690s.c3502,https://www.cpubenchmark.net/cpu_lookup.php?cpu=Intel+Core+i5-4690S+%40+3.20GHz&id=2241,corei54690s
Intel,Pentium 2030M,Ivy Bridge,2,2,2.5,,Socket G2 (988B),22,2,35,Jan 2013,2013-01-01,1441,1269,4247,10.76,134.0,https://www.techpowerup.com/cpu-specs/pentium-2030m.c1586,https://www.cpubenchmark.net/cpu_lookup.php?cpu=Intel+Pentium+2030M+%40+2.50GHz&id=2062,pentium2030m
AMD,A4-3305M,Llano,2,2,1.9,2.5,Socket FS1,32,,35,Jun 2011,2011-06-01,,,,,,https://www.techpowerup.com/cpu-specs/a4-3305m.c886,,a43305m
AMD,EPYC Embedded 9965,Turin,192,384,2.25,3.7,Socket SP5,3,384,500,Mar 2025,2025-03-01,,,,,,https://www.techpowerup.com/cpu-specs/epyc-embedded-9965.c4516,,epycembedded9965
Intel,A110,Stealey,1,1,0.8,,BGA 437,90,,3,Jun 2007,2007-06-01,,,,,,https://www.techpowerup.com/cpu-specs/a110.c1405,,a110
Intel,Core Duo T2250,Yonah,2,2,1.733,,Socket 479,65,,31,May 2006,2006-05-01,350,530,5526,,,https://www.techpowerup.com/cpu-specs/core-duo-t2250.c410,https://www.cpubenchmark.net/cpu_lookup.php?cpu=Intel+Core+Duo+T2250+%40+1.73GHz&id=727,coreduot2250
Intel,Core i7-14701TE,Raptor Lake-R,8,16,2.1,5.2,Socket 1700,10,33,45,Jul 2024,2024-07-01,20042,,1031,51.13,392.0,https://www.techpowerup.com/cpu-specs/core-i7-14701te.c3734,https://www.cpubenchmark.net/cpu_lookup.php?cpu=Intel+Core+i7-14701TE&id=6730,corei714701te
Intel,Core i7-5700HQ,Broadwell-H,4,8,2.7,3.5,BGA 1364,14,6,47,Jun 2015,2015-06-01,6064,2031,2317,,,https://www.techpowerup.com/cpu-specs/core-i7-5700hq.c2695,https://www.cpubenchmark.net/cpu_lookup.php?cpu=Intel+Core+i7-5700HQ+%40+2.70GHz&id=2533,corei75700hq
Intel,Pentium G4560T,Kaby Lake,2,4,2.9,,Socket 1151,14,3,35,Jan 2017,2017-01-01,2976,,3242,37.21,79.98,https://www.techpowerup.com/cpu-specs/pentium-g4560t.c1939,https://www.cpubenchmark.net/cpu_lookup.php?cpu=Intel+Pentium+G4560T+%40+2.90GHz&id=2983,pentiumg4560t
Intel,Xeon E5-2630L v2,Ivy Bridge-EP,6,12,2.4,,Socket 2011,22,15,60,Sep 2013,2013-09-01,6707,,2171,44.73,149.95,https://www.techpowerup.com/cpu-specs/xeon-e5-2630l-v2.c1659,https://www.cpubenchmark.net/cpu_lookup.php?cpu=Intel+Xeon+E5-2630L+v2+%40+2.40GHz&id=2435,xeone52630lv2
Intel,Xeon Max 9468,Sapphire Rapids HBM,48,96,2.1,3.5,Socket 4677,10,105,350,Jan 2023,2023-01-01,,,,,,https://www.techpowerup.com/cpu-specs/xeon-max-9468.c3086,,xeonmax9468
AMD,Athlon II X3 460,Rana,3,3,3.4,,Socket AM3,45,,95,May 2011,2011-05-01,,,,,,https://www.techpowerup.com/cpu-specs/athlon-ii-x3-460.c769,,athloniix3460
AMD,Ryzen 7 PRO 9745,Granite Ridge,8,16,3.8,5.4,Socket AM5,4,32,65,Sep 2025,2025-09-01,36148,,,,,https://www.techpowerup.com/cpu-specs/ryzen-7-pro-9745.c4429,https://www.cpubenchmark.net/cpu.php?cpu=AMD+Ryzen+7+PRO+9745&id=7030,ryzen7pro9745
Intel,Core i3-4340,Haswell,2,4,3.6,,Socket 1150,22,4,54,Sep 2013,2013-09-01,3510,,2990,67.6,51.93,https://www.techpowerup.com/cpu-specs/core-i3-4340.c1628,https://www.cpubenchmark.net/cpu_lookup.php?cpu=Intel+Core+i3-4340+%40+3.60GHz&id=2029,corei34340
Intel,Core i5-6500TE,Skylake,4,4,2.3,3.3,Socket 1151,14,6,35,Oct 2015,2015-10-01,5020,,2570,10.25,489.95,https://www.techpowerup.com/cpu-specs/core-i5-6500te.c3516,https://www.cpubenchmark.net/cpu_lookup.php?cpu=Intel+Core+i5-6500TE+%40+2.30GHz&id=2680,corei56500te
Intel,Core i9-9920X,Skylake-X,12,24,3.5,4.5,Socket 2066,14,19,165,Oct 2018,2018-10-01,24774,,780,91.82,269.81,https://www.techpowerup.com/cpu-specs/core-i9-9920x.c2112,https://www.cpubenchmark.net/cpu_lookup.php?cpu=Intel+Core+i9-9920X+%40+3.50GHz&id=3378,corei99920x
Intel,Pentium 4 HT 524,Prescott,1,2,3.06,,Socket 775,90,,84,Jul 2006,2006-07-01,,,,,,https://www.techpowerup.com/cpu-specs/pentium-4-ht-524.c456,,pentium4ht524
Intel,Pentium D 830,Smithfield,2,2,3.0,,Socket 775,90,,130,May 2005,2005-05-01,593,,5205,,,https://www.techpowerup.com/cpu-specs/pentium-d-830.c316,https://www.cpubenchmark.net/cpu_lookup.php?cpu=Intel+Pentium+D+830+%40+3.00GHz&id=1127,pentiumd830
Intel,Xeon 6761P,Granite Rapids,64,128,2.5,3.9,Socket 4710,5,336,350,Feb 2025,2025-02-01,,,,,,https://www.techpowerup.com/cpu-specs/xeon-6761p.c4069,,xeon6761p
Intel,Xeon E-2468,Raptor Lake-S,8,16,2.6,5.2,Socket 1700,10,24,65,Dec 2023,2023-12-01,25500,,750,59.86,426.0,https://www.techpowerup.com/cpu-specs/xeon-e-2468.c3484,https://www.cpubenchmark.net/cpu_lookup.php?cpu=Intel+Xeon+E-2468&id=5981,xeone2468
Intel,Xeon E5-2603 v3,Haswell-EP,6,6,1.6,,Socket 2011-3,22,15,85,Sep 2014,2014-09-01,3773,,2887,28.6,131.95,https://www.techpowerup.com/cpu-specs/xeon-e5-2603-v3.c2855,https://www.cpubenchmark.net/cpu_lookup.php?cpu=Intel+Xeon+E5-2603+v3+%40+1.60GHz&id=2468,xeone52603v3
Intel,Xeon E5-4669 v3,Haswell-EP,18,36,2.1,2.9,Socket 2011-3,22,45,135,Jun 2015,2015-06-01,17430,,1207,3.23,5400.0,https://www.techpowerup.com/cpu-specs/xeon-e5-4669-v3.c2914,https://www.cpubenchmark.net/cpu_lookup.php?cpu=Intel+Xeon+E5-4669+v3+%40+2.10GHz&id=2678,xeone54669v3
Intel,Xeon W-2195,Skylake-W,18,36,2.3,4.3,Socket 2066,14,24,140,Aug 2017,2017-08-01,28050,,642,10.02,2800.0,https://www.techpowerup.com/cpu-specs/xeon-w-2195.c2059,https://www.cpubenchmark.net/cpu_lookup.php?cpu=Intel+Xeon+W-2195+%40+2.30GHz&id=3149,xeonw2195
Intel,Xeon W3580,Bloomfield,4,8,3.333,3.6,Socket 1366,45,8,130,Aug 2009,2009-08-01,3638,,2944,16.96,214.5,https://www.techpowerup.com/cpu-specs/xeon-w3580.c906,https://www.cpubenchmark.net/cpu_lookup.php?cpu=Intel+Xeon+W3580+%40+3.33GHz&id=1272,xeonw3580
AMD,Athlon 64 X2 3600+,Manchester,2,2,2.0,,Socket 939,90,,89,May 2005,2005-05-01,,,,,,https://www.techpowerup.com/cpu-specs/athlon-64-x2-3600.c431,,athlon64x23600
AMD,Duron 750,Spitfire,1,1,0.75,,Socket A,180,,33,Sep 2000,2000-09-01,,,,,,https://www.techpowerup.com/cpu-specs/duron-750.c3973,,duron750
AMD,EPYC 7303,Milan,16,32,2.4,3.4,Socket SP3,7,64,130,Sep 2023,2023-09-01,28572,,,,604.0,https://www.techpowerup.com/cpu-specs/epyc-7303.c3371,https://www.cpubenchmark.net/cpu.php?cpu=AMD+EPYC+7303&id=6163,epyc7303
AMD,EPYC Embedded 2875,Grado,16,32,3.0,4.5,Socket FL1,4,64,75,Dec 2025,2025-12-01,,,,,,https://www.techpowerup.com/cpu-specs/epyc-embedded-2875.c4300,,epycembedded2875
AMD,Phenom II X4 830,Deneb,4,4,2.8,,Socket AM3,45,4,95,Sep 2009,2009-09-01,,,,,,https://www.techpowerup.com/cpu-specs/phenom-ii-x4-830.c748,,phenomiix4830
AMD,Ryzen AI 7 450GE,Gorgon Point,8,16,2.0,5.1,Socket AM5,4,8,35,Mar 2026,2026-03-01,,,,,,https://www.techpowerup.com/cpu-specs/ryzen-ai-7-450ge.c4345,,ryzenai7450ge
Intel,Core 2 Duo E6420,Conroe,2,2,2.133,,Socket 775,65,,65,Apr 2007,2007-04-01,784,,4950,19.6,39.99,https://www.techpowerup.com/cpu-specs/core-2-duo-e6420.c471,https://www.cpubenchmark.net/cpu_lookup.php?cpu=Intel+Core2+Duo+E6420+%40+2.13GHz&id=911,core2duoe6420
Intel,Core i5-2415M,Sandy Bridge,2,4,2.3,,BGA 1023,32,3,35,Sep 2011,2011-09-01,1958,,3847,,,https://www.techpowerup.com/cpu-specs/core-i5-2415m.c1369,https://www.cpubenchmark.net/cpu_lookup.php?cpu=Intel+Core+i5-2415M+%40+2.30GHz&id=797,corei52415m
Intel,Pentium G645T,Sandy Bridge,2,2,2.5,,Socket 1155,32,3,35,Sep 2012,2012-09-01,1258,,4411,5.62,223.84,https://www.techpowerup.com/cpu-specs/pentium-g645t.c1353,https://www.cpubenchmark.net/cpu_lookup.php?cpu=Intel+Pentium+G645T+%40+2.50GHz&id=1876,pentiumg645t
Intel,Xeon E-2386G,Rocket Lake-E,6,12,3.5,5.1,Socket 1200,14,12,95,Sep 2021,2021-09-01,19521,,1062,33.66,579.88,https://www.techpowerup.com/cpu-specs/xeon-e-2386g.c2495,https://www.cpubenchmark.net/cpu_lookup.php?cpu=Intel+Xeon+E-2386G+%40+3.50GHz&id=4896,xeone2386g
Intel,Xeon Max 9470,Sapphire Rapids HBM,52,104,2.0,3.5,Socket 4677,10,105,350,Jan 2023,2023-01-01,71232,,121,6.15,11590.0,https://www.techpowerup.com/cpu-specs/xeon-max-9470.c3085,https://www.cpubenchmark.net/cpu_lookup.php?cpu=Intel+Xeon+Max+9470&id=7400,xeonmax9470
AMD,Ryzen Embedded V2516,Renoir,6,12,2.1,3.95,Socket FP6,7,8,10,Nov 2020,2020-11-01,12946,,,,,https://www.techpowerup.com/cpu-specs/ryzen-embedded-v2516.c2807,https://www.cpubenchmark.net/cpu.php?cpu=AMD+Ryzen+Embedded+V2516&id=4861,ryzenembeddedv2516
Intel,Atom x6425E,Elkhart Lake,4,4,2.0,3.0,BGA 1493,10,,12,Jan 2021,2021-01-01,3711,,2915,66.26,56.0,https://www.techpowerup.com/cpu-specs/atom-x6425e.c4290,https://www.cpubenchmark.net/cpu_lookup.php?cpu=Intel+Atom+x6425E+%40+2.00GHz&id=4753,atomx6425e
Intel,Core i5-4570R,Crystal Well,4,4,2.7,3.2,BGA 1364,22,4,65,Jun 2013,2013-06-01,4542,,2666,,,https://www.techpowerup.com/cpu-specs/core-i5-4570r.c1575,https://www.cpubenchmark.net/cpu_lookup.php?cpu=Intel+Core+i5-4570R+%40+2.70GHz&id=2065,corei54570r
Intel,Core i7-1160G7,Tiger Lake-U,4,8,1.2,4.4,BGA 1598,10,12,15,Sep 2020,2020-09-01,8610,2506,1878,20.21,426.0,https://www.techpowerup.com/cpu-specs/core-i7-1160g7.c2345,https://www.cpubenchmark.net/cpu_lookup.php?cpu=Intel+Core+i7-1160G7+%40+1.20GHz&id=3911,corei71160g7
Intel,Core i7-3740QM,Ivy Bridge,4,8,2.7,3.7,Socket G2 (988B),22,6,45,Sep 2012,2012-09-01,5722,1887,2383,26.8,213.52,https://www.techpowerup.com/cpu-specs/core-i7-3740qm.c1079,https://www.cpubenchmark.net/cpu_lookup.php?cpu=Intel+Core+i7-3740QM+%40+2.70GHz&id=1481,corei73740qm
Intel,Pentium 8500,Alder Lake-U,5,6,1.0,4.4,BGA 1781,10,8,9,Feb 2022,2022-02-01,,,,,,https://www.techpowerup.com/cpu-specs/pentium-8500.c2672,,pentium8500
Intel,Xeon Bronze 3106,Skylake-SP,8,8,2.1,3.0,Socket 3647,14,11,85,Jul 2017,2017-07-01,5786,,2371,28.94,199.91,https://www.techpowerup.com/cpu-specs/xeon-bronze-3106.c2058,https://www.cpubenchmark.net/cpu_lookup.php?cpu=Intel+Xeon+Bronze+3106+%40+1.70GHz&id=3230,xeonbronze3106
Intel,Xeon E-2278GE,Coffee Lake-S WS,8,16,3.3,4.7,Socket 1151,14,16,80,Jun 2019,2019-06-01,16023,,1288,32.44,494.0,https://www.techpowerup.com/cpu-specs/xeon-e-2278ge.c3486,https://www.cpubenchmark.net/cpu_lookup.php?cpu=Intel+Xeon+E-2278GE+%40+3.30GHz&id=3763,xeone2278ge
Intel,Xeon Gold 5320,Ice Lake-SP,26,52,2.2,3.4,Socket 4189,10,39,185,Apr 2021,2021-04-01,37558,,410,13.92,2698.95,https://www.techpowerup.com/cpu-specs/xeon-gold-5320.c2449,https://www.cpubenchmark.net/cpu_lookup.php?cpu=Intel+Xeon+Gold+5320+%40+2.20GHz&id=4594,xeongold5320
Intel,Xeon Gold 6354,Ice Lake-SP,18,36,3.0,3.6,Socket 4189,10,39,205,Apr 2021,2021-04-01,38332,,401,12.78,2998.95,https://www.techpowerup.com/cpu-specs/xeon-gold-6354.c2435,https://www.cpubenchmark.net/cpu_lookup.php?cpu=Intel+Xeon+Gold+6354+%40+3.00GHz&id=4627,xeongold6354
Intel,Xeon Platinum 9282,Cascade Lake-AP,56,112,2.6,3.8,BGA 5903,14,77,400,Apr 2019,2019-04-01,,,,,,https://www.techpowerup.com/cpu-specs/xeon-platinum-9282.c2165,,xeonplatinum9282
Intel,Xeon w7-3565X,Sapphire Rapids,32,64,2.5,4.8,Socket 4677,10,82,335,Aug 2024,2024-08-01,70513,,124,24.36,2894.13,https://www.techpowerup.com/cpu-specs/xeon-w7-3565x.c3803,https://www.cpubenchmark.net/cpu_lookup.php?cpu=Intel+Xeon+w7-3565X&id=6259,xeonw73565x
AMD,Athlon 64 3700+,Clawhammer,1,1,2.4,,Socket 754,130,,89,Jun 2004,2004-06-01,,,,,,https://www.techpowerup.com/cpu-specs/athlon-64-3700.c49,,athlon643700
AMD,Athlon 64 X2 3600+,Brisbane,2,2,1.9,,Socket AM2,65,,65,Dec 2006,2006-12-01,,,,,,https://www.techpowerup.com/cpu-specs/athlon-64-x2-3600.c430,,athlon64x23600
AMD,Athlon X2 5050e,Brisbane,2,2,2.6,,Socket AM2,65,,45,Oct 2008,2008-10-01,,,,,,https://www.techpowerup.com/cpu-specs/athlon-x2-5050e.c490,,athlonx25050e
AMD,Athlon XP 1700+,Palomino,1,1,1.467,,Socket A,180,,64,Oct 2001,2001-10-01,,,,,,https://www.techpowerup.com/cpu-specs/athlon-xp-1700.c119,,athlonxp1700
AMD,Athlon XP 1900+,Palomino,1,1,1.6,,Socket A,180,,68,Nov 2001,2001-11-01,,,,,,https://www.techpowerup.com/cpu-specs/athlon-xp-1900.c117,,athlonxp1900
AMD,EPYC Embedded 9755,Turin,128,256,2.7,4.1,Socket SP5,4,512,500,Mar 2025,2025-03-01,164010,,,,,https://www.techpowerup.com/cpu-specs/epyc-embedded-9755.c4518,https://www.cpubenchmark.net/cpu.php?cpu=AMD+EPYC+Embedded+9755&id=6783,epycembedded9755
AMD,Ryzen Embedded 8845HS,Hawk Point,8,16,3.8,5.1,Socket FP8,4,16,45,Apr 2024,2024-04-01,,,,,,https://www.techpowerup.com/cpu-specs/ryzen-embedded-8845hs.c3577,,ryzenembedded8845hs
Intel,Pentium 4 2.0,Willamette,1,1,2.0,,Socket 423,180,,72,Aug 2001,2001-08-01,,,,,,https://www.techpowerup.com/cpu-specs/pentium-4-2-0.c290,,pentium420
Intel,Pentium M 1.70,Banias,1,1,1.7,,Socket 478,130,,24,Jun 2003,2003-06-01,,,,,,https://www.techpowerup.com/cpu-specs/pentium-m-1-70.c158,,pentiumm170
Intel,Xeon 6741P,Granite Rapids,48,96,2.5,3.8,Socket 4710,5,288,300,Feb 2025,2025-02-01,100660,,45,22.77,4421.0,https://www.techpowerup.com/cpu-specs/xeon-6741p.c4063,https://www.cpubenchmark.net/cpu_lookup.php?cpu=Intel+Xeon+6741P&id=6632,xeon6741p
Intel,Xeon E5-2609 v2,Ivy Bridge-EP,4,4,2.5,,Socket 2011,22,10,80,Sep 2013,2013-09-01,3339,,3063,43.61,76.58,https://www.techpowerup.com/cpu-specs/xeon-e5-2609-v2.c1654,https://www.cpubenchmark.net/cpu_lookup.php?cpu=Intel+Xeon+E5-2609+v2+%40+2.50GHz&id=2202,xeone52609v2
AMD,EPYC 9576F,Venice,64,128,3.55,5.0,Socket SP8,2,384,400,Jul 2026,2026-07-01,,,,,,https://www.techpowerup.com/cpu-specs/epyc-9576f.c4547,,epyc9576f
Intel,Atom x5-E3940,Apollo Lake,4,4,1.6,1.8,BGA 1296,14,,10,Aug 2014,2014-08-01,1858,672,3925,,,https://www.techpowerup.com/cpu-specs/atom-x5-e3940.c2596,https://www.cpubenchmark.net/cpu_lookup.php?cpu=Intel+Atom+x5-E3940+%40+1.60GHz&id=3259,atomx5e3940
Intel,Atom x7405C,Amston Lake,4,4,1.7,3.4,BGA 1264,10,6,12,Apr 2024,2024-04-01,5218,,2527,,,https://www.techpowerup.com/cpu-specs/atom-x7405c.c3724,https://www.cpubenchmark.net/cpu_lookup.php?cpu=Intel+Atom+x7405C&id=6965,atomx7405c
Intel,Celeron G1630,Ivy Bridge,2,2,2.8,,Socket 1155,22,2,55,Sep 2013,2013-09-01,1707,,4041,24.39,69.99,https://www.techpowerup.com/cpu-specs/celeron-g1630.c1713,https://www.cpubenchmark.net/cpu_lookup.php?cpu=Intel+Celeron+G1630+%40+2.80GHz&id=2064,celerong1630
Intel,Celeron N2920,Bay Trail-M,4,4,1.86,2.0,BGA 1170,22,,7,Dec 2013,2013-12-01,940,549,4759,,,https://www.techpowerup.com/cpu-specs/celeron-n2920.c1889,https://www.cpubenchmark.net/cpu_lookup.php?cpu=Intel+Celeron+N2920+%40+1.86GHz&id=2134,celeronn2920
Intel,Core 7 251TE,Bartlett Lake,24,32,1.4,5.4,Socket 1700,10,36,45,Jan 2025,2025-01-01,30022,,573,78.18,384.0,https://www.techpowerup.com/cpu-specs/core-7-251te.c4399,https://www.cpubenchmark.net/cpu_lookup.php?cpu=Intel+Core+7+251TE&id=6978,core7251te
Intel,Core i3-4160T,Haswell,2,4,3.1,,Socket 1150,22,3,35,Jul 2014,2014-07-01,3098,,3175,51.65,59.99,https://www.techpowerup.com/cpu-specs/core-i3-4160t.c1769,https://www.cpubenchmark.net/cpu_lookup.php?cpu=Intel+Core+i3-4160T+%40+3.10GHz&id=2380,corei34160t
Intel,Core i5-3550S,Ivy Bridge,4,4,3.0,3.7,Socket 1155,22,6,65,Apr 2012,2012-04-01,4475,,2681,22.49,198.95,https://www.techpowerup.com/cpu-specs/core-i5-3550s.c1007,https://www.cpubenchmark.net/cpu_lookup.php?cpu=Intel+Core+i5-3550S+%40+3.00GHz&id=826,corei53550s
Intel,Pentium M 755,Dothan,1,1,2.0,,Socket 479,90,,21,May 2004,2004-05-01,,,,,,https://www.techpowerup.com/cpu-specs/pentium-m-755.c152,,pentiumm755
Intel,Xeon W-11865MRE,Tiger Lake-H,8,16,2.1,4.7,BGA 1787,10,24,35,Aug 2021,2021-08-01,17634,,1190,36.74,480.0,https://www.techpowerup.com/cpu-specs/xeon-w-11865mre.c4248,https://www.cpubenchmark.net/cpu_lookup.php?cpu=Intel+Xeon+W-11865MRE+%40+2.60GHz&id=4901,xeonw11865mre
AMD,Athlon 1000 (B),Thunderbird B,1,1,1.0,,Socket A,180,,54,Jun 2000,2000-06-01,,,,,,https://www.techpowerup.com/cpu-specs/athlon-1000-b.c1231,,athlon1000b
AMD,Ryzen 9 6980HX,Rembrandt,8,16,3.3,5.0,Socket FP7,6,16,45,Jan 2022,2022-01-01,26817,3587,,,,https://www.techpowerup.com/cpu-specs/ryzen-9-6980hx.c2531,https://www.cpubenchmark.net/cpu.php?cpu=AMD+Ryzen+9+6980HX&id=7203,ryzen96980hx
AMD,Ryzen Embedded V2718,Renoir,8,16,1.7,4.15,Socket FP6,7,8,10,Nov 2020,2020-11-01,15331,,,,,https://www.techpowerup.com/cpu-specs/ryzen-embedded-v2718.c2805,https://www.cpubenchmark.net/cpu.php?cpu=AMD+Ryzen+Embedded+V2718&id=4228,ryzenembeddedv2718
Intel,Celeron E1400,Allendale,2,2,2.0,,Socket 775,65,,65,Apr 2008,2008-04-01,735,,5022,9.19,79.95,https://www.techpowerup.com/cpu-specs/celeron-e1400.c837,https://www.cpubenchmark.net/cpu_lookup.php?cpu=Intel+Celeron+E1400+%40+2.00GHz&id=674,celerone1400
Intel,Celeron G1610T,Ivy Bridge,2,2,2.3,,Socket 1155,22,2,35,Dec 2012,2012-12-01,1323,,4349,88.31,14.98,https://www.techpowerup.com/cpu-specs/celeron-g1610t.c1484,https://www.cpubenchmark.net/cpu_lookup.php?cpu=Intel+Celeron+G1610T+%40+2.30GHz&id=2075,celerong1610t
Intel,Core i7-640M,Arrandale,2,4,2.8,3.467,BGA 1288,32,4,35,Sep 2010,2010-09-01,2097,1361,3755,14.78,141.85,https://www.techpowerup.com/cpu-specs/core-i7-640m.c1382,https://www.cpubenchmark.net/cpu_lookup.php?cpu=Intel+Core+i7-640M+%40+2.80GHz&id=850,corei7640m
Intel,Xeon 6337P,Raptor Lake-R,6,12,3.5,5.3,Socket 1700,10,18,80,Feb 2025,2025-02-01,22098,,903,58.93,375.0,https://www.techpowerup.com/cpu-specs/xeon-6337p.c4090,https://www.cpubenchmark.net/cpu_lookup.php?cpu=Intel+Xeon+6337P&id=6830,xeon6337p
Intel,Xeon D-1541,Broadwell,8,16,2.1,2.7,BGA 1667,14,1,45,Nov 2015,2015-11-01,9957,,1733,,,https://www.techpowerup.com/cpu-specs/xeon-d-1541.c2715,https://www.cpubenchmark.net/cpu_lookup.php?cpu=Intel+Xeon+D-1541+%40+2.10GHz&id=2718,xeond1541
Intel,Xeon E-2226G,Coffee Lake-S WS,6,6,3.4,4.7,Socket 1151,14,12,80,May 2019,2019-05-01,11086,,1643,33.45,331.37,https://www.techpowerup.com/cpu-specs/xeon-e-2226g.c3542,https://www.cpubenchmark.net/cpu_lookup.php?cpu=Intel+Xeon+E-2226G+%40+3.40GHz&id=3572,xeone2226g
Intel,Xeon E5-2637 v2,Ivy Bridge-EP,4,8,3.5,,Socket 2011,22,10,130,Sep 2013,2013-09-01,6483,,2218,49.89,129.95,https://www.techpowerup.com/cpu-specs/xeon-e5-2637-v2.c1655,https://www.cpubenchmark.net/cpu_lookup.php?cpu=Intel+Xeon+E5-2637+v2+%40+3.50GHz&id=2178,xeone52637v2
AMD,A8-7670K,Godaveri,4,4,3.6,3.9,Socket FM2+,28,,95,Jul 2015,2015-07-01,,,,,,https://www.techpowerup.com/cpu-specs/a8-7670k.c2618,,a87670k
AMD,Athlon 64 X2 3800+,Manchester,2,2,2.0,,Socket 939,90,,89,Aug 2005,2005-08-01,,,,,,https://www.techpowerup.com/cpu-specs/athlon-64-x2-3800.c29,,athlon64x23800
AMD,Athlon XP 1500+,Palomino,1,1,1.333,,Socket A,180,,60,Oct 2001,2001-10-01,,,,,,https://www.techpowerup.com/cpu-specs/athlon-xp-1500.c121,,athlonxp1500
AMD,Opteron X2 180,Denmark,2,2,2.4,,Socket 939,90,,110,Sep 2005,2005-09-01,,,,,,https://www.techpowerup.com/cpu-specs/opteron-x2-180.c185,,opteronx2180
AMD,Phenom II X2 550 BE,Callisto,2,2,3.1,,Socket AM3,45,6,80,Jun 2009,2009-06-01,,,,,,https://www.techpowerup.com/cpu-specs/phenom-ii-x2-550-be.c604,,phenomiix2550be
Intel,Celeron G555,Sandy Bridge,2,2,2.7,,Socket 1155,32,2,65,Sep 2012,2012-09-01,1427,,4264,19.02,75.0,https://www.techpowerup.com/cpu-specs/celeron-g555.c1340,https://www.cpubenchmark.net/cpu_lookup.php?cpu=Intel+Celeron+G555+%40+2.70GHz&id=1791,celerong555
Intel,Core i3-12300HE,Alder Lake-H,8,12,1.9,4.3,BGA 1744,10,12,45,Jan 2022,2022-01-01,16131,,1282,52.72,306.0,https://www.techpowerup.com/cpu-specs/core-i3-12300he.c2547,https://www.cpubenchmark.net/cpu_lookup.php?cpu=Intel+Core+i3-12300HE&id=7321,corei312300he
Intel,Core i3-8109U,Kaby Lake-R,2,4,3.0,3.6,BGA 1356,14,4,28,Apr 2018,2018-04-01,4176,2067,2752,8.35,499.99,https://www.techpowerup.com/cpu-specs/core-i3-8109u.c2023,https://www.cpubenchmark.net/cpu_lookup.php?cpu=Intel+Core+i3-8109U+%40+3.00GHz&id=3333,corei38109u
Intel,Core i3-8121U,Cannon Lake,2,4,2.2,3.2,BGA 1440,10,4,15,May 2018,2018-05-01,4287,1897,2728,14.78,290.0,https://www.techpowerup.com/cpu-specs/core-i3-8121u.c2070,https://www.cpubenchmark.net/cpu_lookup.php?cpu=Intel+Core+i3-8121U+%40+2.20GHz&id=3368,corei38121u
Intel,Core i5-4670S,Haswell,4,4,3.1,3.8,Socket 1150,22,6,65,Jun 2013,2013-06-01,5236,,2521,24.58,213.0,https://www.techpowerup.com/cpu-specs/core-i5-4670s.c1479,https://www.cpubenchmark.net/cpu_lookup.php?cpu=Intel+Core+i5-4670S+%40+3.10GHz&id=2004,corei54670s
Intel,Core i5-4690T,Haswell,4,4,2.5,3.5,Socket 1150,22,6,45,May 2014,2014-05-01,4617,,2651,,,https://www.techpowerup.com/cpu-specs/core-i5-4690t.c3501,https://www.cpubenchmark.net/cpu_lookup.php?cpu=Intel+Core+i5-4690T+%40+2.50GHz&id=2437,corei54690t
Intel,Core m5-6Y54,Skylake-Y,2,4,1.1,2.7,BGA 1515,14,4,5,Sep 2015,2015-09-01,2257,1277,3653,,,https://www.techpowerup.com/cpu-specs/core-m5-6y54.c3587,https://www.cpubenchmark.net/cpu_lookup.php?cpu=Intel+Core+m5-6Y54+%40+1.10GHz&id=2664,corem56y54
Intel,Pentium 4 HT 3.2E,Prescott,1,2,3.2,,Socket 478,90,,115,Feb 2004,2004-02-01,,,,,,https://www.techpowerup.com/cpu-specs/pentium-4-ht-3-2e.c265,,pentium4ht32e
Intel,Xeon 6503P,Granite Rapids,8,16,2.8,4.3,Socket 4710,5,48,135,May 2026,2026-05-01,,,,,,https://www.techpowerup.com/cpu-specs/xeon-6503p.c4447,,xeon6503p
Intel,Xeon E5-4650,Sandy Bridge-EP,8,16,2.7,3.3,Socket 2011,32,20,130,May 2012,2012-05-01,8651,,1872,618.34,13.99,https://www.techpowerup.com/cpu-specs/xeon-e5-4650.c1463,https://www.cpubenchmark.net/cpu_lookup.php?cpu=Intel+Xeon+E5-4650+%40+2.70GHz&id=1225,xeone54650
Intel,Xeon E5649,Westmere-EP,6,12,2.533,2.8,Socket 1366,32,12,80,Feb 2011,2011-02-01,5646,,2403,43.45,129.95,https://www.techpowerup.com/cpu-specs/xeon-e5649.c945,https://www.cpubenchmark.net/cpu_lookup.php?cpu=Intel+Xeon+E5649+%40+2.53GHz&id=1253,xeone5649
Intel,Xeon w5-2565X,Sapphire Rapids,18,36,3.2,4.8,Socket 4677,10,37,240,Aug 2024,2024-08-01,52073,,249,33.56,1551.64,https://www.techpowerup.com/cpu-specs/xeon-w5-2565x.c3810,https://www.cpubenchmark.net/cpu_lookup.php?cpu=Intel+Xeon+w5-2565X&id=6254,xeonw52565x
AMD,Athlon 64 X2 4200+,Manchester,2,2,2.2,,Socket 939,90,,89,May 2006,2006-05-01,,,,,,https://www.techpowerup.com/cpu-specs/athlon-64-x2-4200.c328,,athlon64x24200
AMD,Athlon 900,Thunderbird,1,1,0.9,,Socket A,180,,50,Jun 2000,2000-06-01,,,,,,https://www.techpowerup.com/cpu-specs/athlon-900.c1233,,athlon900
AMD,Athlon XP 3200+ (333FSB),Barton,1,1,2.333,,Socket A,130,,79,May 2003,2003-05-01,,,,,,https://www.techpowerup.com/cpu-specs/athlon-xp-3200-333fsb.c2781,,athlonxp3200333fsb
AMD,EPYC 9365,Turin,36,72,3.4,4.3,Socket SP5,4,192,300,Oct 2024,2024-10-01,,,,,,https://www.techpowerup.com/cpu-specs/epyc-9365.c3893,,epyc9365
AMD,Phenom II X4 910e,Deneb,4,4,2.6,,Socket AM3,45,6,65,Jan 2010,2010-01-01,,,,,,https://www.techpowerup.com/cpu-specs/phenom-ii-x4-910e.c614,,phenomiix4910e
AMD,Ryzen 3 PRO 8300G,Phoenix2,4,8,3.4,4.9,Socket AM5,4,8,65,Apr 2024,2024-04-01,13368,,,,423.0,https://www.techpowerup.com/cpu-specs/ryzen-3-pro-8300g.c4023,https://www.cpubenchmark.net/cpu.php?cpu=AMD+Ryzen+3+PRO+8300G&id=6022,ryzen3pro8300g
Intel,Atom Z500,Silverthorne,1,1,0.8,,BGA 441,45,,1,Apr 2008,2008-04-01,,,,,,https://www.techpowerup.com/cpu-specs/atom-z500.c1416,,atomz500
Intel,Core 7 250U,Raptor Lake-U,10,12,1.9,5.4,BGA 1744,10,12,15,Unknown,,13795,3410,1440,,,https://www.techpowerup.com/cpu-specs/core-7-250u.c3466,https://www.cpubenchmark.net/cpu_lookup.php?cpu=Intel+Core+7+250U&id=6937,core7250u
Intel,Core i5-1230U,Alder Lake-U,10,12,1.0,4.4,BGA 1781,10,12,9,Feb 2022,2022-02-01,10836,2673,1666,35.07,309.0,https://www.techpowerup.com/cpu-specs/core-i5-1230u.c2587,https://www.cpubenchmark.net/cpu_lookup.php?cpu=Intel+Core+i5-1230U&id=4890,corei51230u
Intel,Core i7-2820QM,Sandy Bridge,4,8,2.3,3.4,Socket G2 (988B),32,8,45,Jan 2011,2011-01-01,4348,1502,2716,11.75,369.95,https://www.techpowerup.com/cpu-specs/core-i7-2820qm.c994,https://www.cpubenchmark.net/cpu_lookup.php?cpu=Intel+Core+i7-2820QM+%40+2.30GHz&id=885,corei72820qm
Intel,Core i7-8705G,Kaby Lake G,4,8,3.1,4.1,BGA 2270,14,8,65,Jan 2018,2018-01-01,7608,2188,2004,4.96,1535.11,https://www.techpowerup.com/cpu-specs/core-i7-8705g.c1981,https://www.cpubenchmark.net/cpu_lookup.php?cpu=Intel+Core+i7-8705G+%40+3.10GHz&id=3201,corei78705g
Intel,Pentium 4 2.53,Northwood,1,1,2.527,,Socket 478,130,,110,May 2002,2002-05-01,,,,,,https://www.techpowerup.com/cpu-specs/pentium-4-2-53.c279,,pentium4253
Intel,Pentium E6500K,Wolfdale,2,2,2.933,,Socket 775,45,,65,Aug 2009,2009-08-01,,,,,,https://www.techpowerup.com/cpu-specs/pentium-e6500k.c865,,pentiume6500k
Intel,Xeon D-1531,Broadwell,6,12,2.2,2.7,BGA 1667,14,1,35,Nov 2015,2015-11-01,7668,,1995,22.03,348.0,https://www.techpowerup.com/cpu-specs/xeon-d-1531.c2712,https://www.cpubenchmark.net/cpu_lookup.php?cpu=Intel+Xeon+D-1531+%40+2.20GHz&id=3107,xeond1531
Intel,Xeon E5-2693 v3,Haswell-EP,12,24,2.8,3.4,Socket 2011-3,22,30,160,Unreleased,,,,,,,https://www.techpowerup.com/cpu-specs/xeon-e5-2693-v3.c2892,,xeone52693v3
Intel,Xeon Gold 5317,Ice Lake-SP,12,24,3.0,3.6,Socket 4189,10,18,150,Apr 2021,2021-04-01,27293,,680,15.17,1798.95,https://www.techpowerup.com/cpu-specs/xeon-gold-5317.c2446,https://www.cpubenchmark.net/cpu_lookup.php?cpu=Intel+Xeon+Gold+5317+%40+3.00GHz&id=4326,xeongold5317
Intel,Xeon Platinum 8568Y+,Emerald Rapids,48,96,2.3,4.0,Socket 4677,10,300,350,Dec 2023,2023-12-01,79683,,92,12.26,6497.0,https://www.techpowerup.com/cpu-specs/xeon-platinum-8568y.c3411,https://www.cpubenchmark.net/cpu_lookup.php?cpu=Intel+Xeon+Platinum+8568Y%2B&id=6135,xeonplatinum8568y
Intel,Xeon Platinum 8593Q,Emerald Rapids,64,128,2.2,3.9,Socket 4677,10,320,385,Dec 2023,2023-12-01,,,,,,https://www.techpowerup.com/cpu-specs/xeon-platinum-8593q.c3416,,xeonplatinum8593q
Intel,Xeon w7-3465X,Sapphire Rapids,28,56,2.5,4.8,Socket 4677,10,75,300,Feb 2023,2023-02-01,61559,,172,20.0,3077.93,https://www.techpowerup.com/cpu-specs/xeon-w7-3465x.c3108,https://www.cpubenchmark.net/cpu_lookup.php?cpu=Intel+Xeon+w7-3465X&id=5478,xeonw73465x
AMD,EPYC 8224P,Siena,24,48,2.55,3.0,Socket SP6,5,64,160,Sep 2023,2023-09-01,46052,,,,1048.25,https://www.techpowerup.com/cpu-specs/epyc-8224p.c3292,https://www.cpubenchmark.net/cpu.php?cpu=AMD+EPYC+8224P&id=5939,epyc8224p
AMD,EPYC 9654P,Genoa,96,192,2.4,3.7,Socket SP5,5,384,360,Nov 2022,2022-11-01,117647,,,,5250.0,https://www.techpowerup.com/cpu-specs/epyc-9654p.c2934,https://www.cpubenchmark.net/cpu.php?cpu=AMD+EPYC+9654P&id=5575,epyc9654p
AMD,Ryzen Threadripper 1900,Zen,8,16,3.1,3.7,Socket SP3r2,14,32,125,Unreleased,,,,,,,https://www.techpowerup.com/cpu-specs/ryzen-threadripper-1900.c1913,,ryzenthreadripper1900
Intel,Celeron D 330,Prescott,1,1,2.667,,Socket 775,90,,84,Jun 2004,2004-06-01,,,,,,https://www.techpowerup.com/cpu-specs/celeron-d-330.c11,,celerond330
Intel,Celeron D 341,Prescott,1,1,2.93,,Socket 775,90,,84,Sep 2004,2004-09-01,,,,,,https://www.techpowerup.com/cpu-specs/celeron-d-341.c331,,celerond341
Intel,Core i3-2100T,Sandy Bridge,2,4,2.5,,Socket 1155,32,3,35,Feb 2011,2011-02-01,1521,,4191,23.54,64.63,https://www.techpowerup.com/cpu-specs/core-i3-2100t.c738,https://www.cpubenchmark.net/cpu_lookup.php?cpu=Intel+Core+i3-2100T+%40+2.50GHz&id=750,corei32100t
Intel,Core i5-1155G7 (IPU),Tiger Lake-U,4,8,2.5,4.5,BGA 1449,10,8,28,May 2021,2021-05-01,,,,,,https://www.techpowerup.com/cpu-specs/core-i5-1155g7-ipu.c4217,,corei51155g7ipu
Intel,Core i5-13600H,Raptor Lake-H,12,16,2.8,4.8,BGA 1744,10,18,45,Jan 2023,2023-01-01,23145,3643,855,74.42,311.0,https://www.techpowerup.com/cpu-specs/core-i5-13600h.c3054,https://www.cpubenchmark.net/cpu_lookup.php?cpu=Intel+Core+i5-13600H&id=5376,corei513600h
Intel,Core i5-14401TE,Raptor Lake-R,6,12,2.0,4.5,Socket 1700,10,20,45,Jul 2024,2024-07-01,,,,,,https://www.techpowerup.com/cpu-specs/core-i5-14401te.c3737,,corei514401te
Intel,Core i5-5350U,Broadwell-U,2,4,1.8,2.9,BGA 1168,14,3,15,Mar 2015,2015-03-01,2590,1643,3435,,,https://www.techpowerup.com/cpu-specs/core-i5-5350u.c1812,https://www.cpubenchmark.net/cpu_lookup.php?cpu=Intel+Core+i5-5350U+%40+1.80GHz&id=2530,corei55350u
Intel,Core i7-4870HQ,Crystalwell,4,8,2.5,3.7,BGA 1364,22,6,47,Jul 2014,2014-07-01,6302,2046,2266,,,https://www.techpowerup.com/cpu-specs/core-i7-4870hq.c1776,https://www.cpubenchmark.net/cpu_lookup.php?cpu=Intel+Core+i7-4870HQ+%40+2.50GHz&id=2314,corei74870hq
Intel,Core Solo T1300,Yonah,1,1,1.66,,Socket 479,65,,27,Jan 2006,2006-01-01,210,518,5795,,,https://www.techpowerup.com/cpu-specs/core-solo-t1300.c338,https://www.cpubenchmark.net/cpu_lookup.php?cpu=Intel+Core+Solo+T1300+%40+1.66GHz&id=578,coresolot1300
Intel,Pentium Gold G5620,Coffee Lake,2,4,4.0,,Socket 1151,14,4,54,Feb 2019,2019-02-01,4251,,2743,25.84,164.51,https://www.techpowerup.com/cpu-specs/pentium-gold-g5620.c2160,https://www.cpubenchmark.net/cpu_lookup.php?cpu=Intel+Pentium+Gold+G5620+%40+4.00GHz&id=3626,pentiumgoldg5620
Intel,Xeon 5050,Dempsey,2,4,3.0,,Socket 771,65,,95,May 2006,2006-05-01,,,,,,https://www.techpowerup.com/cpu-specs/xeon-5050.c382,,xeon5050
Intel,Xeon D-1521,Broadwell,4,8,2.4,2.7,BGA 1667,14,1,45,Nov 2015,2015-11-01,5563,,2434,,,https://www.techpowerup.com/cpu-specs/xeon-d-1521.c2709,https://www.cpubenchmark.net/cpu_lookup.php?cpu=Intel+Xeon+D-1521+%40+2.40GHz&id=2712,xeond1521
Intel,Xeon E5472,Harpertown,4,4,3.0,,Socket 771,45,,80,Nov 2007,2007-11-01,2333,,3601,116.4,20.04,https://www.techpowerup.com/cpu-specs/xeon-e5472.c4140,https://www.cpubenchmark.net/cpu_lookup.php?cpu=Intel+Xeon+E5472+%40+3.00GHz&id=1705,xeone5472
AMD,Athlon 64 3200+,Venice,1,1,2.0,,Socket 939,90,,67,Apr 2005,2005-04-01,,,,,,https://www.techpowerup.com/cpu-specs/athlon-64-3200.c44,,athlon643200
AMD,Athlon XP 2100+,Palomino,1,1,1.733,,Socket A,180,,72,Mar 2002,2002-03-01,,,,,,https://www.techpowerup.com/cpu-specs/athlon-xp-2100.c115,,athlonxp2100
AMD,EPYC 7573X,Milan-X,32,64,2.8,3.6,Socket SP3,7,768,280,Mar 2022,2022-03-01,68350,,,,5250.0,https://www.techpowerup.com/cpu-specs/epyc-7573x.c2760,https://www.cpubenchmark.net/cpu.php?cpu=AMD+EPYC+7573X&id=4959,epyc7573x
AMD,Phenom II X2 560 BE,Callisto,2,2,3.3,,Socket AM3,45,6,80,Sep 2010,2010-09-01,,,,,,https://www.techpowerup.com/cpu-specs/phenom-ii-x2-560-be.c680,,phenomiix2560be
AMD,Sempron 130,Sargas,1,1,2.6,,Socket AM3,45,,45,Aug 2011,2011-08-01,,,,,,https://www.techpowerup.com/cpu-specs/sempron-130.c822,,sempron130
Intel,Atom x5-E3930,Apollo Lake,2,2,1.3,1.8,BGA 1296,14,,7,Aug 2014,2014-08-01,879,613,4838,,,https://www.techpowerup.com/cpu-specs/atom-x5-e3930.c2595,https://www.cpubenchmark.net/cpu_lookup.php?cpu=Intel+Atom+x5-E3930+%40+1.30GHz&id=2967,atomx5e3930
Intel,Atom Z540,Silverthorne,1,2,1.867,,BGA 441,45,,2,Apr 2008,2008-04-01,227,,5771,,,https://www.techpowerup.com/cpu-specs/atom-z540.c1425,https://www.cpubenchmark.net/cpu_lookup.php?cpu=Intel+Atom+Z540+%40+1.86GHz&id=627,atomz540
Intel,Celeron 1300,Tualatin,1,1,1.3,,Socket 370,130,,33,Jan 2002,2002-01-01,,,,,,https://www.techpowerup.com/cpu-specs/celeron-1300.c3618,,celeron1300
Intel,Celeron G3930T,Kaby Lake,2,2,2.7,,Socket 1151,14,2,35,Jan 2017,2017-01-01,2023,,3806,15.8,128.04,https://www.techpowerup.com/cpu-specs/celeron-g3930t.c1942,https://www.cpubenchmark.net/cpu_lookup.php?cpu=Intel+Celeron+G3930T+%40+2.70GHz&id=3353,celerong3930t
Intel,Core 5 223PQE,Bartlett Lake,8,16,4.0,5.5,Socket 1700,10,24,125,Mar 2026,2026-03-01,,,,,,https://www.techpowerup.com/cpu-specs/core-5-223pqe.c4359,,core5223pqe
Intel,Core i9-12900T,Alder Lake-S,16,24,1.4,4.9,Socket 1700,10,30,35,Jan 2022,2022-01-01,28964,,605,59.23,489.0,https://www.techpowerup.com/cpu-specs/core-i9-12900t.c2568,https://www.cpubenchmark.net/cpu_lookup.php?cpu=Intel+Core+i9-12900T&id=4710,corei912900t
Intel,Core Ultra 5 125UL,Meteor Lake-PS,12,14,1.3,4.3,Socket 1851,7,12,15,Apr 2024,2024-04-01,,,,,,https://www.techpowerup.com/cpu-specs/core-ultra-5-125ul.c3710,,coreultra5125ul
Intel,Pentium 350,Sandy Bridge,2,4,1.2,,Socket 1155,32,3,15,Nov 2011,2011-11-01,,,,,,https://www.techpowerup.com/cpu-specs/pentium-350.c869,,pentium350
Intel,Pentium 4 HT 3.6E,Prescott,1,2,3.6,,Socket 478,90,,115,Aug 2004,2004-08-01,,,,,,https://www.techpowerup.com/cpu-specs/pentium-4-ht-3-6e.c267,,pentium4ht36e
Intel,Pentium D 950,Presler,2,2,3.4,,Socket 775,65,,130,Jan 2006,2006-01-01,705,,5058,,,https://www.techpowerup.com/cpu-specs/pentium-d-950.c324,https://www.cpubenchmark.net/cpu_lookup.php?cpu=Intel+Pentium+D+950+%40+3.40GHz&id=1129,pentiumd950
Intel,Pentium G640T,Sandy Bridge,2,2,2.4,,Socket 1155,32,3,35,Jun 2012,2012-06-01,1139,,4529,13.89,82.02,https://www.techpowerup.com/cpu-specs/pentium-g640t.c1351,https://www.cpubenchmark.net/cpu_lookup.php?cpu=Intel+Pentium+G640T+%40+2.40GHz&id=2100,pentiumg640t
Intel,Xeon E-2324G,Rocket Lake-E,4,4,3.1,4.6,Socket 1200,14,8,65,Sep 2021,2021-09-01,10350,,1699,27.02,382.99,https://www.techpowerup.com/cpu-specs/xeon-e-2324g.c2500,https://www.cpubenchmark.net/cpu_lookup.php?cpu=Intel+Xeon+E-2324G+%40+3.10GHz&id=5127,xeone2324g
Intel,Xeon Platinum 8280M,Cascade Lake-SP,28,56,2.7,4.0,Socket 3647,14,38,205,Dec 2018,2018-12-01,37665,,409,3.29,11460.0,https://www.techpowerup.com/cpu-specs/xeon-platinum-8280m.c2169,https://www.cpubenchmark.net/cpu_lookup.php?cpu=Intel+Xeon+Platinum+8280M+%40+2.70GHz&id=6792,xeonplatinum8280m
AMD,A10-4655M,Trinity,4,4,2.0,2.8,Socket FP2,32,,25,May 2012,2012-05-01,,,,,,https://www.techpowerup.com/cpu-specs/a10-4655m.c1026,,a104655m
AMD,Athlon 1000 (C),Thunderbird C,1,1,1.0,,Socket A,180,,54,Oct 2000,2000-10-01,,,,,,https://www.techpowerup.com/cpu-specs/athlon-1000-c.c1230,,athlon1000
AMD,Athlon PRO 3145B,Dali,2,4,2.4,3.3,Socket FP5,14,4,15,Jan 2021,2021-01-01,,,,,,https://www.techpowerup.com/cpu-specs/athlon-pro-3145b.c4040,,athlonpro3145b
AMD,EPYC 8225P,Sorano,24,48,2.95,4.5,Socket SP6,4,128,160,May 2026,2026-05-01,,,,,,https://www.techpowerup.com/cpu-specs/epyc-8225p.c4417,,epyc8225p
AMD,Phenom II X4 810,Deneb,4,4,2.6,,Socket AM3,45,4,95,Feb 2009,2009-02-01,,,,,,https://www.techpowerup.com/cpu-specs/phenom-ii-x4-810.c611,,phenomiix4810
AMD,Ryzen 7 PRO 9755,Granite Ridge,8,16,3.8,5.4,Socket AM5,4,32,120,Jun 2026,2026-06-01,38751,,,,,https://www.techpowerup.com/cpu-specs/ryzen-7-pro-9755.c4428,https://www.cpubenchmark.net/cpu.php?cpu=AMD+Ryzen+7+PRO+9755&id=7294,ryzen7pro9755
AMD,Ryzen 9 PRO 6950H,Rembrandt,8,16,3.3,4.9,Socket FP7,6,16,45,Apr 2022,2022-04-01,23844,3330,,,,https://www.techpowerup.com/cpu-specs/ryzen-9-pro-6950h.c2765,https://www.cpubenchmark.net/cpu.php?cpu=AMD+Ryzen+9+PRO+6950H&id=4964,ryzen9pro6950h
AMD,Ryzen Embedded 9950X,Granite Ridge,16,32,4.3,5.7,Socket AM5,4,64,170,Oct 2025,2025-10-01,,,,,,https://www.techpowerup.com/cpu-specs/ryzen-embedded-9950x.c4408,,ryzenembedded9950x
Intel,Atom x6413E,Elkhart Lake,4,4,1.5,3.0,BGA 1493,10,,9,Jan 2021,2021-01-01,3740,,2903,86.97,43.0,https://www.techpowerup.com/cpu-specs/atom-x6413e.c4289,https://www.cpubenchmark.net/cpu_lookup.php?cpu=Intel+Atom+x6413E+%40+1.50GHz&id=4644,atomx6413e
Intel,Celeron 3205U,Broadwell-U,2,2,1.5,,BGA 1168,14,2,15,Mar 2015,2015-03-01,957,908,4734,3.33,287.04,https://www.techpowerup.com/cpu-specs/celeron-3205u.c1798,https://www.cpubenchmark.net/cpu_lookup.php?cpu=Intel+Celeron+3205U+%40+1.50GHz&id=2509,celeron3205u
Intel,Celeron 887,Sandy Bridge,2,2,1.5,,BGA 1023,32,2,17,Sep 2012,2012-09-01,770,702,4967,,,https://www.techpowerup.com/cpu-specs/celeron-887.c1338,https://www.cpubenchmark.net/cpu_lookup.php?cpu=Intel+Celeron+887+%40+1.50GHz&id=1469,celeron887
Intel,Core i5-13600HX,Raptor Lake-HX,14,20,2.6,4.8,BGA 1964,10,24,55,Jan 2023,2023-01-01,27448,3642,676,96.65,284.0,https://www.techpowerup.com/cpu-specs/core-i5-13600hx.c3030,https://www.cpubenchmark.net/cpu_lookup.php?cpu=Intel+Core+i5-13600HX&id=5382,corei513600hx
Intel,Core i5-8500B,Coffee Lake,6,6,3.0,4.1,BGA 1440,14,9,65,Apr 2018,2018-04-01,8770,2524,1857,45.68,192.0,https://www.techpowerup.com/cpu-specs/core-i5-8500b.c2896,https://www.cpubenchmark.net/cpu_lookup.php?cpu=Intel+Core+i5-8500B+%40+3.00GHz&id=3382,corei58500b
Intel,Core i7-2860QM,Sandy Bridge,4,8,2.5,3.6,BGA 1224,32,8,45,Sep 2011,2011-09-01,4558,1572,2662,45.58,100.0,https://www.techpowerup.com/cpu-specs/core-i7-2860qm.c996,https://www.cpubenchmark.net/cpu_lookup.php?cpu=Intel+Core+i7-2860QM+%40+2.50GHz&id=886,corei72860qm
Intel,Core Ultra 7 164U,Meteor Lake,12,14,1.1,4.8,BGA 2551,7,12,9,Dec 2023,2023-12-01,12569,2912,1536,,,https://www.techpowerup.com/cpu-specs/core-ultra-7-164u.c3525,https://www.cpubenchmark.net/cpu_lookup.php?cpu=Intel+Core+Ultra+7+164U&id=6030,coreultra7164u
Intel,Pentium Gold G5400T,Coffee Lake,2,4,3.1,,Socket 1151,14,4,35,Apr 2018,2018-04-01,3161,,3144,38.65,81.79,https://www.techpowerup.com/cpu-specs/pentium-gold-g5400t.c3124,https://www.cpubenchmark.net/cpu_lookup.php?cpu=Intel+Pentium+Gold+G5400T+%40+3.10GHz&id=3329,pentiumgoldg5400t
Intel,Xeon E-2278GEL,Coffee Lake-S WS,8,16,2.0,3.9,Socket 1151,14,16,35,Jun 2019,2019-06-01,12024,,1574,24.34,494.0,https://www.techpowerup.com/cpu-specs/xeon-e-2278gel.c3487,https://www.cpubenchmark.net/cpu_lookup.php?cpu=Intel+Xeon+E-2278GEL+%40+2.00GHz&id=3595,xeone2278gel
Intel,Xeon E3-1265L v4,Broadwell-DT,4,8,2.3,3.3,Socket 1150,14,6,35,Jun 2015,2015-06-01,6954,,2120,,,https://www.techpowerup.com/cpu-specs/xeon-e3-1265l-v4.c2680,https://www.cpubenchmark.net/cpu_lookup.php?cpu=Intel+Xeon+E3-1265L+v4+%40+2.30GHz&id=3289,xeone31265lv4
Intel,Xeon E3-1535M v5,Skylake-H,4,8,2.9,3.7,BGA 1440,14,8,45,Oct 2015,2015-10-01,7508,2118,2020,12.05,623.0,https://www.techpowerup.com/cpu-specs/xeon-e3-1535m-v5.c3246,https://www.cpubenchmark.net/cpu_lookup.php?cpu=Intel+Xeon+E3-1535M+v5+%40+2.90GHz&id=2667,xeone31535mv5
Intel,Xeon E5-2430,Sandy Bridge-EN,6,12,2.2,2.7,Socket 1356,32,15,95,May 2012,2012-05-01,5770,,2378,147.95,39.0,https://www.techpowerup.com/cpu-specs/xeon-e5-2430.c1694,https://www.cpubenchmark.net/cpu_lookup.php?cpu=Intel+Xeon+E5-2430+%40+2.20GHz&id=1788,xeone52430
Intel,Xeon E5-2623 v3,Haswell-EP,4,8,3.0,3.5,Socket 2011-3,22,10,105,Sep 2014,2014-09-01,6632,,2186,28.84,229.95,https://www.techpowerup.com/cpu-specs/xeon-e5-2623-v3.c2860,https://www.cpubenchmark.net/cpu_lookup.php?cpu=Intel+Xeon+E5-2623+v3+%40+3.00GHz&id=2492,xeone52623v3
Intel,Xeon E5-2698A v3,Haswell-EP,16,32,2.8,3.2,Socket 2011-3,22,40,165,Nov 2014,2014-11-01,,,,,,https://www.techpowerup.com/cpu-specs/xeon-e5-2698a-v3.c2900,,xeone52698av3
AMD,A6-5350M,Richland,2,2,2.9,3.5,Socket FS1r2,32,,35,Jun 2013,2013-06-01,,,,,,https://www.techpowerup.com/cpu-specs/a6-5350m.c1556,,a65350m
AMD,Athlon 64 X2 5200+,Windsor,2,2,2.6,,Socket AM2,90,,89,Sep 2006,2006-09-01,,,,,,https://www.techpowerup.com/cpu-specs/athlon-64-x2-5200.c462,,athlon64x25200
AMD,Athlon II X4 610e,Propus,4,4,2.4,,Socket AM3,45,,45,May 2010,2010-05-01,,,,,,https://www.techpowerup.com/cpu-specs/athlon-ii-x4-610e.c780,,athloniix4610e
AMD,Athlon X2 7550,Kuma,2,2,2.5,,Socket AM2+,65,2,95,Dec 2008,2008-12-01,,,,,,https://www.techpowerup.com/cpu-specs/athlon-x2-7550.c593,,athlonx27550
AMD,EPYC 8324P,Siena,32,64,2.65,3.0,Socket SP6,5,128,180,Sep 2023,2023-09-01,57127,,,,3598.95,https://www.techpowerup.com/cpu-specs/epyc-8324p.c3291,https://www.cpubenchmark.net/cpu.php?cpu=AMD+EPYC+8324P&id=5940,epyc8324p
AMD,EPYC 9736,Venice,128,256,2.7,3.7,Socket SP8,2,256,360,Jul 2026,2026-07-01,,,,,,https://www.techpowerup.com/cpu-specs/epyc-9736.c4543,,epyc9736
AMD,Phenom II X3 B75,Heka,3,3,3.0,,Socket AM3,45,6,95,Oct 2009,2009-10-01,,,,,,https://www.techpowerup.com/cpu-specs/phenom-ii-x3-b75.c759,,phenomiix3b75
AMD,Phenom II X4 920,Deneb,4,4,2.8,,Socket AM3,45,6,125,Jan 2009,2009-01-01,,,,,,https://www.techpowerup.com/cpu-specs/phenom-ii-x4-920.c615,,phenomiix4920
AMD,Ryzen 3 PRO 5475U,Cezanne-U,4,8,2.7,4.1,Socket FP6,7,8,15,Apr 2022,2022-04-01,10817,2787,,,,https://www.techpowerup.com/cpu-specs/ryzen-3-pro-5475u.c2775,https://www.cpubenchmark.net/cpu.php?cpu=AMD+Ryzen+3+PRO+5475U&id=4851,ryzen3pro5475u
AMD,Ryzen 5 2600E,Zen,6,12,3.1,4.0,Socket AM4,12,16,65,Sep 2018,2018-09-01,12346,,,,,https://www.techpowerup.com/cpu-specs/ryzen-5-2600e.c2108,https://www.cpubenchmark.net/cpu.php?cpu=AMD+Ryzen+5+2600E&id=6452,ryzen52600e
AMD,Ryzen 5 5625C,Cezanne-U,6,12,2.3,4.3,Socket FP6,7,16,15,May 2022,2022-05-01,,,,,,https://www.techpowerup.com/cpu-specs/ryzen-5-5625c.c2783,,ryzen55625c
AMD,Ryzen 5 PRO 9645,Granite Ridge,6,12,3.9,5.4,Socket AM5,4,32,65,Sep 2025,2025-09-01,30439,,,,,https://www.techpowerup.com/cpu-specs/ryzen-5-pro-9645.c4431,https://www.cpubenchmark.net/cpu.php?cpu=AMD+Ryzen+5+PRO+9645&id=7031,ryzen5pro9645
Intel,Atom x7433FE,Amston Lake,4,4,1.5,3.4,BGA 1264,10,6,9,Oct 2025,2025-10-01,,,,,,https://www.techpowerup.com/cpu-specs/atom-x7433fe.c4265,,atomx7433fe
Intel,Celeron 3965U,Kaby Lake-U,2,2,2.2,,BGA 1356,14,2,15,Jan 2017,2017-01-01,1755,1337,4010,16.4,107.0,https://www.techpowerup.com/cpu-specs/celeron-3965u.c3105,https://www.cpubenchmark.net/cpu_lookup.php?cpu=Intel+Celeron+3965U+%40+2.20GHz&id=3145,celeron3965u
Intel,Celeron G5920,Comet Lake,2,2,3.5,,Socket 1200,14,2,58,Apr 2020,2020-04-01,2667,,3388,44.47,59.99,https://www.techpowerup.com/cpu-specs/celeron-g5920.c2306,https://www.cpubenchmark.net/cpu_lookup.php?cpu=Intel+Celeron+G5920+%40+3.50GHz&id=3887,celerong5920
Intel,Core 2 Duo T7600G,Merom,2,2,2.333,,Socket M,65,,35,Dec 2006,2006-12-01,,,,,,https://www.techpowerup.com/cpu-specs/core-2-duo-t7600g.c1534,,core2duot7600g
Intel,Core i3-3110M,Ivy Bridge,2,4,2.4,,BGA 1023,22,3,35,Jun 2012,2012-06-01,1657,1232,4081,23.69,69.95,https://www.techpowerup.com/cpu-specs/core-i3-3110m.c1060,https://www.cpubenchmark.net/cpu_lookup.php?cpu=Intel+Core+i3-3110M+%40+2.40GHz&id=763,corei33110m
Intel,Core i7-2760QM,Sandy Bridge,4,8,2.4,3.5,BGA 1224,32,6,45,Sep 2011,2011-09-01,4286,1510,2729,35.13,122.02,https://www.techpowerup.com/cpu-specs/core-i7-2760qm.c992,https://www.cpubenchmark.net/cpu_lookup.php?cpu=Intel+Core+i7-2760QM+%40+2.40GHz&id=884,corei72760qm
Intel,Core i7-3537U,Ivy Bridge,2,4,2.0,3.2,BGA 1023,22,4,17,Jan 2013,2013-01-01,2357,1443,3583,,,https://www.techpowerup.com/cpu-specs/core-i7-3537u.c1519,https://www.cpubenchmark.net/cpu_lookup.php?cpu=Intel+Core+i7-3537U+%40+2.00GHz&id=1845,corei73537u
Intel,Core i7-3632QM,Ivy Bridge,4,8,2.2,3.2,BGA 1224,22,6,35,Oct 2012,2012-10-01,4748,1581,2615,27.93,169.95,https://www.techpowerup.com/cpu-specs/core-i7-3632qm.c1220,https://www.cpubenchmark.net/cpu_lookup.php?cpu=Intel+Core+i7-3632QM+%40+2.20GHz&id=1480,corei73632qm
Intel,Core i7-8559U,Kaby Lake-R,4,8,2.7,4.5,BGA 1356,14,8,28,Apr 2018,2018-04-01,8214,2464,1915,13.31,617.0,https://www.techpowerup.com/cpu-specs/core-i7-8559u.c2026,https://www.cpubenchmark.net/cpu_lookup.php?cpu=Intel+Core+i7-8559U+%40+2.70GHz&id=3302,corei78559u
Intel,Core i7-860S,Lynnfield,4,8,2.533,3.466,Socket 1156,45,8,82,Jan 2010,2010-01-01,2365,,3578,23.65,100.0,https://www.techpowerup.com/cpu-specs/core-i7-860s.c660,https://www.cpubenchmark.net/cpu_lookup.php?cpu=Intel+Core+i7-860S+%40+2.53GHz&id=855,corei7860s
Intel,Core i9-11900KB,Tiger Lake-H,8,16,3.3,5.3,BGA 1787,10,24,65,May 2021,2021-05-01,22710,,870,42.13,539.0,https://www.techpowerup.com/cpu-specs/core-i9-11900kb.c2484,https://www.cpubenchmark.net/cpu_lookup.php?cpu=Intel+Core+i9-11900KB+%40+3.30GHz&id=4444,corei911900kb
Intel,Xeon 6349P,Raptor Lake-R,6,12,3.6,5.7,Socket 1700,10,18,95,Feb 2025,2025-02-01,25793,,740,50.97,506.0,https://www.techpowerup.com/cpu-specs/xeon-6349p.c4091,https://www.cpubenchmark.net/cpu_lookup.php?cpu=Intel+Xeon+6349P&id=6984,xeon6349p
Intel,Xeon E3-1235,Sandy Bridge,4,8,3.2,3.6,Socket 1155,32,8,95,Apr 2011,2011-04-01,5037,,2565,18.65,270.0,https://www.techpowerup.com/cpu-specs/xeon-e3-1235.c812,https://www.cpubenchmark.net/cpu_lookup.php?cpu=Intel+Xeon+E3-1235+%40+3.20GHz&id=1200,xeone31235
Intel,Xeon E3-1585 v5,Skylake-H,4,8,3.5,3.9,BGA 1440,14,8,65,May 2016,2016-05-01,8408,,1891,15.12,556.0,https://www.techpowerup.com/cpu-specs/xeon-e3-1585-v5.c3239,https://www.cpubenchmark.net/cpu_lookup.php?cpu=Intel+Xeon+E3-1585+v5+%40+3.50GHz&id=3011,xeone31585v5
Intel,Xeon E5-2450,Sandy Bridge-EN,8,16,2.1,2.9,Socket 1356,32,20,95,May 2012,2012-05-01,7604,,2007,155.18,49.0,https://www.techpowerup.com/cpu-specs/xeon-e5-2450.c1698,https://www.cpubenchmark.net/cpu_lookup.php?cpu=Intel+Xeon+E5-2450+%40+2.10GHz&id=2514,xeone52450
Intel,Xeon E5-2675 v3,Haswell-EP,16,32,1.8,2.3,Socket 2011-3,22,40,110,Sep 2014,2014-09-01,13180,,1484,,,https://www.techpowerup.com/cpu-specs/xeon-e5-2675-v3.c2898,https://www.cpubenchmark.net/cpu_lookup.php?cpu=Intel+Xeon+E5-2675+v3+%40+1.80GHz&id=2686,xeone52675v3
Intel,Xeon Platinum 8358P,Ice Lake-SP,32,64,2.6,3.4,Socket 4189,10,48,240,Apr 2021,2021-04-01,,,,,,https://www.techpowerup.com/cpu-specs/xeon-platinum-8358p.c2425,,xeonplatinum8358p
AMD,A4-5050,Kabini,4,4,1.55,,Socket FT3,28,,13,Feb 2014,2014-02-01,,,,,,https://www.techpowerup.com/cpu-specs/a4-5050.c1759,,a45050
AMD,Athlon 64 3000+,NewCastle,1,1,2.0,,Socket 754,130,,89,Apr 2004,2004-04-01,,,,,,https://www.techpowerup.com/cpu-specs/athlon-64-3000.c54,,athlon643000
AMD,Athlon 64 LE-1640,Orleans,1,1,2.6,,Socket AM2,90,,45,Jan 2009,2009-01-01,,,,,,https://www.techpowerup.com/cpu-specs/athlon-64-le-1640.c2159,,athlon64le1640
AMD,Athlon 64 X2 5400+,Windsor,2,2,2.8,,Socket AM2,90,,89,Dec 2006,2006-12-01,,,,,,https://www.techpowerup.com/cpu-specs/athlon-64-x2-5400.c423,,athlon64x25400
AMD,Athlon X2 7850 BE,Kuma,2,2,2.8,,Socket AM2+,65,2,95,Apr 2009,2009-04-01,,,,,,https://www.techpowerup.com/cpu-specs/athlon-x2-7850-be.c595,,athlonx27850be
AMD,Athlon X4 750,Richland,4,4,3.4,4.0,Socket FM2,32,,65,Oct 2013,2013-10-01,,,,,,https://www.techpowerup.com/cpu-specs/athlon-x4-750.c2651,,athlonx4750
AMD,EPYC Embedded 9554,Genoa,64,128,3.1,3.75,Socket SP5,5,256,360,Mar 2023,2023-03-01,,,,,,https://www.techpowerup.com/cpu-specs/epyc-embedded-9554.c3190,,epycembedded9554
AMD,Phenom X4 9950 BE (140W),Agena,4,4,2.6,,Socket AM2+,65,2,140,Mar 2008,2008-03-01,,,,,,https://www.techpowerup.com/cpu-specs/phenom-x4-9950-be-140w.c504,,phenomx49950be140w
AMD,Sempron 2200+,Thoroughbred,1,1,1.5,,Socket A,130,,62,Jul 2004,2004-07-01,,,,,,https://www.techpowerup.com/cpu-specs/sempron-2200.c1182,,sempron2200
Intel,Celeron D 335,Prescott,1,1,2.8,,Socket 478,90,,84,Jun 2004,2004-06-01,,,,,,https://www.techpowerup.com/cpu-specs/celeron-d-335.c10,,celerond335
Intel,Core i3-6320,Skylake,2,4,3.9,,Socket 1151,14,4,51,Sep 2015,2015-09-01,4421,,2697,45.76,96.6,https://www.techpowerup.com/cpu-specs/core-i3-6320.c1834,https://www.cpubenchmark.net/cpu_lookup.php?cpu=Intel+Core+i3-6320+%40+3.90GHz&id=2625,corei36320
Intel,Core i7-4770HQ,Crystalwell,4,8,2.2,3.4,BGA 1364,22,6,47,Jul 2014,2014-07-01,6008,1900,2332,,,https://www.techpowerup.com/cpu-specs/core-i7-4770hq.c1778,https://www.cpubenchmark.net/cpu_lookup.php?cpu=Intel+Core+i7-4770HQ+%40+2.20GHz&id=2399,corei74770hq
Intel,Mobile Pentium 4 3.06,Northwood,1,2,3.067,,Socket 478,130,,70,Jun 2003,2003-06-01,,,,,,https://www.techpowerup.com/cpu-specs/mobile-pentium-4-3-06.c1250,,mobilepentium4306
Intel,Pentium 4 HT 2.40,Northwood,1,2,2.4,,Socket 478,130,,66,May 2003,2003-05-01,,,,,,https://www.techpowerup.com/cpu-specs/pentium-4-ht-2-40.c274,,pentium4ht240
Intel,Pentium 4 HT 550,Prescott,1,2,3.4,,Socket 775,90,,115,Jun 2004,2004-06-01,,,,,,https://www.techpowerup.com/cpu-specs/pentium-4-ht-550.c4,,pentium4ht550
Intel,Pentium G4520,Skylake,2,2,3.6,,Socket 1151,14,4,51,Sep 2015,2015-09-01,2661,,3389,9.34,285.0,https://www.techpowerup.com/cpu-specs/pentium-g4520.c1837,https://www.cpubenchmark.net/cpu_lookup.php?cpu=Intel+Pentium+G4520+%40+3.60GHz&id=2660,pentiumg4520
Intel,Pentium III 866,Coppermine,1,1,0.866,,Slot 1,180,,27,Mar 2000,2000-03-01,,,,,,https://www.techpowerup.com/cpu-specs/pentium-iii-866.c3772,,pentiumiii866
Intel,Pentium SU4100,Penryn,2,2,1.3,,BGA 956,45,,10,Sep 2009,2009-09-01,516,533,5308,,,https://www.techpowerup.com/cpu-specs/pentium-su4100.c1362,https://www.cpubenchmark.net/cpu_lookup.php?cpu=Intel+Pentium+SU4100+%40+1.30GHz&id=599,pentiumsu4100
Intel,Xeon E-2336,Rocket Lake-E,6,12,2.9,4.8,Socket 1200,14,12,65,Sep 2021,2021-09-01,16209,,1277,23.29,696.11,https://www.techpowerup.com/cpu-specs/xeon-e-2336.c2497,https://www.cpubenchmark.net/cpu_lookup.php?cpu=Intel+Xeon+E-2336+%40+2.90GHz&id=4666,xeone2336
Intel,Xeon Platinum 8458P,Sapphire Rapids,44,88,2.7,3.8,Socket 4677,10,82,350,Jan 2023,2023-01-01,,,,,,https://www.techpowerup.com/cpu-specs/xeon-platinum-8458p.c3133,,xeonplatinum8458p
Intel,Xeon W-2104,Skylake-W,4,4,3.2,,Socket 2066,14,8,120,Aug 2017,2017-08-01,5500,,2452,21.57,255.0,https://www.techpowerup.com/cpu-specs/xeon-w-2104.c2954,https://www.cpubenchmark.net/cpu_lookup.php?cpu=Intel+Xeon+W-2104+%40+3.20GHz&id=3343,xeonw2104
Intel,Xeon W3670,Gulftown,6,12,3.2,3.466,Socket 1366,32,12,130,Aug 2010,2010-08-01,6395,,2238,21.66,295.19,https://www.techpowerup.com/cpu-specs/xeon-w3670.c927,https://www.cpubenchmark.net/cpu_lookup.php?cpu=Intel+Xeon+W3670+%40+3.20GHz&id=1273,xeonw3670
Intel,Xeon w9-3575X,Sapphire Rapids,44,88,2.2,4.8,Socket 4677,10,97,340,Aug 2024,2024-08-01,83098,,78,21.93,3789.0,https://www.techpowerup.com/cpu-specs/xeon-w9-3575x.c3802,https://www.cpubenchmark.net/cpu_lookup.php?cpu=Intel+Xeon+w9-3575X&id=6258,xeonw93575x
AMD,Athlon 64 X2 4600+,Manchester,2,2,2.4,,Socket 939,90,,110,May 2005,2005-05-01,,,,,,https://www.techpowerup.com/cpu-specs/athlon-64-x2-4600.c26,,athlon64x24600
AMD,Athlon II X4 651,Llano,4,4,3.0,,Socket FM1,32,,100,Nov 2011,2011-11-01,,,,,,https://www.techpowerup.com/cpu-specs/athlon-ii-x4-651.c871,,athloniix4651
AMD,EPYC 7203,Milan,8,16,2.8,3.4,Socket SP3,7,64,120,Sep 2023,2023-09-01,17717,,,,348.0,https://www.techpowerup.com/cpu-specs/epyc-7203.c3372,https://www.cpubenchmark.net/cpu.php?cpu=AMD+EPYC+7203&id=7105,epyc7203
AMD,EPYC 9734,Bergamo,112,224,2.2,3.0,Socket SP5,5,256,340,Jun 2023,2023-06-01,102286,,,,7498.95,https://www.techpowerup.com/cpu-specs/epyc-9734.c3258,https://www.cpubenchmark.net/cpu.php?cpu=AMD+EPYC+9734&id=5657,epyc9734
AMD,K6-2+ 550ACZ,Sharptooth,1,1,0.55,,Super Socket 7,180,,14,Sep 2000,2000-09-01,,,,,,https://www.techpowerup.com/cpu-specs/k6-2-550acz.c3753,,k62550acz
AMD,Opteron 6168,Magny-Cours,12,12,1.9,,Socket G34,45,12,115,Mar 2010,2010-03-01,,,,,,https://www.techpowerup.com/cpu-specs/opteron-6168.c1194,,opteron6168
AMD,Ryzen 5 7520C,Mendocino,4,8,2.8,4.3,Socket FT6,6,4,15,May 2023,2023-05-01,8104,,,,,https://www.techpowerup.com/cpu-specs/ryzen-5-7520c.c3918,https://www.cpubenchmark.net/cpu.php?cpu=AMD+Ryzen+5+7520C&id=6273,ryzen57520c
AMD,Ryzen 9 5980HS,Cezanne,8,16,3.0,4.8,Socket FP6,7,16,35,Jan 2021,2021-01-01,19950,3088,,,,https://www.techpowerup.com/cpu-specs/ryzen-9-5980hs.c2370,https://www.cpubenchmark.net/cpu.php?cpu=AMD+Ryzen+9+5980HS&id=4163,ryzen95980hs
AMD,Ryzen AI 5 PRO 435GE,Gorgon Point,6,12,2.0,4.5,Socket AM5,4,4,35,Mar 2026,2026-03-01,,,,,,https://www.techpowerup.com/cpu-specs/ryzen-ai-5-pro-435ge.c4347,,ryzenai5pro435ge
AMD,Ryzen Embedded R1102G,Zen,2,2,1.2,2.6,Socket FP5,14,4,6,Feb 2020,2020-02-01,,,,,,https://www.techpowerup.com/cpu-specs/ryzen-embedded-r1102g.c2841,,ryzenembeddedr1102g
AMD,Sempron 3100+,Palermo,1,1,1.8,,Socket 754,90,,62,Apr 2005,2005-04-01,,,,,,https://www.techpowerup.com/cpu-specs/sempron-3100.c68,,sempron3100
Intel,Celeron 667,Timna,1,1,0.667,,Socket 370S,180,,30,Unreleased,,,,,,,https://www.techpowerup.com/cpu-specs/celeron-667.c3366,,celeron667
Intel,Core 2 Duo T5200,Merom,2,2,1.6,,Socket 479,65,,35,Jul 2006,2006-07-01,470,592,5366,,,https://www.techpowerup.com/cpu-specs/core-2-duo-t5200.c458,https://www.cpubenchmark.net/cpu_lookup.php?cpu=Intel+Core2+Duo+T5200+%40+1.60GHz&id=920,core2duot5200
Intel,Core i5-7440HQ,Kaby Lake-H,4,4,2.8,3.8,BGA 1440,14,6,45,Jan 2017,2017-01-01,5421,2050,2470,,,https://www.techpowerup.com/cpu-specs/core-i5-7440hq.c3102,https://www.cpubenchmark.net/cpu_lookup.php?cpu=Intel+Core+i5-7440HQ+%40+2.80GHz&id=2962,corei57440hq
Intel,Core i7-1180G7,Tiger Lake-U,4,8,1.3,4.6,BGA 1598,10,12,9,Mar 2021,2021-03-01,7852,2394,1966,18.43,426.0,https://www.techpowerup.com/cpu-specs/core-i7-1180g7.c4215,https://www.cpubenchmark.net/cpu_lookup.php?cpu=Intel+Core+i7-1180G7+%40+1.30GHz&id=4123,corei71180g7
Intel,Core i7-5950HQ,Broadwell-H,4,8,2.9,3.8,BGA 1364,14,6,47,Jun 2015,2015-06-01,7667,2312,1996,,,https://www.techpowerup.com/cpu-specs/core-i7-5950hq.c2692,https://www.cpubenchmark.net/cpu_lookup.php?cpu=Intel+Core+i7-5950HQ+%40+2.90GHz&id=2543,corei75950hq
Intel,Pentium 4 HT 660,Prescott,1,2,3.6,,Socket 775,90,,84,Feb 2005,2005-02-01,,,,,,https://www.techpowerup.com/cpu-specs/pentium-4-ht-660.c19,,pentium4ht660
Intel,Pentium G3250T,Haswell,2,2,2.8,,Socket 1150,22,3,35,Jul 2014,2014-07-01,1818,,3961,36.36,49.99,https://www.techpowerup.com/cpu-specs/pentium-g3250t.c1772,https://www.cpubenchmark.net/cpu_lookup.php?cpu=Intel+Pentium+G3250T+%40+2.80GHz&id=2461,pentiumg3250t
Intel,Pentium G630T,Sandy Bridge,2,2,2.3,,Socket 1155,32,3,35,Sep 2011,2011-09-01,1104,,4565,13.14,84.07,https://www.techpowerup.com/cpu-specs/pentium-g630t.c803,https://www.cpubenchmark.net/cpu_lookup.php?cpu=Intel+Pentium+G630T+%40+2.30GHz&id=1110,pentiumg630t
Intel,Pentium III 1000,Coppermine,1,1,1.0,,Slot 1,180,,33,Mar 2000,2000-03-01,,,,,,https://www.techpowerup.com/cpu-specs/pentium-iii-1000.c3771,,pentiumiii1000
Intel,Xeon 6756E,Sierra Forest,128,128,1.8,2.6,Socket 4710,5,96,225,Jun 2024,2024-06-01,,,,,,https://www.techpowerup.com/cpu-specs/xeon-6756e.c3662,,xeon6756e
Intel,Xeon E5-1691 v3,Haswell-EP,14,28,2.5,3.4,Socket 2011-3,22,35,135,Sep 2014,2014-09-01,,,,,,https://www.techpowerup.com/cpu-specs/xeon-e5-1691-v3.c2667,,xeone51691v3
Intel,Xeon Platinum 8368,Ice Lake-SP,38,76,2.4,3.4,Socket 4189,10,57,270,Apr 2021,2021-04-01,,,,,,https://www.techpowerup.com/cpu-specs/xeon-platinum-8368.c2422,,xeonplatinum8368
AMD,A4-1250,Temash,2,2,1.0,,Socket FT3,28,,8,May 2013,2013-05-01,,,,,,https://www.techpowerup.com/cpu-specs/a4-1250.c1705,,a41250
AMD,Athlon X2 4850e,Brisbane,2,2,2.5,,Socket AM2,65,,45,Mar 2008,2008-03-01,,,,,,https://www.techpowerup.com/cpu-specs/athlon-x2-4850e.c489,,athlonx24850e
AMD,EPYC 7203P,Milan,8,16,2.8,3.4,Socket SP3,7,64,120,Sep 2023,2023-09-01,22017,,,,,https://www.techpowerup.com/cpu-specs/epyc-7203p.c3373,https://www.cpubenchmark.net/cpu.php?cpu=AMD+EPYC+7203P&id=6813,epyc7203p
AMD,K6-2+ 570ACZ,Sharptooth,1,1,0.57,,Super Socket 7,180,,16,Sep 2000,2000-09-01,,,,,,https://www.techpowerup.com/cpu-specs/k6-2-570acz.c3754,,k62570acz
AMD,Opteron 6234,Interlagos,12,12,2.4,3.0,Socket G34,32,8,115,Nov 2011,2011-11-01,4072,,,,450.99,https://www.techpowerup.com/cpu-specs/opteron-6234.c4185,https://www.cpubenchmark.net/cpu.php?cpu=AMD+Opteron+6234&id=283,opteron6234
AMD,Opteron 6274,Interlagos,16,16,2.2,3.1,Socket G34,32,8,115,Nov 2011,2011-11-01,5643,,,,926.0,https://www.techpowerup.com/cpu-specs/opteron-6274.c1301,https://www.cpubenchmark.net/cpu.php?cpu=AMD+Opteron+6274&id=284,opteron6274
AMD,Phenom X4 9600,Agena,4,4,2.3,,Socket AM2+,65,2,95,Nov 2007,2007-11-01,,,,,,https://www.techpowerup.com/cpu-specs/phenom-x4-9600.c497,,phenomx49600
AMD,Phenom X4 9750 (125W),Agena,4,4,2.4,,Socket AM2+,65,2,125,Mar 2008,2008-03-01,,,,,,https://www.techpowerup.com/cpu-specs/phenom-x4-9750-125w.c501,,phenomx49750125w
AMD,Ryzen 3 PRO 5355G,Cezanne,4,8,4.0,4.2,Socket AM4,7,8,65,Sep 2024,2024-09-01,14033,,,,,https://www.techpowerup.com/cpu-specs/ryzen-3-pro-5355g.c4122,https://www.cpubenchmark.net/cpu.php?cpu=AMD+Ryzen+3+PRO+5355G&id=7023,ryzen3pro5355g
AMD,Ryzen 7 3780U,Picasso,4,8,2.3,4.0,Socket FP5,12,4,15,Oct 2019,2019-10-01,7462,1962,,,,https://www.techpowerup.com/cpu-specs/ryzen-7-3780u.c2311,https://www.cpubenchmark.net/cpu.php?cpu=AMD+Ryzen+7+3780U&id=3587,ryzen73780u
AMD,Ryzen 7 PRO 5645,Vermeer,6,12,3.7,4.6,Socket AM4,7,32,65,Apr 2022,2022-04-01,,,,,,https://www.techpowerup.com/cpu-specs/ryzen-7-pro-5645.c4120,,ryzen7pro5645
Intel,Aubrey Isle,Knights Ferry,32,128,1.2,,PCIe x16,45,,300,May 2010,2010-05-01,,,,,,https://www.techpowerup.com/cpu-specs/aubrey-isle.c2053,,aubreyisle
Intel,Celeron 877,Sandy Bridge,2,2,1.4,,BGA 1023,32,2,17,Jul 2012,2012-07-01,675,630,5101,,,https://www.techpowerup.com/cpu-specs/celeron-877.c1337,https://www.cpubenchmark.net/cpu_lookup.php?cpu=Intel+Celeron+877+%40+1.40GHz&id=664,celeron877
Intel,Core i5-10210Y,Comet Lake-Y,4,8,1.0,4.0,BGA 1440,14,6,9,Aug 2019,2019-08-01,4051,1634,2800,,,https://www.techpowerup.com/cpu-specs/core-i5-10210y.c2231,https://www.cpubenchmark.net/cpu_lookup.php?cpu=Intel+Core+i5-10210Y+%40+1.00GHz&id=3643,corei510210y
Intel,Core i5-3380M,Ivy Bridge,2,4,2.9,3.6,Socket G2 (988B),22,3,35,Jan 2013,2013-01-01,2937,1786,3257,,,https://www.techpowerup.com/cpu-specs/core-i5-3380m.c1512,https://www.cpubenchmark.net/cpu_lookup.php?cpu=Intel+Core+i5-3380M+%40+2.90GHz&id=1973,corei53380m
Intel,Core i7-12700E,Alder Lake-S,12,20,2.1,4.8,Socket 1700,10,25,65,Jan 2022,2022-01-01,27844,,660,46.41,599.96,https://www.techpowerup.com/cpu-specs/core-i7-12700e.c2560,https://www.cpubenchmark.net/cpu_lookup.php?cpu=Intel+Core+i7-12700E&id=5018,corei712700e
Intel,Core i7-3517U,Ivy Bridge,2,4,1.9,3.0,BGA 1023,22,4,17,Jun 2012,2012-06-01,2117,1327,3742,,,https://www.techpowerup.com/cpu-specs/core-i7-3517u.c1087,https://www.cpubenchmark.net/cpu_lookup.php?cpu=Intel+Core+i7-3517U+%40+1.90GHz&id=889,corei73517u
Intel,Core i7-8700B,Coffee Lake,6,12,3.2,4.6,BGA 1440,14,12,65,Apr 2018,2018-04-01,11738,2705,1599,38.74,303.0,https://www.techpowerup.com/cpu-specs/core-i7-8700b.c2895,https://www.cpubenchmark.net/cpu_lookup.php?cpu=Intel+Core+i7-8700B+%40+3.20GHz&id=3388,corei78700b
Intel,Core Ultra 5 235A,Arrow Lake-S,14,14,3.4,5.0,Socket 1851,3,24,65,Jul 2025,2025-07-01,38392,,399,142.72,269.0,https://www.techpowerup.com/cpu-specs/core-ultra-5-235a.c4232,https://www.cpubenchmark.net/cpu_lookup.php?cpu=Intel+Core+Ultra+5+235A&id=7303,coreultra5235a
Intel,Pentium Gold G5500T,Coffee Lake,2,4,3.2,,Socket 1151,14,4,35,Apr 2018,2018-04-01,3293,,3081,43.91,75.0,https://www.techpowerup.com/cpu-specs/pentium-gold-g5500t.c3125,https://www.cpubenchmark.net/cpu_lookup.php?cpu=Intel+Pentium+Gold+G5500T+%40+3.20GHz&id=3264,pentiumgoldg5500t
Intel,Pentium M 750,Dothan,1,1,1.86,,Socket 479,90,,27,Jan 2005,2005-01-01,,,,,,https://www.techpowerup.com/cpu-specs/pentium-m-750.c149,,pentiumm750
Intel,Pentium U5400,Arrandale,2,2,1.2,,BGA 1288,32,3,18,May 2010,2010-05-01,535,501,5289,,,https://www.techpowerup.com/cpu-specs/pentium-u5400.c1361,https://www.cpubenchmark.net/cpu_lookup.php?cpu=Intel+Pentium+U5400+%40+1.20GHz&id=1123,pentiumu5400
Intel,Xeon 5110,Woodcrest,2,2,1.6,,Socket 771,65,,65,Jun 2006,2006-06-01,405,,5445,11.57,35.0,https://www.techpowerup.com/cpu-specs/xeon-5110.c386,https://www.cpubenchmark.net/cpu_lookup.php?cpu=Intel+Xeon+5110+%40+1.60GHz&id=1181,xeon5110
Intel,Xeon 6776P-B,Granite Rapids,72,144,2.3,3.5,BGA 5026,5,288,325,Dec 2025,2025-12-01,,,,,,https://www.techpowerup.com/cpu-specs/xeon-6776p-b.c4273,,xeon6776pb
Intel,Xeon E-2414,Raptor Lake-S,4,4,2.6,4.5,Socket 1700,10,12,55,Dec 2023,2023-12-01,,,,,,https://www.techpowerup.com/cpu-specs/xeon-e-2414.c3477,,xeone2414
Intel,Xeon Gold 6314U,Ice Lake-SP,32,64,2.3,3.4,Socket 4189,10,48,205,Apr 2021,2021-04-01,48916,,286,17.58,2782.0,https://www.techpowerup.com/cpu-specs/xeon-gold-6314u.c2436,https://www.cpubenchmark.net/cpu_lookup.php?cpu=Intel+Xeon+Gold+6314U+%40+2.30GHz&id=4950,xeongold6314u
Intel,Xeon Gold 6448H,Sapphire Rapids,32,64,2.4,4.1,Socket 4677,10,60,250,Jan 2023,2023-01-01,70280,,125,19.21,3658.0,https://www.techpowerup.com/cpu-specs/xeon-gold-6448h.c3147,https://www.cpubenchmark.net/cpu_lookup.php?cpu=Intel+Xeon+Gold+6448H&id=5742,xeongold6448h
Intel,Xeon Platinum 8276,Cascade Lake-SP,28,56,2.2,4.0,Socket 3647,14,38,165,Dec 2018,2018-12-01,,,,,,https://www.techpowerup.com/cpu-specs/xeon-platinum-8276.c2171,,xeonplatinum8276
Intel,Xeon W-1390,Rocket Lake-S,8,16,2.8,5.2,Socket 1200,14,16,80,May 2021,2021-05-01,23427,,842,40.81,573.99,https://www.techpowerup.com/cpu-specs/xeon-w-1390.c3551,https://www.cpubenchmark.net/cpu_lookup.php?cpu=Intel+Xeon+W-1390+%40+2.80GHz&id=4596,xeonw1390
Intel,Xeon w7-3545,Sapphire Rapids,24,48,2.7,4.8,Socket 4677,10,67,310,Aug 2023,2023-08-01,59344,,186,29.1,2039.0,https://www.techpowerup.com/cpu-specs/xeon-w7-3545.c3805,https://www.cpubenchmark.net/cpu_lookup.php?cpu=Intel+Xeon+w7-3545&id=6746,xeonw73545
AMD,Athlon 64 3000+,Venice,1,1,1.8,,Socket 939,90,,67,Apr 2005,2005-04-01,,,,,,https://www.techpowerup.com/cpu-specs/athlon-64-3000.c47,,athlon643000
AMD,EPYC Embedded 9654,Genoa,96,192,2.4,3.7,Socket SP5,5,384,360,Mar 2023,2023-03-01,,,,,,https://www.techpowerup.com/cpu-specs/epyc-embedded-9654.c3189,,epycembedded9654
AMD,PRO A6-9500E,Bristol Ridge,2,2,3.0,3.4,Socket AM4,28,,35,Oct 2016,2016-10-01,,,,,,https://www.techpowerup.com/cpu-specs/pro-a6-9500e.c2623,,proa69500e
AMD,Sempron 3400+,Palermo,1,1,2.0,,Socket 754,90,,62,Aug 2005,2005-08-01,,,,,,https://www.techpowerup.com/cpu-specs/sempron-3400.c58,,sempron3400
AMD,Turion X2 RM-70,Griffin,2,2,2.0,,Socket S1,65,,31,Jun 2006,2006-06-01,,,,,,https://www.techpowerup.com/cpu-specs/turion-x2-rm-70.c625,,turionx2rm70
Intel,Celeron 2.80,Northwood,1,1,2.8,,Socket 478,130,,73,Nov 2003,2003-11-01,,,,,,https://www.techpowerup.com/cpu-specs/celeron-2-80.c307,,celeron280
Intel,Core 5 223PE,Bartlett Lake,8,16,2.9,5.2,Socket 1700,10,24,65,Mar 2026,2026-03-01,31124,,528,,,https://www.techpowerup.com/cpu-specs/core-5-223pe.c4388,https://www.cpubenchmark.net/cpu_lookup.php?cpu=Intel+Core+5+223PE&id=7197,core5223pe
Intel,Core i7-2760QM,Sandy Bridge,4,8,2.4,3.5,Socket G2 (988B),32,6,45,Sep 2011,2011-09-01,4286,1510,2729,35.13,122.02,https://www.techpowerup.com/cpu-specs/core-i7-2760qm.c991,https://www.cpubenchmark.net/cpu_lookup.php?cpu=Intel+Core+i7-2760QM+%40+2.40GHz&id=884,corei72760qm
Intel,Core i7-4930MX,Haswell,4,8,3.0,3.9,Socket G3,22,8,57,Apr 2013,2013-04-01,6382,2066,2242,5.82,1096.0,https://www.techpowerup.com/cpu-specs/core-i7-4930mx.c1460,https://www.cpubenchmark.net/cpu_lookup.php?cpu=Intel+Core+i7-4930MX+%40+3.00GHz&id=1985,corei74930mx
Intel,Pentium 4 2.0,Northwood,1,1,2.0,,Socket 478,130,,92,Jan 2002,2002-01-01,,,,,,https://www.techpowerup.com/cpu-specs/pentium-4-2-0.c287,,pentium420
Intel,Pentium III 1000B,Coppermine,1,1,1.0,,Slot 1,180,,33,Mar 2000,2000-03-01,,,,,,https://www.techpowerup.com/cpu-specs/pentium-iii-1000b.c3770,,pentiumiii1000b
Intel,Pentium M 1.60,Banias,1,1,1.6,,Socket 478,130,,24,Mar 2003,2003-03-01,,,,,,https://www.techpowerup.com/cpu-specs/pentium-m-1-60.c159,,pentiumm160
Intel,Pentium M 730,Dothan,1,1,1.6,,Socket 479,90,,27,Jan 2005,2005-01-01,,,,,,https://www.techpowerup.com/cpu-specs/pentium-m-730.c151,,pentiumm730
Intel,Xeon E-2356G,Rocket Lake-E,6,12,3.2,5.0,Socket 1200,14,12,80,Sep 2021,2021-09-01,18391,,1127,33.8,544.14,https://www.techpowerup.com/cpu-specs/xeon-e-2356g.c2496,https://www.cpubenchmark.net/cpu_lookup.php?cpu=Intel+Xeon+E-2356G+%40+3.20GHz&id=4701,xeone2356g
Intel,Xeon E3-1240L v3,Haswell-WS,4,8,2.0,3.0,Socket 1150,22,8,25,May 2014,2014-05-01,5679,,2397,6.34,895.5,https://www.techpowerup.com/cpu-specs/xeon-e3-1240l-v3.c3182,https://www.cpubenchmark.net/cpu_lookup.php?cpu=Intel+Xeon+E3-1240L+v3+%40+2.00GHz&id=2495,xeone31240lv3
Intel,Xeon E3-1284L v4,Broadwell-DT,4,8,2.9,3.8,Socket 1150,14,6,47,Jun 2015,2015-06-01,,,,,,https://www.techpowerup.com/cpu-specs/xeon-e3-1284l-v4.c2681,,xeone31284lv4
AMD,Athlon 64 X2 4200+,Toledo,2,2,2.2,,Socket 939,90,,89,May 2005,2005-05-01,,,,,,https://www.techpowerup.com/cpu-specs/athlon-64-x2-4200.c433,,athlon64x24200
AMD,Athlon II X2 240e,Regor,2,2,2.8,,Socket AM3,45,,45,Oct 2009,2009-10-01,,,,,,https://www.techpowerup.com/cpu-specs/athlon-ii-x2-240e.c686,,athloniix2240e
AMD,Athlon XP 2600+,Thoroughbred,1,1,2.083,,Socket A,130,,68,Aug 2002,2002-08-01,,,,,,https://www.techpowerup.com/cpu-specs/athlon-xp-2600.c100,,athlonxp2600
AMD,Duron 1200,Morgan,1,1,1.2,,Socket A,180,,55,Nov 2001,2001-11-01,,,,,,https://www.techpowerup.com/cpu-specs/duron-1200.c3982,,duron1200
AMD,Duron 1300,Morgan,1,1,1.3,,Socket A,180,,60,Jan 2002,2002-01-01,,,,,,https://www.techpowerup.com/cpu-specs/duron-1300.c3983,,duron1300
AMD,EPYC 8325P,Sorano,32,64,2.7,4.5,Socket SP6,4,256,175,May 2026,2026-05-01,,,,,,https://www.techpowerup.com/cpu-specs/epyc-8325p.c4416,,epyc8325p
AMD,Phenom X4 9850 BE,Agena,4,4,2.5,,Socket AM2+,65,2,125,Mar 2008,2008-03-01,,,,,,https://www.techpowerup.com/cpu-specs/phenom-x4-9850-be.c503,,phenomx49850be
Intel,Core 2 Duo P9500,Penryn,2,2,2.533,,Socket P,45,,25,Jul 2008,2008-07-01,1022,1062,4667,1.02,998.99,https://www.techpowerup.com/cpu-specs/core-2-duo-p9500.c2730,https://www.cpubenchmark.net/cpu_lookup.php?cpu=Intel+Core2+Duo+P9500+%40+2.53GHz&id=979,core2duop9500
Intel,Core i3-1000NG4,Ice Lake-Y,2,4,1.1,3.2,BGA 1044,10,4,9,Mar 2020,2020-03-01,3514,1737,2988,,,https://www.techpowerup.com/cpu-specs/core-i3-1000ng4.c3591,https://www.cpubenchmark.net/cpu_lookup.php?cpu=Intel+Core+i3-1000NG4+%40+1.10GHz&id=3714,corei31000ng4
Intel,Mobile Pentium III 1000,Coppermine,1,1,1.0,,Socket 495,180,,25,Mar 2001,2001-03-01,,,,,,https://www.techpowerup.com/cpu-specs/mobile-pentium-iii-1000.c3646,,mobilepentiumiii1000
Intel,Pentium J6426,Elkhart Lake,4,4,2.0,3.0,BGA 1493,10,4,10,Jan 2021,2021-01-01,4008,,2810,50.1,80.0,https://www.techpowerup.com/cpu-specs/pentium-j6426.c4297,https://www.cpubenchmark.net/cpu_lookup.php?cpu=Intel+Pentium+J6426+%40+2.00GHz&id=4718,pentiumj6426
Intel,Xeon E3-1268L v5,Skylake-DT,4,8,2.4,3.4,Socket 1151,14,8,35,Oct 2015,2015-10-01,6334,1721,2257,13.87,456.54,https://www.techpowerup.com/cpu-specs/xeon-e3-1268l-v5.c3230,https://www.cpubenchmark.net/cpu_lookup.php?cpu=Intel+Xeon+E3-1268L+v5+%40+2.40GHz&id=3202,xeone31268lv5
Intel,Xeon Gold 6414U,Sapphire Rapids,32,64,2.0,3.4,Socket 4677,10,60,250,Jan 2023,2023-01-01,57200,,214,24.91,2296.0,https://www.techpowerup.com/cpu-specs/xeon-gold-6414u.c3140,https://www.cpubenchmark.net/cpu_lookup.php?cpu=Intel+Xeon+Gold+6414U&id=5312,xeongold6414u
Intel,Xeon Platinum 8468V,Sapphire Rapids,48,96,2.4,3.8,Socket 4677,10,97,330,Jan 2023,2023-01-01,,,,,,https://www.techpowerup.com/cpu-specs/xeon-platinum-8468v.c3132,,xeonplatinum8468v
Intel,Xeon w3-2535,Sapphire Rapids,10,20,3.5,4.6,Socket 4677,10,26,185,Aug 2024,2024-08-01,33517,,480,,,https://www.techpowerup.com/cpu-specs/xeon-w3-2535.c3813,https://www.cpubenchmark.net/cpu_lookup.php?cpu=Intel+Xeon+w3-2535&id=6594,xeonw32535
AMD,Athlon 1200 (B),Thunderbird B,1,1,1.2,,Socket A,180,,66,Oct 2000,2000-10-01,,,,,,https://www.techpowerup.com/cpu-specs/athlon-1200-b.c1227,,athlon1200b
AMD,Athlon XP 2000+,Palomino,1,1,1.667,,Socket A,180,,70,Jan 2002,2002-01-01,,,,,,https://www.techpowerup.com/cpu-specs/athlon-xp-2000.c116,,athlonxp2000
AMD,FX-6120,Zambezi,6,6,3.6,4.2,Socket AM3+,32,8,95,Oct 2012,2012-10-01,,,,,,https://www.techpowerup.com/cpu-specs/fx-6120.c1205,,fx6120
AMD,Ryzen 5 3580U,Picasso,4,8,2.1,3.7,Socket FP5,12,4,15,Oct 2019,2019-10-01,7220,1944,,,,https://www.techpowerup.com/cpu-specs/ryzen-5-3580u.c2312,https://www.cpubenchmark.net/cpu.php?cpu=AMD+Ryzen+5+3580U&id=3577,ryzen53580u
Intel,Atom E3815,Bay Trail-I,1,1,1.467,,BGA 1170,22,,5,Oct 2013,2013-10-01,193,,5830,1.43,135.0,https://www.techpowerup.com/cpu-specs/atom-e3815.c1743,https://www.cpubenchmark.net/cpu_lookup.php?cpu=Intel+Atom+E3815+%40+1.46GHz&id=2233,atome3815
Intel,Atom P5362,Snow Ridge,24,24,2.2,,BGA 2106,10,,83,Jun 2022,2022-06-01,17276,,1215,24.4,708.0,https://www.techpowerup.com/cpu-specs/atom-p5362.c4494,https://www.cpubenchmark.net/cpu_lookup.php?cpu=Intel+Atom+P5362&id=6137,atomp5362
Intel,Celeron N2820,Bay Trail-M,2,2,2.17,2.39,BGA 1170,22,,7,Dec 2013,2013-12-01,508,605,5323,2.26,225.0,https://www.techpowerup.com/cpu-specs/celeron-n2820.c1884,https://www.cpubenchmark.net/cpu_lookup.php?cpu=Intel+Celeron+N2820+%40+2.13GHz&id=2145,celeronn2820
Intel,Core 3 201E,Bartlett Lake,4,8,3.6,4.8,Socket 1700,10,12,60,Jan 2025,2025-01-01,14839,,1360,,,https://www.techpowerup.com/cpu-specs/core-3-201e.c4385,https://www.cpubenchmark.net/cpu_lookup.php?cpu=Intel+Core+3+201E&id=6724,core3201e
Intel,Core i3-4170T,Haswell,2,4,3.2,,Socket 1150,22,3,35,Mar 2015,2015-03-01,3139,,3151,41.88,74.95,https://www.techpowerup.com/cpu-specs/core-i3-4170t.c3509,https://www.cpubenchmark.net/cpu_lookup.php?cpu=Intel+Core+i3-4170T+%40+3.20GHz&id=2624,corei34170t
Intel,Core i5-1240U,Alder Lake-U,10,12,1.1,4.4,BGA 1781,10,12,9,Feb 2022,2022-02-01,14045,3158,1418,,,https://www.techpowerup.com/cpu-specs/core-i5-1240u.c2588,https://www.cpubenchmark.net/cpu_lookup.php?cpu=Intel+Core+i5-1240U&id=5089,corei51240u
Intel,Core i5-2540M,Sandy Bridge,2,4,2.6,,Socket G2 (988B),32,3,35,Feb 2011,2011-02-01,2346,1394,3592,36.1,65.0,https://www.techpowerup.com/cpu-specs/core-i5-2540m.c1305,https://www.cpubenchmark.net/cpu_lookup.php?cpu=Intel+Core+i5-2540M+%40+2.60GHz&id=812,corei52540m
Intel,Core i5-8279U,Coffee Lake-U,4,8,2.4,4.1,BGA 1526,14,6,28,Apr 2019,2019-04-01,7402,2275,2040,23.13,320.0,https://www.techpowerup.com/cpu-specs/core-i5-8279u.c3264,https://www.cpubenchmark.net/cpu_lookup.php?cpu=Intel+Core+i5-8279U+%40+2.40GHz&id=3552,corei58279u
Intel,Core i5-8400H,Coffee Lake-H,4,8,2.5,4.1,BGA 1440,14,12,45,Apr 2018,2018-04-01,7516,2344,2018,30.07,250.0,https://www.techpowerup.com/cpu-specs/core-i5-8400h.c1993,https://www.cpubenchmark.net/cpu_lookup.php?cpu=Intel+Core+i5-8400H+%40+2.50GHz&id=3286,corei58400h
Intel,Core i7-4770T,Haswell,4,8,2.5,3.7,Socket 1150,22,8,45,Jun 2013,2013-06-01,5805,,2363,77.41,74.99,https://www.techpowerup.com/cpu-specs/core-i7-4770t.c1475,https://www.cpubenchmark.net/cpu_lookup.php?cpu=Intel+Core+i7-4770T+%40+2.50GHz&id=2006,corei74770t
Intel,Core i9-10910,Comet Lake,10,20,3.6,5.0,Socket 1200,14,20,125,Aug 2020,2020-08-01,21344,,946,,,https://www.techpowerup.com/cpu-specs/core-i9-10910.c4475,https://www.cpubenchmark.net/cpu_lookup.php?cpu=Intel+Core+i9-10910+%40+3.60GHz&id=3832,corei910910
Intel,Pentium Gold G7400T,Alder Lake-S,2,4,3.1,,Socket 1700,10,6,35,Jan 2022,2022-01-01,5274,,2509,82.4,64.0,https://www.techpowerup.com/cpu-specs/pentium-gold-g7400t.c2578,https://www.cpubenchmark.net/cpu_lookup.php?cpu=Intel+Pentium+Gold+G7400T&id=4882,pentiumgoldg7400t
Intel,Xeon 6781P,Granite Rapids,80,160,2.0,3.8,Socket 4710,5,336,350,Feb 2025,2025-02-01,117946,,25,13.16,8960.0,https://www.techpowerup.com/cpu-specs/xeon-6781p.c4071,https://www.cpubenchmark.net/cpu_lookup.php?cpu=Intel+Xeon+6781P&id=6944,xeon6781p
Intel,Xeon E3-1230L v3,Haswell-WS,4,8,1.8,2.8,Socket 1150,22,8,25,Jun 2013,2013-06-01,5271,,2510,21.08,250.0,https://www.techpowerup.com/cpu-specs/xeon-e3-1230l-v3.c1643,https://www.cpubenchmark.net/cpu_lookup.php?cpu=Intel+Xeon+E3-1230L+v3+%40+1.80GHz&id=2116,xeone31230lv3
Intel,Xeon E3-1545M v5,Skylake-H,4,8,2.9,3.8,BGA 1440,14,8,45,Jan 2016,2016-01-01,7630,2077,2001,,,https://www.techpowerup.com/cpu-specs/xeon-e3-1545m-v5.c3247,https://www.cpubenchmark.net/cpu_lookup.php?cpu=Intel+Xeon+E3-1545M+v5+%40+2.90GHz&id=2711,xeone31545mv5
Intel,Xeon E5-2618L v3,Haswell-EP,8,16,2.3,3.4,Socket 2011-3,22,20,75,Sep 2014,2014-09-01,11310,,1627,59.05,191.53,https://www.techpowerup.com/cpu-specs/xeon-e5-2618l-v3.c2858,https://www.cpubenchmark.net/cpu_lookup.php?cpu=Intel+Xeon+E5-2618L+v3+%40+2.30GHz&id=2965,xeone52618lv3
Intel,Xeon Gold 5415+,Sapphire Rapids,8,16,2.9,4.1,Socket 4677,10,22,150,Jan 2023,2023-01-01,24906,,773,23.36,1066.0,https://www.techpowerup.com/cpu-specs/xeon-gold-5415.c3164,https://www.cpubenchmark.net/cpu_lookup.php?cpu=Intel+Xeon+Gold+5415%2B&id=5292,xeongold5415
Intel,Xeon Platinum 8581V,Emerald Rapids,60,120,2.0,3.9,Socket 4677,10,300,270,Dec 2023,2023-12-01,,,,,,https://www.techpowerup.com/cpu-specs/xeon-platinum-8581v.c3418,,xeonplatinum8581v
Intel,Xeon Platinum 8592V,Emerald Rapids,64,128,2.0,3.9,Socket 4677,10,320,330,Dec 2023,2023-12-01,,,,,,https://www.techpowerup.com/cpu-specs/xeon-platinum-8592v.c3417,,xeonplatinum8592v
VIA,Nano QuadCore C4650,CNR,4,4,1.333,2.0,VIA nanoBGA2,28,,18,2015,201501-01,,,,,,https://www.techpowerup.com/cpu-specs/nano-quadcore-c4650.c2798,,nanoquadcorec4650
AMD,Athlon 1333,Thunderbird C,1,1,1.333,,Socket A,180,,70,Mar 2001,2001-03-01,,,,,,https://www.techpowerup.com/cpu-specs/athlon-1333.c1224,,athlon1333
AMD,Athlon X2 340,Trinity,2,2,3.2,3.6,Socket FM2,32,,65,Oct 2012,2012-10-01,,,,,,https://www.techpowerup.com/cpu-specs/athlon-x2-340.c2658,,athlonx2340
AMD,Athlon X2 5000+,Regor,2,2,2.2,,Socket AM2+,45,,65,Oct 2009,2009-10-01,,,,,,https://www.techpowerup.com/cpu-specs/athlon-x2-5000.c4231,,athlonx25000
AMD,Athlon X4 730,Trinity,4,4,2.8,3.2,Socket FM2,32,,65,Oct 2012,2012-10-01,,,,,,https://www.techpowerup.com/cpu-specs/athlon-x4-730.c2655,,athlonx4730
AMD,Duron 600,Spitfire,1,1,0.6,,Socket A,180,,27,Jun 2000,2000-06-01,,,,,,https://www.techpowerup.com/cpu-specs/duron-600.c3970,,duron600
Intel,Core 2 Duo E8435,Penryn,2,2,3.067,,Socket P,45,,44,Mar 2009,2009-03-01,1104,1223,4566,18.41,59.99,https://www.techpowerup.com/cpu-specs/core-2-duo-e8435.c2727,https://www.cpubenchmark.net/cpu_lookup.php?cpu=Intel+Core2+Duo+E8435+%40+3.06GHz&id=956,core2duoe8435
Intel,Core i5-1030NG7,Ice Lake-Y,4,8,1.1,3.5,BGA 1044,10,6,10,Mar 2020,2020-03-01,5603,1734,2418,,,https://www.techpowerup.com/cpu-specs/core-i5-1030ng7.c3592,https://www.cpubenchmark.net/cpu_lookup.php?cpu=Intel+Core+i5-1030NG7+%40+1.10GHz&id=3695,corei51030ng7
Intel,Core i5-9400H,Coffee Lake-HR,4,8,2.5,4.3,BGA 1440,14,8,45,Apr 2019,2019-04-01,7795,2344,1975,31.18,250.0,https://www.techpowerup.com/cpu-specs/core-i5-9400h.c4450,https://www.cpubenchmark.net/cpu_lookup.php?cpu=Intel+Core+i5-9400H+%40+2.50GHz&id=3508,corei59400h
Intel,Core i7-5650U,Broadwell-U,2,4,2.2,3.2,BGA 1168,14,4,15,Mar 2015,2015-03-01,2995,1878,3233,,,https://www.techpowerup.com/cpu-specs/core-i7-5650u.c1814,https://www.cpubenchmark.net/cpu_lookup.php?cpu=Intel+Core+i7-5650U+%40+2.20GHz&id=2503,corei75650u
Intel,Core Ultra 7 165HL,Meteor Lake-PS,16,22,1.4,5.0,Socket 1851,7,24,45,Apr 2024,2024-04-01,,,,,,https://www.techpowerup.com/cpu-specs/core-ultra-7-165hl.c3705,,coreultra7165hl
Intel,Pentium 4 HT 521,Prescott,1,2,2.8,,Socket 775,90,,84,Jun 2005,2005-06-01,,,,,,https://www.techpowerup.com/cpu-specs/pentium-4-ht-521.c301,,pentium4ht521
Intel,Pentium G3450,Haswell,2,2,3.3,,Socket 1150,22,3,54,May 2014,2014-05-01,2203,,3685,19.14,115.1,https://www.techpowerup.com/cpu-specs/pentium-g3450.c1751,https://www.cpubenchmark.net/cpu_lookup.php?cpu=Intel+Pentium+G3450+%40+3.40GHz&id=2299,pentiumg3450
Intel,Pentium G4620,Kaby Lake,2,4,3.7,,Socket 1151,14,3,51,Jan 2017,2017-01-01,3760,,2893,25.05,150.1,https://www.techpowerup.com/cpu-specs/pentium-g4620.c1935,https://www.cpubenchmark.net/cpu_lookup.php?cpu=Intel+Pentium+G4620+%40+3.70GHz&id=2948,pentiumg4620
Intel,Xeon 6728P,Granite Rapids,24,48,2.7,4.1,Socket 4710,5,144,210,Feb 2025,2025-02-01,,,,,,https://www.techpowerup.com/cpu-specs/xeon-6728p.c4054,,xeon6728p
Intel,Xeon 6944P,Granite Rapids,72,144,1.8,3.9,Socket 7529,5,432,350,Feb 2025,2025-02-01,,,,,,https://www.techpowerup.com/cpu-specs/xeon-6944p.c4052,,xeon6944p
Intel,Xeon E7-4809 v3,Haswell-EX,8,16,2.0,,Socket 2011-1,22,20,115,Jun 2015,2015-06-01,,,,,,https://www.techpowerup.com/cpu-specs/xeon-e7-4809-v3.c2337,,xeone74809v3
Intel,Xeon Gold 6454S,Sapphire Rapids,32,64,2.2,3.4,Socket 4677,10,60,270,Jan 2023,2023-01-01,,,,,,https://www.techpowerup.com/cpu-specs/xeon-gold-6454s.c3149,,xeongold6454s
Intel,Xeon Platinum 8470,Sapphire Rapids,52,104,2.0,3.8,Socket 4677,10,105,350,Jan 2023,2023-01-01,89850,,62,9.6,9359.0,https://www.techpowerup.com/cpu-specs/xeon-platinum-8470.c3089,https://www.cpubenchmark.net/cpu_lookup.php?cpu=Intel+Xeon+Platinum+8470+%402.00GHz&id=5693,xeonplatinum8470
Intel,Xeon W-3375,Ice Lake-W,38,76,2.5,4.0,Socket 4189,10,57,270,Jul 2021,2021-07-01,58686,,192,13.04,4499.0,https://www.techpowerup.com/cpu-specs/xeon-w-3375.c2487,https://www.cpubenchmark.net/cpu_lookup.php?cpu=Intel+Xeon+W-3375+%40+2.50GHz&id=4893,xeonw3375
AMD,A4-3310MX,Llano,2,2,2.1,2.5,Socket FS1,32,,35,Jun 2011,2011-06-01,,,,,,https://www.techpowerup.com/cpu-specs/a4-3310mx.c887,,a43310mx
AMD,A4-5100,Kabini,4,4,1.55,,Socket FT3,28,,15,Nov 2013,2013-11-01,,,,,,https://www.techpowerup.com/cpu-specs/a4-5100.c3560,,a45100
AMD,A4-6250J,Beema,4,4,2.0,,Socket FT3,28,,25,Apr 2014,2014-04-01,,,,,,https://www.techpowerup.com/cpu-specs/a4-6250j.c4200,,a46250j
AMD,Athlon 500,Argon,1,1,0.5,,Slot A,,,38,Jun 1999,1999-06-01,,,,,,https://www.techpowerup.com/cpu-specs/athlon-500.c3585,,athlon500
AMD,EPYC 4484PX,Raphael,12,24,4.4,5.6,Socket AM5,5,128,120,May 2024,2024-05-01,50547,,,,,https://www.techpowerup.com/cpu-specs/epyc-4484px.c3606,https://www.cpubenchmark.net/cpu.php?cpu=AMD+EPYC+4484PX&id=6074,epyc4484px
AMD,EPYC 7303P,Milan,16,32,2.4,3.4,Socket SP3,7,64,130,Sep 2023,2023-09-01,35055,,,,1750.0,https://www.techpowerup.com/cpu-specs/epyc-7303p.c3370,https://www.cpubenchmark.net/cpu.php?cpu=AMD+EPYC+7303P&id=6584,epyc7303p
AMD,EPYC 8125P,Sorano,16,32,2.65,4.5,Socket SP6,4,128,125,May 2026,2026-05-01,,,,,,https://www.techpowerup.com/cpu-specs/epyc-8125p.c4418,,epyc8125p
AMD,EPYC 8635P,Sorano,84,168,1.6,4.5,Socket SP6,4,384,225,May 2026,2026-05-01,,,,,,https://www.techpowerup.com/cpu-specs/epyc-8635p.c4413,,epyc8635p
Intel,Celeron 600,Timna,1,1,0.6,,Socket 370S,180,,30,Unreleased,,,,,,,https://www.techpowerup.com/cpu-specs/celeron-600.c3367,,celeron600
Intel,Core 2 Duo U7600,Merom,2,2,1.2,,Socket M,65,,10,Apr 2007,2007-04-01,347,429,5532,,,https://www.techpowerup.com/cpu-specs/core-2-duo-u7600.c1543,https://www.cpubenchmark.net/cpu_lookup.php?cpu=Intel+Core2+Duo+U7600+%40+1.20GHz&id=1016,core2duou7600
Intel,Core 2 Quad Q9400S,Yorkfield,4,4,2.666,,Socket 775,45,,65,Jan 2009,2009-01-01,,,,,,https://www.techpowerup.com/cpu-specs/core-2-quad-q9400s.c652,,core2quadq9400s
Intel,Pentium G2020T,Ivy Bridge,2,2,2.5,,Socket 1155,22,3,35,Jan 2013,2013-01-01,1438,,4253,30.21,47.6,https://www.techpowerup.com/cpu-specs/pentium-g2020t.c1496,https://www.cpubenchmark.net/cpu_lookup.php?cpu=Intel+Pentium+G2020T+%40+2.50GHz&id=1838,pentiumg2020t
Intel,Pentium Gold G6600,Comet Lake,2,4,4.2,,Socket 1200,14,4,58,Apr 2020,2020-04-01,4223,,2746,17.6,239.9,https://www.techpowerup.com/cpu-specs/pentium-gold-g6600.c2303,https://www.cpubenchmark.net/cpu_lookup.php?cpu=Intel+Pentium+Gold+G6600+%40+4.20GHz&id=4168,pentiumgoldg6600
Intel,Pentium M 760,Dothan,1,1,2.0,,Socket 479,90,,27,Jan 2005,2005-01-01,,,,,,https://www.techpowerup.com/cpu-specs/pentium-m-760.c148,,pentiumm760
Intel,Processor U302L,Raptor Lake-PS,5,6,1.2,2.4,Socket 1700,10,10,15,Apr 2024,2024-04-01,,,,,,https://www.techpowerup.com/cpu-specs/processor-u302l.c4115,,processoru302l
Intel,Xeon E-2334,Rocket Lake-E,4,8,3.4,4.8,Socket 1200,14,8,65,Sep 2021,2021-09-01,12157,,1564,35.44,342.99,https://www.techpowerup.com/cpu-specs/xeon-e-2334.c2499,https://www.cpubenchmark.net/cpu_lookup.php?cpu=Intel+Xeon+E-2334+%40+3.40GHz&id=4792,xeone2334
Intel,Xeon E5-1607 v2,Ivy Bridge-E,4,4,3.0,,Socket 2011,22,10,130,Sep 2013,2013-09-01,4146,,2762,18.03,229.95,https://www.techpowerup.com/cpu-specs/xeon-e5-1607-v2.c2671,https://www.cpubenchmark.net/cpu_lookup.php?cpu=Intel+Xeon+E5-1607+v2+%40+3.00GHz&id=2192,xeone51607v2
Intel,Xeon E5-2603,Sandy Bridge-EP,4,4,1.8,,Socket 2011,32,10,80,Mar 2012,2012-03-01,2335,,3600,5.77,404.4,https://www.techpowerup.com/cpu-specs/xeon-e5-2603.c965,https://www.cpubenchmark.net/cpu_lookup.php?cpu=Intel+Xeon+E5-2603+%40+1.80GHz&id=1771,xeone52603
Intel,Xeon E5-2685 v3,Haswell-EP,12,12,2.6,3.3,Socket 2011-3,22,30,120,Sep 2014,2014-09-01,12944,,1509,,,https://www.techpowerup.com/cpu-specs/xeon-e5-2685-v3.c2888,https://www.cpubenchmark.net/cpu_lookup.php?cpu=Intel+Xeon+E5-2685+v3+%40+2.60GHz&id=2538,xeone52685v3
Intel,Xeon L5408,Harpertown,4,4,2.133,,Socket 771,45,,40,Feb 2008,2008-02-01,1769,,4001,,,https://www.techpowerup.com/cpu-specs/xeon-l5408.c4151,https://www.cpubenchmark.net/cpu_lookup.php?cpu=Intel+Xeon+L5408+%40+2.13GHz&id=2231,xeonl5408
Intel,Xeon L5430,Harpertown,4,4,2.667,,Socket 771,45,,50,Sep 2008,2008-09-01,2260,,3646,10.32,219.0,https://www.techpowerup.com/cpu-specs/xeon-l5430.c4154,https://www.cpubenchmark.net/cpu_lookup.php?cpu=Intel+Xeon+L5430+%40+2.66GHz&id=2170,xeonl5430
Intel,Xeon w7-3455,Sapphire Rapids,24,48,2.5,4.8,Socket 4677,10,67,270,Feb 2023,2023-02-01,53588,,239,21.53,2489.0,https://www.techpowerup.com/cpu-specs/xeon-w7-3455.c3109,https://www.cpubenchmark.net/cpu_lookup.php?cpu=Intel+Xeon+w7-3455&id=6008,xeonw73455
AMD,Athlon 64 3200+,NewCastle,1,1,2.2,,Socket 754,130,,89,Apr 2004,2004-04-01,,,,,,https://www.techpowerup.com/cpu-specs/athlon-64-3200.c53,,athlon643200
AMD,Phenom X4 9150e,Agena,4,4,1.8,,Socket AM2+,65,2,65,Jul 2008,2008-07-01,,,,,,https://www.techpowerup.com/cpu-specs/phenom-x4-9150e.c493,,phenomx49150e
AMD,Ryzen Threadripper 1920,Zen,12,24,3.2,3.8,Socket SP3r2,14,32,140,Unreleased,,22066,,,,,https://www.techpowerup.com/cpu-specs/ryzen-threadripper-1920.c1911,https://www.cpubenchmark.net/cpu.php?cpu=AMD+Ryzen+Threadripper+1920&id=4497,ryzenthreadripper1920
Intel,Atom x7211E,Alder Lake-N,2,2,1.0,3.2,BGA 1264,10,6,6,Jan 2023,2023-01-01,2258,,3650,57.9,39.0,https://www.techpowerup.com/cpu-specs/atom-x7211e.c3012,https://www.cpubenchmark.net/cpu_lookup.php?cpu=Intel+Atom+x7211E&id=6542,atomx7211e
Intel,Atom Z600,Lincroft,1,1,1.2,,BGA 518,45,,1,May 2010,2010-05-01,,,,,,https://www.techpowerup.com/cpu-specs/atom-z600.c1427,,atomz600
Intel,Core i3-12300T,Alder Lake-S,4,8,2.3,4.2,Socket 1700,10,12,35,Jan 2022,2022-01-01,13077,,1495,83.29,157.0,https://www.techpowerup.com/cpu-specs/core-i3-12300t.c2548,https://www.cpubenchmark.net/cpu_lookup.php?cpu=Intel+Core+i3-12300T&id=5109,corei312300t
Intel,Core i7-620M,Arrandale,2,4,2.677,3.333,BGA 1288,32,4,35,Jan 2010,2010-01-01,1977,1269,3834,11.63,169.95,https://www.techpowerup.com/cpu-specs/core-i7-620m.c1383,https://www.cpubenchmark.net/cpu_lookup.php?cpu=Intel+Core+i7-620M+%40+2.67GHz&id=849,corei7620m
Intel,Xeon E5-2692 v3,Haswell-EP,12,24,3.0,3.6,Socket 2011-3,22,30,165,Sep 2014,2014-09-01,,,,,,https://www.techpowerup.com/cpu-specs/xeon-e5-2692-v3.c2891,,xeone52692v3
Intel,Xeon E5-4640,Sandy Bridge-EP,8,16,2.4,2.8,Socket 2011,32,20,95,May 2012,2012-05-01,7502,,2021,2.5,3000.0,https://www.techpowerup.com/cpu-specs/xeon-e5-4640.c1685,https://www.cpubenchmark.net/cpu_lookup.php?cpu=Intel+Xeon+E5-4640+%40+2.40GHz&id=1224,xeone54640
Intel,Xeon Silver 4410T,Sapphire Rapids,10,20,2.7,4.0,Socket 4677,10,26,150,Jan 2023,2023-01-01,27245,,683,34.1,798.95,https://www.techpowerup.com/cpu-specs/xeon-silver-4410t.c3169,https://www.cpubenchmark.net/cpu_lookup.php?cpu=Intel+Xeon+Silver+4410T&id=5407,xeonsilver4410t
Intel,Xeon w7-3445,Sapphire Rapids,20,40,2.5,4.8,Socket 4677,10,52,270,Feb 2023,2023-02-01,48978,,283,24.62,1989.0,https://www.techpowerup.com/cpu-specs/xeon-w7-3445.c3110,https://www.cpubenchmark.net/cpu_lookup.php?cpu=Intel+Xeon+w7-3445&id=5612,xeonw73445
Intel,Xeon X5472,Harpertown,4,4,3.0,,Socket 771,45,,120,Nov 2007,2007-11-01,2243,,3664,9.97,225.0,https://www.techpowerup.com/cpu-specs/xeon-x5472.c4139,https://www.cpubenchmark.net/cpu_lookup.php?cpu=Intel+Xeon+X5472+%40+3.00GHz&id=1298,xeonx5472
Intel,Xeon X7542,Nehalem-EX,6,6,2.666,2.8,Socket 1567,45,18,130,Mar 2010,2010-03-01,,,,,,https://www.techpowerup.com/cpu-specs/xeon-x7542.c3937,,xeonx7542
Intel,Xeon X7550,Nehalem-EX,8,16,2.0,2.4,Socket 1567,45,18,130,Mar 2010,2010-03-01,,,,,,https://www.techpowerup.com/cpu-specs/xeon-x7550.c3940,,xeonx7550
AMD,Athlon 64 2650e,Lima,1,1,1.6,,Socket AM2,65,,15,Jan 2009,2009-01-01,,,,,,https://www.techpowerup.com/cpu-specs/athlon-64-2650e.c581,,athlon642650e
AMD,Athlon XP 3000+ (333FSB),Barton,1,1,2.167,,Socket A,130,,68,Feb 2003,2003-02-01,,,,,,https://www.techpowerup.com/cpu-specs/athlon-xp-3000-333fsb.c88,,athlonxp3000333fsb
AMD,Ryzen 3 7320C,Mendocino,4,8,2.4,4.1,Socket FT6,6,4,15,May 2023,2023-05-01,8193,2292,,,,https://www.techpowerup.com/cpu-specs/ryzen-3-7320c.c3920,https://www.cpubenchmark.net/cpu.php?cpu=AMD+Ryzen+3+7320C&id=5608,ryzen37320c
AMD,Ryzen 7 PRO 6850HS,Rembrandt,8,16,3.2,4.7,Socket FP7,6,16,35,Apr 2022,2022-04-01,22322,3302,,,,https://www.techpowerup.com/cpu-specs/ryzen-7-pro-6850hs.c2767,https://www.cpubenchmark.net/cpu.php?cpu=AMD+Ryzen+7+PRO+6850HS&id=4880,ryzen7pro6850hs
AMD,Ryzen AI Embedded X199i,Strix Halo,16,32,3.0,5.1,Socket FP11,4,64,55,Jul 2026,2026-07-01,,,,,,https://www.techpowerup.com/cpu-specs/ryzen-ai-embedded-x199i.c4511,,ryzenaiembeddedx199i
Intel,Atom x7211RE,Amston Lake,2,2,1.0,3.2,BGA 1264,10,6,6,Apr 2024,2024-04-01,2173,,3711,51.75,42.0,https://www.techpowerup.com/cpu-specs/atom-x7211re.c3719,https://www.cpubenchmark.net/cpu_lookup.php?cpu=Intel+Atom+x7211RE&id=6424,atomx7211re
Intel,Atom x7213RE,Amston Lake,2,2,2.0,3.4,BGA 1264,10,6,9,Apr 2024,2024-04-01,2641,,3400,56.19,47.0,https://www.techpowerup.com/cpu-specs/atom-x7213re.c3720,https://www.cpubenchmark.net/cpu_lookup.php?cpu=Intel+Atom+x7213RE&id=6406,atomx7213re
Intel,Celeron 1400,Tualatin,1,1,1.4,,Socket 370,130,,35,May 2002,2002-05-01,,,,,,https://www.techpowerup.com/cpu-specs/celeron-1400.c3619,,celeron1400
Intel,Celeron 7300,Alder Lake-U,5,6,1.0,,BGA 1781,10,8,9,Feb 2022,2022-02-01,,,,,,https://www.techpowerup.com/cpu-specs/celeron-7300.c2675,,celeron7300
Intel,Core i3-4350,Haswell,2,4,3.6,,Socket 1150,22,4,54,May 2014,2014-05-01,3619,,2952,19.04,190.1,https://www.techpowerup.com/cpu-specs/core-i3-4350.c1788,https://www.cpubenchmark.net/cpu_lookup.php?cpu=Intel+Core+i3-4350+%40+3.60GHz&id=2283,corei34350
Intel,Core i5-4440S,Haswell,4,4,2.8,3.3,Socket 1150,22,6,65,Sep 2013,2013-09-01,4392,,2706,35.46,123.85,https://www.techpowerup.com/cpu-specs/core-i5-4440s.c1638,https://www.cpubenchmark.net/cpu_lookup.php?cpu=Intel+Core+i5-4440S+%40+2.80GHz&id=2119,corei54440s
Intel,Core i7-660UE,Arrandale,2,4,1.333,2.4,BGA 1288,32,4,18,Aug 2010,2010-08-01,,,,,,https://www.techpowerup.com/cpu-specs/core-i7-660ue.c3225,,corei7660ue
Intel,Pentium D 935,Presler,2,2,3.2,,Socket 775,65,,95,Jan 2007,2007-01-01,,,,,,https://www.techpowerup.com/cpu-specs/pentium-d-935.c1107,,pentiumd935
Intel,Pentium III 1200,Tualatin,1,1,1.2,,Socket 370,130,,30,Jul 2001,2001-07-01,181,,5869,,,https://www.techpowerup.com/cpu-specs/pentium-iii-1200.c1283,https://www.cpubenchmark.net/cpu_lookup.php?cpu=Intel+Pentium+III+1200+%40+1200MHz&id=1147,pentiumiii1200
Intel,Xeon Gold 6336Y,Ice Lake-SP,24,48,2.4,3.6,Socket 4189,10,36,185,Apr 2021,2021-04-01,45517,,318,18.21,2500.0,https://www.techpowerup.com/cpu-specs/xeon-gold-6336y.c2442,https://www.cpubenchmark.net/cpu_lookup.php?cpu=Intel+Xeon+Gold+6336Y+%40+2.40GHz&id=4484,xeongold6336y
Intel,Xeon w5-3525,Sapphire Rapids,16,32,3.2,4.8,Socket 4677,10,45,290,Aug 2024,2024-08-01,45841,,313,34.24,1339.0,https://www.techpowerup.com/cpu-specs/xeon-w5-3525.c3807,https://www.cpubenchmark.net/cpu_lookup.php?cpu=Intel+Xeon+w5-3525&id=6564,xeonw53525
Intel,Xeon w5-3535X,Sapphire Rapids,20,40,2.9,4.8,Socket 4677,10,52,300,Aug 2024,2024-08-01,54088,,236,27.58,1960.94,https://www.techpowerup.com/cpu-specs/xeon-w5-3535x.c3806,https://www.cpubenchmark.net/cpu_lookup.php?cpu=Intel+Xeon+w5-3535X&id=6578,xeonw53535x
Intel,Xeon w7-2575X,Sapphire Rapids,22,44,3.0,4.8,Socket 4677,10,45,250,Aug 2024,2024-08-01,52091,,248,26.67,1953.52,https://www.techpowerup.com/cpu-specs/xeon-w7-2575x.c3809,https://www.cpubenchmark.net/cpu_lookup.php?cpu=Intel+Xeon+w7-2575X&id=6253,xeonw72575x
AMD,Athlon 1000 (BA),Thunderbird B,1,1,1.0,,Slot A,180,,54,Jun 2000,2000-06-01,,,,,,https://www.techpowerup.com/cpu-specs/athlon-1000-ba.c3917,,athlon1000ba
AMD,Athlon 600,Thunderbird,1,1,0.6,,Socket A,180,,38,Jun 2000,2000-06-01,,,,,,https://www.techpowerup.com/cpu-specs/athlon-600.c1237,,athlon600
AMD,Athlon X2 5200+,Regor,2,2,2.3,,Socket AM3,45,,65,Aug 2010,2010-08-01,,,,,,https://www.techpowerup.com/cpu-specs/athlon-x2-5200.c4230,,athlonx25200
AMD,FX-4150,Zambezi,4,4,3.8,4.0,Socket AM3+,32,4,95,Oct 2012,2012-10-01,,,,,,https://www.techpowerup.com/cpu-specs/fx-4150.c1209,,fx4150
AMD,Sempron 180,Regor,2,2,2.4,,Socket AM3,45,,45,Sep 2010,2010-09-01,,,,,,https://www.techpowerup.com/cpu-specs/sempron-180.c823,,sempron180
AMD,Sempron 3600+,Manila,1,1,2.0,,Socket AM2,90,,62,May 2006,2006-05-01,,,,,,https://www.techpowerup.com/cpu-specs/sempron-3600.c558,,sempron3600
Intel,Core i3-1115G4 (IPU),Tiger Lake-U,2,4,2.2,4.1,BGA 1449,10,6,15,Sep 2020,2020-09-01,,,,,,https://www.techpowerup.com/cpu-specs/core-i3-1115g4-ipu.c4220,,corei31115g4ipu
Intel,Core i7-1260U,Alder Lake-U,10,12,1.1,4.7,BGA 1781,10,12,9,Feb 2022,2022-02-01,13268,3039,1478,,,https://www.techpowerup.com/cpu-specs/core-i7-1260u.c2590,https://www.cpubenchmark.net/cpu_lookup.php?cpu=Intel+Core+i7-1260U&id=4999,corei71260u
Intel,Core M-5Y71,Broadwell-Y,2,4,1.2,2.9,BGA 1234,14,4,5,Oct 2014,2014-10-01,1965,1223,3842,6.99,281.0,https://www.techpowerup.com/cpu-specs/core-m-5y71.c1816,https://www.cpubenchmark.net/cpu_lookup.php?cpu=Intel+Core+M-5Y71+%40+1.20GHz&id=2465,corem5y71
Intel,Pentium D 820,Smithfield,2,2,2.8,,Socket 775,90,,130,May 2005,2005-05-01,,,,,,https://www.techpowerup.com/cpu-specs/pentium-d-820.c1111,,pentiumd820
Intel,Pentium Gold G6605,Comet Lake-R,2,4,4.3,,Socket 1200,14,4,58,Mar 2021,2021-03-01,4488,,2679,23.13,194.07,https://www.techpowerup.com/cpu-specs/pentium-gold-g6605.c2416,https://www.cpubenchmark.net/cpu_lookup.php?cpu=Intel+Pentium+Gold+G6605+%40+4.30GHz&id=4461,pentiumgoldg6605
Intel,Pentium P6300,Arrandale,2,2,2.266,,Socket G1,32,3,35,Jan 2011,2011-01-01,950,847,4750,,,https://www.techpowerup.com/cpu-specs/pentium-p6300.c1359,https://www.cpubenchmark.net/cpu_lookup.php?cpu=Intel+Pentium+P6300+%40+2.27GHz&id=1121,pentiump6300
Intel,Xeon Gold 5412U,Sapphire Rapids,24,48,2.1,3.9,Socket 4677,10,45,185,Jan 2023,2023-01-01,50314,,267,45.21,1113.0,https://www.techpowerup.com/cpu-specs/xeon-gold-5412u.c3153,https://www.cpubenchmark.net/cpu_lookup.php?cpu=Intel+Xeon+Gold+5412U&id=5754,xeongold5412u
Intel,Xeon W3540,Bloomfield,4,8,2.933,3.2,Socket 1366,45,8,130,Mar 2009,2009-03-01,3120,,3160,20.94,149.0,https://www.techpowerup.com/cpu-specs/xeon-w3540.c902,https://www.cpubenchmark.net/cpu_lookup.php?cpu=Intel+Xeon+W3540+%40+2.93GHz&id=1268,xeonw3540
AMD,A4-6300B,Richland,2,2,3.7,3.9,Socket FM2,32,,65,Jun 2013,2013-06-01,,,,,,https://www.techpowerup.com/cpu-specs/a4-6300b.c2643,,a46300b
AMD,Athlon Gold 3150GE,Picasso,4,4,3.3,3.8,Socket AM4,12,4,35,Jul 2020,2020-07-01,,,,,,https://www.techpowerup.com/cpu-specs/athlon-gold-3150ge.c2331,,athlongold3150ge
AMD,Athlon II X4 638,Llano,4,4,2.7,,Socket FM1,32,,65,Feb 2012,2012-02-01,,,,,,https://www.techpowerup.com/cpu-specs/athlon-ii-x4-638.c960,,athloniix4638
AMD,Athlon X4 850,Godaveri,4,4,3.2,3.9,Socket FM2+,28,,65,Jul 2015,2015-07-01,,,,,,https://www.techpowerup.com/cpu-specs/athlon-x4-850.c2629,,athlonx4850
AMD,Phenom II X2 B55,Callisto,2,2,3.0,,Socket AM3,45,6,80,Oct 2009,2009-10-01,,,,,,https://www.techpowerup.com/cpu-specs/phenom-ii-x2-b55.c764,,phenomiix2b55
AMD,Ryzen 5 4600HS,Renoir,6,12,3.0,4.0,Socket FP6,7,8,35,Jan 2020,2020-01-01,14169,2395,,,,https://www.techpowerup.com/cpu-specs/ryzen-5-4600hs.c2295,https://www.cpubenchmark.net/cpu.php?cpu=AMD+Ryzen+5+4600HS&id=3787,ryzen54600hs
AMD,Ryzen AI 5 PRO 435G,Gorgon Point,6,12,2.0,4.5,Socket AM5,4,4,65,Mar 2026,2026-03-01,20285,,,,,https://www.techpowerup.com/cpu-specs/ryzen-ai-5-pro-435g.c4346,https://www.cpubenchmark.net/cpu.php?cpu=AMD+Ryzen+AI+5+PRO+435G&id=7402,ryzenai5pro435g
Intel,Core i5-8550,Coffee Lake,6,6,3.0,4.3,Socket 1151,14,9,65,Sep 2018,2018-09-01,,,,,,https://www.techpowerup.com/cpu-specs/core-i5-8550.c2085,,corei58550
Intel,Core i7-1060G7,Ice Lake-Y,4,8,1.0,3.8,BGA 1440,10,8,9,Aug 2019,2019-08-01,,,,,,https://www.techpowerup.com/cpu-specs/core-i7-1060g7.c2223,,corei71060g7
Intel,Core i9-10800F,Comet Lake,10,20,2.7,5.0,Socket 1200,14,20,65,Apr 2020,2020-04-01,,,,,,https://www.techpowerup.com/cpu-specs/core-i9-10800f.c2216,,corei910800f
Intel,Core i9-13900E,Raptor Lake-S,24,32,1.8,5.2,Socket 1700,10,36,65,Jan 2023,2023-01-01,40288,,374,72.72,554.0,https://www.techpowerup.com/cpu-specs/core-i9-13900e.c3082,https://www.cpubenchmark.net/cpu_lookup.php?cpu=Intel+Core+i9-13900E&id=5587,corei913900e
Intel,Mobile Pentium III 500,Coppermine,1,1,0.5,,Micro-BGA2,180,,17,Oct 1999,1999-10-01,,,,,,https://www.techpowerup.com/cpu-specs/mobile-pentium-iii-500.c3623,,mobilepentiumiii500
Intel,Pentium 3556U,Haswell,2,2,1.7,,BGA 1168,22,2,15,Sep 2013,2013-09-01,1050,935,4635,,,https://www.techpowerup.com/cpu-specs/pentium-3556u.c1724,https://www.cpubenchmark.net/cpu_lookup.php?cpu=Intel+Pentium+3556U+%40+1.70GHz&id=2104,pentium3556u
Intel,Pentium 4 HT 540,Prescott,1,2,3.2,,Socket 775,90,,84,Jun 2004,2004-06-01,,,,,,https://www.techpowerup.com/cpu-specs/pentium-4-ht-540.c5,,pentium4ht540
Intel,Xeon 6357P,Raptor Lake-R,8,16,3.0,5.4,Socket 1700,10,24,80,Feb 2025,2025-02-01,30759,,543,55.32,556.0,https://www.techpowerup.com/cpu-specs/xeon-6357p.c4093,https://www.cpubenchmark.net/cpu_lookup.php?cpu=Intel+Xeon+6357P&id=6977,xeon6357p
Intel,Xeon 6774P,Granite Rapids,64,128,2.5,3.9,Socket 4710,5,336,350,May 2025,2025-05-01,112749,,34,16.68,6760.0,https://www.techpowerup.com/cpu-specs/xeon-6774p.c4278,https://www.cpubenchmark.net/cpu_lookup.php?cpu=Intel+Xeon+6774P&id=6929,xeon6774p
Intel,Xeon E-2378G,Rocket Lake-E,8,16,2.8,5.1,Socket 1200,14,16,80,Sep 2021,2021-09-01,21146,,958,24.33,869.07,https://www.techpowerup.com/cpu-specs/xeon-e-2378g.c2493,https://www.cpubenchmark.net/cpu_lookup.php?cpu=Intel+Xeon+E-2378G+%40+2.80GHz&id=4931,xeone2378g
Intel,Xeon E3-1285L v3,Haswell-WS,4,8,3.1,3.9,Socket 1150,22,8,65,Jun 2013,2013-06-01,6829,,2146,7.6,898.5,https://www.techpowerup.com/cpu-specs/xeon-e3-1285l-v3.c1645,https://www.cpubenchmark.net/cpu_lookup.php?cpu=Intel+Xeon+E3-1285L+v3+%40+3.10GHz&id=2417,xeone31285lv3
Intel,Xeon E5-2658A v3,Haswell-EP,12,24,2.2,2.9,Socket 2011-3,22,30,105,2015,201501-01,14879,,1357,8.12,1832.0,https://www.techpowerup.com/cpu-specs/xeon-e5-2658a-v3.c2881,https://www.cpubenchmark.net/cpu_lookup.php?cpu=Intel+Xeon+E5-2658A+v3+%40+2.20GHz&id=3501,xeone52658av3
Intel,Xeon Gold 5315Y,Ice Lake-SP,8,16,3.2,3.6,Socket 4189,10,12,140,Apr 2021,2021-04-01,20032,,1032,10.02,1998.95,https://www.techpowerup.com/cpu-specs/xeon-gold-5315y.c2450,https://www.cpubenchmark.net/cpu_lookup.php?cpu=Intel+Xeon+Gold+5315Y+%40+3.20GHz&id=4492,xeongold5315y
Intel,Xeon L3406,Clarkdale,2,4,2.266,2.533,Socket 1156,32,4,30,Mar 2010,2010-03-01,1104,,4567,4.28,257.88,https://www.techpowerup.com/cpu-specs/xeon-l3406.c3930,https://www.cpubenchmark.net/cpu_lookup.php?cpu=Intel+Xeon+L3406+%40+2.27GHz&id=1899,xeonl3406
Intel,Xeon L5630,Westmere-EP,4,8,2.133,2.4,Socket 1366,32,12,40,Mar 2010,2010-03-01,3059,,3194,27.25,112.26,https://www.techpowerup.com/cpu-specs/xeon-l5630.c943,https://www.cpubenchmark.net/cpu_lookup.php?cpu=Intel+Xeon+L5630+%40+2.13GHz&id=2086,xeonl5630
Intel,Xeon Phi 7290,Knights Landing,72,288,1.5,1.7,Socket 3647,14,,245,Jun 2016,2016-06-01,17839,,1177,5.55,3213.0,https://www.techpowerup.com/cpu-specs/xeon-phi-7290.c2047,https://www.cpubenchmark.net/cpu_lookup.php?cpu=Intel+Xeon+Phi+7290+%40+1.50GHz&id=6597,xeonphi7290
Intel,Xeon Platinum 8362,Ice Lake-SP,32,64,2.8,3.6,Socket 4189,10,48,265,Apr 2021,2021-04-01,56787,,219,9.89,5740.0,https://www.techpowerup.com/cpu-specs/xeon-platinum-8362.c2426,https://www.cpubenchmark.net/cpu_lookup.php?cpu=Intel+Xeon+Platinum+8362+%40+2.80GHz&id=5472,xeonplatinum8362
AMD,A6-3410MX,Llano,4,4,1.6,2.3,Socket FS1,32,,45,Jun 2011,2011-06-01,,,,,,https://www.techpowerup.com/cpu-specs/a6-3410mx.c891,,a63410mx
AMD,Athlon 550,Argon,1,1,0.55,,Slot A,,,41,Jun 1999,1999-06-01,,,,,,https://www.techpowerup.com/cpu-specs/athlon-550.c3756,,athlon550
AMD,Athlon 64 3400+,Venice,1,1,2.2,,Socket 939,90,,67,Apr 2005,2005-04-01,,,,,,https://www.techpowerup.com/cpu-specs/athlon-64-3400.c547,,athlon643400
AMD,C-30,Ontario,1,1,1.2,,Socket FT1,40,,9,Jan 2011,2011-01-01,,375,,,,https://www.techpowerup.com/cpu-specs/c-30.c794,https://www.cpubenchmark.net/cpu.php?cpu=AMD+C-30&id=241,c30
AMD,EPYC Embedded 9845,Turin,160,320,2.1,3.7,Socket SP5,3,320,390,Mar 2025,2025-03-01,,,,,,https://www.techpowerup.com/cpu-specs/epyc-embedded-9845.c4517,,epycembedded9845
AMD,Opteron A1170,Seattle,8,8,2.0,,Socket SP1,28,8,32,Jan 2016,2016-01-01,,,,,,https://www.techpowerup.com/cpu-specs/opteron-a1170.c2008,,opterona1170
AMD,Phenom X4 9750 (95W),Agena,4,4,2.4,,Socket AM2+,65,2,95,Mar 2008,2008-03-01,,,,,,https://www.techpowerup.com/cpu-specs/phenom-x4-9750-95w.c500,,phenomx4975095w
AMD,Ryzen AI Embedded P132,Gorgon Point,6,12,2.0,4.5,Socket FP8,4,4,28,Mar 2026,2026-03-01,19324,,,,,https://www.techpowerup.com/cpu-specs/ryzen-ai-embedded-p132.c4373,https://www.cpubenchmark.net/cpu.php?cpu=Ryzen+AI+Embedded+P132&id=7358,ryzenaiembeddedp132
Intel,Celeron E1600,Allendale,2,2,2.4,,Socket 775,65,,65,May 2009,2009-05-01,840,,4885,,,https://www.techpowerup.com/cpu-specs/celeron-e1600.c839,https://www.cpubenchmark.net/cpu_lookup.php?cpu=Intel+Celeron+E1600+%40+2.40GHz&id=1638,celerone1600
Intel,Celeron G1101,Clarkdale,2,2,2.266,,Socket 1156,32,2,73,Jan 2010,2010-01-01,1086,,4587,54.92,19.77,https://www.techpowerup.com/cpu-specs/celeron-g1101.c717,https://www.cpubenchmark.net/cpu_lookup.php?cpu=Intel+Celeron+G1101+%40+2.27GHz&id=680,celerong1101
Intel,Celeron N6211,Elkhart Lake,2,2,1.2,3.0,BGA 1493,10,,7,Jan 2021,2021-01-01,2245,,3663,41.57,54.0,https://www.techpowerup.com/cpu-specs/celeron-n6211.c4293,https://www.cpubenchmark.net/cpu_lookup.php?cpu=Intel+Celeron+N6211+%40+1.20GHz&id=4286,celeronn6211
Intel,Core 2 Duo E8135,Penryn,2,2,2.667,,Socket P,45,,44,Mar 2009,2009-03-01,998,911,4688,,,https://www.techpowerup.com/cpu-specs/core-2-duo-e8135.c2724,https://www.cpubenchmark.net/cpu_lookup.php?cpu=Intel+Core2+Duo+E8135+%40+2.40GHz&id=1483,core2duoe8135
Intel,Core 2 Duo E8335,Penryn,2,2,2.933,,Socket P,45,,44,Mar 2009,2009-03-01,1082,1157,4593,,,https://www.techpowerup.com/cpu-specs/core-2-duo-e8335.c2726,https://www.cpubenchmark.net/cpu_lookup.php?cpu=Intel+Core2+Duo+E8335+%40+2.66GHz&id=953,core2duoe8335
Intel,Core i3-3227U,Ivy Bridge,2,4,1.9,,BGA 1023,22,3,17,Jan 2013,2013-01-01,1299,958,4366,,,https://www.techpowerup.com/cpu-specs/core-i3-3227u.c1523,https://www.cpubenchmark.net/cpu_lookup.php?cpu=Intel+Core+i3-3227U+%40+1.90GHz&id=1861,corei33227u
Intel,Core i3-4330TE,Haswell,2,4,2.4,,Socket 1150,22,4,35,May 2014,2014-05-01,2027,,3800,,,https://www.techpowerup.com/cpu-specs/core-i3-4330te.c3514,https://www.cpubenchmark.net/cpu_lookup.php?cpu=Intel+Core+i3-4330TE+%40+2.40GHz&id=2139,corei34330te
Intel,Core i3-7360X,Kaby Lake-X,2,4,4.3,,Socket 2066,14,4,112,Unreleased,,,,,,,https://www.techpowerup.com/cpu-specs/core-i3-7360x.c1968,,corei37360x
Intel,Core i5-4430S,Haswell,4,4,2.7,3.2,Socket 1150,22,6,65,Jun 2013,2013-06-01,4367,,2710,23.04,189.53,https://www.techpowerup.com/cpu-specs/core-i5-4430s.c1471,https://www.cpubenchmark.net/cpu_lookup.php?cpu=Intel+Core+i5-4430S+%40+2.70GHz&id=2111,corei54430s
Intel,Core i7-12650HX,Alder Lake-HX,14,20,2.0,4.7,BGA 1964,10,24,55,May 2022,2022-05-01,22371,3533,889,47.4,472.0,https://www.techpowerup.com/cpu-specs/core-i7-12650hx.c2790,https://www.cpubenchmark.net/cpu_lookup.php?cpu=Intel+Core+i7-12650HX&id=6132,corei712650hx
Intel,Core i9-14901E,Raptor Lake-R,8,16,2.8,5.6,Socket 1700,10,36,65,Jul 2024,2024-07-01,30298,,563,54.4,557.0,https://www.techpowerup.com/cpu-specs/core-i9-14901e.c3739,https://www.cpubenchmark.net/cpu_lookup.php?cpu=Intel+Core+i9-14901E&id=7047,corei914901e
Intel,Pentium 4 2.0,Northwood,1,1,2.0,,Socket 478,130,,110,Jan 2001,2001-01-01,,,,,,https://www.techpowerup.com/cpu-specs/pentium-4-2-0.c283,,pentium420
Intel,Pentium 4 506,Prescott,1,1,2.66,,Socket 775,90,,84,Jun 2005,2005-06-01,,,,,,https://www.techpowerup.com/cpu-specs/pentium-4-506.c439,,pentium4506
Intel,Xeon 6503P-B,Granite Rapids,12,24,2.0,3.5,BGA 4368,5,48,110,Feb 2025,2025-02-01,,,,,,https://www.techpowerup.com/cpu-specs/xeon-6503p-b.c4074,,xeon6503pb
Intel,Xeon 6736P,Granite Rapids,36,72,2.0,4.1,Socket 4710,5,144,205,Feb 2025,2025-02-01,50072,,270,,,https://www.techpowerup.com/cpu-specs/xeon-6736p.c4064,https://www.cpubenchmark.net/cpu_lookup.php?cpu=Intel+Xeon+6736P&id=6622,xeon6736p
Intel,Xeon 6978P,Granite Rapids,120,240,2.1,3.9,Socket 7529,5,504,500,Jul 2025,2025-07-01,,,,,,https://www.techpowerup.com/cpu-specs/xeon-6978p.c4279,,xeon6978p
Intel,Xeon E7540,Nehalem-EX,6,12,2.0,2.266,Socket 1567,45,18,105,Mar 2010,2010-03-01,,,,,,https://www.techpowerup.com/cpu-specs/xeon-e7540.c3936,,xeone7540
Intel,Xeon Gold 6438Y+,Sapphire Rapids,32,64,2.0,4.0,Socket 4677,10,60,205,Jan 2023,2023-01-01,62660,,162,19.95,3141.0,https://www.techpowerup.com/cpu-specs/xeon-gold-6438y.c3146,https://www.cpubenchmark.net/cpu_lookup.php?cpu=Intel+Xeon+Gold+6438Y%2B&id=5597,xeongold6438y
Intel,Xeon Gold 6458Q,Sapphire Rapids,32,64,3.1,4.0,Socket 4677,10,60,350,Jan 2023,2023-01-01,,,,,,https://www.techpowerup.com/cpu-specs/xeon-gold-6458q.c3150,,xeongold6458q
Intel,Xeon Phi 5110P,Knights Corner,60,240,1.053,,PCIe x16,22,,225,Nov 2012,2012-11-01,,,,,,https://www.techpowerup.com/cpu-specs/xeon-phi-5110p.c2029,,xeonphi5110p
AMD,Athlon 1100,Thunderbird B,1,1,1.1,,Socket A,180,,60,Aug 2000,2000-08-01,,,,,,https://www.techpowerup.com/cpu-specs/athlon-1100.c1229,,athlon1100
AMD,Athlon 1400 (B),Thunderbird B,1,1,1.4,,Socket A,180,,72,Jun 2001,2001-06-01,,,,,,https://www.techpowerup.com/cpu-specs/athlon-1400-b.c1223,,athlon1400b
AMD,Athlon 64 X2 5000+,Windsor,2,2,2.6,,Socket AM2,90,,89,May 2006,2006-05-01,,,,,,https://www.techpowerup.com/cpu-specs/athlon-64-x2-5000.c347,,athlon64x25000
AMD,Duron 1000,Morgan,1,1,1.0,,Socket A,180,,46,Aug 2001,2001-08-01,,,,,,https://www.techpowerup.com/cpu-specs/duron-1000.c3980,,duron1000
AMD,EPYC 9846,Venice,168,336,2.85,3.7,Socket SP7,2,768,500,Jul 2026,2026-07-01,,,,,,https://www.techpowerup.com/cpu-specs/epyc-9846.c4534,,epyc9846
AMD,EPYC Embedded 9655,Turin,96,192,2.6,4.5,Socket SP5,4,384,400,Mar 2025,2025-03-01,,,,,,https://www.techpowerup.com/cpu-specs/epyc-embedded-9655.c4520,,epycembedded9655
AMD,Phenom II X4 820,Deneb,4,4,2.8,,Socket AM3,45,4,95,Sep 2009,2009-09-01,,,,,,https://www.techpowerup.com/cpu-specs/phenom-ii-x4-820.c747,,phenomiix4820
AMD,Ryzen 5 PRO 8640U,Hawk Point,6,12,3.5,4.9,Socket FP7,4,16,28,Apr 2024,2024-04-01,22639,3690,,,,https://www.techpowerup.com/cpu-specs/ryzen-5-pro-8640u.c3574,https://www.cpubenchmark.net/cpu.php?cpu=AMD+Ryzen+5+PRO+8640U&id=6447,ryzen5pro8640u
AMD,Ryzen AI Embedded X168,Strix Halo,8,16,3.6,5.0,Socket FP11,4,32,55,Jul 2026,2026-07-01,,,,,,https://www.techpowerup.com/cpu-specs/ryzen-ai-embedded-x168.c4514,,ryzenaiembeddedx168
AMD,Sempron LE-1150,Sparta,1,1,2.0,,Socket AM2,65,,45,Aug 2007,2007-08-01,,,,,,https://www.techpowerup.com/cpu-specs/sempron-le-1150.c565,,sempronle1150
Intel,Core 7 253PE,Bartlett Lake,10,20,2.5,5.5,Socket 1700,10,33,65,Mar 2026,2026-03-01,29300,,596,,,https://www.techpowerup.com/cpu-specs/core-7-253pe.c4389,https://www.cpubenchmark.net/cpu_lookup.php?cpu=Intel+Core+7+253PE&id=7146,core7253pe
Intel,Core i3-1120G4,Tiger Lake-U,4,8,1.1,3.5,BGA 1598,10,8,15,Sep 2020,2020-09-01,,,,,,https://www.techpowerup.com/cpu-specs/core-i3-1120g4.c2350,,corei31120g4
Intel,Core i3-9300T,Coffee Lake,4,4,3.2,3.8,Socket 1151,14,8,35,Apr 2019,2019-04-01,6328,,2261,44.25,143.0,https://www.techpowerup.com/cpu-specs/core-i3-9300t.c4455,https://www.cpubenchmark.net/cpu_lookup.php?cpu=Intel+Core+i3-9300T+%40+3.20GHz&id=3509,corei39300t
Intel,Core i3-L13G4,Lakefield,5,5,0.8,2.8,,10,4,7,Jun 2020,2020-06-01,,,,,,https://www.techpowerup.com/cpu-specs/core-i3-l13g4.c3312,,corei3l13g4
Intel,Core i7-1185GRE,Tiger Lake-U,4,8,1.8,4.4,BGA 1449,10,12,15,Sep 2020,2020-09-01,7807,,1970,,,https://www.techpowerup.com/cpu-specs/core-i7-1185gre.c4214,https://www.cpubenchmark.net/cpu_lookup.php?cpu=Intel+Core+i7-1185GRE+%40+2.80GHz&id=4305,corei71185gre
Intel,Core i7-5850HQ,Broadwell-H,4,8,2.7,3.6,BGA 1364,14,6,47,Jun 2015,2015-06-01,6866,2219,2140,15.82,434.0,https://www.techpowerup.com/cpu-specs/core-i7-5850hq.c2693,https://www.cpubenchmark.net/cpu_lookup.php?cpu=Intel+Core+i7-5850HQ+%40+2.70GHz&id=2681,corei75850hq
Intel,Core i7-7920HQ,Kaby Lake-H,4,8,3.1,4.1,BGA 1440,14,8,45,Jan 2017,2017-01-01,7223,2164,2068,12.72,568.0,https://www.techpowerup.com/cpu-specs/core-i7-7920hq.c3101,https://www.cpubenchmark.net/cpu_lookup.php?cpu=Intel+Core+i7-7920HQ+%40+3.10GHz&id=3007,corei77920hq
Intel,Core m3-8114Y,Cannon Lake-Y,2,4,1.5,2.2,BGA 1440,10,4,5,May 2018,2018-05-01,,,,,,https://www.techpowerup.com/cpu-specs/core-m3-8114y.c2071,,corem38114y
Intel,Core Solo ULV U1300,Yonah,1,1,1.066,,Socket 479,65,,5,Apr 2006,2006-04-01,,,,,,https://www.techpowerup.com/cpu-specs/core-solo-ulv-u1300.c414,,coresoloulvu1300
Intel,Pentium 4-M 2.60,Northwood,1,1,2.6,,Socket 478,130,,35,Jun 2003,2003-06-01,,,,,,https://www.techpowerup.com/cpu-specs/pentium-4-m-2-60.c1246,,pentium4m260
Intel,Pentium III 1000,Tualatin,1,1,1.0,,Socket 370,130,,30,Jul 2001,2001-07-01,,,,,,https://www.techpowerup.com/cpu-specs/pentium-iii-1000.c1282,,pentiumiii1000
Intel,Pentium M 770,Dothan,1,1,2.13,,Socket 479,90,,27,Jan 2005,2005-01-01,,,,,,https://www.techpowerup.com/cpu-specs/pentium-m-770.c147,,pentiumm770
Intel,Xeon 5060,Dempsey,2,4,3.2,,Socket 771,65,,130,May 2006,2006-05-01,,,,,,https://www.techpowerup.com/cpu-specs/xeon-5060.c381,,xeon5060
Intel,Xeon Gold 6312U,Ice Lake-SP,24,48,2.4,3.6,Socket 4189,10,36,185,Apr 2021,2021-04-01,41858,,353,23.13,1809.59,https://www.techpowerup.com/cpu-specs/xeon-gold-6312u.c2443,https://www.cpubenchmark.net/cpu_lookup.php?cpu=Intel+Xeon+Gold+6312U+%40+2.40GHz&id=4606,xeongold6312u
Intel,Xeon Phi 7250,Knights Landing,68,272,1.4,1.6,Socket 3647,14,,215,Jun 2016,2016-06-01,,,,,,https://www.techpowerup.com/cpu-specs/xeon-phi-7250.c2045,,xeonphi7250
Intel,Xeon Platinum 8368Q,Ice Lake-SP,38,76,2.6,3.7,Socket 4189,10,57,270,Apr 2021,2021-04-01,46681,,306,,,https://www.techpowerup.com/cpu-specs/xeon-platinum-8368q.c2427,https://www.cpubenchmark.net/cpu_lookup.php?cpu=Intel+Xeon+Platinum+8368Q+%40+2.60GHz&id=5982,xeonplatinum8368q
Intel,Xeon W3505,Bloomfield,2,2,2.533,,Socket 1366,45,4,130,Mar 2009,2009-03-01,1163,,4506,78.26,14.86,https://www.techpowerup.com/cpu-specs/xeon-w3505.c908,https://www.cpubenchmark.net/cpu_lookup.php?cpu=Intel+Xeon+W3505+%40+2.53GHz&id=1265,xeonw3505
AMD,A4 Micro-6400T,Mullins,4,4,1.0,1.6,Socket FT3,28,,5,Apr 2014,2014-04-01,,,,,,https://www.techpowerup.com/cpu-specs/a4-micro-6400t.c4203,,a4micro6400t
AMD,Athlon 64 3400+,NewCastle,1,1,2.4,,Socket 754,130,,89,Apr 2004,2004-04-01,,,,,,https://www.techpowerup.com/cpu-specs/athlon-64-3400.c51,,athlon643400
AMD,Athlon 64 FX-53,Clawhammer,1,1,2.4,,Socket 939,130,,89,Jun 2004,2004-06-01,,,,,,https://www.techpowerup.com/cpu-specs/athlon-64-fx-53.c33,,athlon64fx53
AMD,Ryzen 5 PRO 8640HS,Hawk Point,6,12,3.5,4.9,Socket FP7,4,16,28,Apr 2024,2024-04-01,21402,3550,,,,https://www.techpowerup.com/cpu-specs/ryzen-5-pro-8640hs.c3575,https://www.cpubenchmark.net/cpu.php?cpu=AMD+Ryzen+5+PRO+8640HS&id=6094,ryzen5pro8640hs
AMD,Ryzen Threadripper 1950,Zen,16,32,3.2,,Socket SP3r2,14,32,180,Unreleased,,,,,,,https://www.techpowerup.com/cpu-specs/ryzen-threadripper-1950.c1903,,ryzenthreadripper1950
Intel,Atom Z2760,Cloverview,2,2,1.8,,BGA 617,32,,3,Sep 2012,2012-09-01,298,206,5629,,,https://www.techpowerup.com/cpu-specs/atom-z2760.c1437,https://www.cpubenchmark.net/cpu_lookup.php?cpu=Intel+Atom+Z2760+%40+1.80GHz&id=1466,atomz2760
Intel,Celeron 2950M,Haswell,2,2,2.0,,Socket G2 (988B),22,2,37,Sep 2013,2013-09-01,1248,1138,4425,,,https://www.techpowerup.com/cpu-specs/celeron-2950m.c1719,https://www.cpubenchmark.net/cpu_lookup.php?cpu=Intel+Celeron+2950M+%40+2.00GHz&id=2203,celeron2950m
Intel,Celeron G1820T,Haswell,2,2,2.4,,Socket 1150,22,3,54,Dec 2013,2013-12-01,1599,,4123,38.07,42.0,https://www.techpowerup.com/cpu-specs/celeron-g1820t.c1795,https://www.cpubenchmark.net/cpu_lookup.php?cpu=Intel+Celeron+G1820T+%40+2.40GHz&id=2169,celerong1820t
Intel,Celeron G6900TE,Alder Lake-S,2,2,2.4,,Socket 1700,10,4,35,Jan 2022,2022-01-01,3162,,3143,,,https://www.techpowerup.com/cpu-specs/celeron-g6900te.c2573,https://www.cpubenchmark.net/cpu_lookup.php?cpu=Intel+Celeron+G6900TE&id=5789,celerong6900te
Intel,Celeron P1053,Jasper Forest,1,2,1.333,,Socket 1366,45,2,30,Feb 2010,2010-02-01,,,,,,https://www.techpowerup.com/cpu-specs/celeron-p1053.c775,,celeronp1053
Intel,Core i3-3240T,Ivy Bridge,2,4,3.0,,Socket 1155,22,3,35,Sep 2012,2012-09-01,2087,,3765,,,https://www.techpowerup.com/cpu-specs/core-i3-3240t.c1056,https://www.cpubenchmark.net/cpu_lookup.php?cpu=Intel+Core+i3-3240T+%40+2.90GHz&id=1793,corei33240t
Intel,Core i5-4570TE,Haswell,2,4,2.7,3.3,Socket 1150,22,4,35,Jun 2013,2013-06-01,3155,,3146,9.23,341.99,https://www.techpowerup.com/cpu-specs/core-i5-4570te.c1610,https://www.cpubenchmark.net/cpu_lookup.php?cpu=Intel+Core+i5-4570TE+%40+2.70GHz&id=2338,corei54570te
Intel,Core i5-6350HQ,Skylake-H,4,4,2.3,3.2,BGA 1440,14,6,45,Jan 2016,2016-01-01,4255,1420,2741,13.9,306.0,https://www.techpowerup.com/cpu-specs/core-i5-6350hq.c1997,https://www.cpubenchmark.net/cpu_lookup.php?cpu=Intel+Core+i5-6350HQ+%40+2.30GHz&id=4554,corei56350hq
Intel,Core i7-3612QM,Ivy Bridge,4,8,2.1,3.1,BGA 1224,22,6,35,Apr 2012,2012-04-01,4637,1535,2645,,,https://www.techpowerup.com/cpu-specs/core-i7-3612qm.c1021,https://www.cpubenchmark.net/cpu_lookup.php?cpu=Intel+Core+i7-3612QM+%40+2.10GHz&id=892,corei73612qm
Intel,Core i7-8560U,Whiskey Lake-U,4,8,1.8,4.6,BGA 1528,14,8,15,Oct 2018,2018-10-01,6637,,2184,,,https://www.techpowerup.com/cpu-specs/core-i7-8560u.c3605,https://www.cpubenchmark.net/cpu_lookup.php?cpu=Intel+Core+i7-8560U+%40+1.80GHz&id=7297,corei78560u
Intel,Core Ultra 7 165UL,Meteor Lake-PS,12,14,1.7,4.9,Socket 1851,7,12,15,Apr 2024,2024-04-01,,,,,,https://www.techpowerup.com/cpu-specs/core-ultra-7-165ul.c3713,,coreultra7165ul
Intel,Pentium 4 HT 3.4E,Prescott,1,2,3.4,,Socket 478,90,,115,Apr 2004,2004-04-01,,,,,,https://www.techpowerup.com/cpu-specs/pentium-4-ht-3-4e.c264,,pentium4ht34e
Intel,Xeon 6748P,Granite Rapids,48,96,2.5,4.1,Socket 4710,5,192,300,Feb 2025,2025-02-01,,,,,,https://www.techpowerup.com/cpu-specs/xeon-6748p.c4061,,xeon6748p
Intel,Xeon Gold 5420+,Sapphire Rapids,28,56,2.0,4.1,Socket 4677,10,52,205,Jan 2023,2023-01-01,57753,,202,31.25,1848.0,https://www.techpowerup.com/cpu-specs/xeon-gold-5420.c3151,https://www.cpubenchmark.net/cpu_lookup.php?cpu=Intel+Xeon+Gold+5420%2B&id=5307,xeongold5420
Intel,Xeon Platinum 8452Y,Sapphire Rapids,36,72,2.0,3.8,Socket 4677,10,67,300,Jan 2023,2023-01-01,,,,,,https://www.techpowerup.com/cpu-specs/xeon-platinum-8452y.c3135,,xeonplatinum8452y
Intel,Xeon W5580,Gainestown,4,8,3.2,3.466,Socket 1366,45,8,130,Mar 2009,2009-03-01,3459,,3005,5.97,579.45,https://www.techpowerup.com/cpu-specs/xeon-w5580.c922,https://www.cpubenchmark.net/cpu_lookup.php?cpu=Intel+Xeon+W5580+%40+3.20GHz&id=1276,xeonw5580
AMD,A10-6700T,Richland,4,4,2.5,3.5,Socket FM2,32,,45,Sep 2013,2013-09-01,,,,,,https://www.techpowerup.com/cpu-specs/a10-6700t.c1732,,a106700t
AMD,Athlon 64 X2 4800+,Windsor,2,2,2.4,,Socket AM2,90,,89,May 2006,2006-05-01,,,,,,https://www.techpowerup.com/cpu-specs/athlon-64-x2-4800.c348,,athlon64x24800
AMD,EPYC 8324PN,Siena,32,64,2.05,3.0,Socket SP6,5,128,130,Sep 2023,2023-09-01,,,,,,https://www.techpowerup.com/cpu-specs/epyc-8324pn.c3298,,epyc8324pn
AMD,EPYC 9536,Venice,64,128,3.25,4.0,Socket SP8,2,256,300,Jul 2026,2026-07-01,,,,,,https://www.techpowerup.com/cpu-specs/epyc-9536.c4549,,epyc9536
AMD,EPYC Embedded 9124,Genoa,16,32,3.0,3.7,Socket SP5,5,64,200,Mar 2023,2023-03-01,,,,,,https://www.techpowerup.com/cpu-specs/epyc-embedded-9124.c3194,,epycembedded9124
AMD,Phenom II X4 840T,Zosma,4,4,2.9,3.2,Socket AM3,45,6,95,Sep 2010,2010-09-01,,,,,,https://www.techpowerup.com/cpu-specs/phenom-ii-x4-840t.c751,,phenomiix4840t
AMD,Ryzen Embedded 9900X,Granite Ridge,12,24,4.4,5.6,Socket AM5,4,64,120,Oct 2025,2025-10-01,,,,,,https://www.techpowerup.com/cpu-specs/ryzen-embedded-9900x.c4410,,ryzenembedded9900x
AMD,Sempron 3400+,Manila,1,1,1.8,,Socket AM2,90,,62,May 2006,2006-05-01,,,,,,https://www.techpowerup.com/cpu-specs/sempron-3400.c557,,sempron3400
Intel,Celeron D 350,Prescott,1,1,3.2,,Socket 478,90,,84,Jun 2005,2005-06-01,,,,,,https://www.techpowerup.com/cpu-specs/celeron-d-350.c24,,celerond350
Intel,Core 5 211E,Bartlett Lake,10,16,2.7,4.9,Socket 1700,10,20,65,Jan 2025,2025-01-01,23833,,826,107.84,221.0,https://www.techpowerup.com/cpu-specs/core-5-211e.c4395,https://www.cpubenchmark.net/cpu_lookup.php?cpu=Intel+Core+5+211E&id=7348,core5211e
Intel,Core i5-10310Y,Comet Lake-Y,4,8,1.1,4.1,BGA 1440,14,6,9,Aug 2019,2019-08-01,,,,,,https://www.techpowerup.com/cpu-specs/core-i5-10310y.c2232,,corei510310y
Intel,Core i5-8257U,Coffee Lake-U,4,8,1.4,3.9,BGA 1526,14,6,15,Jul 2019,2019-07-01,7385,2232,2046,23.08,320.0,https://www.techpowerup.com/cpu-specs/core-i5-8257u.c4465,https://www.cpubenchmark.net/cpu_lookup.php?cpu=Intel+Core+i5-8257U+%40+1.40GHz&id=3605,corei58257u
Intel,Pentium 4 511,Prescott,1,1,2.8,,Socket 775,90,,84,Jan 2005,2005-01-01,,,,,,https://www.techpowerup.com/cpu-specs/pentium-4-511.c442,,pentium4511
Intel,Pentium G620T,Sandy Bridge,2,2,2.2,,Socket 1155,32,3,35,May 2011,2011-05-01,896,,4809,9.95,90.1,https://www.techpowerup.com/cpu-specs/pentium-g620t.c771,https://www.cpubenchmark.net/cpu_lookup.php?cpu=Intel+Pentium+G620T+%40+2.20GHz&id=1108,pentiumg620t
Intel,Pentium M 725,Dothan,1,1,1.6,,Socket 479,90,,21,Jun 2004,2004-06-01,,,,,,https://www.techpowerup.com/cpu-specs/pentium-m-725.c156,,pentiumm725
Intel,Pentium SU2700,Penryn,1,1,1.3,,BGA 956,45,,10,Jun 2009,2009-06-01,252,508,5716,,,https://www.techpowerup.com/cpu-specs/pentium-su2700.c1093,https://www.cpubenchmark.net/cpu_lookup.php?cpu=Intel+Pentium+SU2700+%40+1.30GHz&id=598,pentiumsu2700
Intel,Xeon 6962P,Granite Rapids,72,144,2.7,3.9,Socket 7529,5,432,500,Jul 2025,2025-07-01,,,,,,https://www.techpowerup.com/cpu-specs/xeon-6962p.c4280,,xeon6962p
Intel,Xeon E5502,Gainestown,2,2,1.866,,Socket 1366,45,4,80,Mar 2009,2009-03-01,837,,4890,21.47,39.0,https://www.techpowerup.com/cpu-specs/xeon-e5502.c909,https://www.cpubenchmark.net/cpu_lookup.php?cpu=Intel+Xeon+E5502+%40+1.87GHz&id=1238,xeone5502
AMD,A6-9400,Bristol Ridge,2,2,3.4,3.7,Socket AM4,28,,65,Mar 2019,2019-03-01,,1664,,,,https://www.techpowerup.com/cpu-specs/a6-9400.c2622,https://www.cpubenchmark.net/cpu.php?cpu=AMD+A6-9400&id=3609,a69400
AMD,Athlon 1200 (C),Thunderbird C,1,1,1.2,,Socket A,180,,66,Oct 2000,2000-10-01,,,,,,https://www.techpowerup.com/cpu-specs/athlon-1200-c.c1226,,athlon1200
AMD,Athlon 64 X2 5800+,Brisbane,2,2,3.0,,Socket AM2,65,,89,Apr 2008,2008-04-01,,,,,,https://www.techpowerup.com/cpu-specs/athlon-64-x2-5800.c482,,athlon64x25800
AMD,Athlon II X2 235e,Regor,2,2,2.7,,Socket AM3,45,,45,Oct 2009,2009-10-01,,,,,,https://www.techpowerup.com/cpu-specs/athlon-ii-x2-235e.c685,,athloniix2235e
AMD,Athlon PRO 300U,Raven Ridge 2,2,4,2.4,3.3,Socket FP5,14,4,15,Apr 2019,2019-04-01,4080,1931,,,,https://www.techpowerup.com/cpu-specs/athlon-pro-300u.c2176,https://www.cpubenchmark.net/cpu.php?cpu=AMD+Athlon+PRO+300U&id=5245,athlonpro300u
AMD,Athlon X2 QL-62,Griffin,2,2,2.0,,Socket S1,65,,25,Sep 2008,2008-09-01,,,,,,https://www.techpowerup.com/cpu-specs/athlon-x2-ql-62.c638,,athlonx2ql62
AMD,Phenom II 42 TWKR Black Edition,Deneb,4,4,2.0,,Socket AM3,45,6,125,Jun 2009,2009-06-01,,,,,,https://www.techpowerup.com/cpu-specs/phenom-ii-42-twkr-black-edition.c701,,phenomii42twkrblackedition
AMD,Phenom II X3 710,Heka,3,3,2.6,,Socket AM3,45,6,95,Feb 2009,2009-02-01,,,,,,https://www.techpowerup.com/cpu-specs/phenom-ii-x3-710.c608,,phenomiix3710
AMD,Phenom II X4 975 BE,Deneb,4,4,3.6,,Socket AM3,45,6,125,Jan 2011,2011-01-01,,,,,,https://www.techpowerup.com/cpu-specs/phenom-ii-x4-975-be.c700,,phenomiix4975be
AMD,Turion 64 ML-44,Lancaster,1,1,2.4,,Socket 754,90,,35,Jan 2006,2006-01-01,,,,,,https://www.techpowerup.com/cpu-specs/turion-64-ml-44.c1164,,turion64ml44
Intel,Atom x6211E,Elkhart Lake,2,2,1.3,3.0,BGA 1493,10,,6,Jan 2021,2021-01-01,1695,,4050,48.43,35.0,https://www.techpowerup.com/cpu-specs/atom-x6211e.c4284,https://www.cpubenchmark.net/cpu_lookup.php?cpu=Intel+Atom+x6211E+%40+1.20GHz&id=4347,atomx6211e
Intel,Core 2 Quad Q8400S,Yorkfield,4,4,2.666,,Socket 775,45,,65,Apr 2009,2009-04-01,,,,,,https://www.techpowerup.com/cpu-specs/core-2-quad-q8400s.c656,,core2quadq8400s
Intel,Core i7-13700E,Raptor Lake-S,16,24,1.9,5.1,Socket 1700,10,30,65,Jan 2023,2023-01-01,32759,,497,84.0,390.0,https://www.techpowerup.com/cpu-specs/core-i7-13700e.c3081,https://www.cpubenchmark.net/cpu_lookup.php?cpu=Intel+Core+i7-13700E&id=5871,corei713700e
Intel,Core i9-14901TE,Raptor Lake-R,8,16,2.3,5.5,Socket 1700,10,36,45,Jul 2024,2024-07-01,,,,,,https://www.techpowerup.com/cpu-specs/core-i9-14901te.c3740,,corei914901te
Intel,Mobile Pentium 4 HT 552,Prescott,1,2,3.467,,Socket 478,90,,88,Jan 2005,2005-01-01,,,,,,https://www.techpowerup.com/cpu-specs/mobile-pentium-4-ht-552.c1257,,mobilepentium4ht552
Intel,Xeon 6746E,Sierra Forest,112,112,2.0,2.7,Socket 4710,5,96,250,Jun 2024,2024-06-01,,,,,,https://www.techpowerup.com/cpu-specs/xeon-6746e.c3661,,xeon6746e
Intel,Xeon E3-1240L v5,Skylake-DT,4,8,2.1,3.2,Socket 1151,14,8,25,Oct 2015,2015-10-01,6547,,2205,23.55,278.0,https://www.techpowerup.com/cpu-specs/xeon-e3-1240l-v5.c3233,https://www.cpubenchmark.net/cpu_lookup.php?cpu=Intel+Xeon+E3-1240L+v5+%40+2.10GHz&id=3087,xeone31240lv5
Intel,Xeon E3-1575M v5,Skylake-H,4,8,3.0,3.9,BGA 1440,14,8,45,Jan 2016,2016-01-01,7773,,1980,6.44,1207.0,https://www.techpowerup.com/cpu-specs/xeon-e3-1575m-v5.c3248,https://www.cpubenchmark.net/cpu_lookup.php?cpu=Intel+Xeon+E3-1575M+v5+%40+3.00GHz&id=2801,xeone31575mv5
Intel,Xeon E5-2470,Sandy Bridge-EN,8,16,2.3,3.1,Socket 1356,32,20,95,May 2012,2012-05-01,8325,,1899,66.25,125.66,https://www.techpowerup.com/cpu-specs/xeon-e5-2470.c1699,https://www.cpubenchmark.net/cpu_lookup.php?cpu=Intel+Xeon+E5-2470+%40+2.30GHz&id=2003,xeone52470
Intel,Xeon Gold 6438N,Sapphire Rapids,32,64,2.0,3.6,Socket 4677,10,60,205,Jan 2023,2023-01-01,52789,,246,15.75,3351.0,https://www.techpowerup.com/cpu-specs/xeon-gold-6438n.c3145,https://www.cpubenchmark.net/cpu_lookup.php?cpu=Intel+Xeon+Gold+6438N&id=5666,xeongold6438n
Intel,Xeon W-2170B,Skylake-W,14,28,2.5,4.3,Socket 2066,14,19,140,Dec 2017,2017-12-01,24345,,802,,,https://www.techpowerup.com/cpu-specs/xeon-w-2170b.c2952,https://www.cpubenchmark.net/cpu_lookup.php?cpu=Intel+Xeon+W-2170B+%40+2.50GHz&id=3324,xeonw2170b
Intel,Xeon w3-2525,Sapphire Rapids,8,16,3.5,4.5,Socket 4677,10,22,175,Aug 2024,2024-08-01,28373,,629,46.59,609.0,https://www.techpowerup.com/cpu-specs/xeon-w3-2525.c3814,https://www.cpubenchmark.net/cpu_lookup.php?cpu=Intel+Xeon+w3-2525&id=6679,xeonw32525
AMD,Athlon 64 1500+,Venice,1,1,1.0,,Socket 754,90,,9,Nov 2005,2005-11-01,,,,,,https://www.techpowerup.com/cpu-specs/athlon-64-1500.c543,,athlon641500
AMD,Athlon 64 2000+,Lima,1,1,1.0,,Socket AM2,65,,8,Jun 2008,2008-06-01,,,,,,https://www.techpowerup.com/cpu-specs/athlon-64-2000.c579,,athlon642000
AMD,Athlon 64 4000+,Newark,1,1,2.6,,Socket 754,130,,62,Aug 2005,2005-08-01,,,,,,https://www.techpowerup.com/cpu-specs/athlon-64-4000.c133,,athlon644000
AMD,Athlon II X2 250u,Regor,2,2,1.6,,Socket AM3,45,,25,Oct 2009,2009-10-01,,,,,,https://www.techpowerup.com/cpu-specs/athlon-ii-x2-250u.c682,,athloniix2250u
AMD,EPYC Embedded 9454,Genoa,48,96,2.75,3.8,Socket SP5,5,256,290,Mar 2023,2023-03-01,,,,,,https://www.techpowerup.com/cpu-specs/epyc-embedded-9454.c3191,,epycembedded9454
AMD,Opteron 6320,Abu Dhabi,8,8,2.8,3.3,Socket G34,32,8,115,Nov 2012,2012-11-01,,,,,,https://www.techpowerup.com/cpu-specs/opteron-6320.c3730,,opteron6320
AMD,Phenom II X2 545,Callisto,2,2,3.0,,Socket AM3,45,6,80,Jun 2009,2009-06-01,,,,,,https://www.techpowerup.com/cpu-specs/phenom-ii-x2-545.c603,,phenomiix2545
AMD,Ryzen 3 5305GE,Cezanne,4,8,3.6,4.2,Socket AM4,7,8,35,Feb 2025,2025-02-01,,,,,,https://www.techpowerup.com/cpu-specs/ryzen-3-5305ge.c4033,,ryzen35305ge
AMD,Turion X2 Ultra ZM-88,Griffin,2,2,2.5,,Socket S1,65,,35,Dec 2008,2008-12-01,,,,,,https://www.techpowerup.com/cpu-specs/turion-x2-ultra-zm-88.c636,,turionx2ultrazm88
Intel,Celeron B710,Sandy Bridge,1,1,1.6,,Socket G2 (988B),32,1,35,Jun 2011,2011-06-01,106,101,6000,,,https://www.techpowerup.com/cpu-specs/celeron-b710.c1322,https://www.cpubenchmark.net/cpu_lookup.php?cpu=Intel+Celeron+B710+%40+1.60GHz&id=2574,celeronb710
Intel,Celeron N2805,Bay Trail-M,2,2,1.463,,BGA 1170,22,,4,Sep 2013,2013-09-01,335,394,5561,,,https://www.techpowerup.com/cpu-specs/celeron-n2805.c1883,https://www.cpubenchmark.net/cpu_lookup.php?cpu=Intel+Celeron+N2805+%40+1.46GHz&id=2099,celeronn2805
Intel,Core i3-10325,Comet Lake-R,4,8,3.9,4.7,Socket 1200,14,8,65,Mar 2021,2021-03-01,10099,,1718,53.12,190.1,https://www.techpowerup.com/cpu-specs/core-i3-10325.c2410,https://www.cpubenchmark.net/cpu_lookup.php?cpu=Intel+Core+i3-10325+%40+3.90GHz&id=4685,corei310325
Intel,Core i3-2105,Sandy Bridge,2,4,3.1,,Socket 1155,32,3,65,May 2011,2011-05-01,1808,,3971,16.0,112.97,https://www.techpowerup.com/cpu-specs/core-i3-2105.c737,https://www.cpubenchmark.net/cpu_lookup.php?cpu=Intel+Core+i3-2105+%40+3.10GHz&id=751,corei32105
Intel,Core i5-8650,Coffee Lake,6,6,3.1,4.5,Socket 1151,14,9,65,Sep 2018,2018-09-01,,,,,,https://www.techpowerup.com/cpu-specs/core-i5-8650.c2082,,corei58650
Intel,Xeon E3-1270L v4,Broadwell-DT,4,8,3.0,3.6,Socket 1150,14,6,45,Jun 2015,2015-06-01,7662,,1998,,,https://www.techpowerup.com/cpu-specs/xeon-e3-1270l-v4.c2684,https://www.cpubenchmark.net/cpu_lookup.php?cpu=Intel+Xeon+E3-1270L+v4+%40+3.00GHz&id=3396,xeone31270lv4
Intel,Xeon E5-2658,Sandy Bridge-EP,8,16,2.1,2.4,Socket 2011,32,20,95,Mar 2012,2012-03-01,6232,,2280,47.95,129.95,https://www.techpowerup.com/cpu-specs/xeon-e5-2658.c975,https://www.cpubenchmark.net/cpu_lookup.php?cpu=Intel+Xeon+E5-2658+%40+2.10GHz&id=1487,xeone52658
AMD,A4-4355M,Trinity,2,2,1.9,2.4,Socket FP2,32,,17,Sep 2012,2012-09-01,,,,,,https://www.techpowerup.com/cpu-specs/a4-4355m.c1162,,a44355m
AMD,Athlon 700,Thunderbird,1,1,0.7,,Socket A,180,,40,Jun 2000,2000-06-01,,,,,,https://www.techpowerup.com/cpu-specs/athlon-700.c1238,,athlon700
AMD,Athlon XP 2000+,Thoroughbred,1,1,1.667,,Socket A,130,,60,Jun 2002,2002-06-01,,,,,,https://www.techpowerup.com/cpu-specs/athlon-xp-2000.c107,,athlonxp2000
AMD,EPYC Embedded 3201,Zen,8,8,1.5,3.1,BGA SP4r2,14,16,30,Feb 2018,2018-02-01,,,,,,https://www.techpowerup.com/cpu-specs/epyc-embedded-3201.c3201,,epycembedded3201
AMD,Opteron X2 185,Denmark,2,2,2.6,,Socket 939,90,,110,Mar 2006,2006-03-01,,,,,,https://www.techpowerup.com/cpu-specs/opteron-x2-185.c461,,opteronx2185
AMD,Ryzen 5 PRO 4655GE,Renoir,6,12,3.3,4.2,Socket AM4,7,8,35,Nov 2022,2022-11-01,14013,,,,,https://www.techpowerup.com/cpu-specs/ryzen-5-pro-4655ge.c3325,https://www.cpubenchmark.net/cpu.php?cpu=AMD+Ryzen+5+PRO+4655GE&id=5642,ryzen5pro4655ge
AMD,Ryzen Embedded V1202B,Zen,2,4,2.3,3.2,Socket FP5,14,2,15,Feb 2018,2018-02-01,3617,1650,,,,https://www.techpowerup.com/cpu-specs/ryzen-embedded-v1202b.c2066,https://www.cpubenchmark.net/cpu.php?cpu=AMD+Ryzen+Embedded+V1202B&id=3339,ryzenembeddedv1202b
Intel,Atom Z2580,Clovertrail,2,2,2.0,,BGA 617,32,,3,Feb 2013,2013-02-01,,,,,,https://www.techpowerup.com/cpu-specs/atom-z2580.c1551,,atomz2580
Intel,Celeron 2.70,Northwood,1,1,2.7,,Socket 478,130,,73,Sep 2003,2003-09-01,,,,,,https://www.techpowerup.com/cpu-specs/celeron-2-70.c308,,celeron270
Intel,Core i3-1125G4 (IPU),Tiger Lake-U,4,8,2.0,3.7,BGA 1449,10,8,15,Mar 2021,2021-03-01,,,,,,https://www.techpowerup.com/cpu-specs/core-i3-1125g4-ipu.c4219,,corei31125g4ipu
Intel,Core i7-11850HE,Tiger Lake-H,8,16,2.1,4.7,BGA 1787,10,24,35,Aug 2021,2021-08-01,20473,,995,46.53,440.0,https://www.techpowerup.com/cpu-specs/core-i7-11850he.c4247,https://www.cpubenchmark.net/cpu_lookup.php?cpu=Intel+Core+i7-11850HE+%40+2.60GHz&id=5056,corei711850he
Intel,Core i7-2920XM,Sandy Bridge,4,8,2.5,3.5,Socket G2 (988B),32,8,55,Jan 2011,2011-01-01,4083,1460,2785,34.03,120.0,https://www.techpowerup.com/cpu-specs/core-i7-2920xm.c997,https://www.cpubenchmark.net/cpu_lookup.php?cpu=Intel+Core+i7-2920XM+%40+2.50GHz&id=887,corei72920xm
Intel,Pentium 4 519K,Prescott,1,1,3.06,,Socket 775,90,,84,Jan 2005,2005-01-01,,,,,,https://www.techpowerup.com/cpu-specs/pentium-4-519k.c453,,pentium4519k
Intel,Pentium 4 HT 560,Prescott,1,2,3.6,,Socket 775,90,,115,Jun 2004,2004-06-01,,,,,,https://www.techpowerup.com/cpu-specs/pentium-4-ht-560.c1,,pentium4ht560
Intel,Pentium 8505 (IPU),Alder Lake-U,5,6,1.2,4.4,BGA 1744,10,8,15,Feb 2022,2022-02-01,,,,,,https://www.techpowerup.com/cpu-specs/pentium-8505-ipu.c2700,,pentium8505ipu
Intel,Pentium G3440,Haswell,2,2,3.3,,Socket 1150,22,3,54,May 2014,2014-05-01,2221,,3676,43.08,51.55,https://www.techpowerup.com/cpu-specs/pentium-g3440.c1790,https://www.cpubenchmark.net/cpu_lookup.php?cpu=Intel+Pentium+G3440+%40+3.30GHz&id=2286,pentiumg3440
Intel,Pentium M 735,Dothan,1,1,1.7,,Socket 479,90,,21,May 2004,2004-05-01,,,,,,https://www.techpowerup.com/cpu-specs/pentium-m-735.c155,,pentiumm735
Intel,Pentium M 745,Dothan,1,1,1.8,,Socket 479,90,,21,May 2004,2004-05-01,,,,,,https://www.techpowerup.com/cpu-specs/pentium-m-745.c154,,pentiumm745
Intel,Xeon E3-1235L v5,Skylake-DT,4,4,2.0,3.0,Socket 1151,14,8,25,Oct 2015,2015-10-01,5013,,2571,,,https://www.techpowerup.com/cpu-specs/xeon-e3-1235l-v5.c3235,https://www.cpubenchmark.net/cpu_lookup.php?cpu=Intel+Xeon+E3-1235L+v5+%40+2.00GHz&id=2985,xeone31235lv5
Intel,Xeon E5-2430 v2,Ivy Bridge-EN,6,12,2.5,,Socket 1356,22,15,80,Sep 2013,2013-09-01,6807,,2150,5.52,1233.0,https://www.techpowerup.com/cpu-specs/xeon-e5-2430-v2.c1678,https://www.cpubenchmark.net/cpu_lookup.php?cpu=Intel+Xeon+E5-2430+v2+%40+2.50GHz&id=2304,xeone52430v2
Intel,Xeon E5-2628 v3,Haswell-EP,8,16,2.5,3.0,Socket 2011-3,22,20,85,Sep 2014,2014-09-01,8447,,1888,168.97,49.99,https://www.techpowerup.com/cpu-specs/xeon-e5-2628-v3.c2864,https://www.cpubenchmark.net/cpu_lookup.php?cpu=Intel+Xeon+E5-2628+v3+%40+2.50GHz&id=4519,xeone52628v3
Intel,Xeon E5630,Westmere-EP,4,8,2.533,2.8,Socket 1366,32,12,80,Mar 2010,2010-03-01,3804,,2879,24.7,154.0,https://www.techpowerup.com/cpu-specs/xeon-e5630.c934,https://www.cpubenchmark.net/cpu_lookup.php?cpu=Intel+Xeon+E5630+%40+2.53GHz&id=1250,xeone5630
Intel,Xeon L5639,Westmere-EP,6,12,2.133,2.667,Socket 1366,32,12,60,Feb 2011,2011-02-01,4419,,2698,,,https://www.techpowerup.com/cpu-specs/xeon-l5639.c3958,https://www.cpubenchmark.net/cpu_lookup.php?cpu=Intel+Xeon+L5639+%40+2.13GHz&id=1983,xeonl5639
AMD,A6-9210 SoC,Stoney Ridge,2,2,2.4,2.8,Socket FP4,28,,15,May 2016,2016-05-01,,1060,,,,https://www.techpowerup.com/cpu-specs/a6-9210-soc.c3697,https://www.cpubenchmark.net/cpu.php?cpu=AMD+A6-9210&id=2825,a69210
AMD,Athlon II X4 605e,Propus,4,4,2.3,,Socket AM3,45,,45,Oct 2009,2009-10-01,,,,,,https://www.techpowerup.com/cpu-specs/athlon-ii-x4-605e.c779,,athloniix4605e
AMD,EPYC 9736P,Venice,128,256,2.7,3.7,Socket SP8,2,256,360,Jul 2026,2026-07-01,,,,,,https://www.techpowerup.com/cpu-specs/epyc-9736p.c4542,,epyc9736p
AMD,Opteron 3365,Delhi,8,8,2.3,3.3,Socket AM3+,32,8,65,Jun 2013,2013-06-01,4126,,,,,https://www.techpowerup.com/cpu-specs/opteron-3365.c3680,https://www.cpubenchmark.net/cpu.php?cpu=AMD+Opteron+3365&id=2426,opteron3365
AMD,Ryzen 5 PRO 8645HS,Hawk Point,6,12,4.3,5.0,Socket FP7,4,16,45,Apr 2024,2024-04-01,23569,3858,,,,https://www.techpowerup.com/cpu-specs/ryzen-5-pro-8645hs.c3573,https://www.cpubenchmark.net/cpu.php?cpu=AMD+Ryzen+5+PRO+8645HS&id=6659,ryzen5pro8645hs
AMD,Ryzen AI Embedded X168i,Strix Halo,8,16,3.6,5.0,Socket FP11,4,32,55,Jul 2026,2026-07-01,,,,,,https://www.techpowerup.com/cpu-specs/ryzen-ai-embedded-x168i.c4515,,ryzenaiembeddedx168i
AMD,Sempron LE-1300,Sparta,1,1,2.3,,Socket AM2,65,,45,Oct 2007,2007-10-01,,,,,,https://www.techpowerup.com/cpu-specs/sempron-le-1300.c568,,sempronle1300
Intel,Atom x6425RE,Elkhart Lake,4,4,1.9,,BGA 1493,10,,12,Jan 2021,2021-01-01,2817,,3310,47.74,59.0,https://www.techpowerup.com/cpu-specs/atom-x6425re.c4292,https://www.cpubenchmark.net/cpu_lookup.php?cpu=Intel+Atom+x6425RE+%40+1.90GHz&id=4763,atomx6425re
Intel,Celeron G4930T,Coffee Lake,2,2,3.0,,Socket 1151,14,2,35,Apr 2019,2019-04-01,2287,,3628,54.45,42.0,https://www.techpowerup.com/cpu-specs/celeron-g4930t.c4461,https://www.cpubenchmark.net/cpu_lookup.php?cpu=Intel+Celeron+G4930T+%40+3.00GHz&id=3788,celerong4930t
Intel,Core i3-13100TE,Raptor Lake-S,4,8,2.4,4.1,Socket 1700,10,12,35,Jan 2023,2023-01-01,12005,,1575,87.63,137.0,https://www.techpowerup.com/cpu-specs/core-i3-13100te.c3075,https://www.cpubenchmark.net/cpu_lookup.php?cpu=Intel+Core+i3-13100TE&id=6091,corei313100te
Intel,Core i5-2380P,Sandy Bridge,4,4,3.1,3.4,Socket 1155,32,6,95,Jan 2012,2012-01-01,3636,,2946,43.9,82.83,https://www.techpowerup.com/cpu-specs/core-i5-2380p.c957,https://www.cpubenchmark.net/cpu_lookup.php?cpu=Intel+Core+i5-2380P+%40+3.10GHz&id=791,corei52380p
Intel,Core i5-3320M,Ivy Bridge,2,4,2.6,3.3,Socket G2 (988B),22,3,35,Jun 2012,2012-06-01,2656,1603,3391,60.32,44.04,https://www.techpowerup.com/cpu-specs/core-i5-3320m.c1067,https://www.cpubenchmark.net/cpu_lookup.php?cpu=Intel+Core+i5-3320M+%40+2.60GHz&id=817,corei53320m
Intel,Core i5-3427U,Ivy Bridge,2,4,1.8,2.8,BGA 1023,22,3,17,Jun 2012,2012-06-01,2253,1358,3655,5.36,420.05,https://www.techpowerup.com/cpu-specs/core-i5-3427u.c1075,https://www.cpubenchmark.net/cpu_lookup.php?cpu=Intel+Core+i5-3427U+%40+1.80GHz&id=819,corei53427u
Intel,Core i5-3450S,Ivy Bridge,4,4,2.8,3.5,Socket 1155,22,6,65,Apr 2012,2012-04-01,4409,,2701,51.26,86.0,https://www.techpowerup.com/cpu-specs/core-i5-3450s.c1016,https://www.cpubenchmark.net/cpu_lookup.php?cpu=Intel+Core+i5-3450S+%40+2.80GHz&id=821,corei53450s
Intel,Core i5-560M,Arrandale,2,4,2.667,3.2,BGA 1288,32,3,35,Sep 2010,2010-09-01,1897,1226,3900,27.11,69.95,https://www.techpowerup.com/cpu-specs/core-i5-560m.c4367,https://www.cpubenchmark.net/cpu_lookup.php?cpu=Intel+Core+i5-560M+%40+2.67GHz&id=780,corei5560m
Intel,Core i7-4650U,Haswell-ULT,2,4,1.7,3.3,BGA 1168,22,4,15,Jun 2013,2013-06-01,2473,1582,3505,,,https://www.techpowerup.com/cpu-specs/core-i7-4650u.c1591,https://www.cpubenchmark.net/cpu_lookup.php?cpu=Intel+Core+i7-4650U+%40+1.70GHz&id=1955,corei74650u
Intel,Core i7-5557U,Broadwell-U,2,4,3.1,3.4,BGA 1168,14,4,28,Mar 2015,2015-03-01,3158,1929,3145,5.21,605.99,https://www.techpowerup.com/cpu-specs/core-i7-5557u.c1806,https://www.cpubenchmark.net/cpu_lookup.php?cpu=Intel+Core+i7-5557U+%40+3.10GHz&id=2502,corei75557u
Intel,Core M-5Y10c,Broadwell-Y,2,4,0.8,2.0,BGA 1234,14,4,5,Oct 2014,2014-10-01,1912,1117,3881,6.81,281.0,https://www.techpowerup.com/cpu-specs/core-m-5y10c.c1815,https://www.cpubenchmark.net/cpu_lookup.php?cpu=Intel+Core+M-5Y10c+%40+0.80GHz&id=2464,corem5y10c
Intel,Pentium III 533EB,Coppermine,1,1,0.533,,Slot 1,180,,14,Oct 1999,1999-10-01,,,,,,https://www.techpowerup.com/cpu-specs/pentium-iii-533eb.c3788,,pentiumiii533eb
Intel,Xeon E-2436,Raptor Lake-S,6,12,2.9,5.0,Socket 1700,10,18,65,Dec 2023,2023-12-01,21635,,930,67.82,319.0,https://www.techpowerup.com/cpu-specs/xeon-e-2436.c3479,https://www.cpubenchmark.net/cpu_lookup.php?cpu=Intel+Xeon+E-2436&id=5964,xeone2436
Intel,Xeon Platinum 8380H,Cooper Lake-SP,28,56,2.9,4.3,Socket 4189,14,38,250,Apr 2021,2021-04-01,,,,,,https://www.techpowerup.com/cpu-specs/xeon-platinum-8380h.c2463,,xeonplatinum8380h
AMD,A6 PRO-7400B,Kaveri,2,2,3.5,3.9,Socket FM2+,28,,65,Jul 2014,2014-07-01,,,,,,https://www.techpowerup.com/cpu-specs/a6-pro-7400b.c2625,,a6pro7400b
AMD,Athlon 64 3800+,Lima,1,1,2.4,,Socket AM2,65,,45,Feb 2007,2007-02-01,,,,,,https://www.techpowerup.com/cpu-specs/athlon-64-3800.c584,,athlon643800
AMD,Athlon X2 QL-64,Griffin,2,2,2.1,,Socket S1,65,,35,Dec 2008,2008-12-01,,,,,,https://www.techpowerup.com/cpu-specs/athlon-x2-ql-64.c639,,athlonx2ql64
AMD,EPYC 9656,Venice,96,192,3.05,3.7,Socket SP7,2,512,400,Jul 2026,2026-07-01,,,,,,https://www.techpowerup.com/cpu-specs/epyc-9656.c4537,,epyc9656
AMD,Opteron 6328,Abu Dhabi,8,8,3.2,3.8,Socket G34,32,8,115,Nov 2012,2012-11-01,5248,,,,951.3,https://www.techpowerup.com/cpu-specs/opteron-6328.c3729,https://www.cpubenchmark.net/cpu.php?cpu=AMD+Opteron+6328&id=1982,opteron6328
AMD,Phenom II X4 970 BE,Deneb,4,4,3.5,,Socket AM3,45,6,125,Sep 2010,2010-09-01,,,,,,https://www.techpowerup.com/cpu-specs/phenom-ii-x4-970-be.c699,,phenomiix4970be
AMD,Ryzen 3 PRO 4355GE,Renoir,4,8,3.5,4.0,Socket AM4,7,4,35,Nov 2022,2022-11-01,10693,,,,,https://www.techpowerup.com/cpu-specs/ryzen-3-pro-4355ge.c4028,https://www.cpubenchmark.net/cpu.php?cpu=AMD+Ryzen+3+PRO+4355GE&id=5423,ryzen3pro4355ge
AMD,Ryzen 7 2700E,Zen,8,16,2.8,4.0,Socket AM4,12,16,65,Sep 2018,2018-09-01,14657,,,,,https://www.techpowerup.com/cpu-specs/ryzen-7-2700e.c2107,https://www.cpubenchmark.net/cpu.php?cpu=AMD+Ryzen+7+2700E&id=3548,ryzen72700e
AMD,Ryzen AI 5 440GE,Gorgon Point,6,12,2.0,4.8,Socket AM5,4,8,35,Mar 2026,2026-03-01,,,,,,https://www.techpowerup.com/cpu-specs/ryzen-ai-5-440ge.c4343,,ryzenai5440ge
AMD,Sempron 2800+,Manila,1,1,1.6,,Socket AM2,90,,62,May 2006,2006-05-01,,,,,,https://www.techpowerup.com/cpu-specs/sempron-2800.c553,,sempron2800
Intel,Atom N470,Pineview,1,2,1.834,,BGA 559,45,,7,Mar 2010,2010-03-01,224,306,5776,,,https://www.techpowerup.com/cpu-specs/atom-n470.c1414,https://www.cpubenchmark.net/cpu_lookup.php?cpu=Intel+Atom+N470+%40+1.83GHz&id=620,atomn470
Intel,Celeron 4305U,Whiskey Lake-U,2,2,2.2,,BGA 1528,10,2,15,Apr 2019,2019-04-01,1615,,4108,15.09,107.0,https://www.techpowerup.com/cpu-specs/celeron-4305u.c3602,https://www.cpubenchmark.net/cpu_lookup.php?cpu=Intel+Celeron+4305U+%40+2.20GHz&id=4277,celeron4305u
Intel,Core i5-540M,Arrandale,2,4,2.533,3.073,BGA 1288,32,3,35,Jan 2010,2010-01-01,1793,1130,3984,25.61,70.0,https://www.techpowerup.com/cpu-specs/core-i5-540m.c4368,https://www.cpubenchmark.net/cpu_lookup.php?cpu=Intel+Core+i5-540M+%40+2.53GHz&id=779,corei5540m
Intel,Pentium 4 505,Prescott,1,1,2.66,,Socket 775,90,,84,Dec 2004,2004-12-01,,,,,,https://www.techpowerup.com/cpu-specs/pentium-4-505.c435,,pentium4505
Intel,Pentium III 1133,Coppermine-T,1,1,1.133,,Socket 370,180,,29,Jul 2000,2000-07-01,185,,5854,,,https://www.techpowerup.com/cpu-specs/pentium-iii-1133.c3628,https://www.cpubenchmark.net/cpu_lookup.php?cpu=Intel+Pentium+III+1133+%40+1133MHz&id=1694,pentiumiii1133
Intel,Processor U300L,Raptor Lake-PS,5,6,1.2,4.4,Socket 1700,10,8,15,Apr 2024,2024-04-01,,,,,,https://www.techpowerup.com/cpu-specs/processor-u300l.c4113,,processoru300l
Intel,Xeon E5-2450L,Sandy Bridge-EN,8,16,1.8,2.3,Socket 1356,32,20,70,May 2012,2012-05-01,6047,,2321,77.53,78.0,https://www.techpowerup.com/cpu-specs/xeon-e5-2450l.c1701,https://www.cpubenchmark.net/cpu_lookup.php?cpu=Intel+Xeon+E5-2450L+%40+1.80GHz&id=2572,xeone52450l
Intel,Xeon E5-2637,Sandy Bridge-EP,2,4,3.0,3.5,Socket 2011,32,5,80,Mar 2012,2012-03-01,2978,,3241,37.69,79.0,https://www.techpowerup.com/cpu-specs/xeon-e5-2637.c968,https://www.cpubenchmark.net/cpu_lookup.php?cpu=Intel+Xeon+E5-2637+%40+3.00GHz&id=3236,xeone52637
Intel,Xeon E7-4870,Westmere-EX,10,20,2.4,2.8,Socket 1567,32,30,130,Apr 2011,2011-04-01,,,,,,https://www.techpowerup.com/cpu-specs/xeon-e7-4870.c3944,,xeone74870
Intel,Xeon Gold 6416H,Sapphire Rapids,18,36,2.2,4.2,Socket 4677,10,45,165,Jan 2023,2023-01-01,40606,,370,28.12,1444.0,https://www.techpowerup.com/cpu-specs/xeon-gold-6416h.c3160,https://www.cpubenchmark.net/cpu_lookup.php?cpu=Intel+Xeon+Gold+6416H&id=5966,xeongold6416h
Intel,Xeon Platinum 8444H,Sapphire Rapids,16,32,2.9,4.0,Socket 4677,10,45,270,Jan 2023,2023-01-01,,,,,,https://www.techpowerup.com/cpu-specs/xeon-platinum-8444h.c3139,,xeonplatinum8444h
AMD,A8-3550MX,Llano,4,4,2.0,2.7,Socket FS1,32,,45,Dec 2011,2011-12-01,,,,,,https://www.techpowerup.com/cpu-specs/a8-3550mx.c898,,a83550mx
AMD,Athlon XP-M 2600+,Barton,1,1,2.0,,Socket A,130,,45,Mar 2003,2003-03-01,,,,,,https://www.techpowerup.com/cpu-specs/athlon-xp-m-2600.c123,,athlonxpm2600
AMD,EPYC 9536P,Venice,64,128,3.25,4.0,Socket SP8,2,256,300,Jul 2026,2026-07-01,,,,,,https://www.techpowerup.com/cpu-specs/epyc-9536p.c4548,,epyc9536p
AMD,EPYC 9754S,Bergamo,128,256,2.25,3.1,Socket SP5,5,256,360,Jun 2023,2023-06-01,,,,,,https://www.techpowerup.com/cpu-specs/epyc-9754s.c3256,,epyc9754s
AMD,Opteron 6278,Interlagos,16,16,2.4,3.3,Socket G34,32,8,115,May 2012,2012-05-01,,,,,,https://www.techpowerup.com/cpu-specs/opteron-6278.c1299,,opteron6278
AMD,Ryzen 3 PRO 5355GE,Cezanne,4,8,3.6,4.2,Socket AM4,7,8,35,Sep 2024,2024-09-01,12761,,,,,https://www.techpowerup.com/cpu-specs/ryzen-3-pro-5355ge.c4123,https://www.cpubenchmark.net/cpu.php?cpu=AMD+Ryzen+3+PRO+5355GE&id=6498,ryzen3pro5355ge
AMD,Ryzen Embedded 5600E,Vermeer,6,12,3.3,3.6,Socket AM4,7,32,65,Apr 2023,2023-04-01,,,,,,https://www.techpowerup.com/cpu-specs/ryzen-embedded-5600e.c3211,,ryzenembedded5600e
AMD,Ryzen Embedded V2A46,Renoir,6,12,3.0,3.2,Socket FP6,7,8,35,Jan 2023,2023-01-01,4999,,,,,https://www.techpowerup.com/cpu-specs/ryzen-embedded-v2a46.c3460,https://www.cpubenchmark.net/cpu.php?cpu=AMD+Ryzen+Embedded+V2A46&id=5725,ryzenembeddedv2a46
AMD,Sempron 2800+,Thorton,1,1,1.992,,Socket A,130,,62,Aug 2004,2004-08-01,,,,,,https://www.techpowerup.com/cpu-specs/sempron-2800.c1185,,sempron2800
AMD,Sempron X2 240,Trinity,2,2,2.9,3.3,Socket FM2,32,,65,2012,201201-01,,,,,,https://www.techpowerup.com/cpu-specs/sempron-x2-240.c2659,,sempronx2240
Intel,Atom x3-3205RK,Silvermont,4,4,1.2,,,28,,2,Mar 2015,2015-03-01,,,,,,https://www.techpowerup.com/cpu-specs/atom-x3-3205rk.c2803,,atomx33205rk
Intel,Celeron B810,Sandy Bridge,2,2,1.6,,Socket G2 (988B),32,2,35,Mar 2011,2011-03-01,771,751,4966,28.58,26.99,https://www.techpowerup.com/cpu-specs/celeron-b810.c1326,https://www.cpubenchmark.net/cpu_lookup.php?cpu=Intel+Celeron+B810+%40+1.60GHz&id=669,celeronb810
Intel,Celeron G6900T,Alder Lake-S,2,2,2.8,,Socket 1700,10,4,35,Jan 2022,2022-01-01,3668,,2932,87.33,42.0,https://www.techpowerup.com/cpu-specs/celeron-g6900t.c2572,https://www.cpubenchmark.net/cpu_lookup.php?cpu=Intel+Celeron+G6900T&id=4927,celerong6900t
Intel,Core i3-1110G4,Tiger Lake-U,2,4,1.8,3.9,BGA 1598,10,6,15,Sep 2020,2020-09-01,3768,,2889,13.41,281.0,https://www.techpowerup.com/cpu-specs/core-i3-1110g4.c2351,https://www.cpubenchmark.net/cpu_lookup.php?cpu=Intel+Core+i3-1110G4+%40+1.80GHz&id=4730,corei31110g4
Intel,Core i3-4150T,Haswell,2,4,2.9,,Socket 1150,22,3,35,May 2014,2014-05-01,2854,,3300,6.84,417.42,https://www.techpowerup.com/cpu-specs/core-i3-4150t.c1755,https://www.cpubenchmark.net/cpu_lookup.php?cpu=Intel+Core+i3-4150T+%40+3.00GHz&id=2296,corei34150t
Intel,Core i3-4330T,Haswell,2,4,3.0,,Socket 1150,22,4,35,Sep 2013,2013-09-01,3105,,3171,,,https://www.techpowerup.com/cpu-specs/core-i3-4330t.c1630,https://www.cpubenchmark.net/cpu_lookup.php?cpu=Intel+Core+i3-4330T+%40+3.00GHz&id=2161,corei34330t
Intel,Core i5-5575R,Broadwell,4,4,2.8,3.3,BGA 1364,14,4,65,May 2015,2015-05-01,5091,,2553,,,https://www.techpowerup.com/cpu-specs/core-i5-5575r.c2688,https://www.cpubenchmark.net/cpu_lookup.php?cpu=Intel+Core+i5-5575R+%40+2.80GHz&id=2683,corei55575r
Intel,Core i5-8365UE,Whiskey Lake-U,4,8,1.6,4.1,BGA 1528,14,6,15,Apr 2019,2019-04-01,5557,2017,2436,18.71,297.0,https://www.techpowerup.com/cpu-specs/core-i5-8365ue.c3600,https://www.cpubenchmark.net/cpu_lookup.php?cpu=Intel+Core+i5-8365UE+%40+1.60GHz&id=3594,corei58365ue
Intel,Core i7-610E,Arrandale,2,4,2.533,3.2,BGA 1288,32,4,35,Jan 2010,2010-01-01,2071,1420,3771,,,https://www.techpowerup.com/cpu-specs/core-i7-610e.c3217,https://www.cpubenchmark.net/cpu_lookup.php?cpu=Intel+Core+i7-610E+%40+2.53GHz&id=845,corei7610e
Intel,Pentium 4 1.8A,Willamette,1,1,1.8,,Socket 478,180,,69,Jul 2001,2001-07-01,,,,,,https://www.techpowerup.com/cpu-specs/pentium-4-1-8a.c292,,pentium418a
Intel,Pentium 4 HT 2.60,Northwood,1,2,2.6,,Socket 478,130,,69,May 2003,2003-05-01,,,,,,https://www.techpowerup.com/cpu-specs/pentium-4-ht-2-60.c273,,pentium4ht260
Intel,Pentium N6415,Elkhart Lake,4,4,1.2,3.0,BGA 1493,10,4,7,Jan 2021,2021-01-01,2862,,3294,35.78,80.0,https://www.techpowerup.com/cpu-specs/pentium-n6415.c4296,https://www.cpubenchmark.net/cpu_lookup.php?cpu=Intel+Pentium+N6415+%40+1.20GHz&id=4287,pentiumn6415
Intel,Xeon Bronze 3408U,Sapphire Rapids,8,8,1.8,1.9,Socket 4677,10,22,125,Jan 2023,2023-01-01,9969,,1730,24.02,415.0,https://www.techpowerup.com/cpu-specs/xeon-bronze-3408u.c3170,https://www.cpubenchmark.net/cpu_lookup.php?cpu=Intel+Xeon+Bronze+3408U&id=6194,xeonbronze3408u
Intel,Xeon E3-1283L v4,Broadwell-DT,4,8,2.9,3.8,Socket 1150,14,6,47,Jun 2015,2015-06-01,,,,,,https://www.techpowerup.com/cpu-specs/xeon-e3-1283l-v4.c2685,,xeone31283lv4
Intel,Xeon E5507,Gainestown,4,4,2.266,,Socket 1366,45,4,80,Mar 2010,2010-03-01,1943,,3860,19.43,100.0,https://www.techpowerup.com/cpu-specs/xeon-e5507.c913,https://www.cpubenchmark.net/cpu_lookup.php?cpu=Intel+Xeon+E5507+%40+2.27GHz&id=1242,xeone5507
Intel,Xeon E7330,Tigerton,4,4,2.4,,Socket 604,65,,80,Sep 2007,2007-09-01,,,,,,https://www.techpowerup.com/cpu-specs/xeon-e7330.c4478,,xeone7330
Intel,Xeon Gold 6434,Sapphire Rapids,8,16,3.7,4.1,Socket 4677,10,22,195,Jan 2023,2023-01-01,28012,,649,11.37,2464.45,https://www.techpowerup.com/cpu-specs/xeon-gold-6434.c3165,https://www.cpubenchmark.net/cpu_lookup.php?cpu=Intel+Xeon+Gold+6434&id=5891,xeongold6434
Intel,Xeon W-1290TE,Comet Lake,10,20,1.8,4.5,Socket 1200,14,20,35,May 2020,2020-05-01,14202,,1404,25.73,552.0,https://www.techpowerup.com/cpu-specs/xeon-w-1290te.c4118,https://www.cpubenchmark.net/cpu_lookup.php?cpu=Intel+Xeon+W-1290TE+%40+1.80GHz&id=6479,xeonw1290te
AMD,A4-1350,Temash,4,4,1.0,,Socket FT3,28,,8,Oct 2013,2013-10-01,,,,,,https://www.techpowerup.com/cpu-specs/a4-1350.c1727,,a41350
AMD,Athlon 64 FX-55,Clawhammer,1,1,2.6,,Socket 939,130,,104,Oct 2004,2004-10-01,,,,,,https://www.techpowerup.com/cpu-specs/athlon-64-fx-55.c32,,athlon64fx55
AMD,Athlon 800,Thunderbird,1,1,0.8,,Socket A,180,,45,Jun 2000,2000-06-01,,,,,,https://www.techpowerup.com/cpu-specs/athlon-800.c1235,,athlon800
AMD,Athlon II X2 265,Regor,2,2,3.3,,Socket AM3,45,,65,Sep 2010,2010-09-01,,,,,,https://www.techpowerup.com/cpu-specs/athlon-ii-x2-265.c1527,,athloniix2265
AMD,Athlon II X4 620e,Propus,4,4,2.6,,Socket AM3,45,,45,May 2011,2011-05-01,,,,,,https://www.techpowerup.com/cpu-specs/athlon-ii-x4-620e.c782,,athloniix4620e
AMD,Athlon XP 1800+,Palomino,1,1,1.533,,Socket A,180,,66,Oct 2001,2001-10-01,,,,,,https://www.techpowerup.com/cpu-specs/athlon-xp-1800.c118,,athlonxp1800
AMD,Athlon XP 3100+,Thorton,1,1,2.2,,Socket A,130,,68,Dec 2003,2003-12-01,,,,,,https://www.techpowerup.com/cpu-specs/athlon-xp-3100.c1178,,athlonxp3100
AMD,Duron 700,Spitfire,1,1,0.7,,Socket A,180,,31,Jun 2000,2000-06-01,,,,,,https://www.techpowerup.com/cpu-specs/duron-700.c3972,,duron700
AMD,EPYC 7473X,Milan-X,24,48,2.8,3.7,Socket SP3,7,768,240,Mar 2022,2022-03-01,59280,,,,,https://www.techpowerup.com/cpu-specs/epyc-7473x.c2761,https://www.cpubenchmark.net/cpu.php?cpu=AMD+EPYC+7473X&id=5013,epyc7473x
AMD,K6-III+ 450ACZ,Sharptooth,1,1,0.45,,Super Socket 7,180,,12,Apr 2000,2000-04-01,,,,,,https://www.techpowerup.com/cpu-specs/k6-iii-450acz.c3584,,k6iii450acz
AMD,Phenom II X4 905e,Deneb,4,4,2.5,,Socket AM3,45,6,65,Jun 2009,2009-06-01,,,,,,https://www.techpowerup.com/cpu-specs/phenom-ii-x4-905e.c613,,phenomiix4905e
AMD,Sempron 2500+,Palermo,1,1,1.4,,Socket 754,90,,62,Jul 2005,2005-07-01,,,,,,https://www.techpowerup.com/cpu-specs/sempron-2500.c329,,sempron2500
AMD,Turion 64 ML-32,Lancaster,1,1,1.8,,Socket 754,90,,35,Mar 2005,2005-03-01,,,,,,https://www.techpowerup.com/cpu-specs/turion-64-ml-32.c140,,turion64ml32
Intel,Celeron 900A,Tualatin,1,1,0.9,,Socket 370,130,,27,Jan 2002,2002-01-01,,,,,,https://www.techpowerup.com/cpu-specs/celeron-900a.c3614,,celeron900a
Intel,Core 2 Solo ULV U2200,Merom-L,1,1,1.2,,BGA 956,65,,5,Sep 2007,2007-09-01,,,,,,https://www.techpowerup.com/cpu-specs/core-2-solo-ulv-u2200.c1094,,core2soloulvu2200
Intel,Core i3-1315UE,Raptor Lake-U,6,8,1.2,4.5,BGA 1744,10,10,15,Jan 2023,2023-01-01,9079,,1827,29.1,312.0,https://www.techpowerup.com/cpu-specs/core-i3-1315ue.c3073,https://www.cpubenchmark.net/cpu_lookup.php?cpu=Intel+Core+i3-1315UE&id=5762,corei31315ue
Intel,Core i3-2310M,Sandy Bridge,2,4,2.1,,BGA 1023,32,3,35,Feb 2011,2011-02-01,1217,930,4450,30.46,39.95,https://www.techpowerup.com/cpu-specs/core-i3-2310m.c1347,https://www.cpubenchmark.net/cpu_lookup.php?cpu=Intel+Core+i3-2310M+%40+2.10GHz&id=756,corei32310m
Intel,Core i3-9320,Coffee Lake,4,4,3.7,4.4,Socket 1151,14,8,62,Apr 2019,2019-04-01,7358,,2050,34.12,215.67,https://www.techpowerup.com/cpu-specs/core-i3-9320.c2189,https://www.cpubenchmark.net/cpu_lookup.php?cpu=Intel+Core+i3-9320+%40+3.70GHz&id=3539,corei39320
Intel,Core i5-520M,Arrandale,2,4,2.4,2.933,BGA 1288,32,3,35,Jan 2010,2010-01-01,1731,1092,4027,17.31,100.0,https://www.techpowerup.com/cpu-specs/core-i5-520m.c4365,https://www.cpubenchmark.net/cpu_lookup.php?cpu=Intel+Core+i5-520M+%40+2.40GHz&id=778,corei5520m
Intel,Core i7-3820QM,Ivy Bridge,4,8,2.7,3.7,Socket G2 (988B),22,8,45,Apr 2012,2012-04-01,5615,1854,2415,10.23,549.0,https://www.techpowerup.com/cpu-specs/core-i7-3820qm.c1010,https://www.cpubenchmark.net/cpu_lookup.php?cpu=Intel+Core+i7-3820QM+%40+2.70GHz&id=899,corei73820qm
Intel,Core i7-4750HQ,Crystalwell,4,8,2.0,3.2,BGA 1364,22,6,47,May 2013,2013-05-01,5677,1746,2398,,,https://www.techpowerup.com/cpu-specs/core-i7-4750hq.c1594,https://www.cpubenchmark.net/cpu_lookup.php?cpu=Intel+Core+i7-4750HQ+%40+2.00GHz&id=1957,corei74750hq
Intel,Core i7-9700TE,Coffee Lake,8,8,1.8,3.8,Socket 1151,14,12,35,Apr 2019,2019-04-01,9825,2122,1748,30.42,323.0,https://www.techpowerup.com/cpu-specs/core-i7-9700te.c4453,https://www.cpubenchmark.net/cpu_lookup.php?cpu=Intel+Core+i7-9700TE+%40+1.80GHz&id=3619,corei79700te
Intel,Pentium 4 1.6,Willamette,1,1,1.6,,Socket 423,180,,61,Jul 2001,2001-07-01,,,,,,https://www.techpowerup.com/cpu-specs/pentium-4-1-6.c294,,pentium416
Intel,Xeon D-1520,Broadwell,4,8,2.2,2.6,BGA 1667,14,1,45,Mar 2015,2015-03-01,4917,,2590,,,https://www.techpowerup.com/cpu-specs/xeon-d-1520.c2708,https://www.cpubenchmark.net/cpu_lookup.php?cpu=Intel+Xeon+D-1520+%40+2.20GHz&id=2662,xeond1520
Intel,Xeon E5-2440,Sandy Bridge-EN,6,12,2.4,2.9,Socket 1356,32,15,95,May 2012,2012-05-01,6091,,2310,3.12,1950.0,https://www.techpowerup.com/cpu-specs/xeon-e5-2440.c1695,https://www.cpubenchmark.net/cpu_lookup.php?cpu=Intel+Xeon+E5-2440+%40+2.40GHz&id=2194,xeone52440
Intel,Xeon Silver 4510T,Sapphire Rapids,12,24,2.0,3.7,Socket 4677,10,30,115,Dec 2023,2023-12-01,29119,,599,46.67,624.0,https://www.techpowerup.com/cpu-specs/xeon-silver-4510t.c3498,https://www.cpubenchmark.net/cpu_lookup.php?cpu=Intel+Xeon+Silver+4510T&id=5949,xeonsilver4510t
AMD,Athlon 700,Pluto,1,1,0.7,,Slot A,180,,34,Nov 1999,1999-11-01,,,,,,https://www.techpowerup.com/cpu-specs/athlon-700.c3763,,athlon700
AMD,Athlon MP 2600+,Barton,1,1,2.0,,Socket A,130,,47,May 2003,2003-05-01,,,,,,https://www.techpowerup.com/cpu-specs/athlon-mp-2600.c3262,,athlonmp2600
AMD,EPYC Embedded 9455,Turin,48,96,3.15,4.4,Socket SP5,4,256,300,Mar 2024,2024-03-01,,,,,,https://www.techpowerup.com/cpu-specs/epyc-embedded-9455.c4525,,epycembedded9455
AMD,Ryzen 5 2600H,Raven Ridge,4,8,3.2,3.6,Socket FP5,14,4,45,Sep 2018,2018-09-01,8002,2085,,,,https://www.techpowerup.com/cpu-specs/ryzen-5-2600h.c2077,https://www.cpubenchmark.net/cpu.php?cpu=AMD+Ryzen+5+2600H&id=3415,ryzen52600h
AMD,Ryzen 9 PRO 6950HS,Rembrandt,8,16,3.3,4.9,Socket FP7,6,16,35,Apr 2022,2022-04-01,22631,3373,,,,https://www.techpowerup.com/cpu-specs/ryzen-9-pro-6950hs.c2764,https://www.cpubenchmark.net/cpu.php?cpu=AMD+Ryzen+9+PRO+6950HS&id=4905,ryzen9pro6950hs
Intel,Celeron G1840T,Haswell,2,2,2.5,,Socket 1150,22,3,54,May 2014,2014-05-01,1576,,4141,,,https://www.techpowerup.com/cpu-specs/celeron-g1840t.c1794,https://www.cpubenchmark.net/cpu_lookup.php?cpu=Intel+Celeron+G1840T+%40+2.50GHz&id=2512,celerong1840t
Intel,Celeron G4920,Coffee Lake,2,2,3.2,,Socket 1151,14,6,54,Apr 2018,2018-04-01,2451,,3521,21.31,115.0,https://www.techpowerup.com/cpu-specs/celeron-g4920.c1989,https://www.cpubenchmark.net/cpu_lookup.php?cpu=Intel+Celeron+G4920+%40+3.20GHz&id=3305,celerong4920
Intel,Core 2 Solo ULV SU3500,Penryn-L,1,1,1.4,,BGA 956,45,,5,Mar 2009,2009-03-01,,,,,,https://www.techpowerup.com/cpu-specs/core-2-solo-ulv-su3500.c1092,,core2soloulvsu3500
Intel,Core 5 213PE,Bartlett Lake,8,16,2.7,5.2,Socket 1700,10,24,65,Mar 2026,2026-03-01,26630,,709,,,https://www.techpowerup.com/cpu-specs/core-5-213pe.c4386,https://www.cpubenchmark.net/cpu_lookup.php?cpu=Intel+Core+5+213PE&id=7191,core5213pe
Intel,Core 5 221E,Bartlett Lake,14,20,2.7,5.2,Socket 1700,10,24,65,Jan 2025,2025-01-01,30510,,550,131.51,232.0,https://www.techpowerup.com/cpu-specs/core-5-221e.c4396,https://www.cpubenchmark.net/cpu_lookup.php?cpu=Intel+Core+5+221E&id=6742,core5221e
Intel,Core Duo LV L2400,Yonah,2,2,1.666,,Socket 479,65,,15,Jan 2006,2006-01-01,,,,,,https://www.techpowerup.com/cpu-specs/core-duo-lv-l2400.c418,,coreduolvl2400
Intel,Core i3-13100E,Raptor Lake-S,4,8,3.3,4.4,Socket 1700,10,12,60,Jan 2023,2023-01-01,13777,,1442,100.56,137.0,https://www.techpowerup.com/cpu-specs/core-i3-13100e.c3076,https://www.cpubenchmark.net/cpu_lookup.php?cpu=Intel+Core+i3-13100E&id=5641,corei313100e
Intel,Core i3-7320,Kaby Lake,2,4,4.1,,Socket 1151,14,4,51,Jan 2017,2017-01-01,4773,,2610,80.62,59.21,https://www.techpowerup.com/cpu-specs/core-i3-7320.c1861,https://www.cpubenchmark.net/cpu_lookup.php?cpu=Intel+Core+i3-7320+%40+4.10GHz&id=2941,corei37320
Intel,Core i5-14501TE,Raptor Lake-R,6,12,2.2,5.1,Socket 1700,10,24,45,Jul 2024,2024-07-01,,,,,,https://www.techpowerup.com/cpu-specs/core-i5-14501te.c3736,,corei514501te
Intel,Core i7-1365UE,Raptor Lake-U,10,12,1.7,4.9,BGA 1744,10,12,15,Jan 2023,2023-01-01,10735,,1679,25.02,429.0,https://www.techpowerup.com/cpu-specs/core-i7-1365ue.c3071,https://www.cpubenchmark.net/cpu_lookup.php?cpu=Intel+Core+i7-1365UE&id=6392,corei71365ue
Intel,Core i7-680UM,Arrandale,2,4,1.467,2.533,BGA 1288,32,4,18,Sep 2010,2010-09-01,1281,973,4376,,,https://www.techpowerup.com/cpu-specs/core-i7-680um.c3226,https://www.cpubenchmark.net/cpu_lookup.php?cpu=Intel+Core+i7-680UM+%40+1.47GHz&id=860,corei7680um
Intel,Core i9-13905H,Raptor Lake-H,14,20,2.6,5.4,BGA 1744,10,24,45,Jan 2023,2023-01-01,29709,3736,583,42.62,697.0,https://www.techpowerup.com/cpu-specs/core-i9-13905h.c3049,https://www.cpubenchmark.net/cpu_lookup.php?cpu=Intel+Core+i9-13905H&id=5553,corei913905h
Intel,Core Solo T1350,Yonah,1,1,1.866,,Socket 479,65,,27,Jan 2006,2006-01-01,194,413,5826,,,https://www.techpowerup.com/cpu-specs/core-solo-t1350.c412,https://www.cpubenchmark.net/cpu_lookup.php?cpu=Intel+Core+Solo+T1350+%40+1.86GHz&id=579,coresolot1350
Intel,Core Ultra 7 155HL,Meteor Lake-PS,16,22,1.4,4.8,Socket 1851,7,24,45,Apr 2024,2024-04-01,,,,,,https://www.techpowerup.com/cpu-specs/core-ultra-7-155hl.c3706,,coreultra7155hl
Intel,Mobile Pentium III 450,Coppermine,1,1,0.45,,Socket 495,180,,15,Oct 1999,1999-10-01,,,,,,https://www.techpowerup.com/cpu-specs/mobile-pentium-iii-450.c3627,,mobilepentiumiii450
Intel,Pentium 4 511,Prescott,1,1,2.8,,Socket 775,90,,84,Jan 2005,2005-01-01,,,,,,https://www.techpowerup.com/cpu-specs/pentium-4-511.c440,,pentium4511
Intel,Pentium III  866,Coppermine T,1,1,0.866,,Socket 370,180,,38,Jun 2001,2001-06-01,,,,,,https://www.techpowerup.com/cpu-specs/pentium-iii-866.c1288,,pentiumiii866
Intel,Xeon E5-2407,Sandy Bridge-EN,4,8,2.2,,Socket 1356,32,10,80,May 2012,2012-05-01,2634,,3406,105.35,25.0,https://www.techpowerup.com/cpu-specs/xeon-e5-2407.c1691,https://www.cpubenchmark.net/cpu_lookup.php?cpu=Intel+Xeon+E5-2407+%40+2.20GHz&id=1856,xeone52407
Intel,Xeon E5-4620 v3,Haswell-EP,10,20,2.0,2.6,Socket 2011-3,22,25,105,Jun 2015,2015-06-01,10525,,1689,521.58,20.18,https://www.techpowerup.com/cpu-specs/xeon-e5-4620-v3.c2907,https://www.cpubenchmark.net/cpu_lookup.php?cpu=Intel+Xeon+E5-4620+v3+%40+2.00GHz&id=3640,xeone54620v3
Intel,Xeon Platinum 8460H,Sapphire Rapids,40,80,2.2,3.8,Socket 4677,10,105,330,Jan 2023,2023-01-01,,,,,,https://www.techpowerup.com/cpu-specs/xeon-platinum-8460h.c3134,,xeonplatinum8460h
Intel,Xeon W-2175,Skylake-W,14,28,2.5,4.3,Socket 2066,14,19,140,Oct 2017,2017-10-01,23447,,841,54.28,432.0,https://www.techpowerup.com/cpu-specs/xeon-w-2175.c2944,https://www.cpubenchmark.net/cpu_lookup.php?cpu=Intel+Xeon+W-2175+%40+2.50GHz&id=3409,xeonw2175
Intel,Xeon w7-2475X,Sapphire Rapids,20,40,2.6,4.8,Socket 4677,10,37,225,Feb 2023,2023-02-01,52797,,244,27.69,1906.93,https://www.techpowerup.com/cpu-specs/xeon-w7-2475x.c3114,https://www.cpubenchmark.net/cpu_lookup.php?cpu=Intel+Xeon+w7-2475X&id=5577,xeonw72475x
Intel,Xeon w7-3555,Sapphire Rapids,28,56,2.7,4.8,Socket 4677,10,75,325,Aug 2024,2024-08-01,67754,,135,28.97,2339.0,https://www.techpowerup.com/cpu-specs/xeon-w7-3555.c3804,https://www.cpubenchmark.net/cpu_lookup.php?cpu=Intel+Xeon+w7-3555&id=7044,xeonw73555
Intel,Xeon X7350,Tigerton,4,4,2.933,,Socket 604,65,,130,Sep 2007,2007-09-01,,,,,,https://www.techpowerup.com/cpu-specs/xeon-x7350.c4162,,xeonx7350
AMD,Athlon 550,Pluto,1,1,0.55,,Slot A,180,,28,Nov 1999,1999-11-01,,,,,,https://www.techpowerup.com/cpu-specs/athlon-550.c3760,,athlon550
AMD,Athlon II X2 260u,Regor,2,2,1.8,,Socket AM3,45,,25,Oct 2009,2009-10-01,,,,,,https://www.techpowerup.com/cpu-specs/athlon-ii-x2-260u.c683,,athloniix2260u
AMD,EPYC Embedded 3101,Zen,4,4,2.1,2.9,BGA SP4r2,14,8,35,Feb 2018,2018-02-01,,,,,,https://www.techpowerup.com/cpu-specs/epyc-embedded-3101.c3199,,epycembedded3101
AMD,Phenom X3 8600,Toliman,3,3,2.3,,Socket AM2+,65,2,95,Mar 2008,2008-03-01,,,,,,https://www.techpowerup.com/cpu-specs/phenom-x3-8600.c510,,phenomx38600
AMD,Ryzen Embedded 8640U,Hawk Point,6,12,3.5,4.9,Socket FP8,4,16,28,Apr 2024,2024-04-01,,,,,,https://www.techpowerup.com/cpu-specs/ryzen-embedded-8640u.c3581,,ryzenembedded8640u
AMD,Sempron LE-1100,Sparta,1,1,1.9,,Socket AM2,65,,45,Aug 2007,2007-08-01,,,,,,https://www.techpowerup.com/cpu-specs/sempron-le-1100.c564,,sempronle1100
Intel,Atom N475,Pineview,1,2,1.834,,BGA 559,45,,7,Jun 2010,2010-06-01,179,281,5873,,,https://www.techpowerup.com/cpu-specs/atom-n475.c1415,https://www.cpubenchmark.net/cpu_lookup.php?cpu=Intel+Atom+N475+%40+1.83GHz&id=621,atomn475
Intel,Celeron 1100A,Tualatin,1,1,1.1,,Socket 370,130,,30,Oct 2001,2001-10-01,,,,,,https://www.techpowerup.com/cpu-specs/celeron-1100a.c3616,,celeron1100a
Intel,Core i3-1115G4E,Tiger Lake-U,2,4,2.2,3.9,BGA 1449,10,6,15,Sep 2020,2020-09-01,5287,,2506,18.55,285.0,https://www.techpowerup.com/cpu-specs/core-i3-1115g4e.c4221,https://www.cpubenchmark.net/cpu_lookup.php?cpu=Intel+Core+i3-1115G4E+%40+3.00GHz&id=4739,corei31115g4e
Intel,Core i3-2125,Sandy Bridge,2,4,3.3,,Socket 1155,32,3,65,Sep 2011,2011-09-01,1994,,3828,12.86,154.99,https://www.techpowerup.com/cpu-specs/core-i3-2125.c798,https://www.cpubenchmark.net/cpu_lookup.php?cpu=Intel+Core+i3-2125+%40+3.30GHz&id=754,corei32125
Intel,Core i5-12500E,Alder Lake-S,6,12,2.9,4.5,Socket 1700,10,18,65,Jan 2022,2022-01-01,19603,,1056,87.12,225.0,https://www.techpowerup.com/cpu-specs/core-i5-12500e.c2553,https://www.cpubenchmark.net/cpu_lookup.php?cpu=Intel+Core+i5-12500E&id=5224,corei512500e
Intel,Core i5-2450M,Sandy Bridge,2,4,2.5,,BGA 1023,32,3,35,Jan 2012,2012-01-01,2089,1286,3760,28.22,74.02,https://www.techpowerup.com/cpu-specs/core-i5-2450m.c1310,https://www.cpubenchmark.net/cpu_lookup.php?cpu=Intel+Core+i5-2450M+%40+2.50GHz&id=800,corei52450m
Intel,Core i5-8269U,Kaby Lake-R,4,8,2.6,4.2,BGA 1356,14,6,28,Apr 2018,2018-04-01,7111,2377,2097,22.22,320.0,https://www.techpowerup.com/cpu-specs/core-i5-8269u.c2025,https://www.cpubenchmark.net/cpu_lookup.php?cpu=Intel+Core+i5-8269U+%40+2.60GHz&id=4262,corei58269u
Intel,Core i7-4770TE,Haswell,4,8,2.3,3.3,Socket 1150,22,8,45,Jun 2013,2013-06-01,5021,,2569,,,https://www.techpowerup.com/cpu-specs/core-i7-4770te.c1611,https://www.cpubenchmark.net/cpu_lookup.php?cpu=Intel+Core+i7-4770TE+%40+2.30GHz&id=2561,corei74770te
Intel,Core i9-10900E,Comet Lake,10,20,2.8,4.7,Socket 1200,14,20,65,Apr 2020,2020-04-01,18744,,1103,42.22,444.0,https://www.techpowerup.com/cpu-specs/core-i9-10900e.c3741,https://www.cpubenchmark.net/cpu_lookup.php?cpu=Intel+Core+i9-10900E+%40+2.80GHz&id=4621,corei910900e
Intel,Core i9-11900T,Rocket Lake,8,16,1.5,4.9,Socket 1200,14,16,35,Mar 2021,2021-03-01,18349,,1131,41.8,439.0,https://www.techpowerup.com/cpu-specs/core-i9-11900t.c2395,https://www.cpubenchmark.net/cpu_lookup.php?cpu=Intel+Core+i9-11900T+%40+1.50GHz&id=4360,corei911900t
Intel,Pentium 4 HT 541,Prescott,1,2,3.2,,Socket 775,90,,84,Jun 2005,2005-06-01,,,,,,https://www.techpowerup.com/cpu-specs/pentium-4-ht-541.c303,,pentium4ht541
Intel,Xeon E5-1681 v3,Haswell-EP,10,20,2.9,3.5,Socket 2011-3,22,25,135,Sep 2014,2014-09-01,14820,,1361,,,https://www.techpowerup.com/cpu-specs/xeon-e5-1681-v3.c2665,https://www.cpubenchmark.net/cpu_lookup.php?cpu=Intel+Xeon+E5-1681+v3+%40+2.90GHz&id=2755,xeone51681v3
Intel,Xeon Platinum 8351N,Ice Lake-SP,36,72,2.4,3.5,Socket 4189,10,54,225,Apr 2021,2021-04-01,49763,,274,15.36,3239.0,https://www.techpowerup.com/cpu-specs/xeon-platinum-8351n.c2429,https://www.cpubenchmark.net/cpu_lookup.php?cpu=Intel+Xeon+Platinum+8351N+%40+2.40GHz&id=4995,xeonplatinum8351n
AMD,Athlon 64 3400+,Clawhammer,1,1,2.4,,Socket 754,130,,89,Jan 2001,2001-01-01,,,,,,https://www.techpowerup.com/cpu-specs/athlon-64-3400.c541,,athlon643400
AMD,Athlon XP 2700+,Thoroughbred,1,1,2.167,,Socket A,130,,68,Oct 2002,2002-10-01,,,,,,https://www.techpowerup.com/cpu-specs/athlon-xp-2700.c99,,athlonxp2700
AMD,FX PRO-8800P,Carrizo,4,4,2.1,3.4,Socket FP4,28,,15,Jun 2015,2015-06-01,,,,,,https://www.techpowerup.com/cpu-specs/fx-pro-8800p.c3668,,fxpro8800p
AMD,Opteron 6348,Abu Dhabi,12,12,2.8,3.4,Socket G34,32,8,115,Nov 2012,2012-11-01,7850,,,,1100.11,https://www.techpowerup.com/cpu-specs/opteron-6348.c1455,https://www.cpubenchmark.net/cpu.php?cpu=AMD+Opteron+6348&id=1903,opteron6348
AMD,Opteron 6378,Abu Dhabi,16,16,2.4,3.3,Socket G34,32,8,115,Nov 2012,2012-11-01,5889,,,,389.0,https://www.techpowerup.com/cpu-specs/opteron-6378.c1294,https://www.cpubenchmark.net/cpu.php?cpu=AMD+Opteron+6378&id=2482,opteron6378
AMD,Phenom X3 8400,Toliman,3,3,2.1,,Socket AM2+,65,2,95,Mar 2008,2008-03-01,,,,,,https://www.techpowerup.com/cpu-specs/phenom-x3-8400.c507,,phenomx38400
AMD,Ryzen 7 5825C,Cezanne-U,8,16,2.0,4.5,Socket FP6,7,16,15,May 2022,2022-05-01,14561,,,,,https://www.techpowerup.com/cpu-specs/ryzen-7-5825c.c2782,https://www.cpubenchmark.net/cpu.php?cpu=AMD+Ryzen+7+5825C&id=6527,ryzen75825c
AMD,Ryzen AI 5 435GE,Gorgon Point,6,12,2.0,4.5,Socket AM5,4,4,35,Mar 2026,2026-03-01,,,,,,https://www.techpowerup.com/cpu-specs/ryzen-ai-5-435ge.c4435,,ryzenai5435ge
AMD,Sempron 3300+,Barton,1,1,2.2,,Socket A,130,,62,Jan 2001,2001-01-01,,,,,,https://www.techpowerup.com/cpu-specs/sempron-3300.c343,,sempron3300
Intel,Celeron 2950M,Haswell,2,2,2.0,,Socket G3,22,2,37,Sep 2013,2013-09-01,1248,1138,4425,,,https://www.techpowerup.com/cpu-specs/celeron-2950m.c1733,https://www.cpubenchmark.net/cpu_lookup.php?cpu=Intel+Celeron+2950M+%40+2.00GHz&id=2203,celeron2950m
Intel,Celeron G6900E,Alder Lake-S,2,2,3.0,,Socket 1700,10,4,46,Jan 2022,2022-01-01,4273,,2734,80.61,53.0,https://www.techpowerup.com/cpu-specs/celeron-g6900e.c2571,https://www.cpubenchmark.net/cpu_lookup.php?cpu=Intel+Celeron+G6900E&id=6462,celerong6900e
Intel,Core 3 201TE,Bartlett Lake,4,8,2.9,4.6,Socket 1700,10,12,45,Jan 2025,2025-01-01,,,,,,https://www.techpowerup.com/cpu-specs/core-3-201te.c4384,,core3201te
Intel,Core i3-2367M,Sandy Bridge,2,4,1.4,,BGA 1023,32,3,17,Oct 2011,2011-10-01,839,609,4887,,,https://www.techpowerup.com/cpu-specs/core-i3-2367m.c1392,https://www.cpubenchmark.net/cpu_lookup.php?cpu=Intel+Core+i3-2367M+%40+1.40GHz&id=760,corei32367m
Intel,Core i5-1145G7E,Tiger Lake-U,4,8,1.5,4.1,BGA 1449,10,8,28,Sep 2020,2020-09-01,8892,,1848,28.5,312.0,https://www.techpowerup.com/cpu-specs/core-i5-1145g7e.c4223,https://www.cpubenchmark.net/cpu_lookup.php?cpu=Intel+Core+i5-1145G7E+%40+2.60GHz&id=4396,corei51145g7e
Intel,Core i5-13500TE,Raptor Lake-S,14,20,1.3,4.5,Socket 1700,10,24,35,Jan 2023,2023-01-01,20448,,997,87.01,235.0,https://www.techpowerup.com/cpu-specs/core-i5-13500te.c3077,https://www.cpubenchmark.net/cpu_lookup.php?cpu=Intel+Core+i5-13500TE&id=5861,corei513500te
Intel,Core i5-2390T,Sandy Bridge,2,4,2.7,3.5,Socket 1155,32,3,35,Feb 2011,2011-02-01,2506,,3487,25.09,99.9,https://www.techpowerup.com/cpu-specs/core-i5-2390t.c733,https://www.cpubenchmark.net/cpu_lookup.php?cpu=Intel+Core+i5-2390T+%40+2.70GHz&id=792,corei52390t
Intel,Core i5-2500T,Sandy Bridge,4,4,2.3,3.3,Socket 1155,32,6,45,Jan 2011,2011-01-01,2929,,3262,32.55,89.99,https://www.techpowerup.com/cpu-specs/core-i5-2500t.c729,https://www.cpubenchmark.net/cpu_lookup.php?cpu=Intel+Core+i5-2500T+%40+2.30GHz&id=806,corei52500t
Intel,Core i5-3335S,Ivy Bridge,4,4,2.7,3.2,Socket 1155,22,6,65,Nov 2012,2012-11-01,3672,,2929,,,https://www.techpowerup.com/cpu-specs/core-i5-3335s.c1212,https://www.cpubenchmark.net/cpu_lookup.php?cpu=Intel+Core+i5-3335S+%40+2.70GHz&id=1811,corei53335s
Intel,Core i7-1185G7E,Tiger Lake-U,4,8,1.8,4.4,BGA 1449,10,12,15,Sep 2020,2020-09-01,9714,2579,1760,22.54,431.0,https://www.techpowerup.com/cpu-specs/core-i7-1185g7e.c4213,https://www.cpubenchmark.net/cpu_lookup.php?cpu=Intel+Core+i7-1185G7E+%40+2.80GHz&id=4298,corei71185g7e
Intel,Core Solo ULV U1400,Yonah,1,1,1.2,,Socket 479,65,,5,Apr 2006,2006-04-01,,,,,,https://www.techpowerup.com/cpu-specs/core-solo-ulv-u1400.c415,,coresoloulvu1400
Intel,Pentium 4 1.4,Willamette,1,1,1.4,,Socket 478,180,,55,Aug 2001,2001-08-01,,,,,,https://www.techpowerup.com/cpu-specs/pentium-4-1-4.c1244,,pentium414
Intel,Pentium 4 1.80,Willamette,1,1,1.8,,Socket 478,180,,67,Aug 2001,2001-08-01,,,,,,https://www.techpowerup.com/cpu-specs/pentium-4-1-80.c1273,,pentium4180
Intel,Pentium 4 HT 524,Prescott,1,2,3.06,,Socket 775,90,,84,Jun 2004,2004-06-01,,,,,,https://www.techpowerup.com/cpu-specs/pentium-4-ht-524.c457,,pentium4ht524
Intel,Pentium III Xeon 1000 2.8V,Cascades,1,1,1.0,,Slot 2,180,,30,Aug 2000,2000-08-01,,,,,,https://www.techpowerup.com/cpu-specs/pentium-iii-xeon-1000-2-8v.c2991,,pentiumiiixeon100028v
Intel,Xeon D-1746TER,Ice Lake-D,10,20,2.0,3.1,BGA 2227,10,15,67,Feb 2022,2022-02-01,15660,,1308,14.65,1069.0,https://www.techpowerup.com/cpu-specs/xeon-d-1746ter.c3872,https://www.cpubenchmark.net/cpu_lookup.php?cpu=Intel+Xeon+D-1746TER+%40+2.00GHz&id=6429,xeond1746ter
Intel,Xeon E5-2650L,Sandy Bridge-EP,8,16,1.8,2.3,Socket 2011,32,20,70,Mar 2012,2012-03-01,6055,,2318,46.6,129.95,https://www.techpowerup.com/cpu-specs/xeon-e5-2650l.c982,https://www.cpubenchmark.net/cpu_lookup.php?cpu=Intel+Xeon+E5-2650L+%40+1.80GHz&id=1776,xeone52650l
Intel,Xeon E7-8893 v3,Haswell-EX,4,8,3.2,3.5,Socket 2011-1,22,45,140,Jun 2015,2015-06-01,,,,,,https://www.techpowerup.com/cpu-specs/xeon-e7-8893-v3.c2341,,xeone78893v3
Intel,Xeon Platinum 8180M,Skylake-SP,28,56,2.5,3.8,Socket 3647,14,38,205,Jul 2017,2017-07-01,32989,,492,,,https://www.techpowerup.com/cpu-specs/xeon-platinum-8180m.c2164,https://www.cpubenchmark.net/cpu_lookup.php?cpu=Intel+Xeon+Platinum+8180M+%40+2.50GHz&id=3446,xeonplatinum8180m
Intel,Xeon X5677,Westmere-EP,4,8,3.466,3.733,Socket 1366,32,12,130,Mar 2010,2010-03-01,5064,,2561,46.04,110.0,https://www.techpowerup.com/cpu-specs/xeon-x5677.c939,https://www.cpubenchmark.net/cpu_lookup.php?cpu=Intel+Xeon+X5677+%40+3.47GHz&id=1310,xeonx5677
AMD,Athlon Gold PRO 3150GE,Picasso,4,4,3.3,3.8,Socket AM4,12,4,35,Jul 2020,2020-07-01,6834,,,,,https://www.techpowerup.com/cpu-specs/athlon-gold-pro-3150ge.c2335,https://www.cpubenchmark.net/cpu.php?cpu=AMD+Athlon+Gold+PRO+3150GE&id=3803,athlongoldpro3150ge
AMD,Athlon SFF 1200,Palomino,1,1,1.2,,Socket A,180,,35,2001,200101-01,,,,,,https://www.techpowerup.com/cpu-specs/athlon-sff-1200.c3967,,athlonsff1200
AMD,Phenom II X4 945 (125W),Deneb,4,4,3.0,,Socket AM3,45,6,125,Apr 2009,2009-04-01,,,,,,https://www.techpowerup.com/cpu-specs/phenom-ii-x4-945-125w.c618,,phenomiix4945125w
AMD,PRO A6-8550B,Godaveri,2,2,3.5,4.0,Socket FM2+,28,,65,Sep 2015,2015-09-01,,,,,,https://www.techpowerup.com/cpu-specs/pro-a6-8550b.c2627,,proa68550b
AMD,Ryzen 7 7736U,Rembrandt-R,8,16,2.7,4.7,Socket FP7,6,16,15,Jan 2023,2023-01-01,21886,3363,,,,https://www.techpowerup.com/cpu-specs/ryzen-7-7736u.c3186,https://www.cpubenchmark.net/cpu.php?cpu=AMD+Ryzen+7+7736U&id=5182,ryzen77736u
AMD,Ryzen AI 5 PRO 440G,Gorgon Point,6,12,2.0,4.8,Socket AM5,4,8,65,Mar 2026,2026-03-01,,,,,,https://www.techpowerup.com/cpu-specs/ryzen-ai-5-pro-440g.c4348,,ryzenai5pro440g
Intel,Celeron 1000A,Tualatin,1,1,1.0,,Socket 370,130,,28,Jan 2002,2002-01-01,,,,,,https://www.techpowerup.com/cpu-specs/celeron-1000a.c3615,,celeron1000a
Intel,Celeron G1850,Haswell,2,2,2.9,,Socket 1150,22,3,54,May 2014,2014-05-01,1915,,3879,32.46,59.0,https://www.techpowerup.com/cpu-specs/celeron-g1850.c1791,https://www.cpubenchmark.net/cpu_lookup.php?cpu=Intel+Celeron+G1850+%40+2.90GHz&id=2240,celerong1850
Intel,Celeron N2808,Bay Trail-M,2,2,1.58,2.25,BGA 1170,22,,4,May 2014,2014-05-01,490,578,5347,,,https://www.techpowerup.com/cpu-specs/celeron-n2808.c1887,https://www.cpubenchmark.net/cpu_lookup.php?cpu=Intel+Celeron+N2808+%40+1.58GHz&id=2505,celeronn2808
Intel,Core 7 253PTE,Bartlett Lake,10,20,1.8,5.4,Socket 1700,10,33,45,Mar 2026,2026-03-01,25031,,766,65.18,384.0,https://www.techpowerup.com/cpu-specs/core-7-253pte.c4391,https://www.cpubenchmark.net/cpu_lookup.php?cpu=Intel+Core+7+253PTE&id=7342,core7253pte
Intel,Core i5-14401E,Raptor Lake-R,6,12,2.5,4.7,Socket 1700,10,20,65,Jul 2024,2024-07-01,,,,,,https://www.techpowerup.com/cpu-specs/core-i5-14401e.c3738,,corei514401e
Intel,Core i5-4670T,Haswell,4,4,2.3,3.3,Socket 1150,22,6,45,Jun 2013,2013-06-01,4495,,2676,17.35,259.02,https://www.techpowerup.com/cpu-specs/core-i5-4670t.c1480,https://www.cpubenchmark.net/cpu_lookup.php?cpu=Intel+Core+i5-4670T+%40+2.30GHz&id=1966,corei54670t
Intel,Core i7-640LM,Arrandale,2,4,2.133,2.933,BGA 1288,32,4,25,Jan 2010,2010-01-01,1543,1060,4171,,,https://www.techpowerup.com/cpu-specs/core-i7-640lm.c3222,https://www.cpubenchmark.net/cpu_lookup.php?cpu=Intel+Core+i7-640LM+%40+2.13GHz&id=848,corei7640lm
Intel,Core i7-8559U,Coffee Lake-U,4,8,2.7,4.5,BGA 1526,14,8,28,Apr 2018,2018-04-01,8214,2464,1915,13.31,617.0,https://www.techpowerup.com/cpu-specs/core-i7-8559u.c4469,https://www.cpubenchmark.net/cpu_lookup.php?cpu=Intel+Core+i7-8559U+%40+2.70GHz&id=3302,corei78559u
Intel,Core i7-870S,Lynnfield,4,8,2.666,3.6,Socket 1156,45,8,82,Jul 2010,2010-07-01,2765,,3337,,,https://www.techpowerup.com/cpu-specs/core-i7-870s.c709,https://www.cpubenchmark.net/cpu_lookup.php?cpu=Intel+Core+i7-870S+%40+2.67GHz&id=856,corei7870s
Intel,Core i7-9750HF,Coffee Lake-HR,6,12,2.6,4.5,BGA 1440,14,12,45,Apr 2019,2019-04-01,10241,2363,1709,25.93,395.0,https://www.techpowerup.com/cpu-specs/core-i7-9750hf.c2291,https://www.cpubenchmark.net/cpu_lookup.php?cpu=Intel+Core+i7-9750HF+%40+2.60GHz&id=3653,corei79750hf
Intel,Core Ultra 5 235TA,Arrow Lake-S,14,14,2.2,5.0,Socket 1851,3,24,65,Jul 2025,2025-07-01,,,,,,https://www.techpowerup.com/cpu-specs/core-ultra-5-235ta.c4233,,coreultra5235ta
Intel,Pentium 3550M,Haswell,2,2,2.3,,Socket G3,22,2,37,Sep 2013,2013-09-01,1339,1187,4324,6.2,215.92,https://www.techpowerup.com/cpu-specs/pentium-3550m.c1720,https://www.cpubenchmark.net/cpu_lookup.php?cpu=Intel+Pentium+3550M+%40+2.30GHz&id=2175,pentium3550m
Intel,Pentium G6960,Clarkdale,2,2,2.933,,Socket 1156,32,3,73,Jan 2011,2011-01-01,1433,,4257,,,https://www.techpowerup.com/cpu-specs/pentium-g6960.c715,https://www.cpubenchmark.net/cpu_lookup.php?cpu=Intel+Pentium+G6960+%40+2.93GHz&id=1114,pentiumg6960
Intel,Pentium M 1.30,Banias,1,1,1.3,,Socket 478,130,,24,Mar 2003,2003-03-01,,,,,,https://www.techpowerup.com/cpu-specs/pentium-m-1-30.c162,,pentiumm130
Intel,Xeon 6738P,Granite Rapids,32,64,2.9,4.2,Socket 4710,5,144,270,Feb 2025,2025-02-01,,,,,,https://www.techpowerup.com/cpu-specs/xeon-6738p.c4053,,xeon6738p
Intel,Xeon 6970E+,Clearwater Forest,192,192,2.3,3.2,Socket 7529,3,480,400,May 2026,2026-05-01,,,,,,https://www.techpowerup.com/cpu-specs/xeon-6970e.c4443,,xeon6970e
Intel,Xeon E-2478,Raptor Lake-S,8,16,2.8,5.2,Socket 1700,10,24,80,Dec 2023,2023-12-01,27880,,657,50.14,556.0,https://www.techpowerup.com/cpu-specs/xeon-e-2478.c3482,https://www.cpubenchmark.net/cpu_lookup.php?cpu=Intel+Xeon+E-2478&id=6218,xeone2478
Intel,Xeon E5-2407 v2,Ivy Bridge-EN,4,4,2.4,,Socket 1356,22,10,80,Sep 2013,2013-09-01,3378,,3045,96.52,35.0,https://www.techpowerup.com/cpu-specs/xeon-e5-2407-v2.c1676,https://www.cpubenchmark.net/cpu_lookup.php?cpu=Intel+Xeon+E5-2407+v2+%40+2.40GHz&id=2354,xeone52407v2
Intel,Xeon E7-8870,Westmere-EX,10,20,2.4,2.8,Socket 1567,32,30,130,Apr 2011,2011-04-01,,,,,,https://www.techpowerup.com/cpu-specs/xeon-e7-8870.c1466,,xeone78870
Intel,Xeon Gold 5512U,Emerald Rapids,28,56,2.1,3.7,Socket 4677,10,52,185,Dec 2023,2023-12-01,59884,,185,46.39,1290.75,https://www.techpowerup.com/cpu-specs/xeon-gold-5512u.c3428,https://www.cpubenchmark.net/cpu_lookup.php?cpu=Intel+Xeon+Gold+5512U&id=5955,xeongold5512u
AMD,A6 Micro-6500T,Mullins,4,4,1.2,1.8,Socket FT3,28,,5,Apr 2014,2014-04-01,,,,,,https://www.techpowerup.com/cpu-specs/a6-micro-6500t.c4204,,a6micro6500t
AMD,A8-3530MX,Llano,4,4,1.9,2.6,Socket FS1,32,,45,Jun 2011,2011-06-01,,,,,,https://www.techpowerup.com/cpu-specs/a8-3530mx.c897,,a83530mx
AMD,Athlon 64 FX-72,Windsor,2,2,2.8,,Socket F,90,,125,Nov 2006,2006-11-01,,,,,,https://www.techpowerup.com/cpu-specs/athlon-64-fx-72.c406,,athlon64fx72
AMD,Athlon 64 X2 4000+,Windsor,2,2,2.0,,Socket AM2,90,,89,May 2006,2006-05-01,,,,,,https://www.techpowerup.com/cpu-specs/athlon-64-x2-4000.c352,,athlon64x24000
AMD,Athlon 64 X2 5000+ BE,Brisbane,2,2,2.6,,Socket AM2,65,,65,Sep 2007,2007-09-01,,,,,,https://www.techpowerup.com/cpu-specs/athlon-64-x2-5000-be.c478,,athlon64x25000be
AMD,Athlon X2 BE-2400,Brisbane,2,2,2.3,,Socket AM2,65,,45,Oct 2007,2007-10-01,,,,,,https://www.techpowerup.com/cpu-specs/athlon-x2-be-2400.c486,,athlonx2be2400
AMD,Athlon XP-M 2500+,Barton,1,1,1.867,,Socket A,130,,45,Mar 2003,2003-03-01,,,,,,https://www.techpowerup.com/cpu-specs/athlon-xp-m-2500.c124,,athlonxpm2500
AMD,EPYC Embedded 9354P,Genoa,32,64,3.25,3.8,Socket SP5,5,256,280,Mar 2023,2023-03-01,,,,,,https://www.techpowerup.com/cpu-specs/epyc-embedded-9354p.c3195,,epycembedded9354p
AMD,EPYC Embedded 9745,Turin,128,256,2.4,3.7,Socket SP5,3,256,400,Mar 2025,2025-03-01,,,,,,https://www.techpowerup.com/cpu-specs/epyc-embedded-9745.c4519,,epycembedded9745
AMD,Ryzen Threadripper 3980X,Castle Peak,48,96,3.5,4.7,Socket TRX4,7,128,280,Unreleased,,,,,,,https://www.techpowerup.com/cpu-specs/ryzen-threadripper-3980x.c2267,,ryzenthreadripper3980x
AMD,Sempron 2400+,Barton,1,1,1.667,,Socket A,130,,62,Jan 2001,2001-01-01,,,,,,https://www.techpowerup.com/cpu-specs/sempron-2400.c77,,sempron2400
Intel,Atom Z2560,Clovertrail,2,2,1.6,,BGA 617,32,,3,Feb 2013,2013-02-01,,,,,,https://www.techpowerup.com/cpu-specs/atom-z2560.c1552,,atomz2560
Intel,Atom Z560,Silverthorne,1,2,2.133,,BGA 441,45,,2,Jun 2010,2010-06-01,,,,,,https://www.techpowerup.com/cpu-specs/atom-z560.c1585,,atomz560
Intel,Celeron 2.20,Northwood,1,1,2.2,,Socket 478,130,,73,Nov 2002,2002-11-01,209,,5796,,,https://www.techpowerup.com/cpu-specs/celeron-2-20.c312,https://www.cpubenchmark.net/cpu_lookup.php?cpu=Intel+Celeron+220+%40+1.20GHz&id=646,celeron220
Intel,Core i5-9300HF,Coffee Lake-HR,4,8,2.4,4.1,BGA 1440,14,8,45,Apr 2019,2019-04-01,7163,2232,2085,28.65,250.0,https://www.techpowerup.com/cpu-specs/core-i5-9300hf.c4449,https://www.cpubenchmark.net/cpu_lookup.php?cpu=Intel+Core+i5-9300HF+%40+2.40GHz&id=3706,corei59300hf
Intel,Core i7-11375H,Tiger Lake-H,4,8,3.0,5.0,BGA 1449,10,12,28,Jan 2021,2021-01-01,11529,2870,1609,23.92,482.0,https://www.techpowerup.com/cpu-specs/core-i7-11375h.c2834,https://www.cpubenchmark.net/cpu_lookup.php?cpu=Intel+Core+i7-11375H+%40+3.30GHz&id=4157,corei711375h
Intel,Pentium II Xeon 400 1MB,Drake,1,1,0.4,,Slot 2,,,38,Jun 1998,1998-06-01,,,,,,https://www.techpowerup.com/cpu-specs/pentium-ii-xeon-400-1mb.c2963,,pentiumiixeon4001mb
Intel,Pentium III 1266S,Tualatin,1,1,1.266,,Socket 370,130,,30,Jul 2001,2001-07-01,201,,5809,,,https://www.techpowerup.com/cpu-specs/pentium-iii-1266s.c1279,https://www.cpubenchmark.net/cpu_lookup.php?cpu=Intel+Pentium+III+1266S+%40+1266MHz&id=1145,pentiumiii1266s
Intel,Xeon 5148,Woodcrest,2,2,2.333,,Socket 771,65,,40,Jun 2006,2006-06-01,747,,5004,37.33,20.0,https://www.techpowerup.com/cpu-specs/xeon-5148.c392,https://www.cpubenchmark.net/cpu_lookup.php?cpu=Intel+Xeon+5148+%40+2.33GHz&id=1185,xeon5148
Intel,Xeon 6716P-B,Granite Rapids,40,80,2.5,3.5,BGA 4368,5,160,235,Feb 2025,2025-02-01,,,,,,https://www.techpowerup.com/cpu-specs/xeon-6716p-b.c4085,,xeon6716pb
Intel,Xeon E5-2658 v3,Haswell-EP,12,24,2.2,2.9,Socket 2011-3,22,30,105,Sep 2014,2014-09-01,13487,,1464,,,https://www.techpowerup.com/cpu-specs/xeon-e5-2658-v3.c2880,https://www.cpubenchmark.net/cpu_lookup.php?cpu=Intel+Xeon+E5-2658+v3+%40+2.20GHz&id=2619,xeone52658v3
VIA,C3 Processor 1.0,Ezra-T,1,1,1.0,,Socket 370,130,,10,Jun 2002,2002-06-01,,,,,,https://www.techpowerup.com/cpu-specs/c3-processor-1-0.c3286,,c3processor10
VIA,C3 Processor 1.0A,Ezra-T,1,1,1.0,,Socket 370,130,,10,Jun 2002,2002-06-01,,,,,,https://www.techpowerup.com/cpu-specs/c3-processor-1-0a.c3283,,c3processor10a
AMD,Athlon X2 7450,Kuma,2,2,2.4,,Socket AM2+,65,2,95,Dec 2008,2008-12-01,,,,,,https://www.techpowerup.com/cpu-specs/athlon-x2-7450.c592,,athlonx27450
AMD,Athlon XP 2600+,Thoroughbred,1,1,2.133,,Socket A,130,,68,Oct 2002,2002-10-01,,,,,,https://www.techpowerup.com/cpu-specs/athlon-xp-2600.c101,,athlonxp2600
AMD,E2-3000,Kabini,2,2,1.65,,Socket FT3,28,,15,May 2013,2013-05-01,,,,,,https://www.techpowerup.com/cpu-specs/e2-3000.c1709,,e23000
AMD,FX-8140,Zambezi,8,8,3.2,4.1,Socket AM3+,32,8,95,Oct 2012,2012-10-01,,,,,,https://www.techpowerup.com/cpu-specs/fx-8140.c1203,,fx8140
AMD,Mobile Athlon 64 3400+,Clawhammer,1,1,2.2,,Socket 754,130,,62,Aug 2005,2005-08-01,,,,,,https://www.techpowerup.com/cpu-specs/mobile-athlon-64-3400.c2198,,mobileathlon643400
AMD,Phenom II X3 740 BE,Heka,3,3,3.0,,Socket AM3,45,6,95,Sep 2009,2009-09-01,,,,,,https://www.techpowerup.com/cpu-specs/phenom-ii-x3-740-be.c678,,phenomiix3740be
Intel,Core 5 120HL,Raptor Lake-PS,12,16,2.6,4.7,Socket 1700,10,18,45,Apr 2024,2024-04-01,,,,,,https://www.techpowerup.com/cpu-specs/core-5-120hl.c3715,,core5120hl
Intel,Core i7-3687U,Ivy Bridge,2,4,2.1,3.3,BGA 1023,22,4,17,Jan 2013,2013-01-01,2625,1579,3413,,,https://www.techpowerup.com/cpu-specs/core-i7-3687u.c1518,https://www.cpubenchmark.net/cpu_lookup.php?cpu=Intel+Core+i7-3687U+%40+2.10GHz&id=1840,corei73687u
Intel,Core i7-3740QM,Ivy Bridge,4,8,2.7,3.7,BGA 1224,22,6,45,Sep 2012,2012-09-01,5722,1887,2383,26.8,213.52,https://www.techpowerup.com/cpu-specs/core-i7-3740qm.c1080,https://www.cpubenchmark.net/cpu_lookup.php?cpu=Intel+Core+i7-3740QM+%40+2.70GHz&id=1481,corei73740qm
Intel,Pentium 4 519,Prescott,1,1,3.06,,Socket 775,90,,84,Dec 2004,2004-12-01,,,,,,https://www.techpowerup.com/cpu-specs/pentium-4-519.c451,,pentium4519
Intel,Pentium III 1000,Tualatin,1,1,1.0,,Socket 370,130,,27,Jun 2001,2001-06-01,,,,,,https://www.techpowerup.com/cpu-specs/pentium-iii-1000.c3620,,pentiumiii1000
Intel,Pentium III 500E,Coppermine,1,1,0.5,,Slot 1,180,,13,Oct 1999,1999-10-01,,,,,,https://www.techpowerup.com/cpu-specs/pentium-iii-500e.c3786,,pentiumiii500e
Intel,Xeon 2.4,Prestonia,1,1,2.394,,Socket 604,130,,89,Apr 2002,2002-04-01,,,,,,https://www.techpowerup.com/cpu-specs/xeon-2-4.c258,,xeon24
Intel,Xeon E7-2850,Westmere-EX,10,20,2.0,2.4,Socket 1567,32,24,130,Apr 2011,2011-04-01,,,,,,https://www.techpowerup.com/cpu-specs/xeon-e7-2850.c3949,,xeone72850
Intel,Xeon Gold 6538N,Emerald Rapids,32,64,2.1,4.1,Socket 4677,10,60,205,Dec 2023,2023-12-01,44895,,325,13.4,3351.0,https://www.techpowerup.com/cpu-specs/xeon-gold-6538n.c3431,https://www.cpubenchmark.net/cpu_lookup.php?cpu=Intel+Xeon+Gold+6538N&id=5942,xeongold6538n
Intel,Xeon Phi 31S1P,Knights Corner,57,228,1.1,,PCIe x16,22,,270,Jun 2013,2013-06-01,,,,,,https://www.techpowerup.com/cpu-specs/xeon-phi-31s1p.c2032,,xeonphi31s1p
Intel,Xeon Platinum 8256,Cascade Lake-SP,4,8,3.8,3.9,Socket 3647,14,16,105,Dec 2018,2018-12-01,,,,,,https://www.techpowerup.com/cpu-specs/xeon-platinum-8256.c2180,,xeonplatinum8256
AMD,Athlon 64 3000+,Orleans,1,1,1.8,,Socket AM2,90,,62,May 2006,2006-05-01,,,,,,https://www.techpowerup.com/cpu-specs/athlon-64-3000.c366,,athlon643000
AMD,Athlon 64 LE-1600,Windsor,1,1,2.2,,Socket AM2,90,,45,Oct 2007,2007-10-01,,,,,,https://www.techpowerup.com/cpu-specs/athlon-64-le-1600.c576,,athlon64le1600
AMD,Athlon 64 LE-1620,Windsor,1,1,2.4,,Socket AM2,90,,45,Oct 2007,2007-10-01,,,,,,https://www.techpowerup.com/cpu-specs/athlon-64-le-1620.c577,,athlon64le1620
AMD,Athlon 850,Thunderbird,1,1,0.85,,Socket A,180,,47,Jun 2000,2000-06-01,,,,,,https://www.techpowerup.com/cpu-specs/athlon-850.c1234,,athlon850
AMD,Phenom II X2 B53,Callisto,2,2,2.8,,Socket AM3,45,6,80,Oct 2009,2009-10-01,,,,,,https://www.techpowerup.com/cpu-specs/phenom-ii-x2-b53.c763,,phenomiix2b53
AMD,Phenom X4 9850 (125W),Agena,4,4,2.5,,Socket AM2+,65,2,125,Jul 2008,2008-07-01,,,,,,https://www.techpowerup.com/cpu-specs/phenom-x4-9850-125w.c502,,phenomx49850125w
AMD,Ryzen AI 5 PRO 440GE,Gorgon Point,6,12,2.0,4.8,Socket AM5,4,8,35,Mar 2026,2026-03-01,,,,,,https://www.techpowerup.com/cpu-specs/ryzen-ai-5-pro-440ge.c4349,,ryzenai5pro440ge
AMD,Ryzen Embedded 5900E,Vermeer,12,24,3.35,3.7,Socket AM4,7,64,105,Apr 2023,2023-04-01,,,,,,https://www.techpowerup.com/cpu-specs/ryzen-embedded-5900e.c3209,,ryzenembedded5900e
AMD,Ryzen Embedded V3C16,Rembrandt,6,12,2.0,3.8,Socket FP7,6,16,15,Sep 2022,2022-09-01,,,,,,https://www.techpowerup.com/cpu-specs/ryzen-embedded-v3c16.c3317,,ryzenembeddedv3c16
AMD,Sempron 3800+,Manila,1,1,2.2,,Socket AM2,90,,62,Oct 2006,2006-10-01,,,,,,https://www.techpowerup.com/cpu-specs/sempron-3800.c559,,sempron3800
AMD,Turion X2 Ultra ZM-82,Griffin,2,2,2.2,,Socket S1,65,,35,Jun 2008,2008-06-01,,,,,,https://www.techpowerup.com/cpu-specs/turion-x2-ultra-zm-82.c631,,turionx2ultrazm82
Intel,Atom E3827,Bay Trail-I,2,2,1.75,,BGA 1170,22,,8,Oct 2013,2013-10-01,480,471,5358,,,https://www.techpowerup.com/cpu-specs/atom-e3827.c1740,https://www.cpubenchmark.net/cpu_lookup.php?cpu=Intel+Atom+E3827+%40+1.74GHz&id=2716,atome3827
Intel,Celeron G3950,Kaby Lake,2,2,3.0,,Socket 1151,14,2,51,Jan 2017,2017-01-01,2336,,3599,16.34,143.0,https://www.techpowerup.com/cpu-specs/celeron-g3950.c1940,https://www.cpubenchmark.net/cpu_lookup.php?cpu=Intel+Celeron+G3950+%40+3.00GHz&id=2973,celerong3950
Intel,Core i3-7120,Kaby Lake,2,4,4.0,,Socket 1151,14,3,51,Jul 2017,2017-07-01,,,,,,https://www.techpowerup.com/cpu-specs/core-i3-7120.c1944,,corei37120
Intel,Core i5-8305G,Kaby Lake G,4,8,2.8,3.8,BGA 2270,14,6,65,Feb 2018,2018-02-01,6752,1981,2160,,,https://www.techpowerup.com/cpu-specs/core-i5-8305g.c1982,https://www.cpubenchmark.net/cpu_lookup.php?cpu=Intel+Core+i5-8305G+%40+2.80GHz&id=3291,corei58305g
Intel,Core i7-10510Y,Comet Lake-Y,4,8,1.2,4.5,BGA 1440,14,8,9,Aug 2019,2019-08-01,3733,1521,2909,9.26,403.0,https://www.techpowerup.com/cpu-specs/core-i7-10510y.c2233,https://www.cpubenchmark.net/cpu_lookup.php?cpu=Intel+Core+i7-10510Y+%40+1.20GHz&id=3819,corei710510y
Intel,Core i7-5550U,Broadwell-U,2,4,2.0,3.0,BGA 1168,14,4,15,Mar 2015,2015-03-01,2780,1625,3328,,,https://www.techpowerup.com/cpu-specs/core-i7-5550u.c1813,https://www.cpubenchmark.net/cpu_lookup.php?cpu=Intel+Core+i7-5550U+%40+2.00GHz&id=2749,corei75550u
Intel,Core i7-620UE,Arrandale,2,4,1.067,2.133,BGA 1288,32,4,18,Jan 2010,2010-01-01,,,,,,https://www.techpowerup.com/cpu-specs/core-i7-620ue.c3220,,corei7620ue
Intel,Core M-5Y10,Broadwell-Y,2,4,0.8,2.0,BGA 1234,14,4,5,Sep 2014,2014-09-01,1648,987,4090,,,https://www.techpowerup.com/cpu-specs/core-m-5y10.c1783,https://www.cpubenchmark.net/cpu_lookup.php?cpu=Intel+Core+M-5Y10+%40+0.80GHz&id=2316,corem5y10
Intel,Core Solo T1200,Yonah,1,1,1.5,,Socket 479,65,,27,Jan 2006,2006-01-01,,,,,,https://www.techpowerup.com/cpu-specs/core-solo-t1200.c411,,coresolot1200
Intel,Core Ultra 5 125HL,Meteor Lake-PS,14,18,1.2,4.5,Socket 1851,7,18,45,Apr 2024,2024-04-01,,,,,,https://www.techpowerup.com/cpu-specs/core-ultra-5-125hl.c3708,,coreultra5125hl
Intel,Mobile Pentium 4 2.40,Northwood,1,2,2.4,,Socket 478,130,,60,Jun 2003,2003-06-01,,,,,,https://www.techpowerup.com/cpu-specs/mobile-pentium-4-2-40.c1251,,mobilepentium4240
Intel,Pentium 4 1.5,Willamette,1,1,1.5,,Socket 478,180,,58,Aug 2001,2001-08-01,,,,,,https://www.techpowerup.com/cpu-specs/pentium-4-1-5.c1270,,pentium415
Intel,Pentium 4 519K,Prescott,1,1,3.06,,Socket 775,90,,84,Jan 2005,2005-01-01,,,,,,https://www.techpowerup.com/cpu-specs/pentium-4-519k.c452,,pentium4519k
Intel,Pentium 4 HT 571,Prescott,1,2,3.8,,Socket 775,90,,115,Jun 2005,2005-06-01,,,,,,https://www.techpowerup.com/cpu-specs/pentium-4-ht-571.c15,,pentium4ht571
Intel,Xeon E7-2860,Westmere-EX,10,20,2.266,2.667,Socket 1567,32,24,130,Apr 2011,2011-04-01,,,,,,https://www.techpowerup.com/cpu-specs/xeon-e7-2860.c3947,,xeone72860
Intel,Xeon Phi 7235,Knights Mill,64,256,1.3,1.4,Socket 3647,14,,250,Dec 2017,2017-12-01,,,,,,https://www.techpowerup.com/cpu-specs/xeon-phi-7235.c2049,,xeonphi7235
Intel,Xeon Platinum 8253,Cascade Lake-SP,16,32,2.2,3.0,Socket 3647,14,22,125,Dec 2018,2018-12-01,,,,,,https://www.techpowerup.com/cpu-specs/xeon-platinum-8253.c2181,,xeonplatinum8253
Intel,Xeon Platinum 8468H,Sapphire Rapids,48,96,2.1,3.8,Socket 4677,10,105,330,Jan 2023,2023-01-01,,,,,,https://www.techpowerup.com/cpu-specs/xeon-platinum-8468h.c3131,,xeonplatinum8468h
Intel,Xeon Platinum 8470Q,Sapphire Rapids,52,104,2.1,3.8,Socket 4677,10,105,350,Jan 2023,2023-01-01,,,,,,https://www.techpowerup.com/cpu-specs/xeon-platinum-8470q.c3091,,xeonplatinum8470q
AMD,A6-6420K,Richland,2,2,4.0,4.2,Socket FM2,32,,65,Jan 2014,2014-01-01,,,,,,https://www.techpowerup.com/cpu-specs/a6-6420k.c2642,,a66420k
AMD,Athlon 600,Argon,1,1,0.6,,Slot A,,,45,Jun 1999,1999-06-01,,,,,,https://www.techpowerup.com/cpu-specs/athlon-600.c3757,,athlon600
AMD,Athlon 64 2800+,NewCastle,1,1,1.8,,Socket 754,130,,89,Apr 2004,2004-04-01,,,,,,https://www.techpowerup.com/cpu-specs/athlon-64-2800.c55,,athlon642800
AMD,Athlon 64 3000+ (1.4v),Venice,1,1,2.0,,Socket 754,90,,51,Jan 2006,2006-01-01,,,,,,https://www.techpowerup.com/cpu-specs/athlon-64-3000-1-4v.c344,,athlon64300014v
AMD,Athlon 64 3500+,Orleans,1,1,2.2,,Socket AM2,90,,62,May 2006,2006-05-01,,,,,,https://www.techpowerup.com/cpu-specs/athlon-64-3500.c364,,athlon643500
AMD,Athlon 750,Thunderbird,1,1,0.75,,Socket A,180,,43,Jun 2000,2000-06-01,,,,,,https://www.techpowerup.com/cpu-specs/athlon-750.c1236,,athlon750
AMD,Athlon XP 2100+,Thoroughbred,1,1,1.733,,Socket A,130,,62,Jan 2001,2001-01-01,,,,,,https://www.techpowerup.com/cpu-specs/athlon-xp-2100.c106,,athlonxp2100
AMD,Athlon XP 2200+,Thoroughbred,1,1,1.8,,Socket A,130,,68,Jun 2002,2002-06-01,,,,,,https://www.techpowerup.com/cpu-specs/athlon-xp-2200.c105,,athlonxp2200
AMD,Athlon XP-M 3000+,Barton,1,1,2.2,,Socket A,130,,72,Mar 2003,2003-03-01,,,,,,https://www.techpowerup.com/cpu-specs/athlon-xp-m-3000.c122,,athlonxpm3000
AMD,EPYC Embedded 9015,Turin,8,16,3.6,4.1,Socket SP5,4,64,125,Mar 2025,2025-03-01,,,,,,https://www.techpowerup.com/cpu-specs/epyc-embedded-9015.c4531,,epycembedded9015
AMD,Phenom II X2 570 BE,Callisto,2,2,3.5,,Socket AM3,45,6,80,May 2010,2010-05-01,,,,,,https://www.techpowerup.com/cpu-specs/phenom-ii-x2-570-be.c762,,phenomiix2570be
AMD,Ryzen 9 6980HS,Rembrandt,8,16,3.3,5.0,Socket FP7,6,16,45,Jan 2022,2022-01-01,,,,,,https://www.techpowerup.com/cpu-specs/ryzen-9-6980hs.c2530,,ryzen96980hs
AMD,Sempron 3200+,Palermo,1,1,1.8,,Socket 939,90,,62,Oct 2005,2005-10-01,,,,,,https://www.techpowerup.com/cpu-specs/sempron-3200.c1188,,sempron3200
Intel,Celeron B840,Sandy Bridge,2,2,1.9,,Socket G2 (988B),32,2,35,Jul 2011,2011-07-01,975,886,4720,,,https://www.techpowerup.com/cpu-specs/celeron-b840.c1330,https://www.cpubenchmark.net/cpu_lookup.php?cpu=Intel+Celeron+B840+%40+1.90GHz&id=672,celeronb840
Intel,Core i3-10110Y,Comet Lake-Y,2,4,1.0,4.0,BGA 1440,14,4,9,Aug 2019,2019-08-01,3106,1875,3170,10.82,287.0,https://www.techpowerup.com/cpu-specs/core-i3-10110y.c2230,https://www.cpubenchmark.net/cpu_lookup.php?cpu=Intel+Core+i3-10110Y+%40+1.00GHz&id=3707,corei310110y
Intel,Core i3-10305,Comet Lake-R,4,8,3.8,4.5,Socket 1200,14,8,65,Mar 2021,2021-03-01,9210,,1814,39.77,231.6,https://www.techpowerup.com/cpu-specs/core-i3-10305.c2411,https://www.cpubenchmark.net/cpu_lookup.php?cpu=Intel+Core+i3-10305+%40+3.80GHz&id=4369,corei310305
Intel,Core i5-2430M,Sandy Bridge,2,4,2.4,,BGA 1023,32,3,35,Oct 2011,2011-10-01,2011,1233,3813,32.42,62.02,https://www.techpowerup.com/cpu-specs/core-i5-2430m.c1370,https://www.cpubenchmark.net/cpu_lookup.php?cpu=Intel+Core+i5-2430M+%40+2.40GHz&id=798,corei52430m
Intel,Core i5-5675R,Broadwell,4,4,3.1,3.6,BGA 1364,14,4,65,May 2015,2015-05-01,5573,,2429,,,https://www.techpowerup.com/cpu-specs/core-i5-5675r.c2686,https://www.cpubenchmark.net/cpu_lookup.php?cpu=Intel+Core+i5-5675R+%40+3.10GHz&id=2813,corei55675r
Intel,Core i7-3520M,Ivy Bridge,2,4,2.9,3.6,BGA 1023,22,4,35,Jun 2012,2012-06-01,2856,1729,3298,23.41,122.02,https://www.techpowerup.com/cpu-specs/core-i7-3520m.c1085,https://www.cpubenchmark.net/cpu_lookup.php?cpu=Intel+Core+i7-3520M+%40+2.90GHz&id=890,corei73520m
Intel,Core i7-3612QE,Ivy Bridge,4,8,2.1,3.1,BGA 1023,22,6,35,Apr 2012,2012-04-01,4668,1542,2634,,,https://www.techpowerup.com/cpu-specs/core-i7-3612qe.c1018,https://www.cpubenchmark.net/cpu_lookup.php?cpu=Intel+Core+i7-3612QE+%40+2.10GHz&id=1666,corei73612qe
Intel,Core i7-3615QE,Ivy Bridge,4,8,2.3,3.3,BGA 1023,22,6,45,Apr 2012,2012-04-01,5617,1782,2414,,,https://www.techpowerup.com/cpu-specs/core-i7-3615qe.c1017,https://www.cpubenchmark.net/cpu_lookup.php?cpu=Intel+Core+i7-3615QE+%40+2.30GHz&id=1888,corei73615qe
Intel,Core i7-4550U,Haswell-ULT,2,4,1.5,3.0,BGA 1168,22,4,15,Jun 2013,2013-06-01,2307,1317,3615,,,https://www.techpowerup.com/cpu-specs/core-i7-4550u.c1599,https://www.cpubenchmark.net/cpu_lookup.php?cpu=Intel+Core+i7-4550U+%40+1.50GHz&id=2168,corei74550u
Intel,Core i9-13900TE,Raptor Lake-S,24,32,1.0,5.0,Socket 1700,10,36,35,Jan 2023,2023-01-01,21732,,926,39.23,554.0,https://www.techpowerup.com/cpu-specs/core-i9-13900te.c3083,https://www.cpubenchmark.net/cpu_lookup.php?cpu=Intel+Core+i9-13900TE&id=5869,corei913900te
Intel,Pentium G4600T,Kaby Lake,2,4,3.0,,Socket 1151,14,3,35,Jan 2017,2017-01-01,3062,,3190,25.95,117.99,https://www.techpowerup.com/cpu-specs/pentium-g4600t.c1938,https://www.cpubenchmark.net/cpu_lookup.php?cpu=Intel+Pentium+G4600T+%40+3.00GHz&id=3003,pentiumg4600t
Intel,Xeon 3.2,Nocona,1,1,3.2,,Socket 604,90,,135,Jun 2004,2004-06-01,,,,,,https://www.techpowerup.com/cpu-specs/xeon-3-2.c249,,xeon32
Intel,Xeon E5-2630L,Sandy Bridge-EP,6,12,2.0,2.5,Socket 2011,32,15,60,Mar 2012,2012-03-01,5305,,2502,102.37,51.82,https://www.techpowerup.com/cpu-specs/xeon-e5-2630l.c973,https://www.cpubenchmark.net/cpu_lookup.php?cpu=Intel+Xeon+E5-2630L+%40+2.00GHz&id=2222,xeone52630l
Intel,Xeon E5-4620,Sandy Bridge-EP,8,16,2.2,2.6,Socket 2011,32,16,130,May 2012,2012-05-01,6752,,2161,114.88,58.77,https://www.techpowerup.com/cpu-specs/xeon-e5-4620.c1684,https://www.cpubenchmark.net/cpu_lookup.php?cpu=Intel+Xeon+E5-4620+%40+2.20GHz&id=2615,xeone54620
Intel,Xeon E7-8891 v3,Haswell-EX,10,20,2.8,3.5,Socket 2011-1,22,45,165,Jun 2015,2015-06-01,21615,,931,3.16,6841.0,https://www.techpowerup.com/cpu-specs/xeon-e7-8891-v3.c2340,https://www.cpubenchmark.net/cpu_lookup.php?cpu=Intel+Xeon+E7-8891+v3+%40+2.80GHz&id=5181,xeone78891v3
Intel,Xeon Gold 6330H,Cooper Lake-SP,24,48,2.0,3.7,Socket 4189,14,33,150,Apr 2021,2021-04-01,,,,,,https://www.techpowerup.com/cpu-specs/xeon-gold-6330h.c2469,,xeongold6330h
Intel,Xeon L5518,Gainestown,4,8,2.133,2.4,Socket 1366,45,8,60,Mar 2009,2009-03-01,,,,,,https://www.techpowerup.com/cpu-specs/xeon-l5518.c924,,xeonl5518
Intel,Xeon L7455,Dunnington,6,6,2.133,,Socket 604,45,12,65,Sep 2008,2008-09-01,2494,,3494,,,https://www.techpowerup.com/cpu-specs/xeon-l7455.c4484,https://www.cpubenchmark.net/cpu_lookup.php?cpu=Intel+Xeon+L7455+%40+2.13GHz&id=2431,xeonl7455
AMD,A8-6500T,Richland,4,4,2.1,3.1,Socket FM2,32,,45,Sep 2013,2013-09-01,,,,,,https://www.techpowerup.com/cpu-specs/a8-6500t.c2640,,a86500t
AMD,Athlon 64 2850e,Lima,1,1,1.8,,Socket AM2,65,,22,Aug 2008,2008-08-01,,,,,,https://www.techpowerup.com/cpu-specs/athlon-64-2850e.c2150,,athlon642850e
AMD,Athlon 64 X2 3800+ EE,Windsor,2,2,2.0,,Socket AM2,90,,65,May 2006,2006-05-01,,,,,,https://www.techpowerup.com/cpu-specs/athlon-64-x2-3800-ee.c360,,athlon64x23800ee
AMD,Athlon 800,Pluto,1,1,0.8,,Slot A,180,,43,Dec 1999,1999-12-01,,,,,,https://www.techpowerup.com/cpu-specs/athlon-800.c3765,,athlon800
AMD,EPYC Embedded 9354,Genoa,32,64,3.25,3.8,Socket SP5,5,256,280,Mar 2023,2023-03-01,,,,,,https://www.techpowerup.com/cpu-specs/epyc-embedded-9354.c3192,,epycembedded9354
AMD,Opteron X2170,Steppe Eagle,4,4,2.4,,Socket FT3,28,,25,Sep 2016,2016-09-01,,,,,,https://www.techpowerup.com/cpu-specs/opteron-x2170.c2005,,opteronx2170
AMD,Phenom II X4 B93,Deneb,4,4,2.8,,Socket AM3,45,6,95,Oct 2009,2009-10-01,,,,,,https://www.techpowerup.com/cpu-specs/phenom-ii-x4-b93.c753,,phenomiix4b93
AMD,Ryzen 3 PRO 4355G,Renoir,4,8,3.8,4.0,Socket AM4,7,4,65,Nov 2022,2022-11-01,,,,,,https://www.techpowerup.com/cpu-specs/ryzen-3-pro-4355g.c4027,,ryzen3pro4355g
Intel,Core 3 100UL,Raptor Lake-PS,6,8,1.2,4.5,Socket 1700,10,10,15,Apr 2024,2024-04-01,,,,,,https://www.techpowerup.com/cpu-specs/core-3-100ul.c3467,,core3100ul
Intel,Core i3-7300T,Kaby Lake,2,4,3.5,,Socket 1151,14,4,35,Jan 2017,2017-01-01,4140,,2764,32.1,128.96,https://www.techpowerup.com/cpu-specs/core-i3-7300t.c1863,https://www.cpubenchmark.net/cpu_lookup.php?cpu=Intel+Core+i3-7300T+%40+3.50GHz&id=3021,corei37300t
Intel,Core i5-1145GRE,Tiger Lake-U,4,8,1.5,4.1,BGA 1449,10,8,28,Sep 2020,2020-09-01,8237,,1913,22.76,362.0,https://www.techpowerup.com/cpu-specs/core-i5-1145gre.c4224,https://www.cpubenchmark.net/cpu_lookup.php?cpu=Intel+Core+i5-1145GRE+%40+2.60GHz&id=4741,corei51145gre
Intel,Core i5-1335UE,Raptor Lake-U,10,12,1.3,4.5,BGA 1744,10,12,15,Jan 2023,2023-01-01,11827,,1589,37.91,312.0,https://www.techpowerup.com/cpu-specs/core-i5-1335ue.c3066,https://www.cpubenchmark.net/cpu_lookup.php?cpu=Intel+Core+i5-1335UE&id=6092,corei51335ue
Intel,Core i5-3360M,Ivy Bridge,2,4,2.8,3.5,Socket G2 (988B),22,3,35,Jun 2012,2012-06-01,2885,1755,3281,36.98,78.02,https://www.techpowerup.com/cpu-specs/core-i5-3360m.c1070,https://www.cpubenchmark.net/cpu_lookup.php?cpu=Intel+Core+i5-3360M+%40+2.80GHz&id=818,corei53360m
Intel,Core i7-13700TE,Raptor Lake-S,16,24,1.1,4.8,Socket 1700,10,30,35,Jan 2023,2023-01-01,21998,3358,907,56.41,390.0,https://www.techpowerup.com/cpu-specs/core-i7-13700te.c3080,https://www.cpubenchmark.net/cpu_lookup.php?cpu=Intel+Core+i7-13700TE&id=5640,corei713700te
Intel,Core i7-6700TE,Skylake,4,8,2.4,3.4,Socket 1151,14,8,35,Sep 2015,2015-09-01,6204,,2283,,,https://www.techpowerup.com/cpu-specs/core-i7-6700te.c1858,https://www.cpubenchmark.net/cpu_lookup.php?cpu=Intel+Core+i7-6700TE+%40+2.40GHz&id=2815,corei76700te
Intel,Mobile Pentium III 600,Coppermine,1,1,0.6,,Socket 495,180,,21,Jun 2000,2000-06-01,,,,,,https://www.techpowerup.com/cpu-specs/mobile-pentium-iii-600.c3630,,mobilepentiumiii600
Intel,Mobile Pentium III 800,Coppermine,1,1,0.8,,Micro-BGA2,180,,17,Sep 2000,2000-09-01,,,,,,https://www.techpowerup.com/cpu-specs/mobile-pentium-iii-800.c3639,,mobilepentiumiii800
Intel,Pentium 3805U,Broadwell-U,2,2,1.9,,BGA 1168,14,2,15,Mar 2015,2015-03-01,1218,1128,4446,,,https://www.techpowerup.com/cpu-specs/pentium-3805u.c1800,https://www.cpubenchmark.net/cpu_lookup.php?cpu=Intel+Pentium+3805U+%40+1.90GHz&id=2483,pentium3805u
Intel,Pentium 4 HT 2.8E,Prescott,1,2,2.8,,Socket 478,90,,115,Feb 2004,2004-02-01,,,,,,https://www.techpowerup.com/cpu-specs/pentium-4-ht-2-8e.c268,,pentium4ht28e
Intel,Pentium 997,Sandy Bridge,2,2,1.6,,BGA 1023,32,2,17,Sep 2012,2012-09-01,844,,4877,,,https://www.techpowerup.com/cpu-specs/pentium-997.c1321,https://www.cpubenchmark.net/cpu_lookup.php?cpu=Intel+Pentium+997+%40+1.60GHz&id=1798,pentium997
Intel,Pentium III 533EB,Coppermine,1,1,0.533,,Socket 370,180,,14,Oct 1999,1999-10-01,,,,,,https://www.techpowerup.com/cpu-specs/pentium-iii-533eb.c3787,,pentiumiii533eb
Intel,Xeon 6731E,Sierra Forest,96,96,2.2,3.1,Socket 4710,5,96,250,Jun 2024,2024-06-01,,,,,,https://www.techpowerup.com/cpu-specs/xeon-6731e.c3659,,xeon6731e
Intel,Xeon Platinum 8260M,Cascade Lake-SP,24,48,2.4,3.9,Socket 3647,14,35,165,Dec 2018,2018-12-01,33970,,468,4.41,7705.0,https://www.techpowerup.com/cpu-specs/xeon-platinum-8260m.c2178,https://www.cpubenchmark.net/cpu_lookup.php?cpu=Intel+Xeon+Platinum+8260M+%40+2.30GHz&id=3858,xeonplatinum8260m
Qualcomm,Snapdragon X1P-66-100,Oryon,10,10,3.4,4.0,Qualcomm BGA 2073,4,6,35,Apr 2024,2024-04-01,,,,,,https://www.techpowerup.com/cpu-specs/snapdragon-x1p-66-100.c4105,,snapdragonx1p66100
AMD,Athlon 64 3000+ (1.35v),Venice,1,1,2.0,,Socket 754,90,,51,Apr 2006,2006-04-01,,,,,,https://www.techpowerup.com/cpu-specs/athlon-64-3000-1-35v.c544,,athlon643000135v
AMD,Athlon X2 QL-60,Griffin,2,2,1.9,,Socket S1,65,,35,Jun 2008,2008-06-01,,,,,,https://www.techpowerup.com/cpu-specs/athlon-x2-ql-60.c637,,athlonx2ql60
AMD,EPYC 7663P,Milan,56,112,2.0,3.5,Socket SP3,7,256,240,Sep 2023,2023-09-01,81725,,,,3139.0,https://www.techpowerup.com/cpu-specs/epyc-7663p.c3368,https://www.cpubenchmark.net/cpu.php?cpu=AMD+EPYC+7663P&id=7278,epyc7663p
AMD,EPYC 9646P,Venice,96,192,2.8,3.7,Socket SP8,2,256,300,Jul 2026,2026-07-01,,,,,,https://www.techpowerup.com/cpu-specs/epyc-9646p.c4545,,epyc9646p
AMD,FirePro A300,Trinity,4,4,3.4,4.0,Socket FM2,32,,65,Aug 2012,2012-08-01,,,,,,https://www.techpowerup.com/cpu-specs/firepro-a300.c2657,,fireproa300
AMD,Opteron 1389,Suzuka,4,4,2.9,,Socket AM3,45,6,115,Jun 2009,2009-06-01,,,,,,https://www.techpowerup.com/cpu-specs/opteron-1389.c3859,,opteron1389
AMD,Phenom X4 9100e,Agena,4,4,1.8,,Socket AM2+,65,2,65,Mar 2008,2008-03-01,,,,,,https://www.techpowerup.com/cpu-specs/phenom-x4-9100e.c492,,phenomx49100e
Intel,Atom P5342,Snow Ridge,16,16,2.2,,BGA 2106,10,,71,Jun 2022,2022-06-01,13085,,1494,20.7,632.0,https://www.techpowerup.com/cpu-specs/atom-p5342.c4496,https://www.cpubenchmark.net/cpu_lookup.php?cpu=Intel+Atom+P5342&id=6053,atomp5342
Intel,Celeron D 335,Prescott,1,1,2.8,,Socket 478,90,,84,Jun 2004,2004-06-01,,,,,,https://www.techpowerup.com/cpu-specs/celeron-d-335.c1050,,celerond335
Intel,Core i3-8109U,Coffee Lake-U,2,4,3.0,3.6,BGA 1526,14,4,28,Apr 2018,2018-04-01,4176,2067,2752,8.35,499.99,https://www.techpowerup.com/cpu-specs/core-i3-8109u.c4471,https://www.cpubenchmark.net/cpu_lookup.php?cpu=Intel+Core+i3-8109U+%40+3.00GHz&id=3333,corei38109u
Intel,Core i5-8650K,Coffee Lake,6,6,3.7,4.5,Socket 1151,14,9,95,Sep 2018,2018-09-01,,,,,,https://www.techpowerup.com/cpu-specs/core-i5-8650k.c2081,,corei58650k
Intel,Pentium 4 1.7,Willamette,1,1,1.7,,Socket 423,180,,64,Apr 2001,2001-04-01,,,,,,https://www.techpowerup.com/cpu-specs/pentium-4-1-7.c293,,pentium417
Intel,Pentium III 550E,Coppermine,1,1,0.55,,Socket 370,180,,15,Oct 1999,1999-10-01,,,,,,https://www.techpowerup.com/cpu-specs/pentium-iii-550e.c3789,,pentiumiii550e
Intel,Pentium M 1.40,Banias,1,1,1.4,,Socket 478,130,,24,Mar 2003,2003-03-01,,,,,,https://www.techpowerup.com/cpu-specs/pentium-m-1-40.c161,,pentiumm140
Intel,Pentium M 715,Dothan,1,1,1.5,,Socket 479,90,,21,Jun 2004,2004-06-01,,,,,,https://www.techpowerup.com/cpu-specs/pentium-m-715.c157,,pentiumm715
Intel,Xeon 2.0,Prestonia,1,1,2.0,,Socket 604,130,,89,Feb 2002,2002-02-01,,,,,,https://www.techpowerup.com/cpu-specs/xeon-2-0.c261,,xeon20
Intel,Xeon E5503,Gainestown,2,2,2.0,,Socket 1366,45,4,80,Mar 2010,2010-03-01,804,,4918,6.28,128.0,https://www.techpowerup.com/cpu-specs/xeon-e5503.c910,https://www.cpubenchmark.net/cpu_lookup.php?cpu=Intel+Xeon+E5503+%40+2.00GHz&id=1239,xeone5503
Intel,Xeon Platinum 8352S,Ice Lake-SP,32,64,2.2,3.4,Socket 4189,10,48,205,Apr 2021,2021-04-01,,,,,,https://www.techpowerup.com/cpu-specs/xeon-platinum-8352s.c2430,,xeonplatinum8352s
Intel,Xeon X6550,Nehalem-EX,8,16,2.0,2.4,Socket 1567,45,18,130,Mar 2010,2010-03-01,1936,,3866,24.5,79.0,https://www.techpowerup.com/cpu-specs/xeon-x6550.c3939,https://www.cpubenchmark.net/cpu_lookup.php?cpu=Intel+Xeon+X6550+%40+2.00GHz&id=2105,xeonx6550
VIA,C3 Processor 800A,Ezra,1,1,0.8,,Socket 370,130,,8,Sep 2001,2001-09-01,,,,,,https://www.techpowerup.com/cpu-specs/c3-processor-800a.c3285,,c3processor800a
AMD,Athlon 64 2800+,NewCastle,1,1,1.8,,Socket 754,130,,32,Apr 2004,2004-04-01,,,,,,https://www.techpowerup.com/cpu-specs/athlon-64-2800.c65,,athlon642800
AMD,Athlon 64 FX-53,SledgeHammer,1,1,2.4,,Socket 940,130,,89,Mar 2004,2004-03-01,,,,,,https://www.techpowerup.com/cpu-specs/athlon-64-fx-53.c34,,athlon64fx53
AMD,Athlon II X2 270u,Regor,2,2,2.0,,Socket AM3,45,,25,Sep 2010,2010-09-01,,,,,,https://www.techpowerup.com/cpu-specs/athlon-ii-x2-270u.c1528,,athloniix2270u
AMD,Athlon II X4 600e,Propus,4,4,2.2,,Socket AM3,45,,45,Oct 2009,2009-10-01,,,,,,https://www.techpowerup.com/cpu-specs/athlon-ii-x4-600e.c778,,athloniix4600e
AMD,Athlon X2 QL-65,Griffin,2,2,2.1,,Socket S1,65,,35,Dec 2008,2008-12-01,,,,,,https://www.techpowerup.com/cpu-specs/athlon-x2-ql-65.c640,,athlonx2ql65
AMD,Phenom II X4 910,Deneb,4,4,2.6,,Socket AM3,45,6,95,Feb 2009,2009-02-01,,,,,,https://www.techpowerup.com/cpu-specs/phenom-ii-x4-910.c674,,phenomiix4910
AMD,Phenom X4 9350e,Agena,4,4,2.0,,Socket AM2+,65,2,65,Jul 2008,2008-07-01,,,,,,https://www.techpowerup.com/cpu-specs/phenom-x4-9350e.c494,,phenomx49350e
AMD,Phenom X4 9600 BE,Agena,4,4,2.3,,Socket AM2+,65,2,95,Dec 2007,2007-12-01,,,,,,https://www.techpowerup.com/cpu-specs/phenom-x4-9600-be.c498,,phenomx49600be
AMD,Ryzen 3 5125C,Cezanne-U,2,4,3.0,,Socket FP6,7,8,15,May 2022,2022-05-01,,,,,,https://www.techpowerup.com/cpu-specs/ryzen-3-5125c.c2785,,ryzen35125c
AMD,Ryzen Threadripper 1940,Zen,14,28,3.2,3.7,Socket SP3r2,14,32,180,Unreleased,,,,,,,https://www.techpowerup.com/cpu-specs/ryzen-threadripper-1940.c1908,,ryzenthreadripper1940
AMD,Sempron 3000+,Sonora,1,1,1.8,,Socket 754,90,,25,Nov 2004,2004-11-01,,,,,,https://www.techpowerup.com/cpu-specs/sempron-3000.c1192,,sempron3000
Intel,Celeron G530T,Sandy Bridge,2,2,2.0,,Socket 1155,32,2,35,Sep 2011,2011-09-01,921,,4779,54.23,16.99,https://www.techpowerup.com/cpu-specs/celeron-g530t.c830,https://www.cpubenchmark.net/cpu_lookup.php?cpu=Intel+Celeron+G530T+%40+2.00GHz&id=1860,celerong530t
Intel,Celeron N2806,Bay Trail-M,2,2,1.58,2.0,BGA 1170,22,,4,Dec 2013,2013-12-01,490,539,5344,,,https://www.techpowerup.com/cpu-specs/celeron-n2806.c1885,https://www.cpubenchmark.net/cpu_lookup.php?cpu=Intel+Celeron+N2806+%40+1.60GHz&id=2171,celeronn2806
Intel,Core 2 Duo U7500,Merom,2,2,1.073,,Socket P,65,,10,Feb 2008,2008-02-01,408,396,5439,,,https://www.techpowerup.com/cpu-specs/core-2-duo-u7500.c1542,https://www.cpubenchmark.net/cpu_lookup.php?cpu=Intel+Core2+Duo+U7500+%40+1.06GHz&id=1015,core2duou7500
Intel,Core i3-8300T,Coffee Lake,4,4,3.2,,Socket 1151,14,8,35,Apr 2018,2018-04-01,5483,,2457,34.5,158.95,https://www.techpowerup.com/cpu-specs/core-i3-8300t.c2017,https://www.cpubenchmark.net/cpu_lookup.php?cpu=Intel+Core+i3-8300T+%40+3.20GHz&id=3285,corei38300t
Intel,Core i3-9100TE,Coffee Lake,4,4,2.2,3.2,Socket 1151,14,6,35,Apr 2019,2019-04-01,4589,1734,2655,37.62,122.0,https://www.techpowerup.com/cpu-specs/core-i3-9100te.c3129,https://www.cpubenchmark.net/cpu_lookup.php?cpu=Intel+Core+i3-9100TE+%40+2.20GHz&id=3893,corei39100te
Intel,Core i5-1030G7,Ice Lake-Y,4,8,0.8,3.5,BGA 1440,10,6,9,Aug 2019,2019-08-01,4205,,2750,,,https://www.techpowerup.com/cpu-specs/core-i5-1030g7.c2222,https://www.cpubenchmark.net/cpu_lookup.php?cpu=Intel+Core+i5-1030G7+%40+0.80GHz&id=7454,corei51030g7
Intel,Core i5-1060NG7,Ice Lake-Y,4,8,1.2,3.8,BGA 1044,10,8,10,Mar 2020,2020-03-01,,,,,,https://www.techpowerup.com/cpu-specs/core-i5-1060ng7.c3593,,corei51060ng7
Intel,Core i5-14501E,Raptor Lake-R,6,12,3.3,5.2,Socket 1700,10,24,65,Jul 2024,2024-07-01,,,,,,https://www.techpowerup.com/cpu-specs/core-i5-14501e.c3735,,corei514501e
Intel,Core i7-2860QM,Sandy Bridge,4,8,2.5,3.6,Socket G2 (988B),32,8,45,Sep 2011,2011-09-01,4558,1572,2662,45.58,100.0,https://www.techpowerup.com/cpu-specs/core-i7-2860qm.c995,https://www.cpubenchmark.net/cpu_lookup.php?cpu=Intel+Core+i7-2860QM+%40+2.50GHz&id=886,corei72860qm
Intel,Core i7-620LM,Arrandale,2,4,2.0,2.8,BGA 1288,32,4,25,Jan 2010,2010-01-01,1457,1036,4227,,,https://www.techpowerup.com/cpu-specs/core-i7-620lm.c3219,https://www.cpubenchmark.net/cpu_lookup.php?cpu=Intel+Core+i7-620LM+%40+2.00GHz&id=847,corei7620lm
Intel,Core Ultra 5 135UL,Meteor Lake-PS,12,14,1.6,4.4,Socket 1851,7,12,15,Apr 2024,2024-04-01,,,,,,https://www.techpowerup.com/cpu-specs/core-ultra-5-135ul.c3711,,coreultra5135ul
Intel,Pentium 4 2.26,Northwood,1,1,2.261,,Socket 478,130,,110,Jan 2002,2002-01-01,,,,,,https://www.techpowerup.com/cpu-specs/pentium-4-2-26.c281,,pentium4226
Intel,Pentium Gold G6505,Comet Lake-R,2,4,4.2,,Socket 1200,14,4,58,Mar 2021,2021-03-01,4371,,2709,58.28,75.0,https://www.techpowerup.com/cpu-specs/pentium-gold-g6505.c2417,https://www.cpubenchmark.net/cpu_lookup.php?cpu=Intel+Pentium+Gold+G6505+%40+4.20GHz&id=4467,pentiumgoldg6505
Intel,Xeon 5020,Dempsey,2,4,2.5,,Socket 771,65,,95,May 2006,2006-05-01,,,,,,https://www.techpowerup.com/cpu-specs/xeon-5020.c2779,,xeon5020
Intel,Xeon D-2799,Ice Lake-D,20,40,2.4,3.4,BGA 2579,10,30,129,Feb 2022,2022-02-01,33792,,475,17.48,1933.0,https://www.techpowerup.com/cpu-specs/xeon-d-2799.c3877,https://www.cpubenchmark.net/cpu_lookup.php?cpu=Intel+Xeon+D-2799+%40+2.40GHz&id=4796,xeond2799
Intel,Xeon E-2486,Raptor Lake-S,6,12,3.5,5.6,Socket 1700,10,18,95,Dec 2023,2023-12-01,,,,,,https://www.techpowerup.com/cpu-specs/xeon-e-2486.c3481,,xeone2486
Intel,Xeon E5-1686 v3,Haswell-EP,12,24,2.6,3.3,Socket 2011-3,22,30,135,Sep 2014,2014-09-01,,,,,,https://www.techpowerup.com/cpu-specs/xeon-e5-1686-v3.c2666,,xeone51686v3
Intel,Xeon E5-2603 v2,Ivy Bridge-EP,4,4,1.8,,Socket 2011,22,10,80,Sep 2013,2013-09-01,2735,,3350,2.76,992.0,https://www.techpowerup.com/cpu-specs/xeon-e5-2603-v2.c1653,https://www.cpubenchmark.net/cpu_lookup.php?cpu=Intel+Xeon+E5-2603+v2+%40+1.80GHz&id=2420,xeone52603v2
Intel,Xeon E7520,Nehalem-EX,4,8,1.866,,Socket 1567,45,18,95,Mar 2010,2010-03-01,,,,,,https://www.techpowerup.com/cpu-specs/xeon-e7520.c3934,,xeone7520
Intel,Xeon LC3528,Jasper Forest,2,4,1.733,1.866,Socket 1366,45,4,35,Feb 2010,2010-02-01,,,,,,https://www.techpowerup.com/cpu-specs/xeon-lc3528.c3922,,xeonlc3528
AMD,A4-5150M,Richland,2,2,2.7,3.3,Socket FS1r2,32,,35,Mar 2013,2013-03-01,,,,,,https://www.techpowerup.com/cpu-specs/a4-5150m.c1557,,a45150m
AMD,A4-6320,Richland,2,2,3.8,4.0,Socket FM2,32,,65,Dec 2013,2013-12-01,,,,,,https://www.techpowerup.com/cpu-specs/a4-6320.c2644,,a46320
AMD,Athlon II X2 245e,Regor,2,2,2.9,,Socket AM3,45,,45,May 2010,2010-05-01,,,,,,https://www.techpowerup.com/cpu-specs/athlon-ii-x2-245e.c687,,athloniix2245e
AMD,EPYC Embedded 9454P,Genoa,48,96,2.75,3.8,Socket SP5,5,256,290,Mar 2023,2023-03-01,,,,,,https://www.techpowerup.com/cpu-specs/epyc-embedded-9454p.c3196,,epycembedded9454p
AMD,GX-210UA,Kabini,2,2,1.0,,Socket FT3,28,,9,Apr 2013,2013-04-01,,,,,,https://www.techpowerup.com/cpu-specs/gx-210ua.c3559,,gx210ua
AMD,Opteron 4284,Valencia,8,8,3.0,3.7,Socket C32,32,8,95,Nov 2011,2011-11-01,4665,,,,44.95,https://www.techpowerup.com/cpu-specs/opteron-4284.c3691,https://www.cpubenchmark.net/cpu.php?cpu=AMD+Opteron+4284&id=1862,opteron4284
AMD,Opteron 6180 SE,Magny-Cours,12,12,2.5,,Socket G34,45,12,140,Feb 2011,2011-02-01,,,,,,https://www.techpowerup.com/cpu-specs/opteron-6180-se.c2763,,opteron6180se
AMD,Opteron 6212,Interlagos,8,8,2.6,3.2,Socket G34,32,8,115,Nov 2011,2011-11-01,3973,,,,487.0,https://www.techpowerup.com/cpu-specs/opteron-6212.c4188,https://www.cpubenchmark.net/cpu.php?cpu=AMD+Opteron+6212&id=1905,opteron6212
AMD,Opteron 6284 SE,Interlagos,16,16,2.7,3.4,Socket G34,32,8,140,May 2012,2012-05-01,,,,,,https://www.techpowerup.com/cpu-specs/opteron-6284-se.c1297,,opteron6284se
AMD,Phenom II X3 720 BE,Heka,3,3,2.8,,Socket AM3,45,6,95,Feb 2009,2009-02-01,,,,,,https://www.techpowerup.com/cpu-specs/phenom-ii-x3-720-be.c609,,phenomiix3720be
Intel,Celeron 4305UE,Whiskey Lake-U,2,2,2.0,,BGA 1528,10,2,15,Oct 2018,2018-10-01,1747,1180,4014,,,https://www.techpowerup.com/cpu-specs/celeron-4305ue.c3604,https://www.cpubenchmark.net/cpu_lookup.php?cpu=Intel+Celeron+4305UE+%40+2.00GHz&id=3628,celeron4305ue
Intel,Core 2 Extreme X7800,Merom XE,2,2,2.6,,Socket P,65,,44,Aug 2007,2007-08-01,1138,1077,4531,,,https://www.techpowerup.com/cpu-specs/core-2-extreme-x7800.c3520,https://www.cpubenchmark.net/cpu_lookup.php?cpu=Intel+Core2+Extreme+X7800+%40+2.60GHz&id=1026,core2extremex7800
Intel,Core 7 160UL,Raptor Lake-PS,10,12,1.8,5.2,Socket 1700,10,12,15,Apr 2024,2024-04-01,11043,,1646,25.92,426.0,https://www.techpowerup.com/cpu-specs/core-7-160ul.c3465,https://www.cpubenchmark.net/cpu_lookup.php?cpu=Intel+Core+7+160UL&id=6789,core7160ul
Intel,Core i3-9100E,Coffee Lake,4,4,3.1,3.7,Socket 1151,14,6,65,Sep 2018,2018-09-01,6529,,2207,,,https://www.techpowerup.com/cpu-specs/core-i3-9100e.c3128,https://www.cpubenchmark.net/cpu_lookup.php?cpu=Intel+Core+i3-9100E+%40+3.10GHz&id=5712,corei39100e
Intel,Core i7-2720QM,Sandy Bridge,4,8,2.2,3.3,Socket G2 (988B),32,6,45,Jan 2011,2011-01-01,4010,1367,2809,47.18,85.0,https://www.techpowerup.com/cpu-specs/core-i7-2720qm.c990,https://www.cpubenchmark.net/cpu_lookup.php?cpu=Intel+Core+i7-2720QM+%40+2.20GHz&id=883,corei72720qm
Intel,Core i7-640UM,Arrandale,2,4,1.2,2.267,BGA 1288,32,4,18,Jan 2010,2010-01-01,1072,741,4613,,,https://www.techpowerup.com/cpu-specs/core-i7-640um.c3223,https://www.cpubenchmark.net/cpu_lookup.php?cpu=Intel+Core+i7-640UM+%40+1.20GHz&id=858,corei7640um
Intel,Pentium G6951,Clarkdale,2,2,2.8,,Socket 1156,32,3,73,Sep 2010,2010-09-01,1264,,4405,17.08,74.0,https://www.techpowerup.com/cpu-specs/pentium-g6951.c667,https://www.cpubenchmark.net/cpu_lookup.php?cpu=Intel+Pentium+G6951+%40+2.80GHz&id=1113,pentiumg6951
Intel,Pentium Gold G5420T,Coffee Lake,2,4,3.2,,Socket 1151,14,4,35,Apr 2019,2019-04-01,3370,,3052,52.65,64.0,https://www.techpowerup.com/cpu-specs/pentium-gold-g5420t.c4459,https://www.cpubenchmark.net/cpu_lookup.php?cpu=Intel+Pentium+Gold+G5420T+%40+3.20GHz&id=3589,pentiumgoldg5420t
Intel,Pentium U5600,Arrandale,2,2,1.333,,BGA 1288,32,3,18,Jan 2011,2011-01-01,624,588,5166,,,https://www.techpowerup.com/cpu-specs/pentium-u5600.c1360,https://www.cpubenchmark.net/cpu_lookup.php?cpu=Intel+Pentium+U5600+%40+1.33GHz&id=1124,pentiumu5600
Intel,Xeon Gold 6418H,Sapphire Rapids,24,48,2.1,4.0,Socket 4677,10,60,185,Jan 2023,2023-01-01,51711,,256,25.04,2065.0,https://www.techpowerup.com/cpu-specs/xeon-gold-6418h.c3156,https://www.cpubenchmark.net/cpu_lookup.php?cpu=Intel+Xeon+Gold+6418H&id=5568,xeongold6418h
Intel,Xeon L5335,Clovertown,4,4,2.0,,Socket 771,65,,50,Aug 2007,2007-08-01,1737,,4022,92.43,18.79,https://www.techpowerup.com/cpu-specs/xeon-l5335.c3492,https://www.cpubenchmark.net/cpu_lookup.php?cpu=Intel+Xeon+L5335+%40+2.00GHz&id=1977,xeonl5335
Intel,Xeon L7555,Nehalem-EX,8,16,1.866,2.533,Socket 1567,45,18,95,Mar 2010,2010-03-01,,,,,,https://www.techpowerup.com/cpu-specs/xeon-l7555.c3942,,xeonl7555
Intel,Xeon Platinum 8360H,Cooper Lake-SP,24,48,3.0,4.2,Socket 4189,14,33,225,Apr 2021,2021-04-01,,,,,,https://www.techpowerup.com/cpu-specs/xeon-platinum-8360h.c2466,,xeonplatinum8360h
Intel,Xeon X5667,Westmere-EP,4,8,3.066,3.466,Socket 1366,32,12,95,Mar 2010,2010-03-01,4697,,2626,260.39,18.04,https://www.techpowerup.com/cpu-specs/xeon-x5667.c937,https://www.cpubenchmark.net/cpu_lookup.php?cpu=Intel+Xeon+X5667+%40+3.07GHz&id=1306,xeonx5667
AMD,Athlon 64 3200+,Venice,1,1,2.2,,Socket 754,90,,59,Apr 2006,2006-04-01,,,,,,https://www.techpowerup.com/cpu-specs/athlon-64-3200.c345,,athlon643200
AMD,Athlon 64 X2 5200+ EE,Windsor,2,2,2.6,,Socket AM2,90,,65,Sep 2006,2006-09-01,,,,,,https://www.techpowerup.com/cpu-specs/athlon-64-x2-5200-ee.c401,,athlon64x25200ee
AMD,EPYC Embedded 9355,Turin,32,64,3.55,4.4,Socket SP5,4,256,280,Mar 2025,2025-03-01,,,,,,https://www.techpowerup.com/cpu-specs/epyc-embedded-9355.c4527,,epycembedded9355
AMD,Opteron 1356 (B3),Budapest,4,4,2.3,,Socket AM2+,65,2,95,Jun 2008,2008-06-01,,,,,,https://www.techpowerup.com/cpu-specs/opteron-1356-b3.c3856,,opteron1356b3
AMD,Opteron X2150,Kyoto,4,4,1.9,,Socket FT3,28,,22,May 2013,2013-05-01,,,,,,https://www.techpowerup.com/cpu-specs/opteron-x2150.c2004,,opteronx2150
AMD,Ryzen AI Embedded P132i,Gorgon Point,6,12,2.0,4.5,Socket FP8,4,4,28,Mar 2026,2026-03-01,,,,,,https://www.techpowerup.com/cpu-specs/ryzen-ai-embedded-p132i.c4374,,ryzenaiembeddedp132i
AMD,Ryzen AI Embedded X188,Strix Halo,12,24,3.2,5.0,Socket FP11,4,64,55,Jul 2026,2026-07-01,42349,,,,,https://www.techpowerup.com/cpu-specs/ryzen-ai-embedded-x188.c4512,https://www.cpubenchmark.net/cpu.php?cpu=Ryzen+AI+Embedded+X188&id=7441,ryzenaiembeddedx188
AMD,Turion X2 Ultra ZM-80,Griffin,2,2,2.1,,Socket S1,65,,32,Jun 2008,2008-06-01,,,,,,https://www.techpowerup.com/cpu-specs/turion-x2-ultra-zm-80.c630,,turionx2ultrazm80
Intel,Atom Z515,Silverthorne,1,1,1.2,,BGA 441,45,,1,Apr 2009,2009-04-01,142,,5941,,,https://www.techpowerup.com/cpu-specs/atom-z515.c1420,https://www.cpubenchmark.net/cpu_lookup.php?cpu=Intel+Atom+Z515+%40+1.20GHz&id=1635,atomz515
Intel,Core 2 Duo E8235,Penryn,2,2,2.8,,Socket P,45,,44,Mar 2009,2009-03-01,1020,1112,4671,,,https://www.techpowerup.com/cpu-specs/core-2-duo-e8235.c2725,https://www.cpubenchmark.net/cpu_lookup.php?cpu=Intel+Core2+Duo+E8235+%40+2.80GHz&id=951,core2duoe8235
Intel,Core 2 Quad Q8200S,Yorkfield,4,4,2.333,,Socket 775,45,,65,Jan 2009,2009-01-01,,,,,,https://www.techpowerup.com/cpu-specs/core-2-quad-q8200s.c653,,core2quadq8200s
Intel,Core Duo ULV L2400,Yonah,2,2,1.066,,Socket 479,65,,9,Sep 2006,2006-09-01,,,,,,https://www.techpowerup.com/cpu-specs/core-duo-ulv-l2400.c420,,coreduoulvl2400
Intel,Core i3-2330M,Sandy Bridge,2,4,2.2,,Socket G2 (988B),32,3,35,Jun 2011,2011-06-01,1253,964,4419,31.36,39.95,https://www.techpowerup.com/cpu-specs/core-i3-2330m.c1342,https://www.cpubenchmark.net/cpu_lookup.php?cpu=Intel+Core+i3-2330M+%40+2.20GHz&id=757,corei32330m
Intel,Core i3-4360T,Haswell,2,4,3.2,,Socket 1150,22,4,35,Jul 2014,2014-07-01,3294,,3080,,,https://www.techpowerup.com/cpu-specs/core-i3-4360t.c1768,https://www.cpubenchmark.net/cpu_lookup.php?cpu=Intel+Core+i3-4360T+%40+3.20GHz&id=2330,corei34360t
Intel,Core i3-7100H,Kaby Lake-H,2,4,2.8,,BGA 1440,14,3,35,Jan 2017,2017-01-01,3450,1688,3007,15.34,225.0,https://www.techpowerup.com/cpu-specs/core-i3-7100h.c3103,https://www.cpubenchmark.net/cpu_lookup.php?cpu=Intel+Core+i3-7100H+%40+3.00GHz&id=3114,corei37100h
Intel,Core i5-3360M,Ivy Bridge,2,4,2.8,3.5,BGA 1023,22,3,35,Jun 2012,2012-06-01,2885,1755,3281,36.98,78.02,https://www.techpowerup.com/cpu-specs/core-i5-3360m.c1069,https://www.cpubenchmark.net/cpu_lookup.php?cpu=Intel+Core+i5-3360M+%40+2.80GHz&id=818,corei53360m
Intel,Core i5-3437U,Ivy Bridge,2,4,1.9,2.9,BGA 1023,22,3,17,Jan 2013,2013-01-01,2178,1344,3709,,,https://www.techpowerup.com/cpu-specs/core-i5-3437u.c1516,https://www.cpubenchmark.net/cpu_lookup.php?cpu=Intel+Core+i5-3437U+%40+1.90GHz&id=1828,corei53437u
Intel,Core i5-8260U,Coffee Lake-U,4,8,1.6,3.9,BGA 1526,14,6,15,Oct 2019,2019-10-01,7136,2182,2093,16.22,439.99,https://www.techpowerup.com/cpu-specs/core-i5-8260u.c4466,https://www.cpubenchmark.net/cpu_lookup.php?cpu=Intel+Core+i5-8260U+%40+1.60GHz&id=3724,corei58260u
Intel,Core i7-2720QM,Sandy Bridge,4,8,2.2,3.3,BGA 1224,32,6,45,Jan 2011,2011-01-01,4010,1367,2809,47.18,85.0,https://www.techpowerup.com/cpu-specs/core-i7-2720qm.c989,https://www.cpubenchmark.net/cpu_lookup.php?cpu=Intel+Core+i7-2720QM+%40+2.20GHz&id=883,corei72720qm
Intel,Mobile Pentium III 450,Coppermine,1,1,0.45,,Micro-BGA2,180,,15,Oct 1999,1999-10-01,,,,,,https://www.techpowerup.com/cpu-specs/mobile-pentium-iii-450.c3622,,mobilepentiumiii450
Intel,Mobile Pentium III 700,Coppermine,1,1,0.7,,Micro-BGA2,180,,15,Apr 2000,2000-04-01,,,,,,https://www.techpowerup.com/cpu-specs/mobile-pentium-iii-700.c3634,,mobilepentiumiii700
Intel,Pentium Dual-Core E2210,Wolfdale,2,2,2.2,,Socket 775,45,,65,Jun 2009,2009-06-01,,,,,,https://www.techpowerup.com/cpu-specs/pentium-dual-core-e2210.c850,,pentiumdualcoree2210
Intel,Pentium II Xeon 450 2MB,Drake,1,1,0.45,,Slot 2,,,47,Jan 1999,1999-01-01,,,,,,https://www.techpowerup.com/cpu-specs/pentium-ii-xeon-450-2mb.c2966,,pentiumiixeon4502mb
Intel,Pentium III 500E,Coppermine,1,1,0.5,,Socket 370,180,,13,Oct 1999,1999-10-01,,,,,,https://www.techpowerup.com/cpu-specs/pentium-iii-500e.c3785,,pentiumiii500e
Intel,Pentium III 550E,Coppermine,1,1,0.55,,Slot 1,180,,15,Oct 1999,1999-10-01,,,,,,https://www.techpowerup.com/cpu-specs/pentium-iii-550e.c3790,,pentiumiii550e
Intel,Xeon 3.06,Prestonia,1,1,3.066,,Socket 604,130,,89,Mar 2003,2003-03-01,,,,,,https://www.techpowerup.com/cpu-specs/xeon-3-06.c253,,xeon306
Intel,Xeon 5140,Woodcrest,2,2,2.333,,Socket 771,65,,65,Jun 2006,2006-06-01,857,,4863,23.16,36.99,https://www.techpowerup.com/cpu-specs/xeon-5140.c389,https://www.cpubenchmark.net/cpu_lookup.php?cpu=Intel+Xeon+5140+%40+2.33GHz&id=1184,xeon5140
Intel,Xeon 7140M,Tulsa,2,4,3.4,,Socket 604,65,16,150,Aug 2006,2006-08-01,,,,,,https://www.techpowerup.com/cpu-specs/xeon-7140m.c399,,xeon7140m
Intel,Xeon E3-1220L,Sandy Bridge,2,4,2.2,3.4,Socket 1155,32,3,20,Apr 2011,2011-04-01,2263,,3644,,,https://www.techpowerup.com/cpu-specs/xeon-e3-1220l.c808,https://www.cpubenchmark.net/cpu_lookup.php?cpu=Intel+Xeon+E3-1220L+%40+2.20GHz&id=1197,xeone31220l
Intel,Xeon E6540,Nehalem-EX,6,12,2.0,2.266,Socket 1567,45,18,105,Mar 2010,2010-03-01,,,,,,https://www.techpowerup.com/cpu-specs/xeon-e6540.c3933,,xeone6540
Intel,Xeon E7-4820,Westmere-EX,8,16,2.0,2.266,Socket 1567,32,18,105,Apr 2011,2011-04-01,,,,,,https://www.techpowerup.com/cpu-specs/xeon-e7-4820.c3954,,xeone74820
Intel,Xeon E7-4850 v3,Haswell-EX,14,28,2.2,2.8,Socket 2011-1,22,35,115,Jun 2015,2015-06-01,,,,,,https://www.techpowerup.com/cpu-specs/xeon-e7-4850-v3.c1824,,xeone74850v3
Intel,Xeon Platinum 8352V,Ice Lake-SP,36,72,2.5,3.5,Socket 4189,10,54,195,Apr 2021,2021-04-01,,,,,,https://www.techpowerup.com/cpu-specs/xeon-platinum-8352v.c2428,,xeonplatinum8352v
Intel,Xeon Platinum 9222,Cascade Lake-AP,32,64,2.3,3.7,BGA 5903,14,71,250,Apr 2019,2019-04-01,,,,,,https://www.techpowerup.com/cpu-specs/xeon-platinum-9222.c2167,,xeonplatinum9222
Qualcomm,Snapdragon X1P-46-100,Oryon,8,8,3.4,4.0,Qualcomm BGA 2073,4,6,30,Sep 2024,2024-09-01,,,,,,https://www.techpowerup.com/cpu-specs/snapdragon-x1p-46-100.c4106,,snapdragonx1p46100
AMD,A4-3320M,Llano,2,2,2.0,2.6,Socket FS1,32,,35,Dec 2011,2011-12-01,,,,,,https://www.techpowerup.com/cpu-specs/a4-3320m.c888,,a43320m
AMD,A8-5557M,Richland,4,4,2.1,3.1,Socket FP2,32,,35,Jun 2013,2013-06-01,,,,,,https://www.techpowerup.com/cpu-specs/a8-5557m.c1621,,a85557m
AMD,Athlon 700,Argon,1,1,0.7,,Slot A,,,45,Oct 1999,1999-10-01,,,,,,https://www.techpowerup.com/cpu-specs/athlon-700.c3759,,athlon700
AMD,Athlon 950,Thunderbird,1,1,0.95,,Socket A,180,,52,Jun 2000,2000-06-01,,,,,,https://www.techpowerup.com/cpu-specs/athlon-950.c1232,,athlon950
AMD,FX-4120,Zambezi,4,4,3.9,4.1,Socket AM3+,32,4,95,Oct 2012,2012-10-01,,,,,,https://www.techpowerup.com/cpu-specs/fx-4120.c1207,,fx4120
AMD,FX-6130,Zambezi,6,6,3.6,3.9,Socket AM3+,32,8,95,Oct 2012,2012-10-01,,,,,,https://www.techpowerup.com/cpu-specs/fx-6130.c1206,,fx6130
AMD,Turion X2 Ultra ZM-84,Griffin,2,2,2.3,,Socket S1,65,,35,Sep 2008,2008-09-01,,,,,,https://www.techpowerup.com/cpu-specs/turion-x2-ultra-zm-84.c632,,turionx2ultrazm84
Intel,Atom E3825,Bay Trail-I,2,2,1.333,,BGA 1170,22,,6,Oct 2013,2013-10-01,378,,5490,5.37,70.32,https://www.techpowerup.com/cpu-specs/atom-e3825.c1742,https://www.cpubenchmark.net/cpu_lookup.php?cpu=Intel+Atom+E3825+%40+1.33GHz&id=2256,atome3825
Intel,Atom Z2520,Clovertrail,2,2,1.2,,BGA 617,32,,3,Feb 2013,2013-02-01,,,,,,https://www.techpowerup.com/cpu-specs/atom-z2520.c1553,,atomz2520
Intel,Core 2 Solo ULV U2100,Merom-L,1,1,1.067,,BGA 956,65,,5,Sep 2007,2007-09-01,,,,,,https://www.techpowerup.com/cpu-specs/core-2-solo-ulv-u2100.c1090,,core2soloulvu2100
Intel,Core 5 120UL,Raptor Lake-PS,10,12,1.3,4.6,Socket 1700,10,12,15,Apr 2024,2024-04-01,10558,,1686,38.11,277.0,https://www.techpowerup.com/cpu-specs/core-5-120ul.c3468,https://www.cpubenchmark.net/cpu_lookup.php?cpu=Intel+Core+5+120UL&id=7004,core5120ul
Intel,Core 7 150HL,Raptor Lake-PS,14,20,2.4,5.0,Socket 1700,10,24,45,Apr 2024,2024-04-01,,,,,,https://www.techpowerup.com/cpu-specs/core-7-150hl.c3717,,core7150hl
Intel,Core i3-1000G1,Ice Lake-Y,2,4,1.1,3.2,BGA 1377,10,4,9,Aug 2019,2019-08-01,,,,,,https://www.techpowerup.com/cpu-specs/core-i3-1000g1.c2219,,corei31000g1
Intel,Core i3-4350T,Haswell,2,4,3.1,,Socket 1150,22,4,35,May 2014,2014-05-01,3168,1775,3137,,,https://www.techpowerup.com/cpu-specs/core-i3-4350t.c3512,https://www.cpubenchmark.net/cpu_lookup.php?cpu=Intel+Core+i3-4350T+%40+3.10GHz&id=2544,corei34350t
Intel,Core i7-12700TE,Alder Lake-S,12,20,1.4,4.6,Socket 1700,10,25,35,Jan 2022,2022-01-01,18524,3110,1115,53.85,344.0,https://www.techpowerup.com/cpu-specs/core-i7-12700te.c2563,https://www.cpubenchmark.net/cpu_lookup.php?cpu=Intel+Core+i7-12700TE&id=4958,corei712700te
Intel,Core i9-12900TE,Alder Lake-S,16,24,1.1,4.8,Socket 1700,10,30,35,Jan 2022,2022-01-01,20543,,992,37.76,544.0,https://www.techpowerup.com/cpu-specs/core-i9-12900te.c2569,https://www.cpubenchmark.net/cpu_lookup.php?cpu=Intel+Core+i9-12900TE&id=5663,corei912900te
Intel,Core Solo ULV U1500,Yonah,1,1,1.333,,Socket 479,65,,5,Apr 2006,2006-04-01,,,,,,https://www.techpowerup.com/cpu-specs/core-solo-ulv-u1500.c1934,,coresoloulvu1500
Intel,Core Ultra 7 155UL,Meteor Lake-PS,12,14,1.7,4.8,Socket 1851,7,12,15,Apr 2024,2024-04-01,,,,,,https://www.techpowerup.com/cpu-specs/core-ultra-7-155ul.c3712,,coreultra7155ul
Intel,Xeon 3.6,Irwindale,1,1,3.6,,Socket 604,90,,135,Feb 2005,2005-02-01,,,,,,https://www.techpowerup.com/cpu-specs/xeon-3-6.c243,,xeon36
Intel,Xeon 6563P-B,Granite Rapids,38,76,2.4,4.0,BGA 4368,5,152,235,Feb 2025,2025-02-01,,,,,,https://www.techpowerup.com/cpu-specs/xeon-6563p-b.c4082,,xeon6563pb
Intel,Xeon E5-4640 v3,Haswell-EP,12,24,1.9,2.6,Socket 2011-3,22,30,105,Jun 2015,2015-06-01,10372,,1696,,,https://www.techpowerup.com/cpu-specs/xeon-e5-4640-v3.c2909,https://www.cpubenchmark.net/cpu_lookup.php?cpu=Intel+Xeon+E5-4640+v3+%40+1.90GHz&id=3031,xeone54640v3
Intel,Xeon L5506,Gainestown,4,4,2.133,,Socket 1366,45,4,60,Mar 2009,2009-03-01,2198,,3688,18.62,118.0,https://www.techpowerup.com/cpu-specs/xeon-l5506.c914,https://www.cpubenchmark.net/cpu_lookup.php?cpu=Intel+Xeon+L5506+%40+2.13GHz&id=1707,xeonl5506
Intel,Xeon MP 3.0,Gallatin,1,2,3.0,,Socket 604,130,4,85,Mar 2004,2004-03-01,,,,,,https://www.techpowerup.com/cpu-specs/xeon-mp-3-0.c2780,,xeonmp30
Intel,Xeon Platinum 8454H,Sapphire Rapids,32,64,2.1,3.4,Socket 4677,10,82,270,Jan 2023,2023-01-01,62347,,165,9.53,6540.0,https://www.techpowerup.com/cpu-specs/xeon-platinum-8454h.c3136,https://www.cpubenchmark.net/cpu_lookup.php?cpu=Intel+Xeon+Platinum+8454H&id=6018,xeonplatinum8454h
Intel,Xeon Platinum 8460Y+,Sapphire Rapids,40,80,2.0,3.7,Socket 4677,10,105,300,Jan 2023,2023-01-01,,,,,,https://www.techpowerup.com/cpu-specs/xeon-platinum-8460y.c3095,,xeonplatinum8460y
Intel,Xeon Platinum 9242,Cascade Lake-AP,48,96,2.3,3.8,BGA 5903,14,71,350,Apr 2019,2019-04-01,,,,,,https://www.techpowerup.com/cpu-specs/xeon-platinum-9242.c2166,,xeonplatinum9242
Intel,Xeon W3570,Bloomfield,4,8,3.2,3.466,Socket 1366,45,8,130,Mar 2009,2009-03-01,3267,,3095,6.95,469.95,https://www.techpowerup.com/cpu-specs/xeon-w3570.c905,https://www.cpubenchmark.net/cpu_lookup.php?cpu=Intel+Xeon+W3570+%40+3.20GHz&id=1271,xeonw3570
AMD,A4 PRO-7350B,Kaveri,2,2,3.4,3.8,Socket FM2+,28,,65,Jul 2014,2014-07-01,,,,,,https://www.techpowerup.com/cpu-specs/a4-pro-7350b.c2637,,a4pro7350b
AMD,Athlon 64 3400+,Venice,1,1,2.4,,Socket 754,90,,67,Apr 2006,2006-04-01,,,,,,https://www.techpowerup.com/cpu-specs/athlon-64-3400.c476,,athlon643400
AMD,EPYC Embedded 2655,Grado,12,24,2.7,4.5,Socket FL1,4,64,55,Dec 2025,2025-12-01,,,,,,https://www.techpowerup.com/cpu-specs/epyc-embedded-2655.c4299,,epycembedded2655
AMD,Opteron 4334,Seoul,6,6,3.1,3.5,Socket C32,32,8,95,Dec 2012,2012-12-01,3949,,,,129.95,https://www.techpowerup.com/cpu-specs/opteron-4334.c1560,https://www.cpubenchmark.net/cpu.php?cpu=AMD+Opteron+4334&id=2733,opteron4334
AMD,Opteron A1120,Seattle,4,4,1.7,,Socket SP1,28,8,25,Jan 2016,2016-01-01,,,,,,https://www.techpowerup.com/cpu-specs/opteron-a1120.c2006,,opterona1120
AMD,Opteron X2 165,Denmark,2,2,1.8,,Socket 939,90,,110,Aug 2005,2005-08-01,,,,,,https://www.techpowerup.com/cpu-specs/opteron-x2-165.c188,,opteronx2165
AMD,Sempron 2200+,Thorton,1,1,1.5,,Socket A,130,,62,Aug 2004,2004-08-01,,,,,,https://www.techpowerup.com/cpu-specs/sempron-2200.c1183,,sempron2200
AMD,Sempron 2600+,Paris,1,1,1.6,,Socket 754,130,,25,Jan 2001,2001-01-01,,,,,,https://www.techpowerup.com/cpu-specs/sempron-2600.c84,,sempron2600
AMD,Sempron LE-1200,Sparta,1,1,2.1,,Socket AM2,65,,45,Aug 2007,2007-08-01,,,,,,https://www.techpowerup.com/cpu-specs/sempron-le-1200.c566,,sempronle1200
AMD,Turion X2 RM-72,Griffin,2,2,2.1,,Socket S1,65,,35,Sep 2008,2008-09-01,,,,,,https://www.techpowerup.com/cpu-specs/turion-x2-rm-72.c626,,turionx2rm72
AMD,Turion X2 RM-74,Griffin,2,2,2.2,,Socket S1,65,,35,Dec 2008,2008-12-01,,,,,,https://www.techpowerup.com/cpu-specs/turion-x2-rm-74.c627,,turionx2rm74
AMD,Z-01,Desna,2,2,1.0,,Socket FT1,40,,6,Jun 2011,2011-06-01,,,,,,https://www.techpowerup.com/cpu-specs/z-01.c1179,,z01
AMD,Z-60,Hondo,2,2,1.0,,Socket FT1,40,,5,Oct 2012,2012-10-01,,,,,,https://www.techpowerup.com/cpu-specs/z-60.c1180,,z60
Intel,Atom C5325,Parker Ridge,8,8,2.4,,BGA 2106,10,,41,Jun 2022,2022-06-01,,,,,,https://www.techpowerup.com/cpu-specs/atom-c5325.c4508,,atomc5325
Intel,Atom P5352,Snow Ridge,20,20,2.2,,BGA 2106,10,,78,Jun 2022,2022-06-01,,,,,,https://www.techpowerup.com/cpu-specs/atom-p5352.c4495,,atomp5352
Intel,Celeron G4950,Coffee Lake,2,2,3.3,,Socket 1151,14,2,54,Apr 2019,2019-04-01,2714,,3362,43.0,63.12,https://www.techpowerup.com/cpu-specs/celeron-g4950.c4462,https://www.cpubenchmark.net/cpu_lookup.php?cpu=Intel+Celeron+G4950+%40+3.30GHz&id=4210,celerong4950
Intel,Celeron N2810,Bay Trail-M,2,2,2.0,,BGA 1170,22,,7,Sep 2013,2013-09-01,396,496,5455,2.83,139.99,https://www.techpowerup.com/cpu-specs/celeron-n2810.c1882,https://www.cpubenchmark.net/cpu_lookup.php?cpu=Intel+Celeron+N2810+%40+2.00GHz&id=2109,celeronn2810
Intel,Core 2 Duo U7700,Merom,2,2,1.333,,Socket P,65,,10,Feb 2008,2008-02-01,420,449,5417,,,https://www.techpowerup.com/cpu-specs/core-2-duo-u7700.c1539,https://www.cpubenchmark.net/cpu_lookup.php?cpu=Intel+Core2+Duo+U7700+%40+1.33GHz&id=1017,core2duou7700
Intel,Core 3 100HL,Raptor Lake-PS,8,12,2.1,4.6,Socket 1700,10,12,45,Apr 2024,2024-04-01,17586,,1192,57.47,306.0,https://www.techpowerup.com/cpu-specs/core-3-100hl.c3714,https://www.cpubenchmark.net/cpu_lookup.php?cpu=Intel+Core+3+100HL&id=6775,core3100hl
Intel,Core i3-12100TE,Alder Lake-S,4,8,2.1,4.0,Socket 1700,10,12,35,Jan 2022,2022-01-01,10069,2855,1723,80.55,125.0,https://www.techpowerup.com/cpu-specs/core-i3-12100te.c2545,https://www.cpubenchmark.net/cpu_lookup.php?cpu=Intel+Core+i3-12100TE&id=4955,corei312100te
Intel,Core i3-9100HL,Coffee Lake,4,4,1.6,2.9,BGA 1440,14,6,25,Apr 2019,2019-04-01,3641,,2943,16.18,225.0,https://www.techpowerup.com/cpu-specs/core-i3-9100hl.c3130,https://www.cpubenchmark.net/cpu_lookup.php?cpu=Intel+Core+i3-9100HL+%40+1.60GHz&id=5774,corei39100hl
Intel,Core i5-13505H,Raptor Lake-H,12,16,2.6,4.7,BGA 1744,10,18,45,Jan 2023,2023-01-01,,,,,,https://www.techpowerup.com/cpu-specs/core-i5-13505h.c3056,,corei513505h
Intel,Core i5-3570T,Ivy Bridge,4,4,2.3,3.3,Socket 1155,22,6,45,Apr 2012,2012-04-01,3875,,2852,,,https://www.techpowerup.com/cpu-specs/core-i5-3570t.c1008,https://www.cpubenchmark.net/cpu_lookup.php?cpu=Intel+Core+i5-3570T+%40+2.30GHz&id=1477,corei53570t
Intel,Core i7-3920XM,Ivy Bridge,4,8,2.9,3.8,Socket G2 (988B),22,8,55,Apr 2012,2012-04-01,5554,1863,2437,5.07,1096.0,https://www.techpowerup.com/cpu-specs/core-i7-3920xm.c1009,https://www.cpubenchmark.net/cpu_lookup.php?cpu=Intel+Core+i7-3920XM+%40+2.90GHz&id=901,corei73920xm
Intel,Core i7-4558U,Haswell-ULT,2,4,2.8,3.3,BGA 1168,22,4,28,Jun 2013,2013-06-01,2979,1795,3240,,,https://www.techpowerup.com/cpu-specs/core-i7-4558u.c1600,https://www.cpubenchmark.net/cpu_lookup.php?cpu=Intel+Core+i7-4558U+%40+2.80GHz&id=2094,corei74558u
Intel,Core i7-4700EQ,Haswell,4,8,2.4,3.4,BGA 1364,22,8,47,May 2013,2013-05-01,5417,,2474,,,https://www.techpowerup.com/cpu-specs/core-i7-4700eq.c1612,https://www.cpubenchmark.net/cpu_lookup.php?cpu=Intel+Core+i7-4700EQ+%40+2.40GHz&id=1897,corei74700eq
Intel,Pentium G3430,Haswell,2,2,3.3,,Socket 1150,22,3,54,Sep 2013,2013-09-01,2127,,3740,23.09,92.1,https://www.techpowerup.com/cpu-specs/pentium-g3430.c1633,https://www.cpubenchmark.net/cpu_lookup.php?cpu=Intel+Pentium+G3430+%40+3.30GHz&id=2063,pentiumg3430
Intel,Pentium II Xeon 450 1MB,Drake,1,1,0.45,,Slot 2,,,43,Jan 1999,1999-01-01,,,,,,https://www.techpowerup.com/cpu-specs/pentium-ii-xeon-450-1mb.c2965,,pentiumiixeon4501mb
Intel,Pentium III Xeon 733 5V-12V,Cascades,1,1,0.733,,Slot 2,180,,23,Oct 1999,1999-10-01,,,,,,https://www.techpowerup.com/cpu-specs/pentium-iii-xeon-733-5v-12v.c2982,,pentiumiiixeon7335v12v
Intel,Xeon E5-4627 v3,Haswell-EP,10,20,2.6,3.2,Socket 2011-3,22,25,135,Jun 2015,2015-06-01,11344,,1624,4.73,2400.0,https://www.techpowerup.com/cpu-specs/xeon-e5-4627-v3.c2908,https://www.cpubenchmark.net/cpu_lookup.php?cpu=Intel+Xeon+E5-4627+v3+%40+2.60GHz&id=2913,xeone54627v3
Intel,Xeon E7-8837,Westmere-EX,8,8,2.667,2.8,Socket 1567,32,24,130,Apr 2011,2011-04-01,,,,,,https://www.techpowerup.com/cpu-specs/xeon-e7-8837.c3950,,xeone78837
Intel,Xeon Gold 5318H,Cooper Lake-SP,18,36,2.5,3.8,Socket 4189,14,24,150,Apr 2021,2021-04-01,29301,,595,23.02,1273.0,https://www.techpowerup.com/cpu-specs/xeon-gold-5318h.c2456,https://www.cpubenchmark.net/cpu_lookup.php?cpu=Intel+Xeon+Gold+5318H+%40+2.50GHz&id=6196,xeongold5318h
Intel,Xeon Platinum 8376H,Cooper Lake-SP,28,56,2.6,4.3,Socket 4189,14,38,205,Apr 2021,2021-04-01,,,,,,https://www.techpowerup.com/cpu-specs/xeon-platinum-8376h.c2462,,xeonplatinum8376h
AMD,A6-3430MX,Llano,4,4,1.7,2.4,Socket FS1,32,,45,Dec 2011,2011-12-01,,,,,,https://www.techpowerup.com/cpu-specs/a6-3430mx.c893,,a63430mx
AMD,A6-6400B,Richland,2,2,3.9,4.1,Socket FM2,32,,65,Jun 2013,2013-06-01,,,,,,https://www.techpowerup.com/cpu-specs/a6-6400b.c2648,,a66400b
AMD,Athlon II X4 615e,Propus,4,4,2.5,,Socket AM3,45,,45,Sep 2010,2010-09-01,,,,,,https://www.techpowerup.com/cpu-specs/athlon-ii-x4-615e.c781,,athloniix4615e
AMD,Athlon X2 450,Kaveri,2,2,3.5,3.9,Socket FM2+,28,,65,Jul 2014,2014-07-01,,,,,,https://www.techpowerup.com/cpu-specs/athlon-x2-450.c2636,,athlonx2450
AMD,Duron 900,Morgan,1,1,0.9,,Socket A,180,,43,May 2001,2001-05-01,,,,,,https://www.techpowerup.com/cpu-specs/duron-900.c3978,,duron900
AMD,EPYC Embedded 2435,Grado,8,16,2.8,4.5,Socket FL1,4,32,45,Dec 2025,2025-12-01,,,,,,https://www.techpowerup.com/cpu-specs/epyc-embedded-2435.c4298,,epycembedded2435
AMD,Opteron 6220,Interlagos,8,8,3.0,3.6,Socket G34,32,8,115,Nov 2011,2011-11-01,4753,,,,852.1,https://www.techpowerup.com/cpu-specs/opteron-6220.c4187,https://www.cpubenchmark.net/cpu.php?cpu=AMD+Opteron+6220&id=1980,opteron6220
AMD,Opteron 6238,Interlagos,12,12,2.6,3.2,Socket G34,32,8,115,Nov 2011,2011-11-01,5625,,,,439.96,https://www.techpowerup.com/cpu-specs/opteron-6238.c4184,https://www.cpubenchmark.net/cpu.php?cpu=AMD+Opteron+6238&id=2445,opteron6238
AMD,Ryzen Embedded 5800E,Vermeer,8,16,3.4,3.7,Socket AM4,7,32,100,Apr 2023,2023-04-01,,,,,,https://www.techpowerup.com/cpu-specs/ryzen-embedded-5800e.c3210,,ryzenembedded5800e
Intel,Core 2 Duo E8190,Wolfdale,2,2,2.667,,Socket 775,45,,65,Jan 2008,2008-01-01,,,,,,https://www.techpowerup.com/cpu-specs/core-2-duo-e8190.c622,,core2duoe8190
Intel,Core i3-5020U,Broadwell-U,2,4,2.2,,BGA 1168,14,3,15,Mar 2015,2015-03-01,2207,1257,3683,4.81,459.0,https://www.techpowerup.com/cpu-specs/core-i3-5020u.c2691,https://www.cpubenchmark.net/cpu_lookup.php?cpu=Intel+Core+i3-5020U+%40+2.20GHz&id=2597,corei35020u
Intel,Core i5-11600T,Rocket Lake,6,12,1.7,4.1,Socket 1200,14,12,35,Mar 2021,2021-03-01,14649,,1379,68.77,213.0,https://www.techpowerup.com/cpu-specs/core-i5-11600t.c2403,https://www.cpubenchmark.net/cpu_lookup.php?cpu=Intel+Core+i5-11600T+%40+1.70GHz&id=4607,corei511600t
Intel,Core i5-12500TE,Alder Lake-S,6,12,1.9,4.3,Socket 1700,10,18,35,Jan 2022,2022-01-01,15533,3100,1316,75.77,205.0,https://www.techpowerup.com/cpu-specs/core-i5-12500te.c2555,https://www.cpubenchmark.net/cpu_lookup.php?cpu=Intel+Core+i5-12500TE&id=4957,corei512500te
Intel,Core i5-13400E,Raptor Lake-S,10,16,2.4,4.6,Socket 1700,10,20,65,Jan 2023,2023-01-01,27000,,692,,,https://www.techpowerup.com/cpu-specs/core-i5-13400e.c3079,https://www.cpubenchmark.net/cpu_lookup.php?cpu=Intel+Core+i5-13400E&id=6380,corei513400e
Intel,Core i5-1345UE,Raptor Lake-U,10,12,1.4,4.6,BGA 1744,10,12,15,Jan 2023,2023-01-01,9577,,1772,30.7,312.0,https://www.techpowerup.com/cpu-specs/core-i5-1345ue.c3068,https://www.cpubenchmark.net/cpu_lookup.php?cpu=Intel+Core+i5-1345UE&id=6500,corei51345ue
Intel,Core i5-580M,Arrandale,2,4,2.667,3.333,BGA 1288,32,3,35,Sep 2010,2010-09-01,1997,1311,3824,19.98,99.95,https://www.techpowerup.com/cpu-specs/core-i5-580m.c4366,https://www.cpubenchmark.net/cpu_lookup.php?cpu=Intel+Core+i5-580M+%40+2.67GHz&id=781,corei5580m
Intel,Core i7-4950HQ,Crystalwell,4,8,2.4,3.6,BGA 1364,22,6,47,Jun 2013,2013-06-01,,,,,,https://www.techpowerup.com/cpu-specs/core-i7-4950hq.c1576,,corei74950hq
Intel,Core i7-8670,Coffee Lake,6,12,3.1,4.4,Socket 1151,14,12,65,Jan 2018,2018-01-01,,,,,,https://www.techpowerup.com/cpu-specs/core-i7-8670.c2012,,corei78670
Intel,Core i7-9850HL,Coffee Lake-HR,6,12,1.9,4.1,BGA 1440,14,9,25,Jun 2019,2019-06-01,7897,1723,1962,19.99,395.0,https://www.techpowerup.com/cpu-specs/core-i7-9850hl.c2294,https://www.cpubenchmark.net/cpu_lookup.php?cpu=Intel+Core+i7-9850HL+%40+1.90GHz&id=3621,corei79850hl
Intel,Core i9-10900TE,Comet Lake,10,20,1.8,4.5,Socket 1200,14,20,35,Apr 2020,2020-04-01,14171,,1407,31.92,444.0,https://www.techpowerup.com/cpu-specs/core-i9-10900te.c3742,https://www.cpubenchmark.net/cpu_lookup.php?cpu=Intel+Core+i9-10900TE+%40+1.80GHz&id=4213,corei910900te
Intel,Mobile Pentium III 700,Coppermine,1,1,0.7,,Socket 495,180,,15,Apr 2000,2000-04-01,,,,,,https://www.techpowerup.com/cpu-specs/mobile-pentium-iii-700.c3636,,mobilepentiumiii700
Intel,Pentium 1403 V2,Ivy Bridge-EN,2,2,2.6,,Socket 1356,22,6,80,Jan 2014,2014-01-01,2284,,3632,,,https://www.techpowerup.com/cpu-specs/pentium-1403-v2.c3179,https://www.cpubenchmark.net/cpu_lookup.php?cpu=Intel+Pentium+1403+v2+%40+2.60GHz&id=3322,pentium1403v2
Intel,Pentium 4 HT 662,Prescott,1,2,3.6,,Socket 775,90,,84,Nov 2005,2005-11-01,,,,,,https://www.techpowerup.com/cpu-specs/pentium-4-ht-662.c1097,,pentium4ht662
Intel,Processor U303L,Raptor Lake-PS,5,6,1.2,2.6,Socket 1700,10,12,15,Apr 2024,2024-04-01,,,,,,https://www.techpowerup.com/cpu-specs/processor-u303l.c4116,,processoru303l
Intel,Xeon 3.0,Irwindale,1,1,3.0,,Socket 604,90,,135,Feb 2005,2005-02-01,,,,,,https://www.techpowerup.com/cpu-specs/xeon-3-0.c246,,xeon30
Intel,Xeon 6706P-B,Granite Rapids,40,80,2.5,3.5,BGA 4368,5,160,235,Feb 2025,2025-02-01,,,,,,https://www.techpowerup.com/cpu-specs/xeon-6706p-b.c4084,,xeon6706pb
Intel,Xeon E-2374G,Rocket Lake-E,4,8,3.7,5.0,Socket 1200,14,8,80,Sep 2021,2021-09-01,13336,,1472,39.22,339.99,https://www.techpowerup.com/cpu-specs/xeon-e-2374g.c2498,https://www.cpubenchmark.net/cpu_lookup.php?cpu=Intel+Xeon+E-2374G+%40+3.70GHz&id=4672,xeone2374g
Intel,Xeon E5-2652 v3,Haswell-EP,10,20,2.3,2.8,Socket 2011-3,22,25,105,Sep 2014,2014-09-01,,,,,,https://www.techpowerup.com/cpu-specs/xeon-e5-2652-v3.c2873,,xeone52652v3
Intel,Xeon Gold 6328H,Cooper Lake-SP,16,32,2.8,4.3,Socket 4189,14,22,165,Apr 2021,2021-04-01,,,,,,https://www.techpowerup.com/cpu-specs/xeon-gold-6328h.c2457,,xeongold6328h
Intel,Xeon Max 9460,Sapphire Rapids HBM,40,80,2.2,3.5,Socket 4677,10,97,350,Jan 2023,2023-01-01,,,,,,https://www.techpowerup.com/cpu-specs/xeon-max-9460.c3087,,xeonmax9460
Intel,Xeon Platinum 9221,Cascade Lake-AP,32,64,2.1,3.7,BGA 5903,14,71,250,Apr 2019,2019-04-01,,,,,,https://www.techpowerup.com/cpu-specs/xeon-platinum-9221.c2168,,xeonplatinum9221
AMD,A6-7470K,Godaveri,2,2,3.7,4.0,Socket FM2+,28,,65,Feb 2016,2016-02-01,,,,,,https://www.techpowerup.com/cpu-specs/a6-7470k.c2628,,a67470k
AMD,Athlon 64 4000+,San Diego,1,1,2.4,,Socket 939,90,,89,May 2005,2005-05-01,,,,,,https://www.techpowerup.com/cpu-specs/athlon-64-4000.c36,,athlon644000
AMD,Athlon II X2 250e,Regor,2,2,3.0,,Socket AM3,45,,45,Sep 2010,2010-09-01,,,,,,https://www.techpowerup.com/cpu-specs/athlon-ii-x2-250e.c1529,,athloniix2250e
AMD,Athlon II X3 425e,Rana,3,3,2.7,,Socket AM3,45,,45,May 2011,2011-05-01,,,,,,https://www.techpowerup.com/cpu-specs/athlon-ii-x3-425e.c767,,athloniix3425e
AMD,Duron 1100,Morgan,1,1,1.1,,Socket A,180,,50,Oct 2001,2001-10-01,,,,,,https://www.techpowerup.com/cpu-specs/duron-1100.c3981,,duron1100
AMD,EPYC Embedded 9555P,Turin,64,128,3.2,4.4,Socket SP5,4,256,360,Mar 2025,2025-03-01,,,,,,https://www.techpowerup.com/cpu-specs/epyc-embedded-9555p.c4523,,epycembedded9555p
AMD,K6-2+ 475ACZM,Sharptooth,1,1,0.475,,Super Socket 7,180,,13,Apr 2000,2000-04-01,,,,,,https://www.techpowerup.com/cpu-specs/k6-2-475aczm.c3748,,k62475aczm
Intel,Atom x6414RE,Elkhart Lake,4,4,1.5,,BGA 1493,10,,9,Jan 2021,2021-01-01,2128,,3737,38.69,55.0,https://www.techpowerup.com/cpu-specs/atom-x6414re.c4288,https://www.cpubenchmark.net/cpu_lookup.php?cpu=Intel+Atom+x6414RE+%40+1.50GHz&id=5420,atomx6414re
Intel,Atom Z510,Silverthorne,1,1,1.1,,BGA 441,45,,2,Apr 2008,2008-04-01,127,,5966,2.81,45.0,https://www.techpowerup.com/cpu-specs/atom-z510.c1417,https://www.cpubenchmark.net/cpu_lookup.php?cpu=Intel+Atom+Z510+%40+1.10GHz&id=624,atomz510
Intel,Core i5-3340M,Ivy Bridge,2,4,2.7,3.4,BGA 1023,22,3,35,Jan 2013,2013-01-01,2675,1633,3384,25.48,105.0,https://www.techpowerup.com/cpu-specs/core-i5-3340m.c1511,https://www.cpubenchmark.net/cpu_lookup.php?cpu=Intel+Core+i5-3340M+%40+2.70GHz&id=1889,corei53340m
Intel,Core i7-3720QM,Ivy Bridge,4,8,2.6,3.6,BGA 1224,22,6,45,Apr 2012,2012-04-01,5551,1830,2439,55.54,99.95,https://www.techpowerup.com/cpu-specs/core-i7-3720qm.c1012,https://www.cpubenchmark.net/cpu_lookup.php?cpu=Intel+Core+i7-3720QM+%40+2.60GHz&id=895,corei73720qm
Intel,Mobile Pentium III 450 MMC,Coppermine,1,1,0.45,,MMC-2,180,,15,Oct 1999,1999-10-01,,,,,,https://www.techpowerup.com/cpu-specs/mobile-pentium-iii-450-mmc.c3647,,mobilepentiumiii450mmc
Intel,Pentium 1405 V2,Ivy Bridge-EN,2,2,1.4,,Socket 1356,22,6,40,Jan 2014,2014-01-01,,,,,,https://www.techpowerup.com/cpu-specs/pentium-1405-v2.c3180,,pentium1405v2
Intel,Xeon 3.6,Nocona,1,1,3.6,,Socket 604,90,,135,Jun 2004,2004-06-01,,,,,,https://www.techpowerup.com/cpu-specs/xeon-3-6.c247,,xeon36
Intel,Xeon 5030,Dempsey,2,4,2.667,,Socket 771,65,,95,May 2006,2006-05-01,,,,,,https://www.techpowerup.com/cpu-specs/xeon-5030.c383,,xeon5030
Intel,Xeon D-1527,Broadwell,4,8,2.2,2.7,BGA 1667,14,1,35,Nov 2015,2015-11-01,4914,,2591,23.07,213.0,https://www.techpowerup.com/cpu-specs/xeon-d-1527.c2710,https://www.cpubenchmark.net/cpu_lookup.php?cpu=Intel+Xeon+D-1527+%40+2.20GHz&id=3784,xeond1527
Intel,Xeon D-1528,Broadwell,6,12,1.9,2.5,BGA 1667,14,1,35,Nov 2015,2015-11-01,6823,1487,2147,,,https://www.techpowerup.com/cpu-specs/xeon-d-1528.c2711,https://www.cpubenchmark.net/cpu_lookup.php?cpu=Intel+Xeon+D-1528+%40+1.90GHz&id=2764,xeond1528
Intel,Xeon E5-2403 v2,Ivy Bridge-EN,4,4,1.8,,Socket 1356,22,10,80,Sep 2013,2013-09-01,2594,,3432,4.79,541.0,https://www.techpowerup.com/cpu-specs/xeon-e5-2403-v2.c1675,https://www.cpubenchmark.net/cpu_lookup.php?cpu=Intel+Xeon+E5-2403+v2+%40+1.80GHz&id=2519,xeone52403v2
Intel,Xeon E5-2440 v2,Ivy Bridge-EN,8,16,1.9,,Socket 1356,22,20,95,Sep 2013,2013-09-01,7618,,2002,58.63,129.95,https://www.techpowerup.com/cpu-specs/xeon-e5-2440-v2.c1679,https://www.cpubenchmark.net/cpu_lookup.php?cpu=Intel+Xeon+E5-2440+v2+%40+1.90GHz&id=2411,xeone52440v2
Intel,Xeon E5-2628L v3,Haswell-EP,10,20,2.0,2.5,Socket 2011-3,22,25,75,Sep 2014,2014-09-01,9949,,1734,,,https://www.techpowerup.com/cpu-specs/xeon-e5-2628l-v3.c2870,https://www.cpubenchmark.net/cpu_lookup.php?cpu=Intel+Xeon+E5-2628L+v3+%40+2.00GHz&id=2560,xeone52628lv3
Intel,Xeon E7-2870,Westmere-EX,10,20,2.4,2.8,Socket 1567,32,30,130,Apr 2011,2011-04-01,,,,,,https://www.techpowerup.com/cpu-specs/xeon-e7-2870.c3945,,xeone72870
Intel,Xeon E7-4830,Westmere-EX,8,16,2.133,2.4,Socket 1567,32,24,105,Apr 2011,2011-04-01,,,,,,https://www.techpowerup.com/cpu-specs/xeon-e7-4830.c3952,,xeone74830
Intel,Xeon W-11865MLE,Tiger Lake-H,8,16,1.5,4.5,BGA 1787,10,24,25,Aug 2021,2021-08-01,15917,,1295,34.08,467.0,https://www.techpowerup.com/cpu-specs/xeon-w-11865mle.c4249,https://www.cpubenchmark.net/cpu_lookup.php?cpu=Intel+Xeon+W-11865MLE+%40+1.50GHz&id=4900,xeonw11865mle
Intel,Xeon X5672,Westmere-EP,4,8,3.2,3.6,Socket 1366,32,12,95,Feb 2011,2011-02-01,5036,,2566,111.94,44.99,https://www.techpowerup.com/cpu-specs/xeon-x5672.c938,https://www.cpubenchmark.net/cpu_lookup.php?cpu=Intel+Xeon+X5672+%40+3.20GHz&id=1308,xeonx5672
AMD,A8-3510MX,Llano,4,4,1.8,2.5,Socket FS1,32,,45,Jun 2011,2011-06-01,,,,,,https://www.techpowerup.com/cpu-specs/a8-3510mx.c895,,a83510mx
AMD,Athlon 64 LE-1640B,Lima,1,1,2.7,,Socket AM2,65,,45,Apr 2008,2008-04-01,,,,,,https://www.techpowerup.com/cpu-specs/athlon-64-le-1640b.c2151,,athlon64le1640b
AMD,Athlon 64 LE-1660,Lima,1,1,2.8,,Socket AM2,65,,45,May 2008,2008-05-01,,,,,,https://www.techpowerup.com/cpu-specs/athlon-64-le-1660.c586,,athlon64le1660
AMD,Athlon 64 X2 3600+ EE,Windsor,2,2,2.0,,Socket AM2,90,,65,Aug 2006,2006-08-01,,,,,,https://www.techpowerup.com/cpu-specs/athlon-64-x2-3600-ee.c361,,athlon64x23600ee
AMD,Athlon 64 X2 4600+,Brisbane,2,2,2.4,,Socket AM2,65,,65,Apr 2008,2008-04-01,,,,,,https://www.techpowerup.com/cpu-specs/athlon-64-x2-4600.c589,,athlon64x24600
AMD,EPYC 8435P,Sorano,48,96,2.45,4.5,Socket SP6,4,256,200,May 2026,2026-05-01,,,,,,https://www.techpowerup.com/cpu-specs/epyc-8435p.c4415,,epyc8435p
AMD,Opteron 1381,Suzuka,4,4,2.5,,Socket AM3,45,6,115,Jun 2009,2009-06-01,,,,,,https://www.techpowerup.com/cpu-specs/opteron-1381.c3857,,opteron1381
AMD,Turion 64 ML-37,Lancaster,1,1,2.0,,Socket 754,90,,35,Mar 2005,2005-03-01,,,,,,https://www.techpowerup.com/cpu-specs/turion-64-ml-37.c136,,turion64ml37
Intel,Atom x7203C,Amston Lake,2,2,2.0,3.2,BGA 1264,10,6,9,Apr 2024,2024-04-01,,,,,,https://www.techpowerup.com/cpu-specs/atom-x7203c.c3725,,atomx7203c
Intel,Core i3-12100E,Alder Lake-S,4,8,3.2,4.2,Socket 1700,10,12,60,Jan 2022,2022-01-01,13599,,1454,47.56,285.94,https://www.techpowerup.com/cpu-specs/core-i3-12100e.c2542,https://www.cpubenchmark.net/cpu_lookup.php?cpu=Intel+Core+i3-12100E&id=5576,corei312100e
Intel,Core i3-3120M,Ivy Bridge,2,4,2.5,,BGA 1023,22,3,35,Sep 2012,2012-09-01,1699,1258,4048,15.45,109.95,https://www.techpowerup.com/cpu-specs/core-i3-3120m.c1379,https://www.cpubenchmark.net/cpu_lookup.php?cpu=Intel+Core+i3-3120M+%40+2.50GHz&id=1442,corei33120m
Intel,Core i3-4100E,Haswell,2,4,2.4,,BGA 1364,22,3,37,Sep 2013,2013-09-01,1848,,3933,8.22,225.0,https://www.techpowerup.com/cpu-specs/core-i3-4100e.c1729,https://www.cpubenchmark.net/cpu_lookup.php?cpu=Intel+Core+i3-4100E+%40+2.40GHz&id=4636,corei34100e
Intel,Core i7-1375PRE,Raptor Lake-P,14,20,1.9,4.8,BGA 1744,10,24,28,Jan 2023,2023-01-01,,,,,,https://www.techpowerup.com/cpu-specs/core-i7-1375pre.c3594,,corei71375pre
Intel,Core i7-3610QE,Ivy Bridge,4,8,2.3,3.3,Socket G2 (988B),22,6,45,Apr 2012,2012-04-01,5333,1675,2491,,,https://www.techpowerup.com/cpu-specs/core-i7-3610qe.c1019,https://www.cpubenchmark.net/cpu_lookup.php?cpu=Intel+Core+i7-3610QE+%40+2.30GHz&id=1792,corei73610qe
Intel,Core i7-620LE,Arrandale,2,4,2.0,2.8,BGA 1288,32,4,25,Jan 2010,2010-01-01,,,,,,https://www.techpowerup.com/cpu-specs/core-i7-620le.c3218,,corei7620le
Intel,Pentium 4 HT 551,Prescott,1,2,3.4,,Socket 775,90,,115,Jun 2005,2005-06-01,,,,,,https://www.techpowerup.com/cpu-specs/pentium-4-ht-551.c304,,pentium4ht551
Intel,Pentium Gold G6405T,Comet Lake-R,2,4,3.5,,Socket 1200,14,4,35,Mar 2021,2021-03-01,3128,,3156,48.87,64.0,https://www.techpowerup.com/cpu-specs/pentium-gold-g6405t.c2420,https://www.cpubenchmark.net/cpu_lookup.php?cpu=Intel+Pentium+Gold+G6405T+%40+3.50GHz&id=4368,pentiumgoldg6405t
Intel,Xeon 2.8,Prestonia,1,1,2.79,,Socket 604,130,,89,Sep 2002,2002-09-01,,,,,,https://www.techpowerup.com/cpu-specs/xeon-2-8.c255,,xeon28
Intel,Xeon E-2226GE,Coffee Lake-S WS,6,6,3.4,4.6,Socket 1151,14,12,80,Jun 2019,2019-06-01,9620,,1769,33.64,286.0,https://www.techpowerup.com/cpu-specs/xeon-e-2226ge.c3485,https://www.cpubenchmark.net/cpu_lookup.php?cpu=Intel+Xeon+E-2226GE+%40+3.40GHz&id=6761,xeone2226ge
Intel,Xeon E3-1585L v5,Skylake-H,4,8,3.0,3.7,BGA 1440,14,8,45,May 2016,2016-05-01,8092,,1932,18.18,445.0,https://www.techpowerup.com/cpu-specs/xeon-e3-1585l-v5.c3241,https://www.cpubenchmark.net/cpu_lookup.php?cpu=Intel+Xeon+E3-1585L+v5+%40+3.00GHz&id=3277,xeone31585lv5
Intel,Xeon E7-4820 v3,Haswell-EX,10,20,1.9,,Socket 2011-1,22,25,115,Jun 2015,2015-06-01,,,,,,https://www.techpowerup.com/cpu-specs/xeon-e7-4820-v3.c1822,,xeone74820v3
Intel,Xeon E7-8867 v3,Haswell-EX,16,32,2.5,3.3,Socket 2011-1,22,45,165,Jun 2015,2015-06-01,,,,,,https://www.techpowerup.com/cpu-specs/xeon-e7-8867-v3.c2339,,xeone78867v3
Intel,Xeon Phi 7290F,Knights Landing,72,288,1.5,1.7,Socket 3647,14,,260,Jun 2016,2016-06-01,,,,,,https://www.techpowerup.com/cpu-specs/xeon-phi-7290f.c2048,,xeonphi7290f
Intel,Xeon Platinum 8352M,Ice Lake-SP,32,64,2.3,3.5,Socket 4189,10,48,185,Apr 2021,2021-04-01,,,,,,https://www.techpowerup.com/cpu-specs/xeon-platinum-8352m.c2431,,xeonplatinum8352m
Intel,Xeon Platinum 8461V,Sapphire Rapids,48,96,2.2,3.7,Socket 4677,10,97,300,Jan 2023,2023-01-01,74982,,104,16.7,4491.0,https://www.techpowerup.com/cpu-specs/xeon-platinum-8461v.c3093,https://www.cpubenchmark.net/cpu_lookup.php?cpu=Intel+Xeon+Platinum+8461V&id=5664,xeonplatinum8461v
Intel,Xeon W-3365,Ice Lake-W,32,64,2.7,4.0,Socket 4189,10,48,270,Jul 2021,2021-07-01,57312,,211,14.88,3851.0,https://www.techpowerup.com/cpu-specs/xeon-w-3365.c2488,https://www.cpubenchmark.net/cpu_lookup.php?cpu=Intel+Xeon+W-3365+%40+2.70GHz&id=5193,xeonw3365
AMD,A10-6790B,Richland,4,4,4.0,4.3,Socket FM2,32,,100,Oct 2013,2013-10-01,,,,,,https://www.techpowerup.com/cpu-specs/a10-6790b.c2641,,a106790b
AMD,Athlon 64 FX-76,Windsor,2,2,3.2,,Socket F,90,,125,Unreleased,,,,,,,https://www.techpowerup.com/cpu-specs/athlon-64-fx-76.c408,,athlon64fx76
AMD,Duron 650,Spitfire,1,1,0.65,,Socket A,180,,29,Jun 2000,2000-06-01,,,,,,https://www.techpowerup.com/cpu-specs/duron-650.c3971,,duron650
AMD,Opteron 144,San Diego,1,1,1.8,,Socket 939,90,,85,Aug 2005,2005-08-01,,,,,,https://www.techpowerup.com/cpu-specs/opteron-144.c1151,,opteron144
AMD,Phenom II X2 B57,Callisto,2,2,3.2,,Socket AM3,45,6,80,May 2010,2010-05-01,,,,,,https://www.techpowerup.com/cpu-specs/phenom-ii-x2-b57.c765,,phenomiix2b57
Intel,Atom Z670,Lincroft,1,1,1.5,,BGA 518,45,,3,Apr 2011,2011-04-01,158,95,5912,,,https://www.techpowerup.com/cpu-specs/atom-z670.c1435,https://www.cpubenchmark.net/cpu_lookup.php?cpu=Intel+Atom+Z670+%40+1.50GHz&id=630,atomz670
Intel,Celeron 2980U,Haswell,2,2,1.6,,Socket G3,22,2,15,Sep 2013,2013-09-01,1082,932,4592,,,https://www.techpowerup.com/cpu-specs/celeron-2980u.c1723,https://www.cpubenchmark.net/cpu_lookup.php?cpu=Intel+Celeron+2980U+%40+1.60GHz&id=2369,celeron2980u
Intel,Core i3-4100U,Haswell,2,4,1.8,,BGA 1168,22,3,15,Jun 2013,2013-06-01,1926,1049,3870,,,https://www.techpowerup.com/cpu-specs/core-i3-4100u.c1608,https://www.cpubenchmark.net/cpu_lookup.php?cpu=Intel+Core+i3-4100U+%40+1.80GHz&id=7140,corei34100u
Intel,Core i5-4288U,Haswell,2,4,2.6,3.1,BGA 1168,22,3,28,Jun 2013,2013-06-01,2632,1600,3407,,,https://www.techpowerup.com/cpu-specs/core-i5-4288u.c1605,https://www.cpubenchmark.net/cpu_lookup.php?cpu=Intel+Core+i5-4288U+%40+2.60GHz&id=2074,corei54288u
Intel,Core i7-3540M,Ivy Bridge,2,4,3.0,3.7,Socket G2 (988B),22,4,35,Jan 2013,2013-01-01,2973,1784,3243,27.53,108.02,https://www.techpowerup.com/cpu-specs/core-i7-3540m.c1521,https://www.cpubenchmark.net/cpu_lookup.php?cpu=Intel+Core+i7-3540M+%40+3.00GHz&id=1857,corei73540m
Intel,Core i7-4702HQ,Crystalwell,4,8,2.2,3.2,BGA 1364,22,6,37,May 2013,2013-05-01,5368,1677,2479,,,https://www.techpowerup.com/cpu-specs/core-i7-4702hq.c1596,https://www.cpubenchmark.net/cpu_lookup.php?cpu=Intel+Core+i7-4702HQ+%40+2.20GHz&id=2046,corei74702hq
Intel,Mobile Pentium 4 HT 3.20,Northwood,1,2,3.2,,Socket 478,130,,76,Sep 2003,2003-09-01,,,,,,https://www.techpowerup.com/cpu-specs/mobile-pentium-4-ht-3-20.c1254,,mobilepentium4ht320
Intel,Pentium 2117U,Ivy Bridge,2,2,1.8,,BGA 1023,22,2,17,Sep 2012,2012-09-01,1014,918,4677,7.57,134.0,https://www.techpowerup.com/cpu-specs/pentium-2117u.c1304,https://www.cpubenchmark.net/cpu_lookup.php?cpu=Intel+Pentium+2117U+%40+1.80GHz&id=1872,pentium2117u
Intel,Pentium III 1133,Tualatin,1,1,1.133,,Socket 370,130,,29,Jul 2001,2001-07-01,185,,5854,,,https://www.techpowerup.com/cpu-specs/pentium-iii-1133.c1284,https://www.cpubenchmark.net/cpu_lookup.php?cpu=Intel+Pentium+III+1133+%40+1133MHz&id=1694,pentiumiii1133
Intel,Pentium III Xeon 900 2.8V,Cascades-2M,1,1,0.9,,Slot 2,180,,36,Mar 2001,2001-03-01,,,,,,https://www.techpowerup.com/cpu-specs/pentium-iii-xeon-900-2-8v.c2987,,pentiumiiixeon90028v
Intel,Xeon 3.06,Gallatin,1,1,3.066,,Socket 604,130,2,97,Jul 2003,2003-07-01,,,,,,https://www.techpowerup.com/cpu-specs/xeon-3-06.c299,,xeon306
Intel,Xeon D-2796TE,Ice Lake-D,20,40,2.0,3.1,BGA 2579,10,30,118,Feb 2022,2022-02-01,26479,,716,12.12,2184.0,https://www.techpowerup.com/cpu-specs/xeon-d-2796te.c3868,https://www.cpubenchmark.net/cpu_lookup.php?cpu=Intel+Xeon+D-2796TE+%40+2.00GHz&id=5075,xeond2796te
Intel,Xeon E5-2622 v3,Haswell-EP,8,16,2.4,3.4,Socket 2011-3,22,20,85,Sep 2014,2014-09-01,,,,,,https://www.techpowerup.com/cpu-specs/xeon-e5-2622-v3.c2863,,xeone52622v3
Intel,Xeon E7-4830 v3,Haswell-EX,12,24,2.1,2.7,Socket 2011-1,22,30,115,Jun 2015,2015-06-01,,,,,,https://www.techpowerup.com/cpu-specs/xeon-e7-4830-v3.c1823,,xeone74830v3
Intel,Xeon E7-4850,Westmere-EX,10,20,2.0,2.4,Socket 1567,32,24,130,Apr 2011,2011-04-01,,,,,,https://www.techpowerup.com/cpu-specs/xeon-e7-4850.c3948,,xeone74850
Intel,Xeon Gold 5320H,Cooper Lake-SP,20,40,2.4,4.2,Socket 4189,14,27,150,Apr 2021,2021-04-01,31718,,516,20.4,1555.0,https://www.techpowerup.com/cpu-specs/xeon-gold-5320h.c2470,https://www.cpubenchmark.net/cpu_lookup.php?cpu=Intel+Xeon+Gold+5320H+%40+2.40GHz&id=6195,xeongold5320h
Intel,Xeon LC5528,Jasper Forest,4,8,2.133,2.533,Socket 1366,45,8,60,Feb 2010,2010-02-01,,,,,,https://www.techpowerup.com/cpu-specs/xeon-lc5528.c3924,,xeonlc5528
Intel,Xeon Silver 4310T,Ice Lake-SP,10,20,2.3,3.4,Socket 4189,10,15,105,Apr 2021,2021-04-01,20641,,981,15.66,1318.04,https://www.techpowerup.com/cpu-specs/xeon-silver-4310t.c2455,https://www.cpubenchmark.net/cpu_lookup.php?cpu=Intel+Xeon+Silver+4310T+%40+2.30GHz&id=4534,xeonsilver4310t
Intel,Xeon W-3335,Ice Lake-W,16,32,3.4,4.0,Socket 4189,10,24,250,Jul 2021,2021-07-01,39293,,387,30.25,1299.0,https://www.techpowerup.com/cpu-specs/xeon-w-3335.c2490,https://www.cpubenchmark.net/cpu_lookup.php?cpu=Intel+Xeon+W-3335+%40+3.40GHz&id=4822,xeonw3335
Intel,Xeon W-3345,Ice Lake-W,24,48,3.0,4.0,Socket 4189,10,36,250,Jul 2021,2021-07-01,48140,,293,19.26,2499.0,https://www.techpowerup.com/cpu-specs/xeon-w-3345.c2489,https://www.cpubenchmark.net/cpu_lookup.php?cpu=Intel+Xeon+W-3345+%40+3.00GHz&id=4996,xeonw3345
AMD,A6-9230 SoC,Stoney Ridge,2,2,2.6,2.8,Socket FT4,28,,25,May 2016,2016-05-01,,,,,,https://www.techpowerup.com/cpu-specs/a6-9230-soc.c3699,,a69230
AMD,Athlon 64 3400+,Clawhammer,1,1,2.2,,Socket 754,130,,89,Jan 2004,2004-01-01,,,,,,https://www.techpowerup.com/cpu-specs/athlon-64-3400.c50,,athlon643400
AMD,Athlon 64 LE-1640,Lima,1,1,2.7,,Socket AM2,65,,45,Apr 2008,2008-04-01,,,,,,https://www.techpowerup.com/cpu-specs/athlon-64-le-1640.c585,,athlon64le1640
AMD,Athlon XP-M 2800+,Barton,1,1,2.133,,Socket A,130,,55,Jul 2004,2004-07-01,,,,,,https://www.techpowerup.com/cpu-specs/athlon-xp-m-2800.c2825,,athlonxpm2800
AMD,Phenom X3 8750 BE,Toliman,3,3,2.4,,Socket AM2+,65,2,95,Sep 2008,2008-09-01,,,,,,https://www.techpowerup.com/cpu-specs/phenom-x3-8750-be.c515,,phenomx38750be
AMD,Ryzen 3 5425C,Cezanne-U,4,8,2.7,4.1,Socket FP6,7,8,15,May 2022,2022-05-01,,,,,,https://www.techpowerup.com/cpu-specs/ryzen-3-5425c.c2784,,ryzen35425c
AMD,Ryzen AI Embedded P185i,Gorgon Point,12,24,2.0,5.1,Socket FP8,4,16,28,Mar 2026,2026-03-01,,,,,,https://www.techpowerup.com/cpu-specs/ryzen-ai-embedded-p185i.c4363,,ryzenaiembeddedp185i
AMD,Ryzen Embedded 7745,Raphael,8,16,3.8,5.3,Socket AM5,5,32,65,Nov 2023,2023-11-01,,,,,,https://www.techpowerup.com/cpu-specs/ryzen-embedded-7745.c4179,,ryzenembedded7745
AMD,Sempron 2800+,Thoroughbred,1,1,1.992,,Socket A,130,,62,Jul 2004,2004-07-01,,,,,,https://www.techpowerup.com/cpu-specs/sempron-2800.c163,,sempron2800
AMD,Sempron X2 2200,Brisbane,2,2,2.0,,Socket AM2,65,,65,Mar 2008,2008-03-01,,,,,,https://www.techpowerup.com/cpu-specs/sempron-x2-2200.c570,,sempronx22200
Intel,Atom CE4100,Sodaville,1,1,1.2,,BGA 951,45,,7,Sep 2009,2009-09-01,,,,,,https://www.techpowerup.com/cpu-specs/atom-ce4100.c1438,,atomce4100
Intel,Atom Z550,Silverthorne,1,2,2.0,,BGA 441,45,,2,Apr 2009,2009-04-01,248,,5724,,,https://www.techpowerup.com/cpu-specs/atom-z550.c1426,https://www.cpubenchmark.net/cpu_lookup.php?cpu=Intel+Atom+Z550+%40+2.00GHz&id=628,atomz550
Intel,Celeron 807,Sandy Bridge,1,1,1.5,,BGA 1023,32,1,17,Jul 2012,2012-07-01,392,608,5462,,,https://www.techpowerup.com/cpu-specs/celeron-807.c1333,https://www.cpubenchmark.net/cpu_lookup.php?cpu=Intel+Celeron+807+%40+1.50GHz&id=2446,celeron807
Intel,Celeron D 340,Prescott,1,1,2.93,,Socket 775,90,,84,Sep 2004,2004-09-01,,,,,,https://www.techpowerup.com/cpu-specs/celeron-d-340.c12,,celerond340
Intel,Core 5 223PTE,Bartlett Lake,8,16,2.3,5.4,Socket 1700,10,24,45,Mar 2026,2026-03-01,,,,,,https://www.techpowerup.com/cpu-specs/core-5-223pte.c4387,,core5223pte
Intel,Core i3-2102,Sandy Bridge,2,4,3.1,,Socket 1155,32,3,65,Jun 2011,2011-06-01,2029,,3798,34.98,58.0,https://www.techpowerup.com/cpu-specs/core-i3-2102.c800,https://www.cpubenchmark.net/cpu_lookup.php?cpu=Intel+Core+i3-2102+%40+3.10GHz&id=2728,corei32102
Intel,Core i7-3840QM,Ivy Bridge,4,8,2.8,3.8,BGA 1224,22,8,45,Sep 2012,2012-09-01,5825,1909,2359,10.61,548.87,https://www.techpowerup.com/cpu-specs/core-i7-3840qm.c1082,https://www.cpubenchmark.net/cpu_lookup.php?cpu=Intel+Core+i7-3840QM+%40+2.80GHz&id=900,corei73840qm
Intel,Core i7-4712HQ,Haswell,4,8,2.3,3.3,BGA 1364,22,6,37,Apr 2014,2014-04-01,5309,1718,2498,132.75,39.99,https://www.techpowerup.com/cpu-specs/core-i7-4712hq.c1781,https://www.cpubenchmark.net/cpu_lookup.php?cpu=Intel+Core+i7-4712HQ+%40+2.30GHz&id=2281,corei74712hq
Intel,Core i9-12900E,Alder Lake-S,16,24,2.3,5.0,Socket 1700,10,30,65,Jan 2022,2022-01-01,27682,,666,,,https://www.techpowerup.com/cpu-specs/core-i9-12900e.c2567,https://www.cpubenchmark.net/cpu_lookup.php?cpu=Intel+Core+i9-12900E&id=5053,corei912900e
Intel,Mobile Pentium III 400,Coppermine,1,1,0.4,,Micro-BGA2,180,,10,Oct 1999,1999-10-01,,,,,,https://www.techpowerup.com/cpu-specs/mobile-pentium-iii-400.c3621,,mobilepentiumiii400
Intel,Pentium 4 2.2,Northwood,1,1,2.2,,Socket 478,130,,92,Jan 2002,2002-01-01,,,,,,https://www.techpowerup.com/cpu-specs/pentium-4-2-2.c286,,pentium422
Intel,Pentium Gold G6505T,Comet Lake-R,2,4,3.6,,Socket 1200,14,4,35,Mar 2021,2021-03-01,3698,,2921,41.08,90.0,https://www.techpowerup.com/cpu-specs/pentium-gold-g6505t.c2419,https://www.cpubenchmark.net/cpu_lookup.php?cpu=Intel+Pentium+Gold+G6505T+%40+3.60GHz&id=5120,pentiumgoldg6505t
Intel,Pentium Gold G7400TE,Alder Lake-S,2,4,3.0,,Socket 1700,10,6,35,Jan 2022,2022-01-01,5715,,2386,72.34,79.0,https://www.techpowerup.com/cpu-specs/pentium-gold-g7400te.c2576,https://www.cpubenchmark.net/cpu_lookup.php?cpu=Intel+Pentium+Gold+G7400TE&id=7226,pentiumgoldg7400te
Intel,Xeon 2.8,Paxville,2,2,2.8,,Socket 604,90,,135,Oct 2005,2005-10-01,,,,,,https://www.techpowerup.com/cpu-specs/xeon-2-8.c230,,xeon28
Intel,Xeon 3.4,Irwindale,1,1,3.4,,Socket 604,90,,135,Feb 2005,2005-02-01,,,,,,https://www.techpowerup.com/cpu-specs/xeon-3-4.c244,,xeon34
Intel,Xeon 6726P-B,Granite Rapids,42,84,2.3,3.5,BGA 4368,5,168,235,Feb 2025,2025-02-01,,,,,,https://www.techpowerup.com/cpu-specs/xeon-6726p-b.c4086,,xeon6726pb
Intel,Xeon D-1518,Broadwell,4,8,2.2,,BGA 1667,14,1,35,Mar 2015,2015-03-01,4562,,2661,,,https://www.techpowerup.com/cpu-specs/xeon-d-1518.c2707,https://www.cpubenchmark.net/cpu_lookup.php?cpu=Intel+Xeon+D-1518+%40+2.20GHz&id=2799,xeond1518
Intel,Xeon D-1587,Broadwell,16,32,1.7,2.3,BGA 1667,14,1,65,Feb 2016,2016-02-01,13630,,1453,,,https://www.techpowerup.com/cpu-specs/xeon-d-1587.c2754,https://www.cpubenchmark.net/cpu_lookup.php?cpu=Intel+Xeon+D-1587+%40+1.70GHz&id=2835,xeond1587
Intel,Xeon D-2775TE,Ice Lake-D,16,32,2.0,3.1,BGA 2579,10,25,100,Feb 2022,2022-02-01,27299,,679,15.0,1820.0,https://www.techpowerup.com/cpu-specs/xeon-d-2775te.c3867,https://www.cpubenchmark.net/cpu_lookup.php?cpu=Intel+Xeon+D-2775TE+%40+2.00GHz&id=5675,xeond2775te
Intel,Xeon E3-1505L v5,Skylake-H,4,8,2.0,2.8,BGA 1440,14,8,25,Oct 2015,2015-10-01,5083,1548,2556,,,https://www.techpowerup.com/cpu-specs/xeon-e3-1505l-v5.c3250,https://www.cpubenchmark.net/cpu_lookup.php?cpu=Intel+Xeon+E3-1505L+v5+%40+2.00GHz&id=2980,xeone31505lv5
Intel,Xeon E5-2648L v3,Haswell-EP,12,24,1.8,2.5,Socket 2011-3,22,30,75,Sep 2014,2014-09-01,9847,,1745,16.4,600.53,https://www.techpowerup.com/cpu-specs/xeon-e5-2648l-v3.c2878,https://www.cpubenchmark.net/cpu_lookup.php?cpu=Intel+Xeon+E5-2648L+v3+%40+1.80GHz&id=2748,xeone52648lv3
Intel,Xeon Platinum 8450H,Sapphire Rapids,28,56,2.0,3.5,Socket 4677,10,75,250,Jan 2023,2023-01-01,,,,,,https://www.techpowerup.com/cpu-specs/xeon-platinum-8450h.c3138,,xeonplatinum8450h
AMD,Athlon 64 2800+,Clawhammer,1,1,1.8,,Socket 754,130,,89,Apr 2004,2004-04-01,,,,,,https://www.techpowerup.com/cpu-specs/athlon-64-2800.c320,,athlon642800
AMD,Athlon 64 X2 4600+,Toledo,2,2,2.4,,Socket 939,90,,110,May 2005,2005-05-01,,,,,,https://www.techpowerup.com/cpu-specs/athlon-64-x2-4600.c434,,athlon64x24600
AMD,Athlon 64 X2 5400+ BE,Brisbane,2,2,2.8,,Socket AM2,65,,65,Feb 2008,2008-02-01,,,,,,https://www.techpowerup.com/cpu-specs/athlon-64-x2-5400-be.c491,,athlon64x25400be
AMD,EPYC 8434P,Siena,48,96,2.5,3.1,Socket SP6,5,128,200,Sep 2023,2023-09-01,66490,,,,4298.95,https://www.techpowerup.com/cpu-specs/epyc-8434p.c3290,https://www.cpubenchmark.net/cpu.php?cpu=AMD+EPYC+8434P&id=5913,epyc8434p
AMD,EPYC Embedded 3255,Zen,8,16,2.5,3.1,BGA SP4r2,14,16,55,Feb 2018,2018-02-01,,,,,,https://www.techpowerup.com/cpu-specs/epyc-embedded-3255.c3202,,epycembedded3255
AMD,EPYC Embedded 8534P,Siena,64,128,2.3,3.1,Socket SP6,5,128,200,Oct 2024,2024-10-01,,,,,,https://www.techpowerup.com/cpu-specs/epyc-embedded-8534p.c3909,,epycembedded8534p
AMD,Opteron 1385,Suzuka,4,4,2.7,,Socket AM3,45,6,115,Jun 2009,2009-06-01,,,,,,https://www.techpowerup.com/cpu-specs/opteron-1385.c3858,,opteron1385
AMD,Opteron 3320 EE,Delhi,4,4,1.9,2.5,Socket AM3+,32,8,25,Dec 2012,2012-12-01,,,,,,https://www.techpowerup.com/cpu-specs/opteron-3320-ee.c1566,,opteron3320ee
AMD,Ryzen Embedded 8840U,Hawk Point,8,16,3.3,5.1,Socket FP8,4,16,28,Apr 2024,2024-04-01,,,,,,https://www.techpowerup.com/cpu-specs/ryzen-embedded-8840u.c3578,,ryzenembedded8840u
AMD,Sempron 3000+,Paris,1,1,1.8,,Socket 754,130,,62,Feb 2005,2005-02-01,,,,,,https://www.techpowerup.com/cpu-specs/sempron-3000.c80,,sempron3000
AMD,Turion 64 MT-40,Lancaster,1,1,2.2,,Socket 754,90,,25,Aug 2005,2005-08-01,,,,,,https://www.techpowerup.com/cpu-specs/turion-64-mt-40.c135,,turion64mt40
Intel,Celeron G3920,Skylake,2,2,2.9,,Socket 1151,14,4,51,Sep 2015,2015-09-01,2305,,3618,2.13,1083.82,https://www.techpowerup.com/cpu-specs/celeron-g3920.c1856,https://www.cpubenchmark.net/cpu_lookup.php?cpu=Intel+Celeron+G3920+%40+2.90GHz&id=2807,celerong3920
Intel,Core i3-8020,Coffee Lake,4,4,3.7,,Socket 1151,14,6,51,Sep 2018,2018-09-01,,,,,,https://www.techpowerup.com/cpu-specs/core-i3-8020.c2088,,corei38020
Intel,Core i5-4330M,Haswell,2,4,2.8,3.8,Socket G3,22,3,37,Sep 2013,2013-09-01,3209,1880,3119,11.67,274.99,https://www.techpowerup.com/cpu-specs/core-i5-4330m.c1718,https://www.cpubenchmark.net/cpu_lookup.php?cpu=Intel+Core+i5-4330M+%40+2.80GHz&id=2055,corei54330m
Intel,Core i7-12800HE,Alder Lake-H,14,20,2.4,4.6,BGA 1744,10,24,45,Jan 2022,2022-01-01,26307,,722,51.99,506.0,https://www.techpowerup.com/cpu-specs/core-i7-12800he.c2564,https://www.cpubenchmark.net/cpu_lookup.php?cpu=Intel+Core+i7-12800HE&id=5184,corei712800he
Intel,Core Ultra 5 135HL,Meteor Lake-PS,14,18,1.7,4.6,Socket 1851,7,18,45,Apr 2024,2024-04-01,,,,,,https://www.techpowerup.com/cpu-specs/core-ultra-5-135hl.c3707,,coreultra5135hl
Intel,Pentium 4 1.6,Willamette,1,1,1.6,,Socket 478,180,,61,Aug 2001,2001-08-01,,,,,,https://www.techpowerup.com/cpu-specs/pentium-4-1-6.c1271,,pentium416
Intel,Pentium 4 506,Prescott,1,1,2.66,,Socket 775,90,,84,Jun 2005,2005-06-01,,,,,,https://www.techpowerup.com/cpu-specs/pentium-4-506.c438,,pentium4506
Intel,Xeon 3.0,Nocona,1,1,3.0,,Socket 604,90,,135,Jun 2004,2004-06-01,,,,,,https://www.techpowerup.com/cpu-specs/xeon-3-0.c250,,xeon30
Intel,Xeon 6532P-B,Granite Rapids,32,64,2.2,3.9,BGA 4368,5,128,205,Jul 2025,2025-07-01,,,,,,https://www.techpowerup.com/cpu-specs/xeon-6532p-b.c4277,,xeon6532pb
Intel,Xeon LC3518,Jasper Forest,1,1,1.733,,Socket 1366,45,2,23,Feb 2010,2010-02-01,,,,,,https://www.techpowerup.com/cpu-specs/xeon-lc3518.c3314,,xeonlc3518
Intel,Xeon Phi 3120A,Knights Corner,57,228,1.1,,PCIe x16,22,,300,Jun 2013,2013-06-01,,,,,,https://www.techpowerup.com/cpu-specs/xeon-phi-3120a.c2027,,xeonphi3120a
Intel,Xeon Phi 7120P,Knights Corner,61,244,1.238,1.333,PCIe x16,22,,300,Jun 2013,2013-06-01,,,,,,https://www.techpowerup.com/cpu-specs/xeon-phi-7120p.c2039,,xeonphi7120p
Intel,Xeon Phi 7285,Knights Mill,68,272,1.3,1.4,Socket 3647,14,,250,Dec 2017,2017-12-01,,,,,,https://www.techpowerup.com/cpu-specs/xeon-phi-7285.c2050,,xeonphi7285
Intel,Xeon Platinum 8558U,Emerald Rapids,48,96,2.0,4.0,Socket 4677,10,260,300,Dec 2023,2023-12-01,,,,,,https://www.techpowerup.com/cpu-specs/xeon-platinum-8558u.c3415,,xeonplatinum8558u
Intel,Xeon Silver 3508U,Sapphire Rapids,8,16,2.1,2.2,Socket 4677,10,22,125,Dec 2023,2023-12-01,,,,,,https://www.techpowerup.com/cpu-specs/xeon-silver-3508u.c3499,,xeonsilver3508u
VIA,C3 800A,Nehemiah,1,1,0.8,,Socket 370,130,,11,Jan 2003,2003-01-01,,,,,,https://www.techpowerup.com/cpu-specs/c3-800a.c4381,,c3800a
AMD,Athlon 64 2600+,Lima,1,1,1.6,,Socket AM2,65,,15,Jan 2008,2008-01-01,,,,,,https://www.techpowerup.com/cpu-specs/athlon-64-2600.c580,,athlon642600
AMD,Athlon 64 3500+,Manchester,1,1,2.2,,Socket 939,90,,67,May 2005,2005-05-01,,,,,,https://www.techpowerup.com/cpu-specs/athlon-64-3500.c550,,athlon643500
AMD,Athlon 64 3600+,Clawhammer,1,1,2.4,,Socket 754,130,,89,Jun 2004,2004-06-01,,,,,,https://www.techpowerup.com/cpu-specs/athlon-64-3600.c2153,,athlon643600
AMD,Athlon 64 X2 4400+,Windsor,2,2,2.2,,Socket AM2,90,,89,May 2006,2006-05-01,,,,,,https://www.techpowerup.com/cpu-specs/athlon-64-x2-4400.c350,,athlon64x24400
AMD,Athlon 64 X2 5400+,Brisbane,2,2,2.8,,Socket AM2,65,,65,Jan 2008,2008-01-01,,,,,,https://www.techpowerup.com/cpu-specs/athlon-64-x2-5400.c480,,athlon64x25400
AMD,Athlon 750,Pluto,1,1,0.75,,Slot A,180,,35,Nov 1999,1999-11-01,,,,,,https://www.techpowerup.com/cpu-specs/athlon-750.c3764,,athlon750
AMD,Athlon 950,Orion,1,1,0.95,,Slot A,180,,62,Mar 2000,2000-03-01,,,,,,https://www.techpowerup.com/cpu-specs/athlon-950.c3768,,athlon950
AMD,EPYC 8534PN,Siena,64,128,2.0,3.1,Socket SP6,5,128,175,Sep 2023,2023-09-01,,,,,,https://www.techpowerup.com/cpu-specs/epyc-8534pn.c3289,,epyc8534pn
AMD,K6-2+ 450ACZ,Sharptooth,1,1,0.45,,Super Socket 7,180,,13,Apr 2000,2000-04-01,,,,,,https://www.techpowerup.com/cpu-specs/k6-2-450acz.c3744,,k62450acz
AMD,Ryzen AI Embedded P164i,Gorgon Point,8,16,2.0,5.0,Socket FP8,4,8,28,Mar 2026,2026-03-01,,,,,,https://www.techpowerup.com/cpu-specs/ryzen-ai-embedded-p164i.c4372,,ryzenaiembeddedp164i
AMD,Ryzen Embedded 7945,Raphael,12,24,3.7,5.4,Socket AM5,5,64,65,Nov 2023,2023-11-01,,,,,,https://www.techpowerup.com/cpu-specs/ryzen-embedded-7945.c4178,,ryzenembedded7945
AMD,Sempron 3300+,Roma,1,1,2.0,,Socket 754,90,,25,Jul 2005,2005-07-01,,,,,,https://www.techpowerup.com/cpu-specs/sempron-3300.c1170,,sempron3300
AMD,Turion X2 Ultra ZM-87,Griffin,2,2,2.4,,Socket S1,65,,35,Jun 2008,2008-06-01,,,,,,https://www.techpowerup.com/cpu-specs/turion-x2-ultra-zm-87.c635,,turionx2ultrazm87
Intel,Celeron 2955U,Haswell,2,2,1.4,,Socket G3,22,2,15,Sep 2013,2013-09-01,905,793,4803,,,https://www.techpowerup.com/cpu-specs/celeron-2955u.c1734,https://www.cpubenchmark.net/cpu_lookup.php?cpu=Intel+Celeron+2955U+%40+1.40GHz&id=2073,celeron2955u
Intel,Core i3-8100B,Coffee Lake,4,4,3.6,,BGA 1440,14,6,65,Jul 2018,2018-07-01,5874,2307,2354,44.17,133.0,https://www.techpowerup.com/cpu-specs/core-i3-8100b.c4457,https://www.cpubenchmark.net/cpu_lookup.php?cpu=Intel+Core+i3-8100B+%40+3.60GHz&id=3406,corei38100b
Intel,Core i5-9500E,Coffee Lake,6,6,3.0,4.2,Socket 1151,14,9,65,Apr 2019,2019-04-01,9065,,1830,47.21,192.0,https://www.techpowerup.com/cpu-specs/core-i5-9500e.c4451,https://www.cpubenchmark.net/cpu_lookup.php?cpu=Intel+Core+i5-9500E+%40+3.00GHz&id=6671,corei59500e
Intel,Core i7-3615QM,Ivy Bridge,4,8,2.3,3.3,BGA 1224,22,6,45,Apr 2012,2012-04-01,5161,1703,2538,,,https://www.techpowerup.com/cpu-specs/core-i7-3615qm.c1014,https://www.cpubenchmark.net/cpu_lookup.php?cpu=Intel+Core+i7-3615QM+%40+2.30GHz&id=893,corei73615qm
Intel,Core i7-8665UE,Whiskey Lake-U,4,8,1.7,4.4,BGA 1528,14,8,15,Oct 2018,2018-10-01,4961,1625,2581,12.13,409.0,https://www.techpowerup.com/cpu-specs/core-i7-8665ue.c3597,https://www.cpubenchmark.net/cpu_lookup.php?cpu=Intel+Core+i7-8665UE+%40+1.70GHz&id=3611,corei78665ue
Intel,Mobile Pentium 4 2.80,Northwood,1,2,2.8,,Socket 478,130,,68,Jun 2003,2003-06-01,,,,,,https://www.techpowerup.com/cpu-specs/mobile-pentium-4-2-80.c1249,,mobilepentium4280
Intel,Pentium 967,Sandy Bridge,2,2,1.3,,BGA 1023,32,2,17,Oct 2011,2011-10-01,638,599,5150,,,https://www.techpowerup.com/cpu-specs/pentium-967.c1319,https://www.cpubenchmark.net/cpu_lookup.php?cpu=Intel+Pentium+967+%40+1.30GHz&id=1090,pentium967
Intel,Xeon 6513P-B,Granite Rapids,20,40,2.0,3.3,BGA 4368,5,80,130,Feb 2025,2025-02-01,,,,,,https://www.techpowerup.com/cpu-specs/xeon-6513p-b.c4075,,xeon6513pb
Intel,Xeon 6556P-B,Granite Rapids,36,72,2.3,3.5,BGA 4368,5,144,215,Feb 2025,2025-02-01,,,,,,https://www.techpowerup.com/cpu-specs/xeon-6556p-b.c4083,,xeon6556pb
Intel,Xeon E5-2608L v3,Haswell-EP,6,6,2.0,,Socket 2011-3,22,15,52,Sep 2014,2014-09-01,6415,,2232,14.55,441.0,https://www.techpowerup.com/cpu-specs/xeon-e5-2608l-v3.c2856,https://www.cpubenchmark.net/cpu_lookup.php?cpu=Intel+Xeon+E5-2608L+v3+%40+2.00GHz&id=3173,xeone52608lv3
Intel,Xeon Gold 6434H,Sapphire Rapids,8,16,3.7,4.1,Socket 4677,10,22,195,Jan 2023,2023-01-01,29606,,586,,,https://www.techpowerup.com/cpu-specs/xeon-gold-6434h.c3166,https://www.cpubenchmark.net/cpu_lookup.php?cpu=Intel+Xeon+Gold+6434H&id=7372,xeongold6434h
Intel,Xeon Phi 7110P,Knights Corner,61,244,1.25,,PCIe x16,22,,300,Nov 2012,2012-11-01,,,,,,https://www.techpowerup.com/cpu-specs/xeon-phi-7110p.c2035,,xeonphi7110p
Intel,Xeon Platinum 8380HL,Cooper Lake-SP,28,56,2.9,4.3,Socket 4189,14,38,250,Apr 2021,2021-04-01,,,,,,https://www.techpowerup.com/cpu-specs/xeon-platinum-8380hl.c2464,,xeonplatinum8380hl
Intel,Xeon X5647,Westmere-EP,4,8,2.933,3.2,Socket 1366,32,12,130,Feb 2011,2011-02-01,4441,,2690,222.81,19.93,https://www.techpowerup.com/cpu-specs/xeon-x5647.c936,https://www.cpubenchmark.net/cpu_lookup.php?cpu=Intel+Xeon+X5647+%40+2.93GHz&id=1303,xeonx5647
AMD,Athlon 64 3000+,NewCastle,1,1,1.8,,Socket 754,130,,32,Apr 2004,2004-04-01,,,,,,https://www.techpowerup.com/cpu-specs/athlon-64-3000.c64,,athlon643000
AMD,Athlon 64 3200+,Manchester,1,1,2.0,,Socket 939,90,,67,May 2005,2005-05-01,,,,,,https://www.techpowerup.com/cpu-specs/athlon-64-3200.c549,,athlon643200
AMD,Athlon Gold 7220C,Mendocino,2,4,2.4,3.7,Socket FT6,6,4,15,May 2023,2023-05-01,,,,,,https://www.techpowerup.com/cpu-specs/athlon-gold-7220c.c4253,,athlongold7220c
AMD,Athlon X2 BE-2300,Brisbane,2,2,1.9,,Socket AM2,65,,45,Oct 2007,2007-10-01,,,,,,https://www.techpowerup.com/cpu-specs/athlon-x2-be-2300.c484,,athlonx2be2300
AMD,Duron 850,Spitfire,1,1,0.85,,Socket A,180,,37,Jan 2001,2001-01-01,,,,,,https://www.techpowerup.com/cpu-specs/duron-850.c3975,,duron850
AMD,EPYC 8535P,Sorano,64,128,2.0,4.5,Socket SP6,4,256,210,May 2026,2026-05-01,,,,,,https://www.techpowerup.com/cpu-specs/epyc-8535p.c4414,,epyc8535p
AMD,EPYC Embedded 8124P,Siena,16,32,2.45,3.0,Socket SP6,5,64,125,Sep 2023,2023-09-01,,,,,,https://www.techpowerup.com/cpu-specs/epyc-embedded-8124p.c3913,,epycembedded8124p
AMD,EPYC Embedded 8224P,Siena,24,48,2.55,3.0,Socket SP6,5,64,160,Sep 2023,2023-09-01,47368,,,,,https://www.techpowerup.com/cpu-specs/epyc-embedded-8224p.c3912,https://www.cpubenchmark.net/cpu.php?cpu=AMD+EPYC+Embedded+8224P&id=6790,epycembedded8224p
AMD,Opteron 2346 HE,Barcelona,4,4,1.8,,Socket Fr2,65,2,68,Sep 2007,2007-09-01,,,,,,https://www.techpowerup.com/cpu-specs/opteron-2346-he.c3832,,opteron2346he
AMD,Phenom X4 9450e,Agena,4,4,2.1,,Socket AM2+,65,2,65,Oct 2008,2008-10-01,,,,,,https://www.techpowerup.com/cpu-specs/phenom-x4-9450e.c597,,phenomx49450e
AMD,Ryzen AI Embedded P174,Gorgon Point,10,20,2.0,5.0,Socket FP8,4,16,28,Mar 2026,2026-03-01,28105,,,,,https://www.techpowerup.com/cpu-specs/ryzen-ai-embedded-p174.c4369,https://www.cpubenchmark.net/cpu.php?cpu=Ryzen+AI+Embedded+P174&id=7444,ryzenaiembeddedp174
AMD,Ryzen Embedded 7700X,Raphael,8,16,4.5,5.4,Socket AM5,5,32,105,Nov 2023,2023-11-01,,,,,,https://www.techpowerup.com/cpu-specs/ryzen-embedded-7700x.c4180,,ryzenembedded7700x
AMD,Sempron 3500+,Manila,1,1,2.0,,Socket AM2,90,,62,May 2006,2006-05-01,,,,,,https://www.techpowerup.com/cpu-specs/sempron-3500.c556,,sempron3500
AMD,Sempron X2 2300,Brisbane,2,2,2.2,,Socket AM2,65,,65,Mar 2008,2008-03-01,,,,,,https://www.techpowerup.com/cpu-specs/sempron-x2-2300.c571,,sempronx22300
Intel,Atom C5125,Parker Ridge,8,8,2.8,,BGA 2106,10,,50,Jun 2022,2022-06-01,8631,,1874,28.87,299.0,https://www.techpowerup.com/cpu-specs/atom-c5125.c4504,https://www.cpubenchmark.net/cpu_lookup.php?cpu=Intel+Atom+C5125&id=5091,atomc5125
Intel,Atom x6214RE,Elkhart Lake,2,2,1.4,,BGA 1493,10,,6,Jan 2023,2023-01-01,1109,,4559,23.59,47.0,https://www.techpowerup.com/cpu-specs/atom-x6214re.c4286,https://www.cpubenchmark.net/cpu_lookup.php?cpu=Intel+Atom+x6214RE+%40+1.40GHz&id=5556,atomx6214re
Intel,Atom Z2460,Penwell,1,1,1.3,,BGA 617,32,,3,Jan 2012,2012-01-01,,,,,,https://www.techpowerup.com/cpu-specs/atom-z2460.c1436,,atomz2460
Intel,Celeron B730,Sandy Bridge,1,1,1.8,,Socket G2 (988B),32,1,35,Jul 2012,2012-07-01,,,,,,https://www.techpowerup.com/cpu-specs/celeron-b730.c1324,,celeronb730
Intel,Celeron G1820TE,Haswell,2,2,2.2,,Socket 1150,22,3,54,Dec 2013,2013-12-01,1141,,4527,,,https://www.techpowerup.com/cpu-specs/celeron-g1820te.c1796,https://www.cpubenchmark.net/cpu_lookup.php?cpu=Intel+Celeron+G1820TE+%40+2.20GHz&id=2404,celerong1820te
Intel,Celeron G1830,Haswell,2,2,2.8,,Socket 1150,22,3,54,Dec 2013,2013-12-01,1560,,4156,24.0,65.0,https://www.techpowerup.com/cpu-specs/celeron-g1830.c1792,https://www.cpubenchmark.net/cpu_lookup.php?cpu=Intel+Celeron+G1830+%40+2.80GHz&id=2165,celerong1830
Intel,Celeron G540T,Sandy Bridge,2,2,2.1,,Socket 1155,32,2,35,Sep 2011,2011-09-01,1137,,4533,,,https://www.techpowerup.com/cpu-specs/celeron-g540t.c1647,https://www.cpubenchmark.net/cpu_lookup.php?cpu=Intel+Celeron+G540T+%40+2.10GHz&id=685,celerong540t
Intel,Core Duo LV L2300,Yonah,2,2,1.5,,Socket 479,65,,15,Jan 2006,2006-01-01,,,,,,https://www.techpowerup.com/cpu-specs/core-duo-lv-l2300.c417,,coreduolvl2300
Intel,Core i3-2115C,Sandy Bridge,2,4,2.0,,Socket 1155,32,3,65,May 2012,2012-05-01,,,,,,https://www.techpowerup.com/cpu-specs/core-i3-2115c.c1580,,corei32115c
Intel,Core i5-2450P,Sandy Bridge,4,4,3.2,3.5,Socket 1155,32,6,95,Jan 2012,2012-01-01,4273,,2733,32.87,129.99,https://www.techpowerup.com/cpu-specs/core-i5-2450p.c956,https://www.cpubenchmark.net/cpu_lookup.php?cpu=Intel+Core+i5-2450P+%40+3.20GHz&id=801,corei52450p
Intel,Core i5-4200Y,Haswell,2,4,1.4,1.9,BGA 1168,22,3,12,Jun 2013,2013-06-01,1558,,4158,,,https://www.techpowerup.com/cpu-specs/core-i5-4200y.c1601,https://www.cpubenchmark.net/cpu_lookup.php?cpu=Intel+Core+i5-4200Y+%40+1.40GHz&id=2101,corei54200y
Intel,Core i7-13705H,Raptor Lake-H,14,20,2.4,5.0,BGA 1744,10,24,45,Jan 2023,2023-01-01,25366,3469,753,50.53,502.0,https://www.techpowerup.com/cpu-specs/core-i7-13705h.c3051,https://www.cpubenchmark.net/cpu_lookup.php?cpu=Intel+Core+i7-13705H&id=5538,corei713705h
Intel,Core i7-4850HQ,Crystalwell,4,8,2.3,3.5,BGA 1364,22,6,47,Apr 2013,2013-04-01,6106,1931,2305,14.07,434.0,https://www.techpowerup.com/cpu-specs/core-i7-4850hq.c1577,https://www.cpubenchmark.net/cpu_lookup.php?cpu=Intel+Core+i7-4850HQ+%40+2.30GHz&id=2070,corei74850hq
Intel,Core M-5Y51,Broadwell-Y,2,4,1.1,2.6,BGA 1234,14,4,5,Oct 2014,2014-10-01,1974,1273,3835,,,https://www.techpowerup.com/cpu-specs/core-m-5y51.c1817,https://www.cpubenchmark.net/cpu_lookup.php?cpu=Intel+Core+M-5Y51+%40+1.10GHz&id=2517,corem5y51
Intel,Mobile Pentium III 500 ULV,Coppermine,1,1,0.5,,Micro-BGA2,180,,5,Jan 2001,2001-01-01,,,,,,https://www.techpowerup.com/cpu-specs/mobile-pentium-iii-500-ulv.c3625,,mobilepentiumiii500ulv
Intel,Mobile Pentium III 900,Coppermine,1,1,0.9,,Socket 495,180,,23,Mar 2001,2001-03-01,,,,,,https://www.techpowerup.com/cpu-specs/mobile-pentium-iii-900.c3644,,mobilepentiumiii900
Intel,Pentium 4 506,Prescott,1,1,2.66,,Socket 775,90,,84,Jun 2005,2005-06-01,,,,,,https://www.techpowerup.com/cpu-specs/pentium-4-506.c437,,pentium4506
Intel,Pentium 4 HT 520,Prescott,1,2,2.8,,Socket 775,90,,84,Jun 2004,2004-06-01,,,,,,https://www.techpowerup.com/cpu-specs/pentium-4-ht-520.c444,,pentium4ht520
Intel,Pentium Gold G5600T,Coffee Lake,2,4,3.3,,Socket 1151,14,4,35,Apr 2019,2019-04-01,3496,,2993,,,https://www.techpowerup.com/cpu-specs/pentium-gold-g5600t.c4433,https://www.cpubenchmark.net/cpu_lookup.php?cpu=Intel+Pentium+Gold+G5600T+%40+3.30GHz&id=4716,pentiumgoldg5600t
Intel,Pentium M 1.50,Banias,1,1,1.5,,Socket 478,130,,24,Mar 2003,2003-03-01,,,,,,https://www.techpowerup.com/cpu-specs/pentium-m-1-50.c160,,pentiumm150
Intel,Xeon 6756P-B,Granite Rapids,64,128,2.2,3.5,BGA 5026,5,256,325,Dec 2025,2025-12-01,,,,,,https://www.techpowerup.com/cpu-specs/xeon-6756p-b.c4276,,xeon6756pb
Intel,Xeon D-1540,Broadwell,8,16,2.0,2.6,BGA 1667,14,1,45,Mar 2015,2015-03-01,10037,,1724,,,https://www.techpowerup.com/cpu-specs/xeon-d-1540.c2714,https://www.cpubenchmark.net/cpu_lookup.php?cpu=Intel+Xeon+D-1540+%40+2.00GHz&id=2507,xeond1540
Intel,Xeon D-1577,Broadwell,16,32,1.3,2.1,BGA 1667,14,1,45,Feb 2016,2016-02-01,10785,,1670,9.17,1176.0,https://www.techpowerup.com/cpu-specs/xeon-d-1577.c2750,https://www.cpubenchmark.net/cpu_lookup.php?cpu=Intel+Xeon+D-1577+%40+1.30GHz&id=3844,xeond1577
Intel,Xeon E5-1410 v2,Ivy Bridge-EN,4,8,2.8,3.2,Socket 1356,22,10,80,Jan 2014,2014-01-01,5568,,2432,290.01,19.2,https://www.techpowerup.com/cpu-specs/xeon-e5-1410-v2.c3177,https://www.cpubenchmark.net/cpu_lookup.php?cpu=Intel+Xeon+E5-1410+v2+%40+2.80GHz&id=2589,xeone51410v2
Intel,Xeon E5-2403,Sandy Bridge-EN,4,8,1.8,,Socket 1356,32,10,80,May 2012,2012-05-01,2367,,3577,157.92,14.99,https://www.techpowerup.com/cpu-specs/xeon-e5-2403.c1690,https://www.cpubenchmark.net/cpu_lookup.php?cpu=Intel+Xeon+E5-2403+%40+1.80GHz&id=1827,xeone52403
Intel,Xeon E5-4660 v3,Haswell-EP,14,28,2.1,2.9,Socket 2011-3,22,35,120,Jun 2015,2015-06-01,14167,,1409,2.95,4800.0,https://www.techpowerup.com/cpu-specs/xeon-e5-4660-v3.c2912,https://www.cpubenchmark.net/cpu_lookup.php?cpu=Intel+Xeon+E5-4660+v3+%40+2.10GHz&id=3010,xeone54660v3
Intel,Xeon E7-8870 v3,Haswell-EX,18,36,2.1,2.9,Socket 2011-1,22,45,140,Jun 2015,2015-06-01,,,,,,https://www.techpowerup.com/cpu-specs/xeon-e7-8870-v3.c1821,,xeone78870v3
Intel,Xeon Gold 5318N,Ice Lake-SP,24,48,2.1,3.4,Socket 4189,10,36,150,Apr 2021,2021-04-01,34301,,461,21.41,1602.0,https://www.techpowerup.com/cpu-specs/xeon-gold-5318n.c2447,https://www.cpubenchmark.net/cpu_lookup.php?cpu=Intel+Xeon+Gold+5318N+%40+2.10GHz&id=6386,xeongold5318n
Intel,Xeon L5508,Gainestown,2,4,2.0,2.4,Socket 1366,45,8,38,Mar 2009,2009-03-01,,,,,,https://www.techpowerup.com/cpu-specs/xeon-l5508.c915,,xeonl5508
Intel,Xeon Phi 7120X,Knights Corner,61,244,1.238,1.333,PCIe x16,22,,300,Jun 2013,2013-06-01,,,,,,https://www.techpowerup.com/cpu-specs/xeon-phi-7120x.c2040,,xeonphi7120x
Intel,Xeon Platinum 8356H,Cooper Lake-SP,8,16,3.9,4.4,Socket 4189,14,35,190,Apr 2021,2021-04-01,,,,,,https://www.techpowerup.com/cpu-specs/xeon-platinum-8356h.c2465,,xeonplatinum8356h
AMD,Athlon II X2 210e,Regor,2,2,2.6,,Socket AM3,45,,45,Sep 2010,2010-09-01,,,,,,https://www.techpowerup.com/cpu-specs/athlon-ii-x2-210e.c684,,athloniix2210e
AMD,EPYC 8124PN,Siena,16,32,2.0,3.0,Socket SP6,5,64,100,Sep 2023,2023-09-01,,,,,,https://www.techpowerup.com/cpu-specs/epyc-8124pn.c3296,,epyc8124pn
AMD,Opteron X2 170,Denmark,2,2,2.0,,Socket 939,90,,110,Aug 2005,2005-08-01,,,,,,https://www.techpowerup.com/cpu-specs/opteron-x2-170.c187,,opteronx2170
AMD,Phenom II X3 B77,Heka,3,3,3.2,,Socket AM3,45,6,95,May 2010,2010-05-01,,,,,,https://www.techpowerup.com/cpu-specs/phenom-ii-x3-b77.c760,,phenomiix3b77
AMD,Ryzen AI Embedded P164,Gorgon Point,8,16,2.0,5.0,Socket FP8,4,8,28,Mar 2026,2026-03-01,24738,,,,,https://www.techpowerup.com/cpu-specs/ryzen-ai-embedded-p164.c4371,https://www.cpubenchmark.net/cpu.php?cpu=Ryzen+AI+Embedded+P164&id=7356,ryzenaiembeddedp164
Intel,Atom C5315,Parker Ridge,4,4,2.4,,BGA 2106,10,,38,Jun 2022,2022-06-01,2980,,3239,13.99,213.0,https://www.techpowerup.com/cpu-specs/atom-c5315.c4507,https://www.cpubenchmark.net/cpu_lookup.php?cpu=Intel+Atom+C5315&id=7145,atomc5315
Intel,Core 2 Duo U7700,Merom,2,2,1.333,,Socket M,65,,10,Dec 2007,2007-12-01,420,449,5417,,,https://www.techpowerup.com/cpu-specs/core-2-duo-u7700.c1540,https://www.cpubenchmark.net/cpu_lookup.php?cpu=Intel+Core2+Duo+U7700+%40+1.33GHz&id=1017,core2duou7700
Intel,Core 5 213PTE,Bartlett Lake,8,16,2.1,5.2,Socket 1700,10,24,45,Mar 2026,2026-03-01,25590,,749,115.79,221.0,https://www.techpowerup.com/cpu-specs/core-5-213pte.c4390,https://www.cpubenchmark.net/cpu_lookup.php?cpu=Intel+Core+5+213PTE&id=7255,core5213pte
Intel,Core i3-5015U,Broadwell-U,2,4,2.1,,BGA 1168,14,3,15,Mar 2015,2015-03-01,2005,1132,3818,,,https://www.techpowerup.com/cpu-specs/core-i3-5015u.c2690,https://www.cpubenchmark.net/cpu_lookup.php?cpu=Intel+Core+i3-5015U+%40+2.10GHz&id=2551,corei35015u
Intel,Core i5-12600HE,Alder Lake-H,12,16,2.5,4.5,BGA 1744,10,18,45,Jan 2022,2022-01-01,20256,,1014,64.3,315.0,https://www.techpowerup.com/cpu-specs/core-i5-12600he.c2557,https://www.cpubenchmark.net/cpu_lookup.php?cpu=Intel+Core+i5-12600HE&id=5536,corei512600he
Intel,Core i5-2467M,Sandy Bridge,2,4,1.6,,BGA 1023,32,3,17,Jun 2011,2011-06-01,1398,827,4286,,,https://www.techpowerup.com/cpu-specs/core-i5-2467m.c1378,https://www.cpubenchmark.net/cpu_lookup.php?cpu=Intel+Core+i5-2467M+%40+1.60GHz&id=802,corei52467m
Intel,Core i7-3517UE,Ivy Bridge,2,4,1.7,2.8,BGA 1023,22,4,17,Jun 2012,2012-06-01,2402,1457,3557,,,https://www.techpowerup.com/cpu-specs/core-i7-3517ue.c1089,https://www.cpubenchmark.net/cpu_lookup.php?cpu=Intel+Core+i7-3517UE+%40+1.70GHz&id=1435,corei73517ue
Intel,Core i7-9850HE,Coffee Lake-HR,6,12,2.7,4.4,BGA 1440,14,9,45,Jun 2019,2019-06-01,9848,,1744,24.93,395.0,https://www.techpowerup.com/cpu-specs/core-i7-9850he.c2293,https://www.cpubenchmark.net/cpu_lookup.php?cpu=Intel+Core+i7-9850HE+%40+2.70GHz&id=6148,corei79850he
Intel,Mobile Pentium III 850,Coppermine,1,1,0.85,,Socket 495,180,,18,Sep 2000,2000-09-01,,,,,,https://www.techpowerup.com/cpu-specs/mobile-pentium-iii-850.c3642,,mobilepentiumiii850
Intel,Xeon Gold 6438M,Sapphire Rapids,32,64,2.2,3.9,Socket 4677,10,60,205,Jan 2023,2023-01-01,,,,,,https://www.techpowerup.com/cpu-specs/xeon-gold-6438m.c3144,,xeongold6438m
Intel,Xeon LC5518,Jasper Forest,4,8,1.733,2.133,Socket 1366,45,8,48,Feb 2010,2010-02-01,,,,,,https://www.techpowerup.com/cpu-specs/xeon-lc5518.c3925,,xeonlc5518
Intel,Xeon Platinum 8571N,Emerald Rapids,52,104,2.4,4.0,Socket 4677,10,300,300,Dec 2023,2023-12-01,68385,,133,,,https://www.techpowerup.com/cpu-specs/xeon-platinum-8571n.c3429,https://www.cpubenchmark.net/cpu_lookup.php?cpu=Intel+Xeon+Platinum+8571N&id=6012,xeonplatinum8571n
AMD,Athlon 850,Pluto,1,1,0.85,,Slot A,180,,45,Feb 2000,2000-02-01,,,,,,https://www.techpowerup.com/cpu-specs/athlon-850.c3766,,athlon850
AMD,Athlon II X3 400e,Rana,3,3,2.2,,Socket AM3,45,,45,Oct 2009,2009-10-01,,,,,,https://www.techpowerup.com/cpu-specs/athlon-ii-x3-400e.c623,,athloniix3400e
AMD,EPYC 8024PN,Siena,8,16,2.05,3.0,Socket SP6,5,32,80,Sep 2023,2023-09-01,,,,,,https://www.techpowerup.com/cpu-specs/epyc-8024pn.c3295,,epyc8024pn
AMD,EPYC Embedded 8434P,Siena,48,96,2.5,3.1,Socket SP6,5,128,200,Oct 2024,2024-10-01,,,,,,https://www.techpowerup.com/cpu-specs/epyc-embedded-8434p.c3910,,epycembedded8434p
AMD,EPYC Embedded 9535,Turin,64,128,2.4,4.3,Socket SP5,4,256,300,Mar 2025,2025-03-01,,,,,,https://www.techpowerup.com/cpu-specs/epyc-embedded-9535.c4524,,epycembedded9535
AMD,EPYC Embedded 9555,Turin,64,128,3.2,4.4,Socket SP5,4,256,360,Mar 2025,2025-03-01,,,,,,https://www.techpowerup.com/cpu-specs/epyc-embedded-9555.c4522,,epycembedded9555
AMD,EPYC Embedded 9655P,Turin,96,192,2.6,4.5,Socket SP5,4,384,400,Mar 2025,2025-03-01,,,,,,https://www.techpowerup.com/cpu-specs/epyc-embedded-9655p.c4521,,epycembedded9655p
AMD,Opteron 156,Venus,1,1,3.0,,Socket 939,90,,104,May 2005,2005-05-01,,,,,,https://www.techpowerup.com/cpu-specs/opteron-156.c1150,,opteron156
AMD,Opteron 250,Troy,1,1,2.4,,Socket 940,90,,85,Dec 2004,2004-12-01,,,,,,https://www.techpowerup.com/cpu-specs/opteron-250.c195,,opteron250
AMD,Opteron 3350 HE,Delhi,4,4,2.8,3.8,Socket AM3+,32,8,45,Dec 2012,2012-12-01,,,,,,https://www.techpowerup.com/cpu-specs/opteron-3350-he.c1567,,opteron3350he
AMD,Phenom II X4 650T,Zosma,4,4,2.7,3.2,Socket AM3,45,4,95,Jul 2011,2011-07-01,,,,,,https://www.techpowerup.com/cpu-specs/phenom-ii-x4-650t.c752,,phenomiix4650t
AMD,Sempron 2600+,Thoroughbred,1,1,1.833,,Socket A,130,,62,Jul 2004,2004-07-01,,,,,,https://www.techpowerup.com/cpu-specs/sempron-2600.c165,,sempron2600
AMD,Sempron 3000+,Palermo,1,1,1.8,,Socket 939,90,,62,Oct 2005,2005-10-01,,,,,,https://www.techpowerup.com/cpu-specs/sempron-3000.c1189,,sempron3000
AMD,Turion 64 ML-34,Lancaster,1,1,1.8,,Socket 754,90,,35,Mar 2005,2005-03-01,,,,,,https://www.techpowerup.com/cpu-specs/turion-64-ml-34.c138,,turion64ml34
Intel,Atom S1260,Centerton,2,4,2.0,,BGA 1283,32,,9,Dec 2012,2012-12-01,526,,5302,8.22,64.0,https://www.techpowerup.com/cpu-specs/atom-s1260.c1456,https://www.cpubenchmark.net/cpu_lookup.php?cpu=Intel+Atom+S1260+%40+2.00GHz&id=1915,atoms1260
Intel,Celeron 947UE,Ivy Bridge,1,1,1.4,,BGA 1023,22,1,17,Jan 2013,2013-01-01,,,,,,https://www.techpowerup.com/cpu-specs/celeron-947ue.c1617,,celeron947ue
Intel,Core 7 160HL,Raptor Lake-PS,14,20,2.5,5.2,Socket 1700,10,24,45,Apr 2024,2024-04-01,,,,,,https://www.techpowerup.com/cpu-specs/core-7-160hl.c3718,,core7160hl
Intel,Core i3-2377M,Sandy Bridge,2,4,1.5,,BGA 1023,32,3,17,Sep 2012,2012-09-01,878,636,4840,,,https://www.techpowerup.com/cpu-specs/core-i3-2377m.c1393,https://www.cpubenchmark.net/cpu_lookup.php?cpu=Intel+Core+i3-2377M+%40+1.50GHz&id=762,corei32377m
Intel,Core i7-8706G,Kaby Lake G,4,8,3.1,4.1,BGA 2270,14,8,65,Feb 2018,2018-02-01,7492,2274,2024,,,https://www.techpowerup.com/cpu-specs/core-i7-8706g.c1995,https://www.cpubenchmark.net/cpu_lookup.php?cpu=Intel+Core+i7-8706G+%40+3.10GHz&id=3288,corei78706g
Intel,Core M-5Y31,Broadwell-Y,2,4,0.9,2.4,BGA 1234,14,4,5,Oct 2014,2014-10-01,1893,1231,3902,,,https://www.techpowerup.com/cpu-specs/core-m-5y31.c1818,https://www.cpubenchmark.net/cpu_lookup.php?cpu=Intel+Core+M-5Y31+%40+0.90GHz&id=2515,corem5y31
Intel,Pentium 4 511,Prescott,1,1,2.8,,Socket 775,90,,84,Jan 2005,2005-01-01,,,,,,https://www.techpowerup.com/cpu-specs/pentium-4-511.c441,,pentium4511
Intel,Pentium 4 HT 515,Prescott,1,2,2.933,,Socket 775,90,,84,Jun 2004,2004-06-01,,,,,,https://www.techpowerup.com/cpu-specs/pentium-4-ht-515.c446,,pentium4ht515
Intel,Pentium 4-M 1.70,Northwood,1,1,1.7,,Socket 478,130,,30,Mar 2002,2002-03-01,,,,,,https://www.techpowerup.com/cpu-specs/pentium-4-m-1-70.c1262,,pentium4m170
Intel,Pentium III 1133,Coppermine T,1,1,1.133,,Socket 370,180,,29,Jun 2001,2001-06-01,185,,5854,,,https://www.techpowerup.com/cpu-specs/pentium-iii-1133.c1285,https://www.cpubenchmark.net/cpu_lookup.php?cpu=Intel+Pentium+III+1133+%40+1133MHz&id=1694,pentiumiii1133
Intel,Pentium III 1333,Tualatin,1,1,1.333,,Socket 370,130,,30,Dec 2001,2001-12-01,,,,,,https://www.techpowerup.com/cpu-specs/pentium-iii-1333.c1278,,pentiumiii1333
Intel,Pentium III Xeon 800 5V-12V,Cascades,1,1,0.8,,Slot 2,180,,25,Jan 2000,2000-01-01,,,,,,https://www.techpowerup.com/cpu-specs/pentium-iii-xeon-800-5v-12v.c2984,,pentiumiiixeon8005v12v
Intel,Xeon 3.06,Gallatin,1,1,3.066,,Socket 604,130,1,97,Jul 2003,2003-07-01,,,,,,https://www.techpowerup.com/cpu-specs/xeon-3-06.c300,,xeon306
Intel,Xeon 5063,Dempsey,2,4,3.2,,Socket 771,65,,95,May 2006,2006-05-01,,,,,,https://www.techpowerup.com/cpu-specs/xeon-5063.c385,,xeon5063
Intel,Xeon D-2733NT,Ice Lake-D,8,16,2.1,3.2,BGA 2579,10,15,80,Feb 2022,2022-02-01,16206,,1279,20.26,800.0,https://www.techpowerup.com/cpu-specs/xeon-d-2733nt.c3870,https://www.cpubenchmark.net/cpu_lookup.php?cpu=Intel+Xeon+D-2733NT+%40+2.10GHz&id=4868,xeond2733nt
Intel,Xeon E3-1125C,Gladden,4,4,2.0,,BGA 1283,32,8,40,May 2012,2012-05-01,,,,,,https://www.techpowerup.com/cpu-specs/xeon-e3-1125c.c1703,,xeone31125c
Intel,Xeon L5645,Westmere-EP,6,12,2.4,2.933,Socket 1366,32,12,60,Feb 2011,2011-02-01,,,,,,https://www.techpowerup.com/cpu-specs/xeon-l5645.c3931,,xeonl5645
Intel,Xeon W-1290E,Comet Lake,10,20,3.5,4.8,Socket 1200,14,20,95,May 2020,2020-05-01,19424,,1069,38.85,500.0,https://www.techpowerup.com/cpu-specs/xeon-w-1290e.c4117,https://www.cpubenchmark.net/cpu_lookup.php?cpu=Intel+Xeon+W-1290E+%40+3.50GHz&id=4276,xeonw1290e
AMD,Athlon 64 X2 3800+ EE SFF,Windsor,2,2,2.0,,Socket AM2,90,,35,May 2006,2006-05-01,,,,,,https://www.techpowerup.com/cpu-specs/athlon-64-x2-3800-ee-sff.c362,,athlon64x23800eesff
AMD,Athlon Silver 7120C,Mendocino,2,2,2.4,3.5,Socket FT6,6,2,15,May 2023,2023-05-01,,,,,,https://www.techpowerup.com/cpu-specs/athlon-silver-7120c.c4252,,athlonsilver7120c
AMD,Athlon X2 4050e,Brisbane,2,2,2.1,,Socket AM2,65,,45,Apr 2008,2008-04-01,,,,,,https://www.techpowerup.com/cpu-specs/athlon-x2-4050e.c487,,athlonx24050e
AMD,Athlon X2 BE-2350,Brisbane,2,2,2.1,,Socket AM2,65,,45,Oct 2007,2007-10-01,,,,,,https://www.techpowerup.com/cpu-specs/athlon-x2-be-2350.c485,,athlonx2be2350
AMD,Athlon XP 1600+,Thoroughbred,1,1,1.4,,Socket A,130,,49,Jan 2001,2001-01-01,,,,,,https://www.techpowerup.com/cpu-specs/athlon-xp-1600.c114,,athlonxp1600
AMD,Athlon XP-M 2000+ (25W),Barton,1,1,1.533,,Socket 563,130,,25,Jun 2003,2003-06-01,,,,,,https://www.techpowerup.com/cpu-specs/athlon-xp-m-2000-25w.c2818,,athlonxpm200025w
AMD,Athlon XP-M 2200+,Thoroughbred,1,1,1.8,,Socket A,130,,45,Nov 2002,2002-11-01,,,,,,https://www.techpowerup.com/cpu-specs/athlon-xp-m-2200.c128,,athlonxpm2200
AMD,EPYC 7643P,Milan,48,96,2.3,3.6,Socket SP3,7,256,225,Sep 2023,2023-09-01,77307,,,,2722.0,https://www.techpowerup.com/cpu-specs/epyc-7643p.c3369,https://www.cpubenchmark.net/cpu.php?cpu=AMD+EPYC+7643P&id=6014,epyc7643p
AMD,EPYC Embedded 8324P,Siena,32,64,2.65,3.0,Socket SP6,5,128,180,Sep 2023,2023-09-01,,,,,,https://www.techpowerup.com/cpu-specs/epyc-embedded-8324p.c3911,,epycembedded8324p
AMD,EPYC Embedded 9255,Turin,24,48,3.25,4.8,Socket SP5,4,128,200,Mar 2025,2025-03-01,,,,,,https://www.techpowerup.com/cpu-specs/epyc-embedded-9255.c4529,,epycembedded9255
AMD,EPYC Embedded 9554P,Genoa,64,128,3.1,3.75,Socket SP5,5,256,360,Mar 2023,2023-03-01,,,,,,https://www.techpowerup.com/cpu-specs/epyc-embedded-9554p.c3197,,epycembedded9554p
AMD,GX-224IJ,Prairie Falcon,2,2,2.4,2.8,Socket FP4,28,,10,Feb 2016,2016-02-01,,,,,,https://www.techpowerup.com/cpu-specs/gx-224ij.c3676,,gx224ij
AMD,Opteron 3260 HE,Zurich,4,4,2.7,3.7,Socket AM3+,32,4,45,Mar 2012,2012-03-01,,,,,,https://www.techpowerup.com/cpu-specs/opteron-3260-he.c3678,,opteron3260he
AMD,Opteron 4256 EE,Valencia,8,8,1.6,2.8,Socket C32,32,8,35,Nov 2011,2011-11-01,,,,,,https://www.techpowerup.com/cpu-specs/opteron-4256-ee.c3687,,opteron4256ee
AMD,Opteron 6281,Interlagos,16,16,2.5,3.2,Socket G34,32,8,130,May 2012,2012-05-01,7279,,,,,https://www.techpowerup.com/cpu-specs/opteron-6281.c4183,https://www.cpubenchmark.net/cpu.php?cpu=AMD+Opteron+6281&id=3419,opteron6281
AMD,Opteron 6370P,Warsaw,16,16,2.0,2.5,Socket G34,32,8,99,Jan 2014,2014-01-01,,,,,,https://www.techpowerup.com/cpu-specs/opteron-6370p.c3726,,opteron6370p
AMD,Opteron X2 275,Italy,2,2,2.2,,Socket 940,90,,95,May 2005,2005-05-01,,,,,,https://www.techpowerup.com/cpu-specs/opteron-x2-275.c174,,opteronx2275
AMD,Ryzen Embedded 7645,Raphael,6,12,3.8,5.1,Socket AM5,5,32,65,Nov 2023,2023-11-01,,,,,,https://www.techpowerup.com/cpu-specs/ryzen-embedded-7645.c4181,,ryzenembedded7645
AMD,Ryzen Embedded 8645HS,Hawk Point,6,12,4.3,5.0,Socket FP8,4,16,45,Apr 2024,2024-04-01,,,,,,https://www.techpowerup.com/cpu-specs/ryzen-embedded-8645hs.c3580,,ryzenembedded8645hs
Intel,Atom E640,Tunnel Creek,1,2,1.0,,BGA 676,45,,3,Sep 2010,2010-09-01,,,,,,https://www.techpowerup.com/cpu-specs/atom-e640.c1443,,atome640
Intel,Atom x6212RE,Elkhart Lake,2,2,1.2,,BGA 1493,10,,6,Jan 2021,2021-01-01,,,,,,https://www.techpowerup.com/cpu-specs/atom-x6212re.c4285,,atomx6212re
Intel,Celeron 3755U,Broadwell-U,2,2,1.7,,BGA 1168,14,2,15,Mar 2015,2015-03-01,1182,1022,4489,,,https://www.techpowerup.com/cpu-specs/celeron-3755u.c1799,https://www.cpubenchmark.net/cpu_lookup.php?cpu=Intel+Celeron+3755U+%40+1.70GHz&id=2476,celeron3755u
Intel,Celeron 445,Conroe-CL,1,1,1.867,,Socket 771,65,,65,Aug 2008,2008-08-01,,,,,,https://www.techpowerup.com/cpu-specs/celeron-445.c4226,,celeron445
Intel,Core i3-1115GRE,Tiger Lake-U,2,4,2.2,3.9,BGA 1449,10,6,15,Sep 2020,2020-09-01,4306,,2725,12.74,338.0,https://www.techpowerup.com/cpu-specs/core-i3-1115gre.c4222,https://www.cpubenchmark.net/cpu_lookup.php?cpu=Intel+Core+i3-1115GRE+%40+3.00GHz&id=4696,corei31115gre
Intel,Core i5-5287U,Broadwell-U,2,4,2.9,3.3,BGA 1168,14,3,28,Mar 2015,2015-03-01,3055,1895,3195,,,https://www.techpowerup.com/cpu-specs/core-i5-5287u.c1805,https://www.cpubenchmark.net/cpu_lookup.php?cpu=Intel+Core+i5-5287U+%40+2.90GHz&id=2575,corei55287u
Intel,Core i7-3555LE,Ivy Bridge,2,4,2.5,3.2,BGA 1023,22,4,25,Jun 2012,2012-06-01,2195,1340,3689,,,https://www.techpowerup.com/cpu-specs/core-i7-3555le.c1086,https://www.cpubenchmark.net/cpu_lookup.php?cpu=Intel+Core+i7-3555LE+%40+2.50GHz&id=1895,corei73555le
Intel,Core i7-8569U,Coffee Lake-U,4,8,2.8,4.7,BGA 1526,14,8,28,Apr 2019,2019-04-01,8200,2576,1917,19.02,431.0,https://www.techpowerup.com/cpu-specs/core-i7-8569u.c4470,https://www.cpubenchmark.net/cpu_lookup.php?cpu=Intel+Core+i7-8569U+%40+2.80GHz&id=3672,corei78569u
Intel,Core i7-8670T,Coffee Lake,6,12,2.3,3.7,Socket 1151,14,12,35,Sep 2018,2018-09-01,,,,,,https://www.techpowerup.com/cpu-specs/core-i7-8670t.c2086,,corei78670t
Intel,Core i7-8709G,Kaby Lake G,4,8,3.1,4.1,BGA 2270,14,8,65,Feb 2018,2018-02-01,7934,2311,1958,,,https://www.techpowerup.com/cpu-specs/core-i7-8709g.c1979,https://www.cpubenchmark.net/cpu_lookup.php?cpu=Intel+Core+i7-8709G+%40+3.10GHz&id=3355,corei78709g
Intel,Pentium G2100T,Ivy Bridge,2,2,2.6,,Socket 1155,22,3,35,Sep 2012,2012-09-01,1691,,4052,,,https://www.techpowerup.com/cpu-specs/pentium-g2100t.c1355,https://www.cpubenchmark.net/cpu_lookup.php?cpu=Intel+Pentium+G2100T+%40+2.60GHz&id=2786,pentiumg2100t
Intel,Pentium III Xeon 600 2.8V,Cascades,1,1,0.6,,Slot 2,180,,19,Oct 1999,1999-10-01,,,,,,https://www.techpowerup.com/cpu-specs/pentium-iii-xeon-600-2-8v.c2973,,pentiumiiixeon60028v
Intel,Pentium III Xeon 733 2.8V,Cascades,1,1,0.733,,Slot 2,180,,23,Oct 1999,1999-10-01,,,,,,https://www.techpowerup.com/cpu-specs/pentium-iii-xeon-733-2-8v.c2981,,pentiumiiixeon73328v
Intel,Xeon 6516P-B,Granite Rapids,20,40,2.3,3.5,BGA 4368,5,80,145,Feb 2025,2025-02-01,,,,,,https://www.techpowerup.com/cpu-specs/xeon-6516p-b.c4076,,xeon6516pb
Intel,Xeon 6766P-B,Granite Rapids,64,128,2.3,3.5,BGA 5026,5,256,305,Dec 2025,2025-12-01,,,,,,https://www.techpowerup.com/cpu-specs/xeon-6766p-b.c4275,,xeon6766pb
Intel,Xeon 7150N,Tulsa,2,4,3.5,,Socket 604,65,16,150,Aug 2006,2006-08-01,,,,,,https://www.techpowerup.com/cpu-specs/xeon-7150n.c2778,,xeon7150n
Intel,Xeon D-1548,Broadwell,8,16,2.0,2.6,BGA 1667,14,1,45,Nov 2015,2015-11-01,9075,,1828,16.35,555.0,https://www.techpowerup.com/cpu-specs/xeon-d-1548.c2716,https://www.cpubenchmark.net/cpu_lookup.php?cpu=Intel+Xeon+D-1548+%40+2.00GHz&id=3429,xeond1548
Intel,Xeon E5-4650 v3,Haswell-EP,12,24,2.1,2.8,Socket 2011-3,22,30,105,Jun 2015,2015-06-01,10838,,1665,2.82,3838.0,https://www.techpowerup.com/cpu-specs/xeon-e5-4650-v3.c2911,https://www.cpubenchmark.net/cpu_lookup.php?cpu=Intel+Xeon+E5-4650+v3+%40+2.10GHz&id=3206,xeone54650v3
Intel,Xeon EC5549,Jasper Forest,4,8,2.533,2.933,Socket 1366,45,8,85,Feb 2010,2010-02-01,,,,,,https://www.techpowerup.com/cpu-specs/xeon-ec5549.c3927,,xeonec5549
Intel,Xeon Gold 6428N,Sapphire Rapids,32,64,1.8,3.8,Socket 4677,10,60,185,Jan 2023,2023-01-01,,,,,,https://www.techpowerup.com/cpu-specs/xeon-gold-6428n.c3142,,xeongold6428n
Intel,Xeon L5638,Westmere-EP,6,12,2.0,2.4,Socket 1366,32,12,60,Mar 2010,2010-03-01,3707,,2918,53.03,69.9,https://www.techpowerup.com/cpu-specs/xeon-l5638.c952,https://www.cpubenchmark.net/cpu_lookup.php?cpu=Intel+Xeon+L5638+%40+2.00GHz&id=1262,xeonl5638
AMD,A4 PRO-3340B,Kabini,4,4,2.2,,Socket FT3,28,,25,Dec 2014,2014-12-01,,697,,,,https://www.techpowerup.com/cpu-specs/a4-pro-3340b.c3561,https://www.cpubenchmark.net/cpu.php?cpu=AMD+A4+PRO-3340B&id=2653,a4pro3340b
AMD,Athlon 64 3200+,Winchester,1,1,2.0,,Socket 939,90,,67,Oct 2004,2004-10-01,,,,,,https://www.techpowerup.com/cpu-specs/athlon-64-3200.c45,,athlon643200
AMD,Athlon 64 3700+,Toledo,1,1,2.2,,Socket 939,90,,89,May 2005,2005-05-01,,,,,,https://www.techpowerup.com/cpu-specs/athlon-64-3700.c551,,athlon643700
AMD,Athlon 64 4000+,Toledo,1,1,2.4,,Socket 939,90,,89,May 2005,2005-05-01,,,,,,https://www.techpowerup.com/cpu-specs/athlon-64-4000.c552,,athlon644000
AMD,Athlon 64 FX-70,Windsor,2,2,2.6,,Socket F,90,,125,Nov 2006,2006-11-01,,,,,,https://www.techpowerup.com/cpu-specs/athlon-64-fx-70.c405,,athlon64fx70
AMD,Athlon XP 2400+,Thorton,1,1,2.0,,Socket A,130,,68,Sep 2003,2003-09-01,,,,,,https://www.techpowerup.com/cpu-specs/athlon-xp-2400.c95,,athlonxp2400
AMD,Duron 950,Spitfire,1,1,0.95,,Socket A,180,,42,Jun 2001,2001-06-01,,,,,,https://www.techpowerup.com/cpu-specs/duron-950.c3977,,duron950
AMD,EPYC Embedded 9135,Turin,16,32,3.65,4.3,Socket SP5,4,64,200,Mar 2025,2025-03-01,,,,,,https://www.techpowerup.com/cpu-specs/epyc-embedded-9135.c4530,,epycembedded9135
AMD,EPYC Embedded 9355P,Turin,32,64,3.55,4.4,Socket SP5,4,256,280,Mar 2025,2025-03-01,,,,,,https://www.techpowerup.com/cpu-specs/epyc-embedded-9355p.c4528,,epycembedded9355p
AMD,Opteron 4280,Valencia,8,8,2.8,3.5,Socket C32,32,8,95,Nov 2011,2011-11-01,4504,,,,261.06,https://www.techpowerup.com/cpu-specs/opteron-4280.c3690,https://www.cpubenchmark.net/cpu.php?cpu=AMD+Opteron+4280&id=2148,opteron4280
AMD,Turion X2 RM-77,Griffin,2,2,2.3,,Socket S1,65,,35,Dec 2008,2008-12-01,,,,,,https://www.techpowerup.com/cpu-specs/turion-x2-rm-77.c629,,turionx2rm77
Intel,Atom C5335C1,Parker Ridge,12,12,2.4,,BGA 2106,10,,50,2022,202201-01,,,,,,https://www.techpowerup.com/cpu-specs/atom-c5335c1.c4509,,atomc5335c1
Intel,Celeron G550T,Sandy Bridge,2,2,2.2,,Socket 1155,32,2,35,Sep 2011,2011-09-01,1074,,4608,,,https://www.techpowerup.com/cpu-specs/celeron-g550t.c1648,https://www.cpubenchmark.net/cpu_lookup.php?cpu=Intel+Celeron+G550T+%40+2.20GHz&id=2328,celerong550t
Intel,Core 5 130HL,Raptor Lake-PS,12,16,2.6,4.8,Socket 1700,10,18,45,Apr 2024,2024-04-01,,,,,,https://www.techpowerup.com/cpu-specs/core-5-130hl.c3716,,core5130hl
Intel,Core 7 150UL,Raptor Lake-PS,10,12,1.7,5.0,Socket 1700,10,12,15,Apr 2024,2024-04-01,,,,,,https://www.techpowerup.com/cpu-specs/core-7-150ul.c3464,,core7150ul
Intel,Core i3-7340,Kaby Lake,2,4,4.2,,Socket 1151,14,4,51,Jul 2017,2017-07-01,,,,,,https://www.techpowerup.com/cpu-specs/core-i3-7340.c1943,,corei37340
Intel,Core i5-1030G4,Ice Lake-Y,4,8,0.7,3.5,BGA 1440,10,6,9,Aug 2019,2019-08-01,,,,,,https://www.techpowerup.com/cpu-specs/core-i5-1030g4.c2221,,corei51030g4
Intel,Core i5-9500TE,Coffee Lake,6,6,2.2,3.6,Socket 1151,14,9,35,Apr 2019,2019-04-01,9720,2342,1759,50.62,192.0,https://www.techpowerup.com/cpu-specs/core-i5-9500te.c4452,https://www.cpubenchmark.net/cpu_lookup.php?cpu=Intel+Core+i5-9500TE+%40+2.20GHz&id=3736,corei59500te
Intel,Core i7-3667U,Ivy Bridge,2,4,2.0,3.2,BGA 1023,22,4,17,Jun 2012,2012-06-01,2458,1487,3517,,,https://www.techpowerup.com/cpu-specs/core-i7-3667u.c1088,https://www.cpubenchmark.net/cpu_lookup.php?cpu=Intel+Core+i7-3667U+%40+2.00GHz&id=894,corei73667u
Intel,Mobile Pentium 4 HT 532,Prescott,1,2,3.067,,Socket 478,90,,88,Jun 2004,2004-06-01,,,,,,https://www.techpowerup.com/cpu-specs/mobile-pentium-4-ht-532.c1258,,mobilepentium4ht532
Intel,Xeon 7140N,Tulsa,2,4,3.333,,Socket 604,65,16,150,Aug 2006,2006-08-01,,,,,,https://www.techpowerup.com/cpu-specs/xeon-7140n.c400,,xeon7140n
Intel,Xeon Gold 5411N,Sapphire Rapids,28,56,1.9,3.9,Socket 4677,10,45,165,Jan 2023,2023-01-01,,,,,,https://www.techpowerup.com/cpu-specs/xeon-gold-5411n.c3152,,xeongold5411n
Intel,Xeon Gold 6421N,Sapphire Rapids,32,64,1.8,3.6,Socket 4677,10,60,185,Jan 2023,2023-01-01,58797,,191,24.83,2368.0,https://www.techpowerup.com/cpu-specs/xeon-gold-6421n.c3141,https://www.cpubenchmark.net/cpu_lookup.php?cpu=Intel+Xeon+Gold+6421N&id=5669,xeongold6421n
Intel,Xeon Platinum 8354H,Cooper Lake-SP,18,36,3.1,4.3,Socket 4189,14,24,205,Apr 2021,2021-04-01,,,,,,https://www.techpowerup.com/cpu-specs/xeon-platinum-8354h.c2460,,xeonplatinum8354h
AMD,Athlon 64 4000+,Windsor,1,1,2.6,,Socket AM2,90,,62,Feb 2007,2007-02-01,,,,,,https://www.techpowerup.com/cpu-specs/athlon-64-4000.c575,,athlon644000
AMD,Athlon 650,Pluto,1,1,0.65,,Slot A,180,,30,Nov 1999,1999-11-01,,,,,,https://www.techpowerup.com/cpu-specs/athlon-650.c3762,,athlon650
AMD,Athlon XP 1700+,Thoroughbred,1,1,1.467,,Socket A,130,,50,Jun 2002,2002-06-01,,,,,,https://www.techpowerup.com/cpu-specs/athlon-xp-1700.c112,,athlonxp1700
AMD,EPYC Embedded 9254,Genoa,24,48,2.9,4.15,Socket SP5,5,128,200,Mar 2023,2023-03-01,,,,,,https://www.techpowerup.com/cpu-specs/epyc-embedded-9254.c3193,,epycembedded9254
AMD,EPYC Embedded 9455P,Turin,48,96,3.15,4.4,Socket SP5,4,256,300,Mar 2025,2025-03-01,,,,,,https://www.techpowerup.com/cpu-specs/epyc-embedded-9455p.c4526,,epycembedded9455p
AMD,FirePro A320,Trinity,4,4,3.8,4.2,Socket FM2,32,,100,Aug 2012,2012-08-01,,,,,,https://www.techpowerup.com/cpu-specs/firepro-a320.c2656,,fireproa320
AMD,Opteron X1150,Kyoto,4,4,2.0,,Socket FT3,28,,17,May 2013,2013-05-01,,,,,,https://www.techpowerup.com/cpu-specs/opteron-x1150.c2003,,opteronx1150
AMD,Phenom II X4 900e,Deneb,4,4,2.4,,Socket AM3,45,6,65,Jun 2009,2009-06-01,,,,,,https://www.techpowerup.com/cpu-specs/phenom-ii-x4-900e.c612,,phenomiix4900e
AMD,Sempron 3600+,Albany,1,1,2.2,,Socket 754,90,,62,May 2006,2006-05-01,,,,,,https://www.techpowerup.com/cpu-specs/sempron-3600.c167,,sempron3600
Intel,Core 5 130UL,Raptor Lake-PS,10,12,1.6,4.7,Socket 1700,10,12,15,Apr 2024,2024-04-01,,,,,,https://www.techpowerup.com/cpu-specs/core-5-130ul.c3469,,core5130ul
Intel,Core i5-2557M,Sandy Bridge,2,4,1.7,,BGA 1023,32,3,17,Jun 2011,2011-06-01,1648,1050,4091,,,https://www.techpowerup.com/cpu-specs/core-i5-2557m.c1377,https://www.cpubenchmark.net/cpu_lookup.php?cpu=Intel+Core+i5-2557M+%40+1.70GHz&id=814,corei52557m
Intel,Core i5-3610ME,Ivy Bridge,2,4,2.7,3.3,Socket G2 (988B),22,3,35,Jun 2012,2012-06-01,2694,1599,3367,,,https://www.techpowerup.com/cpu-specs/core-i5-3610me.c1071,https://www.cpubenchmark.net/cpu_lookup.php?cpu=Intel+Core+i5-3610ME+%40+2.70GHz&id=1859,corei53610me
Intel,Core i7-4960HQ,Crystalwell,4,8,2.6,3.8,BGA 1364,22,8,47,Sep 2013,2013-09-01,6368,2089,2247,10.22,623.0,https://www.techpowerup.com/cpu-specs/core-i7-4960hq.c1775,https://www.cpubenchmark.net/cpu_lookup.php?cpu=Intel+Core+i7-4960HQ+%40+2.60GHz&id=2087,corei74960hq
Intel,Core M-5Y70,Broadwell-Y,2,4,1.1,2.6,BGA 1234,14,4,5,Sep 2014,2014-09-01,1890,1153,3906,,,https://www.techpowerup.com/cpu-specs/core-m-5y70.c1782,https://www.cpubenchmark.net/cpu_lookup.php?cpu=Intel+Core+M-5Y70+%40+1.10GHz&id=2382,corem5y70
Intel,Mobile Pentium III 500 MMC,Coppermine,1,1,0.5,,MMC-2,180,,15,Oct 1999,1999-10-01,,,,,,https://www.techpowerup.com/cpu-specs/mobile-pentium-iii-500-mmc.c3648,,mobilepentiumiii500mmc
Intel,Mobile Pentium III 750,Coppermine,1,1,0.75,,Micro-BGA2,180,,16,Jun 2000,2000-06-01,,,,,,https://www.techpowerup.com/cpu-specs/mobile-pentium-iii-750.c3637,,mobilepentiumiii750
Intel,Mobile Pentium III 800,Coppermine,1,1,0.8,,Socket 495,180,,17,Sep 2000,2000-09-01,,,,,,https://www.techpowerup.com/cpu-specs/mobile-pentium-iii-800.c3640,,mobilepentiumiii800
Intel,Mobile Pentium III 900,Coppermine,1,1,0.9,,Micro-BGA2,180,,23,Mar 2001,2001-03-01,,,,,,https://www.techpowerup.com/cpu-specs/mobile-pentium-iii-900.c3643,,mobilepentiumiii900
Intel,Pentium 4-M 1.80,Northwood,1,1,1.8,,Socket 478,130,,30,Apr 2002,2002-04-01,,,,,,https://www.techpowerup.com/cpu-specs/pentium-4-m-1-80.c1261,,pentium4m180
Intel,Xeon 6546P-B,Granite Rapids,32,64,2.3,3.5,BGA 4368,5,128,195,Feb 2025,2025-02-01,,,,,,https://www.techpowerup.com/cpu-specs/xeon-6546p-b.c4080,,xeon6546pb
Intel,Xeon E5-4655 v3,Haswell-EP,6,12,2.9,3.2,Socket 2011-3,22,30,135,Jun 2015,2015-06-01,9377,,1791,2.03,4616.0,https://www.techpowerup.com/cpu-specs/xeon-e5-4655-v3.c2905,https://www.cpubenchmark.net/cpu_lookup.php?cpu=Intel+Xeon+E5-4655+v3+%40+2.90GHz&id=3250,xeone54655v3
Intel,Xeon E5-4667 v3,Haswell-EP,16,32,2.0,2.9,Socket 2011-3,22,40,135,Jun 2015,2015-06-01,15397,,1324,2.69,5729.0,https://www.techpowerup.com/cpu-specs/xeon-e5-4667-v3.c2913,https://www.cpubenchmark.net/cpu_lookup.php?cpu=Intel+Xeon+E5-4667+v3+%40+2.00GHz&id=3163,xeone54667v3
Intel,Xeon E6510,Nehalem-EX,4,8,1.733,,Socket 1567,45,12,105,Mar 2010,2010-03-01,,,,,,https://www.techpowerup.com/cpu-specs/xeon-e6510.c3932,,xeone6510
Intel,Xeon E7-8860,Westmere-EX,10,20,2.266,2.667,Socket 1567,32,24,130,Apr 2011,2011-04-01,,,,,,https://www.techpowerup.com/cpu-specs/xeon-e7-8860.c1467,,xeone78860
Intel,Xeon L3403,Clarkdale,2,2,2.0,,Socket 1156,32,4,30,Oct 2010,2010-10-01,,,,,,https://www.techpowerup.com/cpu-specs/xeon-l3403.c3929,,xeonl3403
Intel,Xeon MP 7041 Dual-Core,Paxville,2,2,3.0,,Socket 604,90,,135,Dec 2005,2005-12-01,,,,,,https://www.techpowerup.com/cpu-specs/xeon-mp-7041-dual-core.c225,,xeonmp7041dualcore
Intel,Xeon Phi 7230,Knights Landing,64,256,1.3,1.5,Socket 3647,14,,215,Jun 2016,2016-06-01,,,,,,https://www.techpowerup.com/cpu-specs/xeon-phi-7230.c2043,,xeonphi7230
Intel,Xeon Platinum 8470N,Sapphire Rapids,52,104,1.7,3.6,Socket 4677,10,97,300,Jan 2023,2023-01-01,,,,,,https://www.techpowerup.com/cpu-specs/xeon-platinum-8470n.c3090,,xeonplatinum8470n
VIA,Nano U2250,CNA,1,1,1.3,1.6,VIA nanoBGA2,65,,10,Jan 2011,2011-01-01,,156,,,,https://www.techpowerup.com/cpu-specs/nano-u2250.c2815,https://www.cpubenchmark.net/cpu.php?cpu=VIA+Nano+U2250%401300%2BMHz&id=1423,nanou2250
AMD,Athlon 64 3500+,Windsor,1,1,2.2,,Socket AM2,90,,62,Feb 2007,2007-02-01,,,,,,https://www.techpowerup.com/cpu-specs/athlon-64-3500.c573,,athlon643500
AMD,Duron 950,Morgan,1,1,0.95,,Socket A,180,,44,Jul 2001,2001-07-01,,,,,,https://www.techpowerup.com/cpu-specs/duron-950.c3979,,duron950
AMD,EPYC Embedded 8C24P,Siena,12,24,2.45,3.0,Socket SP6,5,32,100,Sep 2023,2023-09-01,,,,,,https://www.techpowerup.com/cpu-specs/epyc-embedded-8c24p.c3914,,epycembedded8c24p
AMD,Opteron 3250 HE,Zurich,4,4,2.5,3.5,Socket AM3+,32,4,45,Mar 2012,2012-03-01,,,,,,https://www.techpowerup.com/cpu-specs/opteron-3250-he.c3677,,opteron3250he
AMD,Opteron 4226,Valencia,6,6,2.7,3.1,Socket C32,32,8,95,Nov 2011,2011-11-01,,,,,,https://www.techpowerup.com/cpu-specs/opteron-4226.c3681,,opteron4226
AMD,Opteron 6366 HE,Abu Dhabi,16,16,1.8,3.1,Socket G34,32,8,85,Nov 2012,2012-11-01,5613,,,,770.73,https://www.techpowerup.com/cpu-specs/opteron-6366-he.c1296,https://www.cpubenchmark.net/cpu.php?cpu=AMD+Opteron+6366+HE&id=2204,opteron6366he
AMD,Phenom II X3 715 BE,Heka,3,3,2.8,,Socket AM2+,45,6,95,Oct 2010,2010-10-01,,,,,,https://www.techpowerup.com/cpu-specs/phenom-ii-x3-715-be.c757,,phenomiix3715be
AMD,Phenom X3 8450e,Toliman,3,3,2.1,,Socket AM2+,65,2,65,Sep 2008,2008-09-01,,,,,,https://www.techpowerup.com/cpu-specs/phenom-x3-8450e.c509,,phenomx38450e
AMD,Ryzen Embedded V3C44,Rembrandt,4,8,3.5,3.8,Socket FP7,6,8,45,Sep 2022,2022-09-01,,,,,,https://www.techpowerup.com/cpu-specs/ryzen-embedded-v3c44.c3316,,ryzenembeddedv3c44
Intel,Atom E3826,Bay Trail-I,2,2,1.467,,BGA 1170,22,,7,Oct 2013,2013-10-01,334,397,5565,,,https://www.techpowerup.com/cpu-specs/atom-e3826.c1741,https://www.cpubenchmark.net/cpu_lookup.php?cpu=Intel+Atom+E3826+%40+1.46GHz&id=2809,atome3826
Intel,Atom x6200FE,Elkhart Lake,2,2,1.0,,BGA 1493,10,,5,Jan 2021,2021-01-01,,,,,,https://www.techpowerup.com/cpu-specs/atom-x6200fe.c4283,,atomx6200fe
Intel,Celeron 2.10,Northwood,1,1,2.1,,Socket 478,130,,73,Nov 2002,2002-11-01,,,,,,https://www.techpowerup.com/cpu-specs/celeron-2-10.c313,,celeron210
Intel,Celeron N2910,Bay Trail-M,4,4,1.6,,BGA 1170,22,,7,Sep 2013,2013-09-01,774,442,4961,,,https://www.techpowerup.com/cpu-specs/celeron-n2910.c1888,https://www.cpubenchmark.net/cpu_lookup.php?cpu=Intel+Celeron+N2910+%40+1.60GHz&id=2093,celeronn2910
Intel,Core 5 221TE,Bartlett Lake,10,16,1.8,5.0,Socket 1700,10,24,45,Jan 2025,2025-01-01,15080,,1344,65.0,232.0,https://www.techpowerup.com/cpu-specs/core-5-221te.c4397,https://www.cpubenchmark.net/cpu_lookup.php?cpu=Intel+Core+5+221TE&id=7185,core5221te
Intel,Core i3-8120,Coffee Lake,4,4,3.7,,Socket 1151,14,6,65,Sep 2018,2018-09-01,,,,,,https://www.techpowerup.com/cpu-specs/core-i3-8120.c2089,,corei38120
Intel,Core i7-2715QE,Sandy Bridge,4,8,2.1,3.0,BGA 1023,32,6,45,Jan 2011,2011-01-01,3221,1287,3113,,,https://www.techpowerup.com/cpu-specs/core-i7-2715qe.c1000,https://www.cpubenchmark.net/cpu_lookup.php?cpu=Intel+Core+i7-2715QE+%40+2.10GHz&id=1478,corei72715qe
Intel,Pentium 4 505J,Prescott,1,1,2.66,,Socket 775,90,,84,Dec 2004,2004-12-01,,,,,,https://www.techpowerup.com/cpu-specs/pentium-4-505j.c436,,pentium4505j
Intel,Pentium 4-M 2.00,Northwood,1,1,2.0,,Socket 478,130,,32,Jun 2002,2002-06-01,,,,,,https://www.techpowerup.com/cpu-specs/pentium-4-m-2-00.c1265,,pentium4m200
Intel,Pentium 4-M 2.20,Northwood,1,1,2.2,,Socket 478,130,,35,Sep 2002,2002-09-01,,,,,,https://www.techpowerup.com/cpu-specs/pentium-4-m-2-20.c1266,,pentium4m220
Intel,Pentium G3420T,Haswell,2,2,2.7,,Socket 1150,22,3,35,Sep 2013,2013-09-01,1912,,3883,11.95,159.99,https://www.techpowerup.com/cpu-specs/pentium-g3420t.c1635,https://www.cpubenchmark.net/cpu_lookup.php?cpu=Intel+Pentium+G3420T+%40+2.70GHz&id=2350,pentiumg3420t
Intel,Pentium Gold G7400E,Alder Lake-S,2,4,3.6,,Socket 1700,10,6,46,Jan 2022,2022-01-01,6200,,2284,78.48,79.0,https://www.techpowerup.com/cpu-specs/pentium-gold-g7400e.c2575,https://www.cpubenchmark.net/cpu_lookup.php?cpu=Intel+Pentium+Gold+G7400E&id=6643,pentiumgoldg7400e
Intel,Pentium III Xeon 700 5V-12V,Cascades-2M,1,1,0.7,,Slot 2,180,,30,May 2000,2000-05-01,,,,,,https://www.techpowerup.com/cpu-specs/pentium-iii-xeon-700-5v-12v.c2978,,pentiumiiixeon7005v12v
Intel,Xeon 6533P-B,Granite Rapids,32,64,2.2,3.9,BGA 4368,5,128,205,Feb 2025,2025-02-01,,,,,,https://www.techpowerup.com/cpu-specs/xeon-6533p-b.c4078,,xeon6533pb
Intel,Xeon 6768P-B,Granite Rapids,64,128,2.2,3.5,BGA 5026,5,256,325,Dec 2025,2025-12-01,,,,,,https://www.techpowerup.com/cpu-specs/xeon-6768p-b.c4274,,xeon6768pb
Intel,Xeon D-1537,Broadwell,8,16,1.7,2.3,BGA 1667,14,1,35,Nov 2015,2015-11-01,7444,,2035,13.04,571.0,https://www.techpowerup.com/cpu-specs/xeon-d-1537.c2713,https://www.cpubenchmark.net/cpu_lookup.php?cpu=Intel+Xeon+D-1537+%40+1.70GHz&id=3244,xeond1537
Intel,Xeon D-1557,Broadwell,12,24,1.5,2.1,BGA 1667,14,1,45,Feb 2016,2016-02-01,9285,,1804,13.38,694.0,https://www.techpowerup.com/cpu-specs/xeon-d-1557.c2752,https://www.cpubenchmark.net/cpu_lookup.php?cpu=Intel+Xeon+D-1557+%40+1.50GHz&id=3519,xeond1557
Intel,Xeon D-2899NT,Ice Lake-D,22,44,2.2,3.1,BGA 2579,10,30,135,Dec 2023,2023-12-01,,,,,,https://www.techpowerup.com/cpu-specs/xeon-d-2899nt.c3879,,xeond2899nt
Intel,Xeon E3-1515M v5,Skylake-H,4,8,2.8,3.7,BGA 1440,14,8,45,Jan 2016,2016-01-01,5925,,2345,,,https://www.techpowerup.com/cpu-specs/xeon-e3-1515m-v5.c3245,https://www.cpubenchmark.net/cpu_lookup.php?cpu=Intel+Xeon+E3-1515M+v5+%40+2.80GHz&id=2954,xeone31515mv5
Intel,Xeon Phi 5120D,Knights Corner,60,240,1.053,,SFF 230-Pin,22,,245,Jun 2013,2013-06-01,,,,,,https://www.techpowerup.com/cpu-specs/xeon-phi-5120d.c2030,,xeonphi5120d
AMD,Athlon 64 4000+ (F3),Orleans,1,1,2.6,,Socket AM2,90,,59,Feb 2007,2007-02-01,,,,,,https://www.techpowerup.com/cpu-specs/athlon-64-4000-f3.c572,,athlon644000f3
AMD,EPYC Embedded 9654P,Genoa,96,192,2.4,3.7,Socket SP5,5,384,360,Mar 2023,2023-03-01,116927,,,,,https://www.techpowerup.com/cpu-specs/epyc-embedded-9654p.c3198,https://www.cpubenchmark.net/cpu.php?cpu=AMD+EPYC+Embedded+9654P&id=7083,epycembedded9654p
AMD,GX-220IJ,Prairie Falcon,2,2,2.0,2.2,Socket FP4,28,,10,Jun 2018,2018-06-01,,,,,,https://www.techpowerup.com/cpu-specs/gx-220ij.c3675,,gx220ij
AMD,Opteron 2350,Barcelona,4,4,2.0,,Socket Fr2,65,2,95,Sep 2007,2007-09-01,,,,,,https://www.techpowerup.com/cpu-specs/opteron-2350.c3818,,opteron2350
AMD,Opteron 8347,Barcelona,4,4,1.9,,Socket Fr2,65,2,95,Sep 2007,2007-09-01,,,,,,https://www.techpowerup.com/cpu-specs/opteron-8347.c3836,,opteron8347
AMD,Phenom X3 8250e,Toliman,3,3,1.9,,Socket AM2+,65,2,65,Sep 2008,2008-09-01,,,,,,https://www.techpowerup.com/cpu-specs/phenom-x3-8250e.c506,,phenomx38250e
AMD,Phenom X3 8850,Toliman,3,3,2.5,,Socket AM2+,65,2,95,Oct 2008,2008-10-01,,,,,,https://www.techpowerup.com/cpu-specs/phenom-x3-8850.c876,,phenomx38850
AMD,Sempron 2300+,Thoroughbred,1,1,1.583,,Socket A,130,,62,Jul 2004,2004-07-01,,,,,,https://www.techpowerup.com/cpu-specs/sempron-2300.c1181,,sempron2300
Intel,Atom P5921B,Snow Ridge,8,8,2.2,,BGA 2106,10,,,Feb 2020,2020-02-01,,,,,,https://www.techpowerup.com/cpu-specs/atom-p5921b.c4493,,atomp5921b
Intel,Atom Z530P,Silverthorne,1,2,1.6,,BGA 437,45,,2,Mar 2009,2009-03-01,,,,,,https://www.techpowerup.com/cpu-specs/atom-z530p.c1424,,atomz530p
Intel,Celeron 867,Sandy Bridge,2,2,1.3,,BGA 1023,32,2,17,Jan 2012,2012-01-01,588,591,5213,10.56,55.69,https://www.techpowerup.com/cpu-specs/celeron-867.c1336,https://www.cpubenchmark.net/cpu_lookup.php?cpu=Intel+Celeron+867+%40+1.30GHz&id=663,celeron867
Intel,Core Duo ULV L2500,Yonah,2,2,1.2,,Socket 479,65,,9,Jun 2006,2006-06-01,,,,,,https://www.techpowerup.com/cpu-specs/core-duo-ulv-l2500.c421,,coreduoulvl2500
Intel,Core i3-10305T,Comet Lake-R,4,8,3.0,4.0,Socket 1200,14,8,35,Mar 2021,2021-03-01,7821,,1969,54.69,143.0,https://www.techpowerup.com/cpu-specs/core-i3-10305t.c2412,https://www.cpubenchmark.net/cpu_lookup.php?cpu=Intel+Core+i3-10305T+%40+3.00GHz&id=4375,corei310305t
Intel,Core i3-5157U,Broadwell-U,2,4,2.5,,BGA 1168,14,3,28,Mar 2015,2015-03-01,2592,1451,3433,,,https://www.techpowerup.com/cpu-specs/core-i3-5157u.c1803,https://www.cpubenchmark.net/cpu_lookup.php?cpu=Intel+Core+i3-5157U+%40+2.50GHz&id=2602,corei35157u
Intel,Core i5-2510E,Sandy Bridge,2,4,2.5,,Socket G2 (988B),32,3,35,Feb 2011,2011-02-01,1832,1275,3947,,,https://www.techpowerup.com/cpu-specs/core-i5-2510e.c1374,https://www.cpubenchmark.net/cpu_lookup.php?cpu=Intel+Core+i5-2510E+%40+2.50GHz&id=807,corei52510e
Intel,Core i5-4258U,Haswell,2,4,2.4,2.9,BGA 1168,22,3,28,Jun 2013,2013-06-01,2606,1557,3426,,,https://www.techpowerup.com/cpu-specs/core-i5-4258u.c1604,https://www.cpubenchmark.net/cpu_lookup.php?cpu=Intel+Core+i5-4258U+%40+2.40GHz&id=2069,corei54258u
Intel,Core i7-2820QM,Sandy Bridge,4,8,2.3,3.4,BGA 1224,32,8,45,Jan 2011,2011-01-01,4348,1502,2716,11.75,369.95,https://www.techpowerup.com/cpu-specs/core-i7-2820qm.c993,https://www.cpubenchmark.net/cpu_lookup.php?cpu=Intel+Core+i7-2820QM+%40+2.30GHz&id=885,corei72820qm
Intel,Pentium G622,Sandy Bridge,2,2,2.6,,Socket 1155,32,3,65,May 2011,2011-05-01,,,,,,https://www.techpowerup.com/cpu-specs/pentium-g622.c772,,pentiumg622
Intel,Xeon 7130M,Tulsa,2,4,3.2,,Socket 604,65,8,150,Aug 2006,2006-08-01,,,,,,https://www.techpowerup.com/cpu-specs/xeon-7130m.c397,,xeon7130m
Intel,Xeon E7-4807,Westmere-EX,6,12,1.866,,Socket 1567,32,18,95,Apr 2011,2011-04-01,,,,,,https://www.techpowerup.com/cpu-specs/xeon-e7-4807.c3956,,xeone74807
Intel,Xeon E7530,Nehalem-EX,6,12,1.866,2.133,Socket 1567,45,12,105,Mar 2010,2010-03-01,,,,,,https://www.techpowerup.com/cpu-specs/xeon-e7530.c3935,,xeone7530
Intel,Xeon Gold 5423N,Sapphire Rapids,20,40,2.1,4.0,Socket 4677,10,37,145,Jan 2023,2023-01-01,,,,,,https://www.techpowerup.com/cpu-specs/xeon-gold-5423n.c3158,,xeongold5423n
AMD,Athlon 64 3000+ (C0),Clawhammer,1,1,2.0,,Socket 754,130,,89,Dec 2003,2003-12-01,,,,,,https://www.techpowerup.com/cpu-specs/athlon-64-3000-c0.c539,,athlon643000c0
AMD,EPYC 8224PN,Siena,24,48,2.0,3.0,Socket SP6,5,64,120,Sep 2023,2023-09-01,,,,,,https://www.techpowerup.com/cpu-specs/epyc-8224pn.c3297,,epyc8224pn
AMD,K6-2+ 450ACZM,Sharptooth,1,1,0.45,,Super Socket 7,180,,13,Apr 2000,2000-04-01,,,,,,https://www.techpowerup.com/cpu-specs/k6-2-450aczm.c3745,,k62450aczm
AMD,Mobile Athlon 64 3000+,Clawhammer,1,1,1.8,,Socket 754,130,,82,Aug 2003,2003-08-01,,,,,,https://www.techpowerup.com/cpu-specs/mobile-athlon-64-3000.c2191,,mobileathlon643000
AMD,Opteron 2220,Santa Rosa,2,2,2.8,,Socket F,90,,95,Feb 2007,2007-02-01,,,,,,https://www.techpowerup.com/cpu-specs/opteron-2220.c3348,,opteron2220
AMD,Opteron 252,Troy,1,1,2.6,,Socket 940,90,,92,Feb 2005,2005-02-01,,,,,,https://www.techpowerup.com/cpu-specs/opteron-252.c192,,opteron252
AMD,Opteron 856,Athens,1,1,3.0,,Socket 940,90,,92,Apr 2006,2006-04-01,,,,,,https://www.techpowerup.com/cpu-specs/opteron-856.c1161,,opteron856
AMD,Opteron A1150,Seattle,8,8,1.7,,Socket SP1,28,8,32,Jan 2016,2016-01-01,,,,,,https://www.techpowerup.com/cpu-specs/opteron-a1150.c2007,,opterona1150
AMD,Phenom II X2 565 BE,Callisto,2,2,3.4,,Socket AM3,45,6,80,Dec 2010,2010-12-01,,,,,,https://www.techpowerup.com/cpu-specs/phenom-ii-x2-565-be.c761,,phenomiix2565be
AMD,Sempron 2300+,Barton,1,1,1.583,,Socket A,130,,62,Jan 2001,2001-01-01,,,,,,https://www.techpowerup.com/cpu-specs/sempron-2300.c78,,sempron2300
AMD,Sempron 2500+,Barton,1,1,1.75,,Socket A,130,,62,Jan 2001,2001-01-01,,,,,,https://www.techpowerup.com/cpu-specs/sempron-2500.c76,,sempron2500
AMD,Sempron 3100+,Paris,1,1,1.8,,Socket 754,130,,62,Jul 2004,2004-07-01,,,,,,https://www.techpowerup.com/cpu-specs/sempron-3100.c71,,sempron3100
Intel,Atom x6427FE,Elkhart Lake,4,4,1.9,,BGA 1493,10,,12,Jan 2021,2021-01-01,3196,,3123,38.51,83.0,https://www.techpowerup.com/cpu-specs/atom-x6427fe.c4291,https://www.cpubenchmark.net/cpu_lookup.php?cpu=Intel+Atom+x6427FE+%40+1.90GHz&id=5662,atomx6427fe
Intel,Celeron 445,Conroe-CL,1,1,1.866,,Socket 771,65,,65,May 2008,2008-05-01,,,,,,https://www.techpowerup.com/cpu-specs/celeron-445.c840,,celeron445
Intel,Celeron 857,Sandy Bridge,2,2,1.2,,BGA 1023,32,2,17,Jul 2011,2011-07-01,569,476,5238,,,https://www.techpowerup.com/cpu-specs/celeron-857.c1335,https://www.cpubenchmark.net/cpu_lookup.php?cpu=Intel+Celeron+857+%40+1.20GHz&id=662,celeron857
Intel,Core Duo LV L2500,Yonah,2,2,1.833,,Socket 479,65,,15,Sep 2006,2006-09-01,,,,,,https://www.techpowerup.com/cpu-specs/core-duo-lv-l2500.c419,,coreduolvl2500
Intel,Core i5-2405S,Sandy Bridge,4,4,2.5,3.3,Socket 1155,32,6,65,May 2011,2011-05-01,3400,,3030,22.67,149.95,https://www.techpowerup.com/cpu-specs/core-i5-2405s.c730,https://www.cpubenchmark.net/cpu_lookup.php?cpu=Intel+Core+i5-2405S+%40+2.50GHz&id=795,corei52405s
Intel,Core i5-8420,Coffee Lake,6,6,2.9,4.1,Socket 1151,14,9,65,Sep 2018,2018-09-01,,,,,,https://www.techpowerup.com/cpu-specs/core-i5-8420.c2083,,corei58420
Intel,Core i7-2635QM,Sandy Bridge,4,8,2.0,2.9,BGA 1224,32,6,45,Jan 2011,2011-01-01,3524,1227,2980,,,https://www.techpowerup.com/cpu-specs/core-i7-2635qm.c986,https://www.cpubenchmark.net/cpu_lookup.php?cpu=Intel+Core+i7-2635QM+%40+2.00GHz&id=874,corei72635qm
Intel,Core i7-2675QM,Sandy Bridge,4,8,2.2,3.1,BGA 1224,32,6,45,Oct 2011,2011-10-01,3669,1246,2931,,,https://www.techpowerup.com/cpu-specs/core-i7-2675qm.c988,https://www.cpubenchmark.net/cpu_lookup.php?cpu=Intel+Core+i7-2675QM+%40+2.20GHz&id=879,corei72675qm
Intel,Core i7-3635QM,Ivy Bridge,4,8,2.4,3.4,BGA 1224,22,6,45,Sep 2012,2012-09-01,4776,1678,2608,,,https://www.techpowerup.com/cpu-specs/core-i7-3635qm.c1219,https://www.cpubenchmark.net/cpu_lookup.php?cpu=Intel+Core+i7-3635QM+%40+2.40GHz&id=1784,corei73635qm
Intel,Mobile Pentium 4 HT 518,Prescott,1,2,2.8,,Socket 478,90,,88,Jun 2004,2004-06-01,,,,,,https://www.techpowerup.com/cpu-specs/mobile-pentium-4-ht-518.c1259,,mobilepentium4ht518
Intel,Mobile Pentium 4 HT 538,Prescott,1,2,3.2,,Socket 478,90,,88,Jun 2004,2004-06-01,,,,,,https://www.techpowerup.com/cpu-specs/mobile-pentium-4-ht-538.c1255,,mobilepentium4ht538
Intel,Mobile Pentium III 850,Coppermine,1,1,0.85,,Micro-BGA2,180,,18,Sep 2000,2000-09-01,,,,,,https://www.techpowerup.com/cpu-specs/mobile-pentium-iii-850.c3641,,mobilepentiumiii850
Intel,Pentium G860T,Sandy Bridge,2,2,2.6,,Socket 1155,32,3,35,Jun 2012,2012-06-01,,,,,,https://www.techpowerup.com/cpu-specs/pentium-g860t.c1352,,pentiumg860t
Intel,Pentium III 1000S,Tualatin,1,1,1.0,,Socket 370,130,,30,Jun 2001,2001-06-01,,,,,,https://www.techpowerup.com/cpu-specs/pentium-iii-1000s.c1281,,pentiumiii1000s
Intel,Pentium III 1133S,Tualatin,1,1,1.133,,Socket 370,130,,29,Jun 2001,2001-06-01,,,,,,https://www.techpowerup.com/cpu-specs/pentium-iii-1133s.c1280,,pentiumiii1133s
Intel,Xeon 5040,Dempsey,2,4,2.83,,Socket 771,65,,95,May 2006,2006-05-01,,,,,,https://www.techpowerup.com/cpu-specs/xeon-5040.c384,,xeon5040
Intel,Xeon 6553P-B,Granite Rapids,36,72,2.6,4.0,BGA 4368,5,144,235,Feb 2025,2025-02-01,,,,,,https://www.techpowerup.com/cpu-specs/xeon-6553p-b.c4081,,xeon6553pb
Intel,Xeon D-1571,Broadwell,16,32,1.3,2.1,BGA 1667,14,1,45,Feb 2016,2016-02-01,,,,,,https://www.techpowerup.com/cpu-specs/xeon-d-1571.c2749,,xeond1571
Intel,Xeon E5-4650L,Sandy Bridge-EP,8,16,2.6,3.1,Socket 2011,32,20,115,May 2012,2012-05-01,8533,,1883,1.58,5386.0,https://www.techpowerup.com/cpu-specs/xeon-e5-4650l.c1686,https://www.cpubenchmark.net/cpu_lookup.php?cpu=Intel+Xeon+E5-4650L+%40+2.60GHz&id=3039,xeone54650l
Intel,Xeon E7440,Dunnington,4,4,2.4,,Socket 604,45,16,90,Sep 2008,2008-09-01,,,,,,https://www.techpowerup.com/cpu-specs/xeon-e7440.c4158,,xeone7440
Intel,Xeon E7-8860 v3,Haswell-EX,16,32,2.2,3.2,Socket 2011-1,22,40,140,Jun 2015,2015-06-01,,,,,,https://www.techpowerup.com/cpu-specs/xeon-e7-8860-v3.c2338,,xeone78860v3
Intel,Xeon E7-8867L,Westmere-EX,10,20,2.133,2.533,Socket 1567,32,30,105,Apr 2011,2011-04-01,,,,,,https://www.techpowerup.com/cpu-specs/xeon-e7-8867l.c3943,,xeone78867l
Intel,Xeon E7-8880L v3,Haswell-EX,18,36,2.0,2.8,Socket 2011-1,22,45,115,Jun 2015,2015-06-01,,,,,,https://www.techpowerup.com/cpu-specs/xeon-e7-8880l-v3.c2342,,xeone78880lv3
Intel,Xeon Phi SE10P,Knights Corner,61,244,1.1,,PCIe x16,22,,300,Nov 2012,2012-11-01,,,,,,https://www.techpowerup.com/cpu-specs/xeon-phi-se10p.c2033,,xeonphise10p
Intel,Xeon Platinum 8353H,Cooper Lake-SP,18,36,2.5,3.8,Socket 4189,14,24,150,Apr 2021,2021-04-01,,,,,,https://www.techpowerup.com/cpu-specs/xeon-platinum-8353h.c2459,,xeonplatinum8353h
AMD,Athlon 64 3500+,San Diego,1,1,2.2,,Socket 939,90,,67,May 2005,2005-05-01,,,,,,https://www.techpowerup.com/cpu-specs/athlon-64-3500.c548,,athlon643500
AMD,Athlon II X3 405e,Rana,3,3,2.3,,Socket AM3,45,,45,Oct 2009,2009-10-01,,,,,,https://www.techpowerup.com/cpu-specs/athlon-ii-x3-405e.c624,,athloniix3405e
AMD,Athlon II X3 420e,Rana,3,3,2.6,,Socket AM3,45,,45,Sep 2010,2010-09-01,,,,,,https://www.techpowerup.com/cpu-specs/athlon-ii-x3-420e.c766,,athloniix3420e
AMD,Athlon XP 2000+,Thorton,1,1,1.667,,Socket A,130,,60,Sep 2003,2003-09-01,,,,,,https://www.techpowerup.com/cpu-specs/athlon-xp-2000.c98,,athlonxp2000
AMD,Athlon XP-M 2400+,Barton,1,1,1.8,,Socket A,130,,45,Mar 2003,2003-03-01,,,,,,https://www.techpowerup.com/cpu-specs/athlon-xp-m-2400.c2819,,athlonxpm2400
AMD,E1 Micro-6200T,Mullins,2,2,1.0,1.4,Socket FT3,28,,4,Apr 2014,2014-04-01,,,,,,https://www.techpowerup.com/cpu-specs/e1-micro-6200t.c4198,,e1micro6200t
AMD,E1-2150,Kabini,2,2,1.05,,Socket FT3,28,,9,Feb 2014,2014-02-01,,,,,,https://www.techpowerup.com/cpu-specs/e1-2150.c1760,,e12150
AMD,EPYC 8434PN,Siena,48,96,2.0,3.0,Socket SP6,5,128,155,Sep 2023,2023-09-01,,,,,,https://www.techpowerup.com/cpu-specs/epyc-8434pn.c3299,,epyc8434pn
AMD,K6-2+ 500ACZM,Sharptooth,1,1,0.5,,Super Socket 7,180,,13,Apr 2000,2000-04-01,,,,,,https://www.techpowerup.com/cpu-specs/k6-2-500aczm.c3749,,k62500aczm
AMD,Opteron 246,Troy,1,1,2.0,,Socket 940,90,,85,Dec 2004,2004-12-01,,,,,,https://www.techpowerup.com/cpu-specs/opteron-246.c202,,opteron246
AMD,Opteron 4274 HE,Valencia,8,8,2.5,3.5,Socket C32,32,8,65,Nov 2011,2011-11-01,5776,,,,76.96,https://www.techpowerup.com/cpu-specs/opteron-4274-he.c3688,https://www.cpubenchmark.net/cpu.php?cpu=AMD+Opteron+4274+HE&id=279,opteron4274he
AMD,Ryzen AI Embedded P174i,Gorgon Point,10,20,2.0,5.0,Socket FP8,4,16,28,Mar 2026,2026-03-01,,,,,,https://www.techpowerup.com/cpu-specs/ryzen-ai-embedded-p174i.c4370,,ryzenaiembeddedp174i
AMD,Sempron 2800+,Barton,1,1,2.0,,Socket A,130,,62,Jan 2001,2001-01-01,,,,,,https://www.techpowerup.com/cpu-specs/sempron-2800.c74,,sempron2800
AMD,Turion X2 Ultra ZM-86,Griffin,2,2,2.4,,Socket S1,65,,35,Jun 2008,2008-06-01,,,,,,https://www.techpowerup.com/cpu-specs/turion-x2-ultra-zm-86.c634,,turionx2ultrazm86
Intel,Atom E620,Tunnel Creek,1,2,0.6,,BGA 676,45,,3,Sep 2010,2010-09-01,,,,,,https://www.techpowerup.com/cpu-specs/atom-e620.c1441,,atome620
Intel,Atom Z2420,Penwell,1,1,1.2,,BGA 617,32,,3,Jan 2013,2013-01-01,,,,,,https://www.techpowerup.com/cpu-specs/atom-z2420.c1583,,atomz2420
Intel,Celeron G1620T,Ivy Bridge,2,2,2.4,,Socket 1155,22,2,35,Sep 2013,2013-09-01,1532,,4179,36.48,42.0,https://www.techpowerup.com/cpu-specs/celeron-g1620t.c1714,https://www.cpubenchmark.net/cpu_lookup.php?cpu=Intel+Celeron+G1620T+%40+2.40GHz&id=2197,celerong1620t
Intel,Core i3-1000G4,Ice Lake-Y,2,4,1.1,3.2,BGA 1377,10,4,9,Aug 2019,2019-08-01,,,,,,https://www.techpowerup.com/cpu-specs/core-i3-1000g4.c2220,,corei31000g4
Intel,Core i3-3130M,Ivy Bridge,2,4,2.6,,BGA 1023,22,3,35,Jan 2013,2013-01-01,1898,1330,3897,,,https://www.techpowerup.com/cpu-specs/core-i3-3130m.c1506,https://www.cpubenchmark.net/cpu_lookup.php?cpu=Intel+Core+i3-3130M+%40+2.60GHz&id=1829,corei33130m
Intel,Core i3-3250T,Ivy Bridge,2,4,3.0,,Socket 1155,22,3,35,Jun 2013,2013-06-01,2650,,3394,,,https://www.techpowerup.com/cpu-specs/core-i3-3250t.c3504,https://www.cpubenchmark.net/cpu_lookup.php?cpu=Intel+Core+i3-3250T+%40+3.00GHz&id=2732,corei33250t
Intel,Core i3-4370T,Haswell,2,4,3.3,,Socket 1150,22,4,35,Mar 2015,2015-03-01,3361,,3058,24.35,138.0,https://www.techpowerup.com/cpu-specs/core-i3-4370t.c3511,https://www.cpubenchmark.net/cpu_lookup.php?cpu=Intel+Core+i3-4370T+%40+3.30GHz&id=3117,corei34370t
Intel,Core i7-2710QE,Sandy Bridge,4,8,2.1,3.0,Socket G2 (988B),32,6,45,Jan 2011,2011-01-01,3749,1205,2899,,,https://www.techpowerup.com/cpu-specs/core-i7-2710qe.c999,https://www.cpubenchmark.net/cpu_lookup.php?cpu=Intel+Core+i7-2710QE+%40+2.10GHz&id=882,corei72710qe
Intel,Mobile Pentium III 500,Coppermine,1,1,0.5,,Socket 495,180,,17,Oct 1999,1999-10-01,,,,,,https://www.techpowerup.com/cpu-specs/mobile-pentium-iii-500.c3626,,mobilepentiumiii500
Intel,Mobile Pentium III 600 LV,Coppermine,1,1,0.6,,Micro-BGA2,180,,9,Jun 2000,2000-06-01,,,,,,https://www.techpowerup.com/cpu-specs/mobile-pentium-iii-600-lv.c3629,,mobilepentiumiii600lv
Intel,Pentium 4 HT 620,Prescott,1,2,2.8,,Socket 775,90,,84,Feb 2005,2005-02-01,,,,,,https://www.techpowerup.com/cpu-specs/pentium-4-ht-620.c1098,,pentium4ht620
Intel,Pentium III Xeon 933 5V-12V,Cascades,1,1,0.933,,Slot 2,180,,30,May 2000,2000-05-01,,,,,,https://www.techpowerup.com/cpu-specs/pentium-iii-xeon-933-5v-12v.c2990,,pentiumiiixeon9335v12v
Intel,Xeon 3.2,Irwindale,1,1,3.2,,Socket 604,90,,135,Feb 2005,2005-02-01,,,,,,https://www.techpowerup.com/cpu-specs/xeon-3-2.c245,,xeon32
Intel,Xeon E3-1105C,Gladden,4,4,1.0,,BGA 1283,32,6,25,May 2012,2012-05-01,,,,,,https://www.techpowerup.com/cpu-specs/xeon-e3-1105c.c1702,,xeone31105c
Intel,Xeon E5-1410,Sandy Bridge-EN,4,8,2.8,3.2,Socket 1356,32,10,80,May 2012,2012-05-01,4852,,2597,107.85,44.99,https://www.techpowerup.com/cpu-specs/xeon-e5-1410.c1688,https://www.cpubenchmark.net/cpu_lookup.php?cpu=Intel+Xeon+E5-1410+%40+2.80GHz&id=1945,xeone51410
Intel,Xeon E5-2428L,Sandy Bridge-EN,6,12,1.8,2.0,Socket 1356,32,15,60,May 2012,2012-05-01,,,,,,https://www.techpowerup.com/cpu-specs/xeon-e5-2428l.c1696,,xeone52428l
Intel,Xeon E5-4607,Sandy Bridge-EP,6,12,2.2,,Socket 2011,32,15,95,May 2012,2012-05-01,,,,,,https://www.techpowerup.com/cpu-specs/xeon-e5-4607.c1683,,xeone54607
Intel,Xeon E5-4648 v3,Haswell-EP,12,24,1.7,2.2,Socket 2011-3,22,30,105,Jun 2015,2015-06-01,9061,,1831,,,https://www.techpowerup.com/cpu-specs/xeon-e5-4648-v3.c2910,https://www.cpubenchmark.net/cpu_lookup.php?cpu=Intel+Xeon+E5-4648+v3+%40+1.70GHz&id=3024,xeone54648v3
Intel,Xeon E7340,Tigerton,4,4,2.4,,Socket 604,65,,80,Sep 2007,2007-09-01,,,,,,https://www.techpowerup.com/cpu-specs/xeon-e7340.c4477,,xeone7340
Intel,Xeon Phi 7120A,Knights Corner,61,244,1.238,1.333,PCIe x16,22,,300,Apr 2014,2014-04-01,,,,,,https://www.techpowerup.com/cpu-specs/xeon-phi-7120a.c2037,,xeonphi7120a
VIA,1.1GigaPro (C3 800A),Samuel 2,1,1,0.8,,VIA BGA 368,150,,11,Sep 2001,2001-09-01,,,,,,https://www.techpowerup.com/cpu-specs/1-1gigapro-c3-800a.c3743,,11gigaproc3800a
VIA,C3 Processor 866A,Ezra,1,1,0.866,,Socket 370,130,,9,Sep 2001,2001-09-01,,,,,,https://www.techpowerup.com/cpu-specs/c3-processor-866a.c3284,,c3processor866a
VIA,C3 Processor 900A,Ezra,1,1,0.9,,Socket 370,130,,9,2001,200101-01,,,,,,https://www.techpowerup.com/cpu-specs/c3-processor-900a.c4382,,c3processor900a
AMD,Duron 900,Spitfire,1,1,0.9,,Socket A,180,,40,Apr 2001,2001-04-01,,,,,,https://www.techpowerup.com/cpu-specs/duron-900.c3976,,duron900
AMD,Opteron 2356,Barcelona,4,4,2.3,,Socket Fr2,65,2,95,Apr 2008,2008-04-01,,,,,,https://www.techpowerup.com/cpu-specs/opteron-2356.c3824,,opteron2356
AMD,Opteron 6262 HE,Interlagos,16,16,1.6,2.9,Socket G34,32,8,85,Nov 2011,2011-11-01,,,,,,https://www.techpowerup.com/cpu-specs/opteron-6262-he.c1112,,opteron6262he
AMD,Opteron 6338P,Warsaw,12,12,2.3,2.8,Socket G34,32,8,99,Jan 2014,2014-01-01,,,,,,https://www.techpowerup.com/cpu-specs/opteron-6338p.c3728,,opteron6338p
AMD,Opteron X2 265,Italy,2,2,1.8,,Socket 940,90,,95,May 2005,2005-05-01,,,,,,https://www.techpowerup.com/cpu-specs/opteron-x2-265.c181,,opteronx2265
AMD,Phenom X3 8550,Toliman,3,3,2.2,,Socket AM2+,65,2,95,Apr 2008,2008-04-01,,,,,,https://www.techpowerup.com/cpu-specs/phenom-x3-8550.c875,,phenomx38550
AMD,Sempron 2200+,Barton,1,1,1.5,,Socket A,130,,62,Jan 2001,2001-01-01,,,,,,https://www.techpowerup.com/cpu-specs/sempron-2200.c79,,sempron2200
AMD,Turion 64 ML-30,Lancaster,1,1,1.6,,Socket 754,90,,35,Mar 2005,2005-03-01,,,,,,https://www.techpowerup.com/cpu-specs/turion-64-ml-30.c142,,turion64ml30
Intel,Core i5-4350U,Haswell,2,4,1.4,2.9,BGA 1168,22,3,15,Jun 2013,2013-06-01,2425,1585,3541,,,https://www.techpowerup.com/cpu-specs/core-i5-4350u.c1598,https://www.cpubenchmark.net/cpu_lookup.php?cpu=Intel+Core+i5-4350U+%40+1.40GHz&id=2010,corei54350u
Intel,Pentium III Xeon 1000 5V-12V,Cascades,1,1,1.0,,Slot 2,180,,31,Aug 2000,2000-08-01,,,,,,https://www.techpowerup.com/cpu-specs/pentium-iii-xeon-1000-5v-12v.c2992,,pentiumiiixeon10005v12v
Intel,Pentium III Xeon 500 1MB,Tanner,1,1,0.5,,Slot 2,,,45,Mar 1999,1999-03-01,,,,,,https://www.techpowerup.com/cpu-specs/pentium-iii-xeon-500-1mb.c2968,,pentiumiiixeon5001mb
Intel,Pentium III Xeon 550 1MB,Tanner,1,1,0.55,,Slot 2,,,35,Aug 1999,1999-08-01,,,,,,https://www.techpowerup.com/cpu-specs/pentium-iii-xeon-550-1mb.c2971,,pentiumiiixeon5501mb
Intel,Xeon 2.66,Prestonia,1,1,2.66,,Socket 604,130,,89,Nov 2002,2002-11-01,,,,,,https://www.techpowerup.com/cpu-specs/xeon-2-66.c256,,xeon266
Intel,Xeon 2.8,Nocona,1,1,2.8,,Socket 604,90,,135,Jun 2004,2004-06-01,,,,,,https://www.techpowerup.com/cpu-specs/xeon-2-8.c251,,xeon28
Intel,Xeon E3-1565L v5,Skylake-H,4,8,2.5,3.5,BGA 1440,14,8,35,May 2016,2016-05-01,7325,,2057,,,https://www.techpowerup.com/cpu-specs/xeon-e3-1565l-v5.c3243,https://www.cpubenchmark.net/cpu_lookup.php?cpu=Intel+Xeon+E3-1565L+v5+%40+2.50GHz&id=6731,xeone31565lv5
Intel,Xeon E5-4617,Sandy Bridge-EP,6,12,2.9,3.4,Socket 2011,32,15,130,May 2012,2012-05-01,6298,,2268,175.52,35.88,https://www.techpowerup.com/cpu-specs/xeon-e5-4617.c1464,https://www.cpubenchmark.net/cpu_lookup.php?cpu=Intel+Xeon+E5-4617+%40+2.90GHz&id=2150,xeone54617
Intel,Xeon E5607,Westmere-EP,4,4,2.266,,Socket 1366,32,8,80,Feb 2011,2011-02-01,2578,,3446,92.09,27.99,https://www.techpowerup.com/cpu-specs/xeon-e5607.c932,https://www.cpubenchmark.net/cpu_lookup.php?cpu=Intel+Xeon+E5607+%40+2.27GHz&id=1248,xeone5607
Intel,Xeon L5530,Gainestown,4,8,2.4,2.666,Socket 1366,45,8,60,Aug 2009,2009-08-01,2522,,3478,40.68,62.0,https://www.techpowerup.com/cpu-specs/xeon-l5530.c926,https://www.cpubenchmark.net/cpu_lookup.php?cpu=Intel+Xeon+L5530+%40+2.40GHz&id=1261,xeonl5530
Intel,Xeon L7545,Nehalem-EX,6,12,1.866,2.533,Socket 1567,45,18,95,Mar 2010,2010-03-01,,,,,,https://www.techpowerup.com/cpu-specs/xeon-l7545.c3938,,xeonl7545
VIA,Nano QuadCore C4700,ZX-C,4,4,1.333,2.0,VIA nanoBGA2,28,,18,2015,201501-01,,,,,,https://www.techpowerup.com/cpu-specs/nano-quadcore-c4700.c2796,,nanoquadcorec4700
AMD,Athlon 64 3000+,Newark,1,1,1.8,,Socket 754,130,,62,Apr 2005,2005-04-01,,,,,,https://www.techpowerup.com/cpu-specs/athlon-64-3000.c63,,athlon643000
AMD,Athlon 64 3200+,NewCastle,1,1,2.0,,Socket 939,130,,89,Apr 2004,2004-04-01,,,,,,https://www.techpowerup.com/cpu-specs/athlon-64-3200.c46,,athlon643200
AMD,Athlon 64 3200+ (CG),Clawhammer,1,1,2.2,,Socket 754,130,,89,Jan 2003,2003-01-01,,,,,,https://www.techpowerup.com/cpu-specs/athlon-64-3200-cg.c540,,athlon643200cg
AMD,Athlon 650,Thunderbird,1,1,0.65,,Socket A,180,,38,Jun 2000,2000-06-01,,,,,,https://www.techpowerup.com/cpu-specs/athlon-650.c1239,,athlon650
AMD,Athlon II X3 415e,Rana,3,3,2.5,,Socket AM3,45,,45,May 2010,2010-05-01,,,,,,https://www.techpowerup.com/cpu-specs/athlon-ii-x3-415e.c692,,athloniix3415e
AMD,Athlon XP 2600+,Thorton,1,1,2.083,,Socket A,130,,68,Sep 2003,2003-09-01,,,,,,https://www.techpowerup.com/cpu-specs/athlon-xp-2600.c1177,,athlonxp2600
AMD,Opteron X2 890,Egypt,2,2,2.8,,Socket 940,90,,95,Mar 2006,2006-03-01,,,,,,https://www.techpowerup.com/cpu-specs/opteron-x2-890.c1200,,opteronx2890
AMD,Phenom II X4 805,Deneb,4,4,2.5,,Socket AM3,45,4,95,Feb 2009,2009-02-01,,,,,,https://www.techpowerup.com/cpu-specs/phenom-ii-x4-805.c610,,phenomiix4805
AMD,Ryzen Threadripper 1940X,Zen,14,28,3.5,4.0,Socket SP3r2,14,32,180,Unreleased,,,,,,,https://www.techpowerup.com/cpu-specs/ryzen-threadripper-1940x.c1907,,ryzenthreadripper1940x
AMD,Turion X2 RM-75,Griffin,2,2,2.2,,Socket S1,65,,35,Dec 2008,2008-12-01,,,,,,https://www.techpowerup.com/cpu-specs/turion-x2-rm-75.c628,,turionx2rm75
Intel,Atom E680T,Tunnel Creek,1,2,1.6,,BGA 676,45,,4,Sep 2010,2010-09-01,,,,,,https://www.techpowerup.com/cpu-specs/atom-e680t.c1448,,atome680t
Intel,Celeron 725C,Sandy Bridge,1,1,1.3,,BGA 1023,32,1,17,Jul 2011,2011-07-01,,,,,,https://www.techpowerup.com/cpu-specs/celeron-725c.c1582,,celeron725c
Intel,Core i7-3910K,Sandy Bridge-E,6,12,3.0,3.6,Socket 2011,32,12,130,Jul 2013,2013-07-01,,,,,,https://www.techpowerup.com/cpu-specs/core-i7-3910k.c1646,,corei73910k
Intel,Core i7-620UM,Arrandale,2,4,1.067,2.133,BGA 1288,32,4,18,Jan 2010,2010-01-01,1091,859,4581,,,https://www.techpowerup.com/cpu-specs/core-i7-620um.c3221,https://www.cpubenchmark.net/cpu_lookup.php?cpu=Intel+Core+i7-620UM+%40+1.07GHz&id=857,corei7620um
Intel,Xeon 6543P-B,Granite Rapids,32,64,2.0,3.3,BGA 4368,5,128,160,Feb 2025,2025-02-01,,,,,,https://www.techpowerup.com/cpu-specs/xeon-6543p-b.c4079,,xeon6543pb
Intel,Xeon D-1567,Broadwell,12,24,2.1,2.7,BGA 1667,14,1,65,Feb 2016,2016-02-01,11269,,1630,,,https://www.techpowerup.com/cpu-specs/xeon-d-1567.c2751,https://www.cpubenchmark.net/cpu_lookup.php?cpu=Intel+Xeon+D-1567+%40+2.10GHz&id=3006,xeond1567
Intel,Xeon D-1712TR,Ice Lake-D,4,8,2.0,3.1,BGA 2227,10,10,40,Feb 2022,2022-02-01,8155,,1926,31.01,263.0,https://www.techpowerup.com/cpu-specs/xeon-d-1712tr.c3876,https://www.cpubenchmark.net/cpu_lookup.php?cpu=Intel+Xeon+D-1712TR+%40+2.00GHz&id=6890,xeond1712tr
Intel,Xeon D-1732TE,Ice Lake-D,8,16,1.9,3.0,BGA 2227,10,15,52,Feb 2022,2022-02-01,14179,,1406,18.68,759.0,https://www.techpowerup.com/cpu-specs/xeon-d-1732te.c3874,https://www.cpubenchmark.net/cpu_lookup.php?cpu=Intel+Xeon+D-1732TE+%40+1.90GHz&id=5085,xeond1732te
Intel,Xeon E5-2430L,Sandy Bridge-EN,6,12,2.0,2.5,Socket 1356,32,15,60,May 2012,2012-05-01,5300,,2503,21.2,249.95,https://www.techpowerup.com/cpu-specs/xeon-e5-2430l.c1697,https://www.cpubenchmark.net/cpu_lookup.php?cpu=Intel+Xeon+E5-2430L+%40+2.00GHz&id=3139,xeone52430l
Intel,Xeon E7430,Dunnington,4,4,2.133,,Socket 604,45,12,90,Sep 2008,2008-09-01,,,,,,https://www.techpowerup.com/cpu-specs/xeon-e7430.c4159,,xeone7430
Intel,Xeon Gold 5320T,Ice Lake-SP,20,40,2.3,3.5,Socket 4189,10,30,150,Apr 2021,2021-04-01,33828,,473,17.11,1977.0,https://www.techpowerup.com/cpu-specs/xeon-gold-5320t.c2448,https://www.cpubenchmark.net/cpu_lookup.php?cpu=Intel+Xeon+Gold+5320T+%40+2.30GHz&id=6947,xeongold5320t
Intel,Xeon Gold 5418N,Sapphire Rapids,24,48,1.8,3.8,Socket 4677,10,45,165,Jan 2023,2023-01-01,,,,,,https://www.techpowerup.com/cpu-specs/xeon-gold-5418n.c3154,,xeongold5418n
Intel,Xeon Phi 7250F,Knights Landing,68,272,1.4,1.6,Socket 3647,14,,230,Jun 2016,2016-06-01,,,,,,https://www.techpowerup.com/cpu-specs/xeon-phi-7250f.c2046,,xeonphi7250f
AMD,Athlon X2 QL-67,Griffin,2,2,2.2,,Socket S1,65,,35,Dec 2008,2008-12-01,,,,,,https://www.techpowerup.com/cpu-specs/athlon-x2-ql-67.c641,,athlonx2ql67
AMD,Athlon XP 2500+ DTR,Barton,1,1,1.833,,Socket A,130,,55,Feb 2003,2003-02-01,,,,,,https://www.techpowerup.com/cpu-specs/athlon-xp-2500-dtr.c94,,athlonxp2500dtr
AMD,E1-2200,Kabini,2,2,1.05,,Socket FT3,28,,9,Nov 2013,2013-11-01,,,,,,https://www.techpowerup.com/cpu-specs/e1-2200.c3563,,e12200
AMD,K6-2+ 533ACZ,Sharptooth,1,1,0.533,,Super Socket 7,180,,14,Sep 2000,2000-09-01,,,,,,https://www.techpowerup.com/cpu-specs/k6-2-533acz.c3751,,k62533acz
AMD,Mobile Duron 600,Spitfire,1,1,0.6,,Socket A,180,,20,Jan 2001,2001-01-01,,,,,,https://www.techpowerup.com/cpu-specs/mobile-duron-600.c3985,,mobileduron600
AMD,Opteron 1210 EE,Santa Ana,2,2,1.8,,Socket F,90,,45,Aug 2006,2006-08-01,,,,,,https://www.techpowerup.com/cpu-specs/opteron-1210-ee.c3354,,opteron1210ee
AMD,Opteron 254,Troy,1,1,2.8,,Socket 940,90,,92,Aug 2005,2005-08-01,,,,,,https://www.techpowerup.com/cpu-specs/opteron-254.c190,,opteron254
AMD,Phenom II X3 700e,Heka,3,3,2.4,,Socket AM3,45,6,65,Jun 2009,2009-06-01,,,,,,https://www.techpowerup.com/cpu-specs/phenom-ii-x3-700e.c606,,phenomiix3700e
AMD,Phenom II X3 B73,Heka,3,3,2.8,,Socket AM3,45,6,95,Oct 2009,2009-10-01,,,,,,https://www.techpowerup.com/cpu-specs/phenom-ii-x3-b73.c758,,phenomiix3b73
AMD,Phenom X4 9600B,Agena,4,4,2.3,,Socket AM2+,65,2,95,Apr 2008,2008-04-01,,,,,,https://www.techpowerup.com/cpu-specs/phenom-x4-9600b.c872,,phenomx49600b
AMD,Ryzen 5 PRO 6650HS,Rembrandt,6,12,3.3,4.5,Socket FP7,6,16,35,Apr 2022,2022-04-01,,,,,,https://www.techpowerup.com/cpu-specs/ryzen-5-pro-6650hs.c2770,,ryzen5pro6650hs
AMD,Ryzen Embedded 7600X,Raphael,6,12,4.7,5.3,Socket AM5,5,32,105,Nov 2023,2023-11-01,,,,,,https://www.techpowerup.com/cpu-specs/ryzen-embedded-7600x.c4182,,ryzenembedded7600x
AMD,Sempron 2600+,Sonora,1,1,1.6,,Socket 754,90,,25,Jul 2004,2004-07-01,,,,,,https://www.techpowerup.com/cpu-specs/sempron-2600.c1190,,sempron2600
AMD,Sempron 2600+,Barton,1,1,1.833,,Socket A,130,,62,Jan 2001,2001-01-01,,,,,,https://www.techpowerup.com/cpu-specs/sempron-2600.c75,,sempron2600
AMD,Turion 64 MT-30,Lancaster,1,1,1.6,,Socket 754,90,,22,Mar 2005,2005-03-01,,,,,,https://www.techpowerup.com/cpu-specs/turion-64-mt-30.c143,,turion64mt30
AMD,Turion 64 MT-32,Lancaster,1,1,1.8,,Socket 754,90,,25,Mar 2005,2005-03-01,,,,,,https://www.techpowerup.com/cpu-specs/turion-64-mt-32.c141,,turion64mt32
Intel,Celeron 2.30,Northwood,1,1,2.3,,Socket 478,130,,73,Mar 2003,2003-03-01,,,,,,https://www.techpowerup.com/cpu-specs/celeron-2-30.c311,,celeron230
Intel,Core i5-4670R,Haswell,4,4,3.0,3.7,BGA 1364,22,4,65,Jun 2013,2013-06-01,5233,,2522,18.96,276.0,https://www.techpowerup.com/cpu-specs/core-i5-4670r.c1574,https://www.cpubenchmark.net/cpu_lookup.php?cpu=Intel+Core+i5-4670R+%40+3.00GHz&id=3294,corei54670r
Intel,Core i5-5350H,Broadwell-H,2,4,3.1,3.5,BGA 1364,14,4,47,Mar 2015,2015-03-01,,,,,,https://www.techpowerup.com/cpu-specs/core-i5-5350h.c2696,,corei55350h
Intel,Pentium III Xeon 700 2.8V,Cascades-2M,1,1,0.7,,Slot 2,180,,29,May 2000,2000-05-01,,,,,,https://www.techpowerup.com/cpu-specs/pentium-iii-xeon-700-2-8v.c2977,,pentiumiiixeon70028v
Intel,Xeon E5-1428L v2,Ivy Bridge-EN,6,12,2.2,2.7,Socket 1356,22,15,60,Jan 2014,2014-01-01,6255,,2275,307.05,20.37,https://www.techpowerup.com/cpu-specs/xeon-e5-1428l-v2.c3178,https://www.cpubenchmark.net/cpu_lookup.php?cpu=Intel+Xeon+E5-1428L+v2+%40+2.20GHz&id=3556,xeone51428lv2
Intel,Xeon E7420,Dunnington,4,4,2.133,,Socket 604,45,8,90,Sep 2008,2008-09-01,,,,,,https://www.techpowerup.com/cpu-specs/xeon-e7420.c4160,,xeone7420
Intel,Xeon L5609,Westmere-EP,4,4,1.866,,Socket 1366,32,12,40,Mar 2010,2010-03-01,3298,,3078,,,https://www.techpowerup.com/cpu-specs/xeon-l5609.c941,https://www.cpubenchmark.net/cpu_lookup.php?cpu=Intel+Xeon+L5609+%40+1.87GHz&id=1883,xeonl5609
Intel,Xeon Phi 3120P,Knights Corner,57,228,1.1,,PCIe x16,22,,300,Jun 2013,2013-06-01,,,,,,https://www.techpowerup.com/cpu-specs/xeon-phi-3120p.c2031,,xeonphi3120p
Intel,Xeon X7450,Dunnington,6,6,2.4,,Socket 604,45,12,90,Sep 2008,2008-09-01,,,,,,https://www.techpowerup.com/cpu-specs/xeon-x7450.c4156,,xeonx7450
AMD,Athlon 64 X2 5000+ EE,Windsor,2,2,2.6,,Socket AM2,90,,65,Sep 2006,2006-09-01,,,,,,https://www.techpowerup.com/cpu-specs/athlon-64-x2-5000-ee.c587,,athlon64x25000ee
AMD,Athlon XP-M 2800+ (72W),Barton,1,1,2.133,,Socket A,130,,72,Jul 2004,2004-07-01,,,,,,https://www.techpowerup.com/cpu-specs/athlon-xp-m-2800-72w.c2824,,athlonxpm280072w
AMD,K6-2+ 475ACZ,Sharptooth,1,1,0.475,,Super Socket 7,180,,13,Apr 2000,2000-04-01,,,,,,https://www.techpowerup.com/cpu-specs/k6-2-475acz.c3747,,k62475acz
AMD,K6-2+ 533ACZM,Sharptooth,1,1,0.533,,Super Socket 7,180,,14,Sep 2000,2000-09-01,,,,,,https://www.techpowerup.com/cpu-specs/k6-2-533aczm.c3752,,k62533aczm
AMD,Opteron 2354,Barcelona,4,4,2.2,,Socket Fr2,65,2,95,Apr 2008,2008-04-01,,,,,,https://www.techpowerup.com/cpu-specs/opteron-2354.c3822,,opteron2354
AMD,Opteron 248,Troy,1,1,2.2,,Socket 940,90,,85,Dec 2004,2004-12-01,,,,,,https://www.techpowerup.com/cpu-specs/opteron-248.c199,,opteron248
AMD,Opteron 4234,Valencia,6,6,3.1,3.5,Socket C32,32,8,95,Nov 2011,2011-11-01,,,,,,https://www.techpowerup.com/cpu-specs/opteron-4234.c3684,,opteron4234
AMD,Opteron 8356,Barcelona,4,4,2.3,,Socket Fr2,65,2,95,Apr 2008,2008-04-01,,,,,,https://www.techpowerup.com/cpu-specs/opteron-8356.c3843,,opteron8356
AMD,Opteron X2 280,Italy,2,2,2.4,,Socket 940,90,,95,Sep 2005,2005-09-01,,,,,,https://www.techpowerup.com/cpu-specs/opteron-x2-280.c172,,opteronx2280
AMD,Turion 64 ML-42,Lancaster,1,1,2.4,,Socket 754,90,,35,Oct 2005,2005-10-01,,,,,,https://www.techpowerup.com/cpu-specs/turion-64-ml-42.c1165,,turion64ml42
Intel,Atom E660,Tunnel Creek,1,2,1.3,,BGA 676,45,,3,Sep 2010,2010-09-01,177,,5878,3.27,54.0,https://www.techpowerup.com/cpu-specs/atom-e660.c1445,https://www.cpubenchmark.net/cpu_lookup.php?cpu=Intel+Atom+E660+%40+1.30GHz&id=1432,atome660
Intel,Core i7-8557U,Coffee Lake-U,4,8,1.7,4.5,BGA 1526,14,8,15,Jul 2019,2019-07-01,7282,2319,2060,16.9,431.0,https://www.techpowerup.com/cpu-specs/core-i7-8557u.c4468,https://www.cpubenchmark.net/cpu_lookup.php?cpu=Intel+Core+i7-8557U+%40+1.70GHz&id=3641,corei78557u
Intel,Mobile Pentium 4 HT 548,Prescott,1,2,3.334,,Socket 478,90,,88,Sep 2004,2004-09-01,,,,,,https://www.techpowerup.com/cpu-specs/mobile-pentium-4-ht-548.c1256,,mobilepentium4ht548
Intel,Mobile Pentium III 700 LV,Coppermine,1,1,0.7,,Micro-BGA2,180,,10,Feb 2001,2001-02-01,,,,,,https://www.techpowerup.com/cpu-specs/mobile-pentium-iii-700-lv.c3635,,mobilepentiumiii700lv
Intel,Mobile Pentium III 750,Coppermine,1,1,0.75,,Socket 495,180,,16,Jun 2000,2000-06-01,,,,,,https://www.techpowerup.com/cpu-specs/mobile-pentium-iii-750.c3638,,mobilepentiumiii750
Intel,Pentium 4 1.9,Willamette,1,1,1.9,,Socket 423,180,,69,Aug 2001,2001-08-01,,,,,,https://www.techpowerup.com/cpu-specs/pentium-4-1-9.c291,,pentium419
Intel,Pentium III Xeon 550,Tanner,1,1,0.55,,Slot 2,,,34,Apr 1999,1999-04-01,,,,,,https://www.techpowerup.com/cpu-specs/pentium-iii-xeon-550.c2970,,pentiumiiixeon550
Intel,Pentium III Xeon 866 5V-12V,Cascades,1,1,0.866,,Slot 2,180,,25,Apr 2000,2000-04-01,,,,,,https://www.techpowerup.com/cpu-specs/pentium-iii-xeon-866-5v-12v.c2986,,pentiumiiixeon8665v12v
Intel,Xeon 3.20,Gallatin,1,1,3.2,,Socket 604,130,1,97,Oct 2003,2003-10-01,,,,,,https://www.techpowerup.com/cpu-specs/xeon-3-20.c298,,xeon320
Intel,Xeon D-2752TER,Ice Lake-D,12,24,1.8,2.8,BGA 2579,10,20,77,Feb 2022,2022-02-01,19074,,1089,17.28,1104.0,https://www.techpowerup.com/cpu-specs/xeon-d-2752ter.c3869,https://www.cpubenchmark.net/cpu_lookup.php?cpu=Intel+Xeon+D-2752TER+%40+1.80GHz&id=5607,xeond2752ter
Intel,Xeon E5-2418L,Sandy Bridge-EN,4,8,2.0,2.1,Socket 1356,32,10,50,May 2012,2012-05-01,3518,,2984,,,https://www.techpowerup.com/cpu-specs/xeon-e5-2418l.c1692,https://www.cpubenchmark.net/cpu_lookup.php?cpu=Intel+Xeon+E5-2418L+%40+2.00GHz&id=2729,xeone52418l
Intel,Xeon E5-4603,Sandy Bridge-EP,4,8,2.0,,Socket 2011,32,10,95,May 2012,2012-05-01,3391,,3036,7.55,449.0,https://www.techpowerup.com/cpu-specs/xeon-e5-4603.c1465,https://www.cpubenchmark.net/cpu_lookup.php?cpu=Intel+Xeon+E5-4603+%40+2.00GHz&id=2181,xeone54603
Intel,Xeon E5-4610 v3,Haswell-EP,10,20,1.7,,Socket 2011-3,22,25,105,Jun 2015,2015-06-01,7229,,2067,5.93,1219.0,https://www.techpowerup.com/cpu-specs/xeon-e5-4610-v3.c2906,https://www.cpubenchmark.net/cpu_lookup.php?cpu=Intel+Xeon+E5-4610+v3+%40+1.70GHz&id=3527,xeone54610v3
Intel,Xeon MP 3.66,Cranford,1,1,3.667,,Socket 604,90,,135,Mar 2005,2005-03-01,,,,,,https://www.techpowerup.com/cpu-specs/xeon-mp-3-66.c239,,xeonmp366
Intel,Xeon MP 7020 Dual-Core,Paxville,2,2,2.667,,Socket 604,90,,135,Dec 2005,2005-12-01,,,,,,https://www.techpowerup.com/cpu-specs/xeon-mp-7020-dual-core.c229,,xeonmp7020dualcore
AMD,A6-5357M,Richland,2,2,2.9,3.5,Socket FP2,32,,35,Jun 2013,2013-06-01,,,,,,https://www.techpowerup.com/cpu-specs/a6-5357m.c1625,,a65357m
AMD,Athlon 64 3100+,Lima,1,1,2.0,,Socket AM2,65,,25,Apr 2008,2008-04-01,,,,,,https://www.techpowerup.com/cpu-specs/athlon-64-3100.c2152,,athlon643100
AMD,Athlon 64 3300+,NewCastle,1,1,2.4,,Socket 754,130,,89,Apr 2004,2004-04-01,,,,,,https://www.techpowerup.com/cpu-specs/athlon-64-3300.c542,,athlon643300
AMD,Athlon X2 6500 BE,Kuma,2,2,2.3,,Socket AM2+,65,2,95,Sep 2008,2008-09-01,,,,,,https://www.techpowerup.com/cpu-specs/athlon-x2-6500-be.c877,,athlonx26500be
AMD,Opteron 2218 HE,Santa Rosa,2,2,2.6,,Socket F,90,,68,Feb 2007,2007-02-01,,,,,,https://www.techpowerup.com/cpu-specs/opteron-2218-he.c3345,,opteron2218he
AMD,Opteron 8350,Barcelona,4,4,2.0,,Socket Fr2,65,2,95,Sep 2007,2007-09-01,,,,,,https://www.techpowerup.com/cpu-specs/opteron-8350.c3837,,opteron8350
AMD,Sempron 2500+,Thoroughbred,1,1,1.75,,Socket A,130,,62,Jul 2004,2004-07-01,,,,,,https://www.techpowerup.com/cpu-specs/sempron-2500.c164,,sempron2500
AMD,Sempron 2800+,Georgetown,1,1,1.6,,Socket 754,90,,62,Jul 2004,2004-07-01,,,,,,https://www.techpowerup.com/cpu-specs/sempron-2800.c536,,sempron2800
AMD,Sempron 3000+,Paris,1,1,1.8,,Socket 754,130,,25,Jan 2001,2001-01-01,,,,,,https://www.techpowerup.com/cpu-specs/sempron-3000.c130,,sempron3000
AMD,Sempron 3400+,Roma,1,1,2.0,,Socket 754,90,,25,May 2006,2006-05-01,,,,,,https://www.techpowerup.com/cpu-specs/sempron-3400.c1167,,sempron3400
AMD,Sempron 3400+,Albany,1,1,2.0,,Socket 754,90,,62,Jan 2006,2006-01-01,,,,,,https://www.techpowerup.com/cpu-specs/sempron-3400.c168,,sempron3400
Intel,Atom E620T,Tunnel Creek,1,2,0.6,,BGA 676,45,,3,Sep 2010,2010-09-01,,,,,,https://www.techpowerup.com/cpu-specs/atom-e620t.c1442,,atome620t
Intel,Core i3-8145UE,Whiskey Lake-U,2,4,2.2,3.9,BGA 1528,10,4,15,Oct 2018,2018-10-01,3924,2143,2838,13.96,281.0,https://www.techpowerup.com/cpu-specs/core-i3-8145ue.c3599,https://www.cpubenchmark.net/cpu_lookup.php?cpu=Intel+Core+i3-8145UE+%40+2.20GHz&id=3825,corei38145ue
Intel,Core i5-3380M,Ivy Bridge,2,4,2.9,3.6,BGA 1023,22,3,35,Jan 2013,2013-01-01,2937,1786,3257,,,https://www.techpowerup.com/cpu-specs/core-i5-3380m.c1513,https://www.cpubenchmark.net/cpu_lookup.php?cpu=Intel+Core+i5-3380M+%40+2.90GHz&id=1973,corei53380m
Intel,Core i7-4860HQ,Crystalwell,4,8,2.4,3.6,BGA 1364,22,6,47,Feb 2014,2014-02-01,6261,1897,2274,,,https://www.techpowerup.com/cpu-specs/core-i7-4860hq.c1777,https://www.cpubenchmark.net/cpu_lookup.php?cpu=Intel+Core+i7-4860HQ+%40+2.40GHz&id=2319,corei74860hq
Intel,Core i7-660UM,Arrandale,2,4,1.333,2.4,BGA 1288,32,4,18,May 2010,2010-05-01,1279,942,4379,,,https://www.techpowerup.com/cpu-specs/core-i7-660um.c3224,https://www.cpubenchmark.net/cpu_lookup.php?cpu=Intel+Core+i7-660UM+%40+1.33GHz&id=859,corei7660um
Intel,Pentium 4 1.9,Willamette,1,1,1.9,,Socket 478,180,,69,Aug 2001,2001-08-01,,,,,,https://www.techpowerup.com/cpu-specs/pentium-4-1-9.c1274,,pentium419
Intel,Pentium III Xeon 500 2MB,Tanner,1,1,0.5,,Slot 2,,,37,Mar 1999,1999-03-01,,,,,,https://www.techpowerup.com/cpu-specs/pentium-iii-xeon-500-2mb.c2969,,pentiumiiixeon5002mb
Intel,Pentium III Xeon 933 2.8V,Cascades,1,1,0.933,,Slot 2,180,,29,May 2000,2000-05-01,,,,,,https://www.techpowerup.com/cpu-specs/pentium-iii-xeon-933-2-8v.c2989,,pentiumiiixeon93328v
Intel,Xeon 3.4,Nocona,1,1,3.4,,Socket 604,90,,135,Jun 2004,2004-06-01,,,,,,https://www.techpowerup.com/cpu-specs/xeon-3-4.c248,,xeon34
Intel,Xeon D-1735TR,Ice Lake-D,8,16,2.2,3.4,BGA 2227,10,15,59,Feb 2022,2022-02-01,,,,,,https://www.techpowerup.com/cpu-specs/xeon-d-1735tr.c3873,,xeond1735tr
Intel,Xeon E3-1558L v5,Skylake-H,4,8,1.9,3.3,BGA 1440,14,8,45,May 2016,2016-05-01,7657,,1999,19.34,396.0,https://www.techpowerup.com/cpu-specs/xeon-e3-1558l-v5.c3244,https://www.cpubenchmark.net/cpu_lookup.php?cpu=Intel+Xeon+E3-1558L+v5+%40+1.90GHz&id=7162,xeone31558lv5
Intel,Xeon E5-2648L,Sandy Bridge-EP,8,16,1.8,2.3,Socket 2011,32,20,70,Mar 2012,2012-03-01,5262,,2511,,,https://www.techpowerup.com/cpu-specs/xeon-e5-2648l.c1687,https://www.cpubenchmark.net/cpu_lookup.php?cpu=Intel+Xeon+E5-2648L+%40+1.80GHz&id=2605,xeone52648l
Intel,Xeon Gold 6328HL,Cooper Lake-SP,16,32,2.8,4.3,Socket 4189,14,22,165,Apr 2021,2021-04-01,,,,,,https://www.techpowerup.com/cpu-specs/xeon-gold-6328hl.c2458,,xeongold6328hl
Intel,Xeon Platinum 8471N,Sapphire Rapids,52,104,1.8,3.6,Socket 4677,10,97,300,Jan 2023,2023-01-01,,,,,,https://www.techpowerup.com/cpu-specs/xeon-platinum-8471n.c3092,,xeonplatinum8471n
Intel,Xeon X7458,Dunnington,6,6,2.4,,Socket 604,45,16,90,Sep 2008,2008-09-01,,,,,,https://www.techpowerup.com/cpu-specs/xeon-x7458.c4155,,xeonx7458
VIA,CoreFusion Luke 533,Nehemiah C5P,1,1,0.533,,VIA BGA 368,130,,6,Mar 2005,2005-03-01,,,,,,https://www.techpowerup.com/cpu-specs/corefusion-luke-533.c4129,,corefusionluke533
VIA,Nano L2200,CNA,1,1,1.6,,VIA nanoBGA2,65,,17,May 2008,2008-05-01,,,,,,https://www.techpowerup.com/cpu-specs/nano-l2200.c2809,,nanol2200
VIA,Nano U2500,CNA,1,1,1.2,,VIA nanoBGA2,65,,7,May 2008,2008-05-01,,184,,,,https://www.techpowerup.com/cpu-specs/nano-u2500.c2811,https://www.cpubenchmark.net/cpu.php?cpu=VIA+Nano+U2500%401200MHz&id=1490,nanou2500
AMD,Athlon 1133,Thunderbird C,1,1,1.133,,Socket A,180,,63,Oct 2000,2000-10-01,,,,,,https://www.techpowerup.com/cpu-specs/athlon-1133.c1228,,athlon1133
AMD,Athlon XP 2600+,Thorton,1,1,2.133,,Socket A,130,,68,Sep 2003,2003-09-01,,,,,,https://www.techpowerup.com/cpu-specs/athlon-xp-2600.c1176,,athlonxp2600
AMD,K6-III+ 475ACZ,Sharptooth,1,1,0.475,,Super Socket 7,180,,12,Apr 2000,2000-04-01,,,,,,https://www.techpowerup.com/cpu-specs/k6-iii-475acz.c3583,,k6iii475acz
AMD,Opteron 2352,Barcelona,4,4,2.1,,Socket Fr2,65,2,95,Apr 2008,2008-04-01,,,,,,https://www.techpowerup.com/cpu-specs/opteron-2352.c3820,,opteron2352
AMD,Opteron 8354,Barcelona,4,4,2.2,,Socket Fr2,65,2,95,Apr 2008,2008-04-01,,,,,,https://www.techpowerup.com/cpu-specs/opteron-8354.c3841,,opteron8354
AMD,Opteron X2 175,Denmark,2,2,2.2,,Socket 939,90,,110,Aug 2005,2005-08-01,,,,,,https://www.techpowerup.com/cpu-specs/opteron-x2-175.c186,,opteronx2175
AMD,Phenom II X3 705e,Heka,3,3,2.5,,Socket AM3,45,6,65,Jun 2009,2009-06-01,,,,,,https://www.techpowerup.com/cpu-specs/phenom-ii-x3-705e.c607,,phenomiix3705e
AMD,Sempron 3000+,Roma,1,1,1.8,,Socket 754,90,,25,Jul 2005,2005-07-01,,,,,,https://www.techpowerup.com/cpu-specs/sempron-3000.c1168,,sempron3000
AMD,Turion 64 MT-34,Lancaster,1,1,1.8,,Socket 754,90,,25,Mar 2005,2005-03-01,,,,,,https://www.techpowerup.com/cpu-specs/turion-64-mt-34.c139,,turion64mt34
Intel,Atom CE4150,Sodaville,1,1,1.2,,BGA 951,45,,7,Sep 2009,2009-09-01,,,,,,https://www.techpowerup.com/cpu-specs/atom-ce4150.c1440,,atomce4150
Intel,Atom Z510P,Silverthorne,1,2,1.1,,BGA 437,45,,2,Mar 2009,2009-03-01,,,,,,https://www.techpowerup.com/cpu-specs/atom-z510p.c1418,,atomz510p
Intel,Core 5 211TE,Bartlett Lake,10,16,1.7,4.8,Socket 1700,10,20,45,Jan 2025,2025-01-01,15906,,1296,71.97,221.0,https://www.techpowerup.com/cpu-specs/core-5-211te.c4394,https://www.cpubenchmark.net/cpu_lookup.php?cpu=Intel+Core+5+211TE&id=7118,core5211te
Intel,Core i5-3339Y,Ivy Bridge,2,2,1.5,2.3,BGA 1023,22,3,13,Jan 2013,2013-01-01,1599,,4120,,,https://www.techpowerup.com/cpu-specs/core-i5-3339y.c1517,https://www.cpubenchmark.net/cpu_lookup.php?cpu=Intel+Core+i5-3339Y+%40+1.50GHz&id=1984,corei53339y
Intel,Core i7-4760HQ,Crystalwell,4,8,2.1,3.3,BGA 1364,22,6,47,Feb 2014,2014-02-01,6300,1944,2267,,,https://www.techpowerup.com/cpu-specs/core-i7-4760hq.c1779,https://www.cpubenchmark.net/cpu_lookup.php?cpu=Intel+Core+i7-4760HQ+%40+2.10GHz&id=2378,corei74760hq
Intel,Core i7-5750HQ,Broadwell-H,4,8,2.5,3.4,BGA 1364,14,6,47,Jun 2015,2015-06-01,,,,,,https://www.techpowerup.com/cpu-specs/core-i7-5750hq.c2694,,corei75750hq
Intel,Mobile Pentium 4 HT 3.06,Northwood,1,2,3.067,,Socket 478,130,,70,Sep 2003,2003-09-01,,,,,,https://www.techpowerup.com/cpu-specs/mobile-pentium-4-ht-3-06.c1253,,mobilepentium4ht306
Intel,Pentium 4 HT 517,Prescott,1,2,2.933,,Socket 775,90,,84,Jun 2004,2004-06-01,,,,,,https://www.techpowerup.com/cpu-specs/pentium-4-ht-517.c450,,pentium4ht517
Intel,Pentium 4 HT 561,Prescott,1,2,3.6,,Socket 775,90,,115,Jun 2005,2005-06-01,,,,,,https://www.techpowerup.com/cpu-specs/pentium-4-ht-561.c305,,pentium4ht561
Intel,Xeon E5-4610,Sandy Bridge-EP,6,12,2.4,2.9,Socket 2011,32,15,130,May 2012,2012-05-01,6460,,2224,30.58,211.23,https://www.techpowerup.com/cpu-specs/xeon-e5-4610.c1682,https://www.cpubenchmark.net/cpu_lookup.php?cpu=Intel+Xeon+E5-4610+%40+2.40GHz&id=3348,xeone54610
Intel,Xeon E5603,Westmere-EP,4,4,1.6,,Socket 1366,32,4,80,Feb 2011,2011-02-01,1935,,3867,21.74,89.0,https://www.techpowerup.com/cpu-specs/xeon-e5603.c930,https://www.cpubenchmark.net/cpu_lookup.php?cpu=Intel+Xeon+E5603+%40+1.60GHz&id=1246,xeone5603
Intel,Xeon E7-8830,Westmere-EX,8,16,2.133,2.4,Socket 1567,32,24,105,Apr 2011,2011-04-01,,,,,,https://www.techpowerup.com/cpu-specs/xeon-e7-8830.c3951,,xeone78830
Intel,Xeon MP 3.33,Potomac,1,1,3.333,,Socket 604,90,8,135,Mar 2005,2005-03-01,,,,,,https://www.techpowerup.com/cpu-specs/xeon-mp-3-33.c233,,xeonmp333
Intel,Xeon Phi 7120D,Knights Corner,61,244,1.238,1.333,SFF 230-Pin,22,,270,Mar 2014,2014-03-01,,,,,,https://www.techpowerup.com/cpu-specs/xeon-phi-7120d.c2038,,xeonphi7120d
Intel,Xeon Phi 7230F,Knights Landing,64,256,1.3,1.5,Socket 3647,14,,230,Jun 2016,2016-06-01,,,,,,https://www.techpowerup.com/cpu-specs/xeon-phi-7230f.c2044,,xeonphi7230f
VIA,Nano X2 U4300,CNC,2,2,1.2,1.467,VIA nanoBGA2,40,,13,Jan 2011,2011-01-01,,,,,,https://www.techpowerup.com/cpu-specs/nano-x2-u4300.c2814,,nanox2u4300
AMD,Mobile Athlon 64 3700+,Clawhammer,1,1,2.4,,Socket 754,130,,82,Aug 2005,2005-08-01,,,,,,https://www.techpowerup.com/cpu-specs/mobile-athlon-64-3700.c2194,,mobileathlon643700
AMD,Opteron 2222,Santa Rosa,2,2,3.0,,Socket F,90,,95,Aug 2007,2007-08-01,,,,,,https://www.techpowerup.com/cpu-specs/opteron-2222.c3351,,opteron2222
AMD,Opteron 4376 HE,Seoul,8,8,2.6,3.6,Socket C32,32,8,65,Dec 2012,2012-12-01,4318,,,,628.72,https://www.techpowerup.com/cpu-specs/opteron-4376-he.c1565,https://www.cpubenchmark.net/cpu.php?cpu=AMD+Opteron+4376+HE&id=2742,opteron4376he
AMD,Opteron X2 290,Italy,2,2,2.8,,Socket 940,90,,95,Jan 2006,2006-01-01,,,,,,https://www.techpowerup.com/cpu-specs/opteron-x2-290.c1198,,opteronx2290
AMD,Turion 64 ML-40,Lancaster,1,1,2.2,,Socket 754,90,,35,Jun 2005,2005-06-01,,,,,,https://www.techpowerup.com/cpu-specs/turion-64-ml-40.c134,,turion64ml40
Intel,Atom P5742,Snow Ridge,16,16,2.2,,BGA 2106,10,,67,Jun 2022,2022-06-01,,,,,,https://www.techpowerup.com/cpu-specs/atom-p5742.c4500,,atomp5742
Intel,Atom Z620,Lincroft,1,1,0.9,,BGA 518,45,,1,May 2010,2010-05-01,,,,,,https://www.techpowerup.com/cpu-specs/atom-z620.c1432,,atomz620
Intel,Celeron 2961Y,Haswell,2,2,1.1,,BGA 1168,22,2,12,Dec 2013,2013-12-01,684,634,5085,,,https://www.techpowerup.com/cpu-specs/celeron-2961y.c2022,https://www.cpubenchmark.net/cpu_lookup.php?cpu=Intel+Celeron+2961Y+%40+1.10GHz&id=2485,celeron2961y
Intel,Core i3-2340UE,Sandy Bridge,2,4,1.3,,BGA 1023,32,3,17,Jun 2011,2011-06-01,976,620,4718,,,https://www.techpowerup.com/cpu-specs/core-i3-2340ue.c1394,https://www.cpubenchmark.net/cpu_lookup.php?cpu=Intel+Core+i3-2340UE+%40+1.30GHz&id=2265,corei32340ue
Intel,Core i3-4010Y,Haswell,2,4,1.3,,BGA 1168,22,3,12,Jun 2013,2013-06-01,1358,,4313,,,https://www.techpowerup.com/cpu-specs/core-i3-4010y.c1606,https://www.cpubenchmark.net/cpu_lookup.php?cpu=Intel+Core+i3-4010Y+%40+1.30GHz&id=2106,corei34010y
Intel,Mobile Pentium III 500 LV,Coppermine,1,1,0.5,,Micro-BGA2,180,,8,Jan 2000,2000-01-01,,,,,,https://www.techpowerup.com/cpu-specs/mobile-pentium-iii-500-lv.c3624,,mobilepentiumiii500lv
Intel,Pentium G3450T,Haswell,2,2,2.9,,Socket 1150,22,3,35,Jul 2014,2014-07-01,1904,,3893,,,https://www.techpowerup.com/cpu-specs/pentium-g3450t.c1773,https://www.cpubenchmark.net/cpu_lookup.php?cpu=Intel+Pentium+G3450T+%40+2.90GHz&id=2611,pentiumg3450t
Intel,Pentium III Xeon 667 5V-12V,Cascades,1,1,0.667,,Slot 2,180,,21,Oct 1999,1999-10-01,,,,,,https://www.techpowerup.com/cpu-specs/pentium-iii-xeon-667-5v-12v.c2976,,pentiumiiixeon6675v12v
Intel,Pentium III Xeon 700-2M 2.8V,Cascades-2M,1,1,0.7,,Slot 2,180,,30,May 2000,2000-05-01,,,,,,https://www.techpowerup.com/cpu-specs/pentium-iii-xeon-700-2m-2-8v.c2979,,pentiumiiixeon7002m28v
Intel,Processor U301L,Raptor Lake-PS,5,6,1.2,2.2,Socket 1700,10,8,15,Apr 2024,2024-04-01,,,,,,https://www.techpowerup.com/cpu-specs/processor-u301l.c4114,,processoru301l
Intel,Xeon E3-1278L v4,Broadwell-DT,4,8,2.0,3.3,BGA 1364,14,6,47,Jun 2015,2015-06-01,,,,,,https://www.techpowerup.com/cpu-specs/xeon-e3-1278l-v4.c2683,,xeone31278lv4
Intel,Xeon E7220,Tigerton,2,2,2.933,,Socket 604,65,,80,Sep 2007,2007-09-01,,,,,,https://www.techpowerup.com/cpu-specs/xeon-e7220.c4482,,xeone7220
Intel,Xeon E7320,Tigerton,4,4,2.133,,Socket 604,65,,80,Sep 2007,2007-09-01,1469,,4220,,,https://www.techpowerup.com/cpu-specs/xeon-e7320.c4479,https://www.cpubenchmark.net/cpu_lookup.php?cpu=Intel+Xeon+E7320+%40+2.13GHz&id=2726,xeone7320
Intel,Xeon Gold 5318S,Ice Lake-SP,24,48,2.1,3.4,Socket 4189,10,36,165,Apr 2021,2021-04-01,,,,,,https://www.techpowerup.com/cpu-specs/xeon-gold-5318s.c2445,,xeongold5318s
Intel,Xeon MP 7040 Dual-Core,Paxville,2,2,3.0,,Socket 604,90,,135,Dec 2005,2005-12-01,,,,,,https://www.techpowerup.com/cpu-specs/xeon-mp-7040-dual-core.c227,,xeonmp7040dualcore
Intel,Xeon Phi 7210F,Knights Landing,64,256,1.3,1.5,Socket 3647,14,,230,Jun 2016,2016-06-01,,,,,,https://www.techpowerup.com/cpu-specs/xeon-phi-7210f.c2042,,xeonphi7210f
VIA,XP2000+ (C3 800),Samuel 2,1,1,0.8,,VIA BGA 368,150,,11,Sep 2001,2001-09-01,,,,,,https://www.techpowerup.com/cpu-specs/xp2000-c3-800.c4383,,xp2000c3800
AMD,Athlon 600,Pluto,1,1,0.6,,Slot A,180,,28,Nov 1999,1999-11-01,,,,,,https://www.techpowerup.com/cpu-specs/athlon-600.c3761,,athlon600
AMD,Athlon 64 3500+,NewCastle,1,1,2.2,,Socket 939,130,,89,Jun 2004,2004-06-01,,,,,,https://www.techpowerup.com/cpu-specs/athlon-64-3500.c43,,athlon643500
AMD,Athlon 64 3700+,Newark,1,1,2.4,,Socket 754,130,,83,Apr 2005,2005-04-01,,,,,,https://www.techpowerup.com/cpu-specs/athlon-64-3700.c59,,athlon643700
AMD,Athlon 650,Argon,1,1,0.65,,Slot A,,,48,Aug 1999,1999-08-01,,,,,,https://www.techpowerup.com/cpu-specs/athlon-650.c3758,,athlon650
AMD,K6-2+ 450ADZM,Sharptooth,1,1,0.45,,Super Socket 7,180,,13,Apr 2000,2000-04-01,,,,,,https://www.techpowerup.com/cpu-specs/k6-2-450adzm.c3746,,k62450adzm
AMD,Opteron 140,SledgeHammer,1,1,1.4,,Socket 940,130,,85,Jun 2003,2003-06-01,,,,,,https://www.techpowerup.com/cpu-specs/opteron-140.c1113,,opteron140
AMD,Opteron 146,Venus,1,1,2.0,,Socket 939,90,,67,Aug 2005,2005-08-01,,,,,,https://www.techpowerup.com/cpu-specs/opteron-146.c1152,,opteron146
AMD,Opteron 244,Troy,1,1,1.8,,Socket 940,90,,85,Dec 2004,2004-12-01,,,,,,https://www.techpowerup.com/cpu-specs/opteron-244.c204,,opteron244
AMD,Opteron 8210 EE,Santa Rosa,2,2,1.8,,Socket F,90,,45,Aug 2006,2006-08-01,,,,,,https://www.techpowerup.com/cpu-specs/opteron-8210-ee.c3395,,opteron8210ee
AMD,Opteron X2 285,Italy,2,2,2.6,,Socket 940,90,,95,Mar 2006,2006-03-01,,,,,,https://www.techpowerup.com/cpu-specs/opteron-x2-285.c1197,,opteronx2285
AMD,Sempron 3500+,Palermo,1,1,2.0,,Socket 939,90,,62,Oct 2005,2005-10-01,,,,,,https://www.techpowerup.com/cpu-specs/sempron-3500.c1187,,sempron3500
AMD,Sempron X2 2100,Brisbane,2,2,1.8,,Socket AM2,65,,65,Mar 2008,2008-03-01,,,,,,https://www.techpowerup.com/cpu-specs/sempron-x2-2100.c569,,sempronx22100
Intel,Atom E640T,Tunnel Creek,1,2,1.0,,BGA 676,45,,3,Sep 2010,2010-09-01,,,,,,https://www.techpowerup.com/cpu-specs/atom-e640t.c1444,,atome640t
Intel,Atom E680,Tunnel Creek,1,2,1.6,,BGA 676,45,,4,Sep 2010,2010-09-01,225,,5773,,,https://www.techpowerup.com/cpu-specs/atom-e680.c1447,https://www.cpubenchmark.net/cpu_lookup.php?cpu=Intel+Atom+E680+%40+1.60GHz&id=612,atome680
Intel,Celeron B720,Sandy Bridge,1,1,1.7,,Socket G2 (988B),32,1,35,Jan 2012,2012-01-01,462,,5377,,,https://www.techpowerup.com/cpu-specs/celeron-b720.c1323,https://www.cpubenchmark.net/cpu_lookup.php?cpu=Intel+Celeron+B720+%40+1.70GHz&id=667,celeronb720
Intel,Core 2 Duo U7500,Merom,2,2,1.073,,Socket M,65,,10,Apr 2007,2007-04-01,408,396,5439,,,https://www.techpowerup.com/cpu-specs/core-2-duo-u7500.c1544,https://www.cpubenchmark.net/cpu_lookup.php?cpu=Intel+Core2+Duo+U7500+%40+1.06GHz&id=1015,core2duou7500
Intel,Core 2 Solo ULV SU3300,Penryn-L,1,1,1.2,,BGA 956,45,,5,May 2008,2008-05-01,,,,,,https://www.techpowerup.com/cpu-specs/core-2-solo-ulv-su3300.c1091,,core2soloulvsu3300
Intel,Core i3-7320T,Kaby Lake,2,4,3.6,,Socket 1151,14,4,35,Jul 2017,2017-07-01,,,,,,https://www.techpowerup.com/cpu-specs/core-i3-7320t.c1945,,corei37320t
Intel,Core i5-8420T,Coffee Lake,6,6,1.8,3.4,Socket 1151,14,9,35,Sep 2018,2018-09-01,,,,,,https://www.techpowerup.com/cpu-specs/core-i5-8420t.c2084,,corei58420t
Intel,Pentium 4-M 1.40,Northwood,1,1,1.4,,Socket 478,130,,21,Apr 2002,2002-04-01,,,,,,https://www.techpowerup.com/cpu-specs/pentium-4-m-1-40.c1245,,pentium4m140
Intel,Pentium 4-M 1.60,Northwood,1,1,1.6,,Socket 478,130,,30,Mar 2002,2002-03-01,,,,,,https://www.techpowerup.com/cpu-specs/pentium-4-m-1-60.c1263,,pentium4m160
Intel,Pentium 4-M 1.90,Northwood,1,1,1.9,,Socket 478,130,,32,Jun 2002,2002-06-01,,,,,,https://www.techpowerup.com/cpu-specs/pentium-4-m-1-90.c1264,,pentium4m190
Intel,Pentium G632,Sandy Bridge,2,2,2.7,,Socket 1155,32,3,65,Sep 2011,2011-09-01,,,,,,https://www.techpowerup.com/cpu-specs/pentium-g632.c804,,pentiumg632
Intel,Pentium III Xeon 900 5V-12V,Cascades-2M,1,1,0.9,,Slot 2,180,,36,Mar 2001,2001-03-01,,,,,,https://www.techpowerup.com/cpu-specs/pentium-iii-xeon-900-5v-12v.c2988,,pentiumiiixeon9005v12v
Intel,Xeon 3.20,Gallatin,1,1,3.2,,Socket 604,130,2,97,Feb 2004,2004-02-01,,,,,,https://www.techpowerup.com/cpu-specs/xeon-3-20.c252,,xeon320
Intel,Xeon 6523P-B,Granite Rapids,24,48,2.5,3.9,BGA 4368,5,96,175,Feb 2025,2025-02-01,,,,,,https://www.techpowerup.com/cpu-specs/xeon-6523p-b.c4077,,xeon6523pb
Intel,Xeon 7110M,Tulsa,2,4,2.6,,Socket 604,65,4,95,Aug 2006,2006-08-01,,,,,,https://www.techpowerup.com/cpu-specs/xeon-7110m.c393,,xeon7110m
Intel,Xeon E7210,Tigerton,2,2,2.4,,Socket 604,65,,80,Sep 2007,2007-09-01,,,,,,https://www.techpowerup.com/cpu-specs/xeon-e7210.c4483,,xeone7210
Intel,Xeon E7-8850,Westmere-EX,10,20,2.0,2.4,Socket 1567,32,24,130,Apr 2011,2011-04-01,,,,,,https://www.techpowerup.com/cpu-specs/xeon-e7-8850.c1468,,xeone78850
Intel,Xeon Gold 5433N,Sapphire Rapids,20,40,2.3,4.1,Socket 4677,10,37,160,Jan 2023,2023-01-01,,,,,,https://www.techpowerup.com/cpu-specs/xeon-gold-5433n.c3159,,xeongold5433n
Intel,Xeon Gold 6338T,Ice Lake-SP,24,48,2.1,3.4,Socket 4189,10,36,165,Apr 2021,2021-04-01,35801,,443,11.41,3139.0,https://www.techpowerup.com/cpu-specs/xeon-gold-6338t.c2441,https://www.cpubenchmark.net/cpu_lookup.php?cpu=Intel+Xeon+Gold+6338T+%40+2.10GHz&id=6780,xeongold6338t
Intel,Xeon Phi 7110X,Knights Corner,61,244,1.25,,PCIe x16,22,,300,Nov 2012,2012-11-01,,,,,,https://www.techpowerup.com/cpu-specs/xeon-phi-7110x.c2036,,xeonphi7110x
VIA,Nano QuadCore L4800,CNQ,4,4,1.466,1.6,VIA nanoBGA2,40,,28,May 2011,2011-05-01,,,,,,https://www.techpowerup.com/cpu-specs/nano-quadcore-l4800.c2799,,nanoquadcorel4800
AMD,A4-6320B,Richland,2,2,3.8,4.0,Socket FM2,32,,65,Mar 2014,2014-03-01,,,,,,https://www.techpowerup.com/cpu-specs/a4-6320b.c2645,,a46320b
AMD,Athlon 64 2700+,NewCastle,1,1,1.6,,Socket 754,130,,32,Apr 2004,2004-04-01,,,,,,https://www.techpowerup.com/cpu-specs/athlon-64-2700.c66,,athlon642700
AMD,Athlon 64 3800+,Orleans,1,1,2.4,,Socket AM2,90,,62,May 2006,2006-05-01,,,,,,https://www.techpowerup.com/cpu-specs/athlon-64-3800.c363,,athlon643800
AMD,Athlon 900,Orion,1,1,0.9,,Slot A,180,,60,Mar 2000,2000-03-01,,,,,,https://www.techpowerup.com/cpu-specs/athlon-900.c3767,,athlon900
AMD,Athlon XP 2000+,Thorton,1,1,1.667,,Socket A,130,,60,Sep 2003,2003-09-01,,,,,,https://www.techpowerup.com/cpu-specs/athlon-xp-2000.c1173,,athlonxp2000
AMD,Athlon XP 2400+,Thoroughbred,1,1,2.0,,Socket A,130,,65,Aug 2002,2002-08-01,,,,,,https://www.techpowerup.com/cpu-specs/athlon-xp-2400.c103,,athlonxp2400
AMD,Athlon XP 2400+,Thorton,1,1,2.0,,Socket A,130,,68,Sep 2003,2003-09-01,,,,,,https://www.techpowerup.com/cpu-specs/athlon-xp-2400.c96,,athlonxp2400
AMD,Athlon XP-M 2400+ (35W),Barton,1,1,1.8,,Socket A,130,,35,Mar 2003,2003-03-01,,,,,,https://www.techpowerup.com/cpu-specs/athlon-xp-m-2400-35w.c125,,athlonxpm240035w
AMD,Athlon XP-M 2600+ (72W),Barton,1,1,2.0,,Socket A,130,,72,Mar 2003,2003-03-01,,,,,,https://www.techpowerup.com/cpu-specs/athlon-xp-m-2600-72w.c2823,,athlonxpm260072w
AMD,Opteron 1354 (B3),Budapest,4,4,2.2,,Socket AM2+,65,2,95,Jun 2008,2008-06-01,,,,,,https://www.techpowerup.com/cpu-specs/opteron-1354-b3.c3855,,opteron1354b3
AMD,Opteron 2216 (F2),Santa Rosa,2,2,2.4,,Socket F,90,,95,Aug 2006,2006-08-01,,,,,,https://www.techpowerup.com/cpu-specs/opteron-2216-f2.c3341,,opteron2216f2
AMD,Opteron 2350 HE,Barcelona,4,4,2.0,,Socket Fr2,65,2,79,Oct 2008,2008-10-01,,,,,,https://www.techpowerup.com/cpu-specs/opteron-2350-he.c1195,,opteron2350he
AMD,Phenom X4 9850B,Agena,4,4,2.5,,Socket AM2+,65,2,95,Aug 2008,2008-08-01,,,,,,https://www.techpowerup.com/cpu-specs/phenom-x4-9850b.c874,,phenomx49850b
AMD,Turion 64 MT-37,Lancaster,1,1,2.0,,Socket 754,90,,25,Aug 2005,2005-08-01,,,,,,https://www.techpowerup.com/cpu-specs/turion-64-mt-37.c137,,turion64mt37
AMD,Turion X2 Ultra ZM-85,Griffin,2,2,2.3,,Socket S1,65,,35,Sep 2008,2008-09-01,,,,,,https://www.techpowerup.com/cpu-specs/turion-x2-ultra-zm-85.c633,,turionx2ultrazm85
Intel,Atom C5320,Parker Ridge,8,8,2.4,,BGA 2106,10,,41,Jun 2022,2022-06-01,,,,,,https://www.techpowerup.com/cpu-specs/atom-c5320.c4506,,atomc5320
Intel,Core i3-8140U,Coffee Lake-U,2,4,2.1,3.9,BGA 1526,14,4,15,Oct 2019,2019-10-01,3930,2032,2835,,,https://www.techpowerup.com/cpu-specs/core-i3-8140u.c4472,https://www.cpubenchmark.net/cpu_lookup.php?cpu=Intel+Core+i3-8140U+%40+2.10GHz&id=4680,corei38140u
Intel,Core i5-2515E,Sandy Bridge,2,4,2.5,,BGA 1023,32,3,35,Feb 2011,2011-02-01,1882,,3909,,,https://www.techpowerup.com/cpu-specs/core-i5-2515e.c1375,https://www.cpubenchmark.net/cpu_lookup.php?cpu=Intel+Core+i5-2515E+%40+2.50GHz&id=808,corei52515e
Intel,Pentium III Xeon 550 2MB,Tanner,1,1,0.55,,Slot 2,,,41,Aug 1999,1999-08-01,,,,,,https://www.techpowerup.com/cpu-specs/pentium-iii-xeon-550-2mb.c2972,,pentiumiiixeon5502mb
Intel,Xeon 7110N,Tulsa,2,4,2.5,,Socket 604,65,4,95,Aug 2006,2006-08-01,,,,,,https://www.techpowerup.com/cpu-specs/xeon-7110n.c394,,xeon7110n
Intel,Xeon D-2712T,Ice Lake-D,4,8,1.9,3.0,BGA 2579,10,15,65,Feb 2022,2022-02-01,7990,,1954,22.01,363.0,https://www.techpowerup.com/cpu-specs/xeon-d-2712t.c3871,https://www.cpubenchmark.net/cpu_lookup.php?cpu=Intel+Xeon+D-2712T+%40+1.90GHz&id=5187,xeond2712t
Intel,Xeon E7310,Tigerton,4,4,1.6,,Socket 604,65,,80,Sep 2007,2007-09-01,,,,,,https://www.techpowerup.com/cpu-specs/xeon-e7310.c4480,,xeone7310
Intel,Xeon Gold 6348H,Cooper Lake-SP,24,48,2.3,4.2,Socket 4189,14,33,165,Apr 2021,2021-04-01,,,,,,https://www.techpowerup.com/cpu-specs/xeon-gold-6348h.c2468,,xeongold6348h
VIA,Nano X2 U4025,CNC,2,2,1.2,,VIA nanoBGA2,40,,13,Jan 2011,2011-01-01,,336,,,,https://www.techpowerup.com/cpu-specs/nano-x2-u4025.c4024,https://www.cpubenchmark.net/cpu.php?cpu=VIA+Nano+X2+U4025+%40+1.2+GHz&id=1981,nanox2u4025
AMD,Athlon 64 X2 4600+ EE,Windsor,2,2,2.4,,Socket AM2,90,,65,May 2006,2006-05-01,,,,,,https://www.techpowerup.com/cpu-specs/athlon-64-x2-4600-ee.c356,,athlon64x24600ee
AMD,Athlon 64 X2 4800+ EE,Windsor,2,2,2.4,,Socket AM2,90,,65,May 2006,2006-05-01,,,,,,https://www.techpowerup.com/cpu-specs/athlon-64-x2-4800-ee.c354,,athlon64x24800ee
AMD,Mobile Athlon 64 3000+,Odessa,1,1,2.0,,Socket 754,130,,35,Aug 2004,2004-08-01,,,,,,https://www.techpowerup.com/cpu-specs/mobile-athlon-64-3000.c2200,,mobileathlon643000
AMD,Mobile Athlon 64 3200+,Clawhammer,1,1,2.0,,Socket 754,130,,62,Aug 2004,2004-08-01,,,,,,https://www.techpowerup.com/cpu-specs/mobile-athlon-64-3200.c2197,,mobileathlon643200
AMD,Mobile Duron LV 1000,Morgan,1,1,1.0,,Socket A,180,,35,2002,200201-01,,,,,,https://www.techpowerup.com/cpu-specs/mobile-duron-lv-1000.c3984,,mobileduronlv1000
AMD,Opteron 2344 HE,Barcelona,4,4,1.7,,Socket Fr2,65,2,68,Sep 2007,2007-09-01,,,,,,https://www.techpowerup.com/cpu-specs/opteron-2344-he.c3830,,opteron2344he
AMD,Opteron 6204,Interlagos,4,4,3.3,,Socket G34,32,8,115,Nov 2011,2011-11-01,,,,,,https://www.techpowerup.com/cpu-specs/opteron-6204.c4189,,opteron6204
Intel,Atom Z625,Lincroft,1,1,1.9,,BGA 518,45,,2,May 2010,2010-05-01,,,,,,https://www.techpowerup.com/cpu-specs/atom-z625.c1433,,atomz625
Intel,Atom Z650,Lincroft,1,1,1.2,,BGA 518,45,,3,Apr 2011,2011-04-01,,,,,,https://www.techpowerup.com/cpu-specs/atom-z650.c1434,,atomz650
Intel,Celeron G4932E,Coffee Lake,2,2,1.9,,BGA 1440,14,2,25,Apr 2019,2019-04-01,,,,,,https://www.techpowerup.com/cpu-specs/celeron-g4932e.c4464,,celerong4932e
Intel,Core i3-3229Y,Ivy Bridge,2,4,1.4,,BGA 1023,22,3,13,Jan 2013,2013-01-01,1014,,4678,,,https://www.techpowerup.com/cpu-specs/core-i3-3229y.c1524,https://www.cpubenchmark.net/cpu_lookup.php?cpu=Intel+Core+i3-3229Y+%40+1.40GHz&id=1950,corei33229y
Intel,Core i5-2537M,Sandy Bridge,2,4,1.4,,BGA 1023,32,3,17,Feb 2011,2011-02-01,1254,878,4417,,,https://www.techpowerup.com/cpu-specs/core-i5-2537m.c1376,https://www.cpubenchmark.net/cpu_lookup.php?cpu=Intel+Core+i5-2537M+%40+1.40GHz&id=810,corei52537m
Intel,Core i7-3689Y,Ivy Bridge,2,4,1.5,2.6,BGA 1023,22,4,13,Jan 2013,2013-01-01,1967,1209,3841,,,https://www.techpowerup.com/cpu-specs/core-i7-3689y.c1493,https://www.cpubenchmark.net/cpu_lookup.php?cpu=Intel+Core+i7-3689Y+%40+1.50GHz&id=2037,corei73689y
Intel,Mobile Pentium III 650,Coppermine,1,1,0.65,,Micro-BGA2,180,,22,Jan 2000,2000-01-01,,,,,,https://www.techpowerup.com/cpu-specs/mobile-pentium-iii-650.c3632,,mobilepentiumiii650
Intel,Pentium 3560Y,Haswell,2,2,1.2,,BGA 1168,22,2,12,Sep 2013,2013-09-01,887,677,4824,,,https://www.techpowerup.com/cpu-specs/pentium-3560y.c1725,https://www.cpubenchmark.net/cpu_lookup.php?cpu=Intel+Pentium+3560Y+%40+1.20GHz&id=2078,pentium3560y
Intel,Xeon 7120M,Tulsa,2,4,3.0,,Socket 604,65,4,95,Aug 2006,2006-08-01,,,,,,https://www.techpowerup.com/cpu-specs/xeon-7120m.c395,,xeon7120m
Intel,Xeon D-1715TER,Ice Lake-D,4,8,2.4,3.5,BGA 2227,10,10,50,Feb 2022,2022-02-01,9104,,1825,31.94,285.0,https://www.techpowerup.com/cpu-specs/xeon-d-1715ter.c3875,https://www.cpubenchmark.net/cpu_lookup.php?cpu=Intel+Xeon+D-1715TER+%40+2.40GHz&id=4836,xeond1715ter
Intel,Xeon D-2798NT,Ice Lake-D,20,40,2.1,3.1,BGA 2579,10,30,125,Feb 2022,2022-02-01,,,,,,https://www.techpowerup.com/cpu-specs/xeon-d-2798nt.c3878,,xeond2798nt
Intel,Xeon E5-1428L,Sandy Bridge-EN,6,12,1.8,,Socket 1356,32,15,60,May 2012,2012-05-01,,,,,,https://www.techpowerup.com/cpu-specs/xeon-e5-1428l.c1689,,xeone51428l
AMD,Athlon 64 3800+,Clawhammer,1,1,2.4,,Socket 939,130,,89,Jun 2004,2004-06-01,,,,,,https://www.techpowerup.com/cpu-specs/athlon-64-3800.c2154,,athlon643800
AMD,Athlon 64 X2 5000+ EE,Windsor,2,2,2.6,,Socket AM2,90,,65,Feb 2007,2007-02-01,,,,,,https://www.techpowerup.com/cpu-specs/athlon-64-x2-5000-ee.c591,,athlon64x25000ee
AMD,Athlon XP-M 2200+,Barton,1,1,1.667,,Socket 563,130,,27,Jul 2004,2004-07-01,,,,,,https://www.techpowerup.com/cpu-specs/athlon-xp-m-2200.c2826,,athlonxpm2200
AMD,Mobile Athlon 64 3200+,Clawhammer,1,1,2.0,,Socket 754,130,,82,Aug 2003,2003-08-01,,,,,,https://www.techpowerup.com/cpu-specs/mobile-athlon-64-3200.c2192,,mobileathlon643200
AMD,Sempron 3300+,Palermo,1,1,2.0,,Socket 754,90,,62,Apr 2005,2005-04-01,,,,,,https://www.techpowerup.com/cpu-specs/sempron-3300.c67,,sempron3300
AMD,Sempron X2 2100,Brisbane,2,2,1.8,,Socket AM2,65,,65,Mar 2008,2008-03-01,,,,,,https://www.techpowerup.com/cpu-specs/sempron-x2-2100.c1217,,sempronx22100
Intel,Atom Z2480,Penwell,1,1,1.4,,BGA 617,32,,3,Jan 2013,2013-01-01,,,,,,https://www.techpowerup.com/cpu-specs/atom-z2480.c1584,,atomz2480
Intel,Atom Z510PT,Silverthorne,1,2,1.1,,BGA 437,45,,2,Mar 2009,2009-03-01,,,,,,https://www.techpowerup.com/cpu-specs/atom-z510pt.c1419,,atomz510pt
Intel,Core 2 Duo U7600,Merom,2,2,1.2,,Socket P,65,,10,Apr 2007,2007-04-01,347,429,5532,,,https://www.techpowerup.com/cpu-specs/core-2-duo-u7600.c1541,https://www.cpubenchmark.net/cpu_lookup.php?cpu=Intel+Core2+Duo+U7600+%40+1.20GHz&id=1016,core2duou7600
Intel,Core i3-3120ME,Ivy Bridge,2,4,2.4,,BGA 1023,22,3,35,Aug 2012,2012-08-01,,,,,,https://www.techpowerup.com/cpu-specs/core-i3-3120me.c1061,,corei33120me
Intel,Core i3-4102E,Haswell,2,4,1.6,,BGA 1364,22,3,25,Sep 2013,2013-09-01,,,,,,https://www.techpowerup.com/cpu-specs/core-i3-4102e.c1730,,corei34102e
Intel,Core i5-3610ME,Ivy Bridge,2,4,2.7,3.3,BGA 1023,22,3,35,Jun 2012,2012-06-01,2694,1599,3367,,,https://www.techpowerup.com/cpu-specs/core-i5-3610me.c1072,https://www.cpubenchmark.net/cpu_lookup.php?cpu=Intel+Core+i5-3610ME+%40+2.70GHz&id=1859,corei53610me
Intel,Pentium III Xeon 800 2.8V,Cascades,1,1,0.8,,Slot 2,180,,25,Jan 2000,2000-01-01,,,,,,https://www.techpowerup.com/cpu-specs/pentium-iii-xeon-800-2-8v.c2983,,pentiumiiixeon80028v
Intel,Xeon E7-4860,Westmere-EX,10,20,2.266,2.667,Socket 1567,32,24,130,Apr 2011,2011-04-01,,,,,,https://www.techpowerup.com/cpu-specs/xeon-e7-4860.c3946,,xeone74860
Intel,Xeon EC5539,Jasper Forest,4,8,2.266,,Socket 1366,45,4,65,Feb 2010,2010-02-01,,,,,,https://www.techpowerup.com/cpu-specs/xeon-ec5539.c3928,,xeonec5539
Intel,Xeon MP 3.33,Potomac,1,1,3.333,,Socket 604,90,4,135,Mar 2005,2005-03-01,,,,,,https://www.techpowerup.com/cpu-specs/xeon-mp-3-33.c231,,xeonmp333
AMD,A6-5345M,Richland,2,2,2.2,2.8,Socket FP2,32,,17,Jun 2013,2013-06-01,,,,,,https://www.techpowerup.com/cpu-specs/a6-5345m.c1624,,a65345m
AMD,Athlon 64 3000+,NewCastle,1,1,1.8,,Socket 939,130,,89,Apr 2004,2004-04-01,,,,,,https://www.techpowerup.com/cpu-specs/athlon-64-3000.c545,,athlon643000
AMD,Athlon 64 3400+,NewCastle,1,1,2.2,,Socket 939,130,,89,Apr 2004,2004-04-01,,,,,,https://www.techpowerup.com/cpu-specs/athlon-64-3400.c546,,athlon643400
AMD,Athlon 64 3500+,Winchester,1,1,2.2,,Socket 939,90,,67,Oct 2004,2004-10-01,,,,,,https://www.techpowerup.com/cpu-specs/athlon-64-3500.c42,,athlon643500
AMD,Athlon 64 3500+ EE,Orleans,1,1,2.2,,Socket AM2,90,,35,Feb 2007,2007-02-01,,,,,,https://www.techpowerup.com/cpu-specs/athlon-64-3500-ee.c367,,athlon643500ee
AMD,Athlon 64 X2 4000+ EE,Windsor,2,2,2.0,,Socket AM2,90,,65,May 2006,2006-05-01,,,,,,https://www.techpowerup.com/cpu-specs/athlon-64-x2-4000-ee.c359,,athlon64x24000ee
AMD,Athlon XP 2800+ DTR,Barton,1,1,2.083,,Socket A,130,,55,Dec 2004,2004-12-01,,,,,,https://www.techpowerup.com/cpu-specs/athlon-xp-2800-dtr.c92,,athlonxp2800dtr
AMD,Mobile Athlon 64 3000+,Clawhammer,1,1,1.8,,Socket 754,130,,62,Aug 2004,2004-08-01,,,,,,https://www.techpowerup.com/cpu-specs/mobile-athlon-64-3000.c2196,,mobileathlon643000
AMD,Mobile Duron 700,Spitfire,1,1,0.7,,Socket A,180,,20,Jan 2001,2001-01-01,,,,,,https://www.techpowerup.com/cpu-specs/mobile-duron-700.c3986,,mobileduron700
AMD,Opteron 2224 SE,Santa Rosa,2,2,3.2,,Socket F,90,,119,Aug 2007,2007-08-01,,,,,,https://www.techpowerup.com/cpu-specs/opteron-2224-se.c3353,,opteron2224se
AMD,Opteron 240,SledgeHammer,1,1,1.4,,Socket 940,130,,82,Aug 2003,2003-08-01,,,,,,https://www.techpowerup.com/cpu-specs/opteron-240.c1117,,opteron240
AMD,Sempron 3400+,Palermo,1,1,2.0,,Socket 939,90,,62,Oct 2005,2005-10-01,,,,,,https://www.techpowerup.com/cpu-specs/sempron-3400.c1186,,sempron3400
AMD,Turion 64 MT-28,Lancaster,1,1,1.6,,Socket 754,90,,22,Jun 2005,2005-06-01,,,,,,https://www.techpowerup.com/cpu-specs/turion-64-mt-28.c145,,turion64mt28
Intel,Atom P5332,Snow Ridge,12,12,2.2,,BGA 2106,10,,61,Jun 2022,2022-06-01,,,,,,https://www.techpowerup.com/cpu-specs/atom-p5332.c4497,,atomp5332
Intel,Atom x6416RE,Elkhart Lake,4,4,1.7,,BGA 1493,10,,9,Jan 2023,2023-01-01,,,,,,https://www.techpowerup.com/cpu-specs/atom-x6416re.c4287,,atomx6416re
Intel,Core i3-4158U,Haswell,2,4,2.0,,BGA 1168,22,3,28,Jun 2013,2013-06-01,1874,1050,3913,,,https://www.techpowerup.com/cpu-specs/core-i3-4158u.c1609,https://www.cpubenchmark.net/cpu_lookup.php?cpu=Intel+Core+i3-4158U+%40+2.00GHz&id=2443,corei34158u
Intel,Core i3-4340TE,Haswell,2,4,2.6,,Socket 1150,22,4,35,May 2014,2014-05-01,,,,,,https://www.techpowerup.com/cpu-specs/core-i3-4340te.c3513,,corei34340te
Intel,Mobile Pentium III 1000,Coppermine,1,1,1.0,,Micro-BGA2,180,,25,Mar 2001,2001-03-01,,,,,,https://www.techpowerup.com/cpu-specs/mobile-pentium-iii-1000.c3645,,mobilepentiumiii1000
Intel,Mobile Pentium III 600,Coppermine,1,1,0.6,,Micro-BGA2,180,,21,Jan 2000,2000-01-01,,,,,,https://www.techpowerup.com/cpu-specs/mobile-pentium-iii-600.c3631,,mobilepentiumiii600
Intel,Pentium 4 HT 515,Prescott,1,2,2.933,,Socket 775,90,,84,Jun 2004,2004-06-01,,,,,,https://www.techpowerup.com/cpu-specs/pentium-4-ht-515.c445,,pentium4ht515
Intel,Pentium 4 HT 516,Prescott,1,2,2.933,,Socket 775,90,,84,Jun 2004,2004-06-01,,,,,,https://www.techpowerup.com/cpu-specs/pentium-4-ht-516.c448,,pentium4ht516
Intel,Xeon E3-1258L v4,Broadwell-DT,4,8,1.8,3.2,BGA 1364,14,6,47,Jun 2015,2015-06-01,,,,,,https://www.techpowerup.com/cpu-specs/xeon-e3-1258l-v4.c2682,,xeone31258lv4
Intel,Xeon Phi 3110X,Knights Corner,61,244,1.053,,PCIe x16,22,,300,Nov 2012,2012-11-01,,,,,,https://www.techpowerup.com/cpu-specs/xeon-phi-3110x.c2052,,xeonphi3110x
AMD,Athlon 64 X2 4200+ EE,Windsor,2,2,2.2,,Socket AM2,90,,65,May 2006,2006-05-01,,,,,,https://www.techpowerup.com/cpu-specs/athlon-64-x2-4200-ee.c358,,athlon64x24200ee
AMD,Opteron 2218 (F2),Santa Rosa,2,2,2.6,,Socket F,90,,95,Aug 2006,2006-08-01,,,,,,https://www.techpowerup.com/cpu-specs/opteron-2218-f2.c3346,,opteron2218f2
AMD,Opteron 4238,Valencia,6,6,3.3,3.7,Socket C32,32,8,95,Nov 2011,2011-11-01,,,,,,https://www.techpowerup.com/cpu-specs/opteron-4238.c3685,,opteron4238
AMD,Opteron 6308,Abu Dhabi,4,4,3.5,,Socket G34,32,8,115,Nov 2012,2012-11-01,,,,,,https://www.techpowerup.com/cpu-specs/opteron-6308.c3731,,opteron6308
AMD,Opteron X2 880,Egypt,2,2,2.4,,Socket 940,90,,95,Sep 2005,2005-09-01,,,,,,https://www.techpowerup.com/cpu-specs/opteron-x2-880.c171,,opteronx2880
AMD,Sempron 3500+ EE SFF,Manila,1,1,2.0,,Socket AM2,90,,35,May 2006,2006-05-01,,,,,,https://www.techpowerup.com/cpu-specs/sempron-3500-ee-sff.c561,,sempron3500eesff
AMD,Turion 64 ML-28,Lancaster,1,1,1.6,,Socket 754,90,,32,Jun 2005,2005-06-01,,,,,,https://www.techpowerup.com/cpu-specs/turion-64-ml-28.c144,,turion64ml28
Intel,Atom C5115,Parker Ridge,4,4,2.8,,BGA 2106,10,,43,Jun 2022,2022-06-01,,,,,,https://www.techpowerup.com/cpu-specs/atom-c5115.c4503,,atomc5115
Intel,Atom P5752,Snow Ridge,20,20,2.2,,BGA 2106,10,,75,Jun 2022,2022-06-01,,,,,,https://www.techpowerup.com/cpu-specs/atom-p5752.c4499,,atomp5752
Intel,Atom P5942B,Snow Ridge,16,16,2.2,,BGA 2106,10,,,Feb 2020,2020-02-01,,,,,,https://www.techpowerup.com/cpu-specs/atom-p5942b.c4491,,atomp5942b
Intel,Atom S1220,Centerton,2,4,1.6,,BGA 1283,32,,8,Dec 2012,2012-12-01,,,,,,https://www.techpowerup.com/cpu-specs/atom-s1220.c1458,,atoms1220
Intel,Atom Z520PT,Silverthorne,1,2,1.334,,BGA 437,45,,2,Mar 2009,2009-03-01,,,,,,https://www.techpowerup.com/cpu-specs/atom-z520pt.c1422,,atomz520pt
Intel,Atom Z610,Lincroft,1,1,0.8,,BGA 518,45,,1,May 2010,2010-05-01,,,,,,https://www.techpowerup.com/cpu-specs/atom-z610.c1429,,atomz610
Intel,Celeron 1020E,Ivy Bridge,2,2,2.2,,BGA 1023,22,2,35,Jan 2013,2013-01-01,1406,1224,4283,31.26,44.99,https://www.techpowerup.com/cpu-specs/celeron-1020e.c1613,https://www.cpubenchmark.net/cpu_lookup.php?cpu=Intel+Celeron+1020E+%40+2.20GHz&id=2295,celeron1020e
Intel,Core i3-2332M,Sandy Bridge,2,4,2.2,,Socket G2 (988B),32,3,35,Sep 2011,2011-09-01,1353,936,4317,,,https://www.techpowerup.com/cpu-specs/core-i3-2332m.c1651,https://www.cpubenchmark.net/cpu_lookup.php?cpu=Intel+Core+i3-2332M+%40+2.20GHz&id=2176,corei32332m
Intel,Mobile Pentium 4 2.66,Northwood,1,2,2.667,,Socket 478,130,,66,Jun 2003,2003-06-01,,,,,,https://www.techpowerup.com/cpu-specs/mobile-pentium-4-2-66.c1248,,mobilepentium4266
VIA,CoreFusion Luke-Lite 800,Nehemiah C5P,1,1,0.8,,VIA BGA 368,130,,6,Mar 2005,2005-03-01,,,,,,https://www.techpowerup.com/cpu-specs/corefusion-luke-lite-800.c4380,,corefusionlukelite800
VIA,Nano L2100,CNA,1,1,1.8,,VIA nanoBGA2,65,,25,May 2008,2008-05-01,,182,,,,https://www.techpowerup.com/cpu-specs/nano-l2100.c2808,https://www.cpubenchmark.net/cpu.php?cpu=VIA+Nano+L2100%401800MHz&id=1768,nanol2100
AMD,Athlon 64 3200+,Lima,1,1,2.0,,Socket AM2,65,,45,Feb 2007,2007-02-01,,,,,,https://www.techpowerup.com/cpu-specs/athlon-64-3200.c582,,athlon643200
AMD,Athlon 64 3400+,Newark,1,1,2.2,,Socket 754,130,,83,Apr 2005,2005-04-01,,,,,,https://www.techpowerup.com/cpu-specs/athlon-64-3400.c60,,athlon643400
AMD,Athlon XP-M 1800+ (25W),Barton,1,1,1.4,,Socket 563,130,,25,Mar 2003,2003-03-01,,,,,,https://www.techpowerup.com/cpu-specs/athlon-xp-m-1800-25w.c2827,,athlonxpm180025w
AMD,Athlon XP-M 2200+,Barton,1,1,1.667,,Socket A,130,,35,Mar 2003,2003-03-01,,,,,,https://www.techpowerup.com/cpu-specs/athlon-xp-m-2200.c126,,athlonxpm2200
AMD,Mobile Athlon 64 2700+,Odessa,1,1,1.6,,Socket 754,130,,35,Aug 2005,2005-08-01,,,,,,https://www.techpowerup.com/cpu-specs/mobile-athlon-64-2700.c2202,,mobileathlon642700
AMD,Opteron 150,Venus,1,1,2.4,,Socket 939,90,,85,Aug 2005,2005-08-01,,,,,,https://www.techpowerup.com/cpu-specs/opteron-150.c209,,opteron150
AMD,Opteron 154,Venus,1,1,2.8,,Socket 939,90,,104,Aug 2005,2005-08-01,,,,,,https://www.techpowerup.com/cpu-specs/opteron-154.c207,,opteron154
AMD,Opteron 2210 EE,Santa Rosa,2,2,1.8,,Socket F,90,,45,Aug 2006,2006-08-01,,,,,,https://www.techpowerup.com/cpu-specs/opteron-2210-ee.c3330,,opteron2210ee
AMD,Opteron 2220 SE (F2),Santa Rosa,2,2,2.8,,Socket F,90,,119,Aug 2006,2006-08-01,,,,,,https://www.techpowerup.com/cpu-specs/opteron-2220-se-f2.c3349,,opteron2220sef2
AMD,Opteron 242,SledgeHammer,1,1,1.6,,Socket 940,130,,82,Aug 2003,2003-08-01,,,,,,https://www.techpowerup.com/cpu-specs/opteron-242.c1143,,opteron242
AMD,Opteron 848,SledgeHammer,1,1,2.2,,Socket 940,130,,89,Nov 2003,2003-11-01,,,,,,https://www.techpowerup.com/cpu-specs/opteron-848.c215,,opteron848
AMD,Opteron 850,SledgeHammer,1,1,2.4,,Socket 940,130,,89,May 2004,2004-05-01,,,,,,https://www.techpowerup.com/cpu-specs/opteron-850.c1125,,opteron850
AMD,Opteron 854,Athens,1,1,2.8,,Socket 940,90,,92,Aug 2005,2005-08-01,,,,,,https://www.techpowerup.com/cpu-specs/opteron-854.c189,,opteron854
AMD,Opteron X2 875 HE,Egypt,2,2,2.2,,Socket 940,90,,55,Feb 2006,2006-02-01,,,,,,https://www.techpowerup.com/cpu-specs/opteron-x2-875-he.c1201,,opteronx2875he
AMD,Sempron 2400+,Thoroughbred,1,1,1.667,,Socket A,130,,62,Jul 2004,2004-07-01,,,,,,https://www.techpowerup.com/cpu-specs/sempron-2400.c166,,sempron2400
AMD,Sempron 3300+,Georgetown,1,1,2.0,,Socket 754,90,,62,Aug 2005,2005-08-01,,,,,,https://www.techpowerup.com/cpu-specs/sempron-3300.c534,,sempron3300
Intel,Core i3-2330E,Sandy Bridge,2,4,2.2,,Socket G2 (988B),32,3,35,Jun 2011,2011-06-01,1823,,3956,,,https://www.techpowerup.com/cpu-specs/core-i3-2330e.c1390,https://www.cpubenchmark.net/cpu_lookup.php?cpu=Intel+Core+i3-2330E+%40+2.20GHz&id=2206,corei32330e
Intel,Pentium 4 HT 516,Prescott,1,2,2.933,,Socket 775,90,,84,Jun 2004,2004-06-01,,,,,,https://www.techpowerup.com/cpu-specs/pentium-4-ht-516.c447,,pentium4ht516
Intel,Pentium 4 HT 520,Prescott,1,2,2.933,,Socket 775,90,,84,Jun 2004,2004-06-01,,,,,,https://www.techpowerup.com/cpu-specs/pentium-4-ht-520.c454,,pentium4ht520
Intel,Pentium B915C,Sandy Bridge,2,2,1.5,,Socket G2 (988B),32,2,35,May 2012,2012-05-01,,,,,,https://www.techpowerup.com/cpu-specs/pentium-b915c.c1581,,pentiumb915c
Intel,Xeon E5-2448L,Sandy Bridge-EN,8,16,1.8,2.1,Socket 1356,32,20,70,May 2012,2012-05-01,,,,,,https://www.techpowerup.com/cpu-specs/xeon-e5-2448l.c1700,,xeone52448l
Intel,Xeon L7345,Tigerton,4,4,1.867,,Socket 604,65,,50,Sep 2007,2007-09-01,,,,,,https://www.techpowerup.com/cpu-specs/xeon-l7345.c4481,,xeonl7345
VIA,Nano QuadCore L4700,CNQ,4,4,1.2,1.466,VIA nanoBGA2,40,,28,May 2011,2011-05-01,,,,,,https://www.techpowerup.com/cpu-specs/nano-quadcore-l4700.c2800,,nanoquadcorel4700
AMD,Athlon 64 3800+,Windsor,1,1,2.4,,Socket AM2,90,,62,Feb 2007,2007-02-01,,,,,,https://www.techpowerup.com/cpu-specs/athlon-64-3800.c574,,athlon643800
AMD,Opteron 1352 (B3),Budapest,4,4,2.1,,Socket AM2+,65,2,95,Jun 2008,2008-06-01,,,,,,https://www.techpowerup.com/cpu-specs/opteron-1352-b3.c3396,,opteron1352b3
AMD,Opteron 140,SledgeHammer,1,1,1.4,,Socket 940,130,,82,Sep 2003,2003-09-01,,,,,,https://www.techpowerup.com/cpu-specs/opteron-140.c1114,,opteron140
AMD,Opteron 2222 SE,Santa Rosa,2,2,3.0,,Socket F,90,,119,Apr 2007,2007-04-01,,,,,,https://www.techpowerup.com/cpu-specs/opteron-2222-se.c3352,,opteron2222se
AMD,Opteron 4310 EE,Seoul,4,4,2.2,3.0,Socket C32,32,8,35,Dec 2012,2012-12-01,,,,,,https://www.techpowerup.com/cpu-specs/opteron-4310-ee.c1559,,opteron4310ee
AMD,Opteron 8216 (F2),Santa Rosa,2,2,2.4,,Socket F,90,,95,Aug 2006,2006-08-01,,,,,,https://www.techpowerup.com/cpu-specs/opteron-8216-f2.c3378,,opteron8216f2
AMD,Phenom X4 9750B,Agena,4,4,2.4,,Socket AM2+,65,2,95,Aug 2008,2008-08-01,,,,,,https://www.techpowerup.com/cpu-specs/phenom-x4-9750b.c873,,phenomx49750b
AMD,Sempron 2400+,Thorton,1,1,1.667,,Socket A,130,,62,Aug 2004,2004-08-01,,,,,,https://www.techpowerup.com/cpu-specs/sempron-2400.c1184,,sempron2400
AMD,Sempron 3000+,Albany,1,1,1.8,,Socket 754,90,,62,Jul 2005,2005-07-01,,,,,,https://www.techpowerup.com/cpu-specs/sempron-3000.c1166,,sempron3000
AMD,Sempron 3000+,Georgetown,1,1,1.8,,Socket 754,90,,62,Jul 2004,2004-07-01,,,,,,https://www.techpowerup.com/cpu-specs/sempron-3000.c537,,sempron3000
Intel,Atom P5721,Snow Ridge,8,8,2.2,,BGA 2106,10,,48,Jun 2022,2022-06-01,,,,,,https://www.techpowerup.com/cpu-specs/atom-p5721.c4502,,atomp5721
Intel,Celeron 787,Sandy Bridge,1,1,1.3,,BGA 1023,32,1,17,Jul 2011,2011-07-01,,,,,,https://www.techpowerup.com/cpu-specs/celeron-787.c1331,,celeron787
Intel,Core i3-2357M,Sandy Bridge,2,4,1.3,,BGA 1023,32,3,17,Jun 2011,2011-06-01,788,601,4943,,,https://www.techpowerup.com/cpu-specs/core-i3-2357m.c1391,https://www.cpubenchmark.net/cpu_lookup.php?cpu=Intel+Core+i3-2357M+%40+1.30GHz&id=759,corei32357m
Intel,Xeon E7-2820,Westmere-EX,8,16,2.0,2.266,Socket 1567,32,18,105,Apr 2011,2011-04-01,,,,,,https://www.techpowerup.com/cpu-specs/xeon-e7-2820.c3955,,xeone72820
AMD,Athlon 64 LE-1640,Windsor,1,1,2.6,,Socket AM2,90,,45,Oct 2007,2007-10-01,,,,,,https://www.techpowerup.com/cpu-specs/athlon-64-le-1640.c578,,athlon64le1640
AMD,Athlon SFF 1500+,Palomino,1,1,1.3,,Socket A,180,,35,2001,200101-01,,,,,,https://www.techpowerup.com/cpu-specs/athlon-sff-1500.c3968,,athlonsff1500
AMD,Opteron 148,Venus,1,1,2.2,,Socket 939,90,,85,Aug 2005,2005-08-01,,,,,,https://www.techpowerup.com/cpu-specs/opteron-148.c210,,opteron148
AMD,Opteron 4228 HE,Valencia,6,6,2.8,3.6,Socket C32,32,8,65,Nov 2011,2011-11-01,,,,,,https://www.techpowerup.com/cpu-specs/opteron-4228-he.c3682,,opteron4228he
AMD,Opteron 4332 HE,Seoul,6,6,3.0,3.7,Socket C32,32,8,65,Dec 2012,2012-12-01,3911,,,,554.92,https://www.techpowerup.com/cpu-specs/opteron-4332-he.c1562,https://www.cpubenchmark.net/cpu.php?cpu=AMD+Opteron+4332+HE&id=2593,opteron4332he
AMD,Opteron 8218 (F2),Santa Rosa,2,2,2.6,,Socket F,90,,95,Aug 2006,2006-08-01,,,,,,https://www.techpowerup.com/cpu-specs/opteron-8218-f2.c3380,,opteron8218f2
AMD,Opteron 8224 SE,Santa Rosa,2,2,3.2,,Socket F,90,,120,Aug 2007,2007-08-01,,,,,,https://www.techpowerup.com/cpu-specs/opteron-8224-se.c3387,,opteron8224se
AMD,Opteron 8360 SE (B3),Barcelona,4,4,2.5,,Socket Fr2,65,2,119,Apr 2008,2008-04-01,,,,,,https://www.techpowerup.com/cpu-specs/opteron-8360-se-b3.c3848,,opteron8360seb3
AMD,Opteron 852,Athens,1,1,2.6,,Socket 940,90,,92,Feb 2005,2005-02-01,,,,,,https://www.techpowerup.com/cpu-specs/opteron-852.c191,,opteron852
AMD,Sempron 2800+,Paris,1,1,1.6,,Socket 754,130,,25,Jan 2001,2001-01-01,,,,,,https://www.techpowerup.com/cpu-specs/sempron-2800.c83,,sempron2800
Intel,Atom E660T,Tunnel Creek,1,2,1.3,,BGA 676,45,,3,Sep 2010,2010-09-01,,,,,,https://www.techpowerup.com/cpu-specs/atom-e660t.c1446,,atome660t
Intel,Celeron G4930E,Coffee Lake,2,2,2.4,,BGA 1440,14,2,35,Apr 2019,2019-04-01,,,,,,https://www.techpowerup.com/cpu-specs/celeron-g4930e.c4463,,celerong4930e
Intel,Core i3-2310E,Sandy Bridge,2,4,2.1,,BGA 1023,32,3,35,Feb 2011,2011-02-01,1845,733,3937,8.2,225.0,https://www.techpowerup.com/cpu-specs/core-i3-2310e.c1389,https://www.cpubenchmark.net/cpu_lookup.php?cpu=Intel+Core+i3-2310E+%40+2.10GHz&id=1433,corei32310e
Intel,Core i3-2312M,Sandy Bridge,2,4,2.1,,BGA 1023,32,3,35,Sep 2011,2011-09-01,1189,851,4481,,,https://www.techpowerup.com/cpu-specs/core-i3-2312m.c1652,https://www.cpubenchmark.net/cpu_lookup.php?cpu=Intel+Core+i3-2312M+%40+2.10GHz&id=1658,corei32312m
Intel,Core i7-1366URE,Raptor Lake-U,10,12,1.7,4.9,BGA 1744,10,12,15,Jan 2023,2023-01-01,,,,,,https://www.techpowerup.com/cpu-specs/core-i7-1366ure.c3595,,corei71366ure
Intel,Core i7-4860EQ,Crystalwell,4,8,1.8,3.2,BGA 1364,22,8,47,Aug 2013,2013-08-01,5516,1670,2448,,,https://www.techpowerup.com/cpu-specs/core-i7-4860eq.c1737,https://www.cpubenchmark.net/cpu_lookup.php?cpu=Intel+Core+i7-4860EQ+%40+1.80GHz&id=2661,corei74860eq
Intel,Mobile Pentium 4 HT 2.66,Northwood,1,2,2.667,,Socket 478,130,,66,Sep 2003,2003-09-01,,,,,,https://www.techpowerup.com/cpu-specs/mobile-pentium-4-ht-2-66.c1247,,mobilepentium4ht266
Intel,Pentium 957,Sandy Bridge,2,2,1.2,,BGA 1023,32,2,17,Jun 2011,2011-06-01,622,574,5169,4.64,134.0,https://www.techpowerup.com/cpu-specs/pentium-957.c1318,https://www.cpubenchmark.net/cpu_lookup.php?cpu=Intel+Pentium+957+%40+1.20GHz&id=1089,pentium957
Intel,Pentium III Xeon 600 5V-12V,Cascades,1,1,0.6,,Slot 2,180,,19,Oct 1999,1999-10-01,,,,,,https://www.techpowerup.com/cpu-specs/pentium-iii-xeon-600-5v-12v.c2974,,pentiumiiixeon6005v12v
Intel,Pentium III Xeon 700-2M 5V-12V,Cascades-2M,1,1,0.7,,Slot 2,180,,30,May 2000,2000-05-01,,,,,,https://www.techpowerup.com/cpu-specs/pentium-iii-xeon-700-2m-5v-12v.c2980,,pentiumiiixeon7002m5v12v
Intel,Xeon E3-1578L v5,Skylake-H,4,8,2.0,3.4,BGA 1440,14,8,45,May 2016,2016-05-01,,,,,,https://www.techpowerup.com/cpu-specs/xeon-e3-1578l-v5.c3242,,xeone31578lv5
Intel,Xeon Platinum 8360HL,Cooper Lake-SP,24,48,3.0,4.2,Socket 4189,14,33,225,Apr 2021,2021-04-01,,,,,,https://www.techpowerup.com/cpu-specs/xeon-platinum-8360hl.c2467,,xeonplatinum8360hl
AMD,Athlon 1266,Thunderbird C,1,1,1.266,,Socket A,180,,66,Mar 2001,2001-03-01,,,,,,https://www.techpowerup.com/cpu-specs/athlon-1266.c3916,,athlon1266
AMD,Athlon XP 2200+,Thorton,1,1,1.8,,Socket A,130,,63,Sep 2003,2003-09-01,,,,,,https://www.techpowerup.com/cpu-specs/athlon-xp-2200.c97,,athlonxp2200
AMD,Athlon XP-M 2400+ (72W),Barton,1,1,1.8,,Socket A,130,,72,Mar 2003,2003-03-01,,,,,,https://www.techpowerup.com/cpu-specs/athlon-xp-m-2400-72w.c2820,,athlonxpm240072w
AMD,Sempron 3100+,Sonora,1,1,1.8,,Socket 754,90,,25,Jan 2005,2005-01-01,,,,,,https://www.techpowerup.com/cpu-specs/sempron-3100.c1193,,sempron3100
Intel,Atom C5310,Parker Ridge,4,4,1.6,,BGA 2106,10,,32,Jun 2022,2022-06-01,,,,,,https://www.techpowerup.com/cpu-specs/atom-c5310.c4505,,atomc5310
Intel,Atom E645CT,Stellarton,1,2,1.0,,BGA 1466,45,,4,Nov 2010,2010-11-01,,,,,,https://www.techpowerup.com/cpu-specs/atom-e645ct.c1452,,atome645ct
Intel,Atom P5731,Snow Ridge,12,12,2.2,,BGA 2106,10,,55,Jun 2022,2022-06-01,,,,,,https://www.techpowerup.com/cpu-specs/atom-p5731.c4501,,atomp5731
Intel,Atom P5931B,Snow Ridge,12,12,2.2,,BGA 2106,10,,,Feb 2020,2020-02-01,,,,,,https://www.techpowerup.com/cpu-specs/atom-p5931b.c4492,,atomp5931b
Intel,Core i5-8400B,Coffee Lake,6,6,2.8,4.0,BGA 1440,14,9,65,Apr 2018,2018-04-01,,,,,,https://www.techpowerup.com/cpu-specs/core-i5-8400b.c4456,,corei58400b
Intel,Mobile Pentium III 650,Coppermine,1,1,0.65,,Socket 495,180,,22,Jan 2000,2000-01-01,,,,,,https://www.techpowerup.com/cpu-specs/mobile-pentium-iii-650.c3633,,mobilepentiumiii650
Intel,Pentium 4 HT 517,Prescott,1,2,2.933,,Socket 775,90,,84,Jun 2004,2004-06-01,,,,,,https://www.techpowerup.com/cpu-specs/pentium-4-ht-517.c449,,pentium4ht517
Intel,Xeon Phi SE10X,Knights Corner,61,244,1.1,,PCIe x16,22,,300,Nov 2012,2012-11-01,,,,,,https://www.techpowerup.com/cpu-specs/xeon-phi-se10x.c2034,,xeonphise10x
VIA,Nano QuadCore C4650 ES,CNR,4,4,2.0,,VIA Socket 2084,28,,18,Unreleased,,,,,,,https://www.techpowerup.com/cpu-specs/nano-quadcore-c4650-es.c2801,,nanoquadcorec4650es
AMD,Athlon 64 3200+,Newark,1,1,2.0,,Socket 754,130,,62,Apr 2005,2005-04-01,,,,,,https://www.techpowerup.com/cpu-specs/athlon-64-3200.c62,,athlon643200
AMD,Athlon XP 2600+ DTR,Barton,1,1,1.917,,Socket A,130,,55,Nov 2004,2004-11-01,,,,,,https://www.techpowerup.com/cpu-specs/athlon-xp-2600-dtr.c93,,athlonxp2600dtr
AMD,Athlon XP-M 2000+ (35W),Barton,1,1,1.533,,Socket 563,130,,35,Jun 2003,2003-06-01,,,,,,https://www.techpowerup.com/cpu-specs/athlon-xp-m-2000-35w.c127,,athlonxpm200035w
AMD,Athlon XP-M 2500+ (35W),Barton,1,1,1.867,,Socket A,130,,35,Mar 2003,2003-03-01,,,,,,https://www.techpowerup.com/cpu-specs/athlon-xp-m-2500-35w.c2821,,athlonxpm250035w
AMD,Mobile Athlon 64 2800+,Odessa,1,1,1.8,,Socket 754,130,,35,Aug 2004,2004-08-01,,,,,,https://www.techpowerup.com/cpu-specs/mobile-athlon-64-2800.c2201,,mobileathlon642800
AMD,Opteron 2212 HE (F2),Santa Rosa,2,2,2.0,,Socket F,90,,68,Aug 2006,2006-08-01,,,,,,https://www.techpowerup.com/cpu-specs/opteron-2212-he-f2.c3335,,opteron2212hef2
AMD,Opteron 4230 HE,Valencia,6,6,2.9,3.7,Socket C32,32,8,65,Nov 2011,2011-11-01,,,,,,https://www.techpowerup.com/cpu-specs/opteron-4230-he.c3683,,opteron4230he
AMD,Opteron 43CX EE,Seoul,4,4,2.2,3.0,Socket C32,32,8,35,Dec 2012,2012-12-01,,,,,,https://www.techpowerup.com/cpu-specs/opteron-43cx-ee.c1558,,opteron43cxee
AMD,Opteron X2 270,Italy,2,2,2.0,,Socket 940,90,,95,May 2005,2005-05-01,,,,,,https://www.techpowerup.com/cpu-specs/opteron-x2-270.c177,,opteronx2270
AMD,Sempron 2600+,Georgetown,1,1,1.6,,Socket 754,90,,62,Jul 2004,2004-07-01,,,,,,https://www.techpowerup.com/cpu-specs/sempron-2600.c538,,sempron2600
Intel,Atom P5332,Snow Ridge,8,8,2.2,,BGA 2106,10,,55,Jun 2022,2022-06-01,,,,,,https://www.techpowerup.com/cpu-specs/atom-p5332.c4498,,atomp5332
Intel,Core i3-7120T,Kaby Lake,2,4,3.6,,Socket 1151,14,3,35,Jul 2017,2017-07-01,,,,,,https://www.techpowerup.com/cpu-specs/core-i3-7120t.c1946,,corei37120t
Intel,Core i5-3365M,Ivy Bridge,2,4,2.8,3.5,BGA 1023,22,3,35,Nov 2012,2012-11-01,,,,,,https://www.techpowerup.com/cpu-specs/core-i5-3365m.c1214,,corei53365m
Intel,Pentium III Xeon 667 2.8V,Cascades,1,1,0.667,,Slot 2,180,,21,Oct 1999,1999-10-01,,,,,,https://www.techpowerup.com/cpu-specs/pentium-iii-xeon-667-2-8v.c2975,,pentiumiiixeon66728v
Intel,Xeon L5618,Westmere-EP,4,8,1.866,2.266,Socket 1366,32,12,40,Mar 2010,2010-03-01,,,,,,https://www.techpowerup.com/cpu-specs/xeon-l5618.c942,,xeonl5618
AMD,Athlon 64 X2 4400+ EE,Windsor,2,2,2.2,,Socket AM2,90,,65,May 2006,2006-05-01,,,,,,https://www.techpowerup.com/cpu-specs/athlon-64-x2-4400-ee.c357,,athlon64x24400ee
AMD,Opteron 2347,Barcelona,4,4,1.9,,Socket Fr2,65,2,95,Sep 2007,2007-09-01,,,,,,https://www.techpowerup.com/cpu-specs/opteron-2347.c3816,,opteron2347
AMD,Opteron 8212 HE (F2),Santa Rosa,2,2,2.0,,Socket F,90,,68,Aug 2006,2006-08-01,,,,,,https://www.techpowerup.com/cpu-specs/opteron-8212-he-f2.c3388,,opteron8212hef2
AMD,Opteron 8360 SE,Barcelona,4,4,2.5,,Socket Fr2,65,2,119,Jun 2008,2008-06-01,,,,,,https://www.techpowerup.com/cpu-specs/opteron-8360-se.c3847,,opteron8360se
AMD,Sempron 3100+,Georgetown,1,1,1.8,,Socket 754,90,,62,May 2005,2005-05-01,,,,,,https://www.techpowerup.com/cpu-specs/sempron-3100.c535,,sempron3100
Intel,Atom E645C,Stellarton,1,2,1.0,,BGA 1466,45,,4,Nov 2010,2010-11-01,,,,,,https://www.techpowerup.com/cpu-specs/atom-e645c.c1451,,atome645c
Intel,Atom E665C,Stellarton,1,2,1.3,,BGA 1466,45,,4,Nov 2010,2010-11-01,,,,,,https://www.techpowerup.com/cpu-specs/atom-e665c.c1453,,atome665c
Intel,Atom Z615,Lincroft,1,1,1.6,,BGA 518,45,,2,May 2010,2010-05-01,,,,,,https://www.techpowerup.com/cpu-specs/atom-z615.c1431,,atomz615
Intel,Celeron 1047UE,Ivy Bridge,2,2,1.4,,BGA 1023,22,2,17,Jan 2013,2013-01-01,748,,4999,,,https://www.techpowerup.com/cpu-specs/celeron-1047ue.c1616,https://www.cpubenchmark.net/cpu_lookup.php?cpu=Intel+Celeron+1047UE+%40+1.40GHz&id=2166,celeron1047ue
Intel,Core i5-2435M,Sandy Bridge,2,4,2.4,,Socket G2 (988B),32,3,35,Sep 2011,2011-09-01,2051,1275,3781,,,https://www.techpowerup.com/cpu-specs/core-i5-2435m.c1367,https://www.cpubenchmark.net/cpu_lookup.php?cpu=Intel+Core+i5-2435M+%40+2.40GHz&id=799,corei52435m
Intel,Core i7-4850EQ,Crystalwell,4,8,1.6,3.2,BGA 1364,22,8,47,Aug 2013,2013-08-01,,,,,,https://www.techpowerup.com/cpu-specs/core-i7-4850eq.c1736,,corei74850eq
Intel,Pentium 4 HT 520,Prescott,1,2,2.8,,Socket 775,90,,84,Jun 2004,2004-06-01,,,,,,https://www.techpowerup.com/cpu-specs/pentium-4-ht-520.c443,,pentium4ht520
Intel,Pentium 4-M 2.40,Northwood,1,1,2.4,,Socket 478,130,,35,Jan 2003,2003-01-01,,,,,,https://www.techpowerup.com/cpu-specs/pentium-4-m-2-40.c1267,,pentium4m240
Intel,Pentium 4-M 2.50,Northwood,1,1,2.5,,Socket 478,130,,35,Apr 2003,2003-04-01,,,,,,https://www.techpowerup.com/cpu-specs/pentium-4-m-2-50.c1268,,pentium4m250
Intel,Xeon L7445,Dunnington,4,4,2.133,,Socket 604,45,12,50,Sep 2008,2008-09-01,,,,,,https://www.techpowerup.com/cpu-specs/xeon-l7445.c4161,,xeonl7445
Intel,Xeon Platinum 8376HL,Cooper Lake-SP,28,56,2.6,4.3,Socket 4189,14,38,205,Apr 2021,2021-04-01,,,,,,https://www.techpowerup.com/cpu-specs/xeon-platinum-8376hl.c2461,,xeonplatinum8376hl
AMD,A4-5145M,Richland,2,2,2.0,2.6,Socket FP2,32,,17,Jun 2013,2013-06-01,,,,,,https://www.techpowerup.com/cpu-specs/a4-5145m.c1623,,a45145m
AMD,Athlon 64 3800+,NewCastle,1,1,2.4,,Socket 939,130,,89,Jun 2004,2004-06-01,,,,,,https://www.techpowerup.com/cpu-specs/athlon-64-3800.c57,,athlon643800
AMD,Athlon 64 LE-1620,Orleans,1,1,2.4,,Socket AM2,90,,45,Oct 2007,2007-10-01,,,,,,https://www.techpowerup.com/cpu-specs/athlon-64-le-1620.c2158,,athlon64le1620
AMD,Athlon XP 1900+,Thoroughbred,1,1,1.6,,Socket A,130,,53,Jan 2001,2001-01-01,,,,,,https://www.techpowerup.com/cpu-specs/athlon-xp-1900.c109,,athlonxp1900
AMD,Mobile Athlon 64 2700+,Clawhammer,1,1,1.6,,Socket 754,130,,82,Aug 2004,2004-08-01,,,,,,https://www.techpowerup.com/cpu-specs/mobile-athlon-64-2700.c2163,,mobileathlon642700
AMD,Opteron 13KS EE,Suzuka,4,4,2.0,,Socket Fr2,45,6,50,Apr 2009,2009-04-01,,,,,,https://www.techpowerup.com/cpu-specs/opteron-13ks-ee.c3860,,opteron13ksee
AMD,Opteron 4240,Valencia,6,6,3.4,3.8,Socket C32,32,8,95,Jun 2012,2012-06-01,,,,,,https://www.techpowerup.com/cpu-specs/opteron-4240.c3686,,opteron4240
AMD,Opteron 8212 (F2),Santa Rosa,2,2,2.0,,Socket F,90,,95,Aug 2006,2006-08-01,,,,,,https://www.techpowerup.com/cpu-specs/opteron-8212-f2.c3374,,opteron8212f2
AMD,Opteron 850,Athens,1,1,2.4,,Socket 940,90,,85,Dec 2004,2004-12-01,,,,,,https://www.techpowerup.com/cpu-specs/opteron-850.c193,,opteron850
AMD,Opteron X2 875,Egypt,2,2,2.2,,Socket 940,90,,95,Sep 2005,2005-09-01,,,,,,https://www.techpowerup.com/cpu-specs/opteron-x2-875.c173,,opteronx2875
Intel,Celeron 1020E,Ivy Bridge,2,2,2.2,,Socket G2 (988B),22,2,35,Jan 2013,2013-01-01,1406,1224,4283,31.26,44.99,https://www.techpowerup.com/cpu-specs/celeron-1020e.c1618,https://www.cpubenchmark.net/cpu_lookup.php?cpu=Intel+Celeron+1020E+%40+2.20GHz&id=2295,celeron1020e
Intel,Celeron 1020M,Ivy Bridge,2,2,2.1,,Socket G2 (988B),22,2,35,Jan 2013,2013-01-01,1275,1176,4387,,,https://www.techpowerup.com/cpu-specs/celeron-1020m.c1590,https://www.cpubenchmark.net/cpu_lookup.php?cpu=Intel+Celeron+1020M+%40+2.10GHz&id=3638,celeron1020m
Intel,Core i5-2435M,Sandy Bridge,2,4,2.4,,BGA 1023,32,3,35,Sep 2011,2011-09-01,2051,1275,3781,,,https://www.techpowerup.com/cpu-specs/core-i5-2435m.c1368,https://www.cpubenchmark.net/cpu_lookup.php?cpu=Intel+Core+i5-2435M+%40+2.40GHz&id=799,corei52435m
Intel,Xeon 7130N,Tulsa,2,4,3.166,,Socket 604,65,8,150,Aug 2006,2006-08-01,,,,,,https://www.techpowerup.com/cpu-specs/xeon-7130n.c398,,xeon7130n
Intel,Xeon E7-2803,Westmere-EX,6,12,1.733,,Socket 1567,32,18,105,Apr 2011,2011-04-01,,,,,,https://www.techpowerup.com/cpu-specs/xeon-e7-2803.c3957,,xeone72803
Intel,Xeon MP 2.83,Potomac,1,1,2.833,,Socket 604,90,4,129,Mar 2005,2005-03-01,,,,,,https://www.techpowerup.com/cpu-specs/xeon-mp-2-83.c238,,xeonmp283
Intel,Xeon MP 7030 Dual-Core,Paxville,2,2,2.833,,Socket 604,90,,135,Dec 2005,2005-12-01,,,,,,https://www.techpowerup.com/cpu-specs/xeon-mp-7030-dual-core.c228,,xeonmp7030dualcore
AMD,Athlon XP-M 1800+ (25W),Barton,1,1,1.4,,Socket 563,130,,25,Mar 2003,2003-03-01,,,,,,https://www.techpowerup.com/cpu-specs/athlon-xp-m-1800-25w.c2828,,athlonxpm180025w
AMD,Opteron 146,Venus,1,1,2.0,,Socket 939,90,,67,Aug 2005,2005-08-01,,,,,,https://www.techpowerup.com/cpu-specs/opteron-146.c212,,opteron146
AMD,Opteron 2212 (F3),Santa Rosa,2,2,2.0,,Socket F,90,,95,Aug 2006,2006-08-01,,,,,,https://www.techpowerup.com/cpu-specs/opteron-2212-f3.c3334,,opteron2212f3
AMD,Opteron 2214 HE (F3),Santa Rosa,2,2,2.2,,Socket F,90,,68,Aug 2006,2006-08-01,,,,,,https://www.techpowerup.com/cpu-specs/opteron-2214-he-f3.c3340,,opteron2214hef3
AMD,Opteron 840,SledgeHammer,1,1,1.4,,Socket 940,130,,82,Sep 2003,2003-09-01,,,,,,https://www.techpowerup.com/cpu-specs/opteron-840.c1120,,opteron840
AMD,Opteron 850 HE,Athens,1,1,2.4,,Socket 940,90,,55,Mar 2005,2005-03-01,,,,,,https://www.techpowerup.com/cpu-specs/opteron-850-he.c194,,opteron850he
AMD,Sempron 2800+,Sonora,1,1,1.6,,Socket 754,90,,25,Jul 2004,2004-07-01,,,,,,https://www.techpowerup.com/cpu-specs/sempron-2800.c1191,,sempron2800
Intel,Atom CE4130,Sodaville,1,1,1.2,,BGA 951,45,,7,Sep 2009,2009-09-01,,,,,,https://www.techpowerup.com/cpu-specs/atom-ce4130.c1439,,atomce4130
Intel,Atom E625C,Stellarton,1,2,0.6,,BGA 1466,45,,3,Nov 2010,2010-11-01,,,,,,https://www.techpowerup.com/cpu-specs/atom-e625c.c1449,,atome625c
Intel,Atom E665CT,Stellarton,1,2,1.3,,BGA 1466,45,,7,Nov 2010,2010-11-01,,,,,,https://www.techpowerup.com/cpu-specs/atom-e665ct.c1454,,atome665ct
Intel,Atom Z612,Lincroft,1,1,0.9,,BGA 518,45,,1,May 2010,2010-05-01,,,,,,https://www.techpowerup.com/cpu-specs/atom-z612.c1430,,atomz612
Intel,Core i5-8269U,Coffee Lake-U,4,8,2.6,4.2,BGA 1526,14,6,28,Apr 2018,2018-04-01,7111,2377,2097,22.22,320.0,https://www.techpowerup.com/cpu-specs/core-i5-8269u.c4467,https://www.cpubenchmark.net/cpu_lookup.php?cpu=Intel+Core+i5-8269U+%40+2.60GHz&id=4262,corei58269u
Intel,Pentium 977,Sandy Bridge,2,2,1.4,,BGA 1023,32,2,17,Jan 2012,2012-01-01,652,,5137,,,https://www.techpowerup.com/cpu-specs/pentium-977.c1320,https://www.cpubenchmark.net/cpu_lookup.php?cpu=Intel+Pentium+977+%40+1.40GHz&id=1091,pentium977
Intel,Xeon E7-2830,Westmere-EX,8,16,2.133,2.4,Socket 1567,32,24,105,Apr 2011,2011-04-01,2027,,3801,1.14,1779.0,https://www.techpowerup.com/cpu-specs/xeon-e7-2830.c3953,https://www.cpubenchmark.net/cpu_lookup.php?cpu=Intel+Xeon+E7-+2830+%40+2.13GHz&id=3160,xeone72830
VIA,C3 Processor 866T,Ezra-T,1,1,0.866,,Socket 370,130,,10,Jun 2002,2002-06-01,,,,,,https://www.techpowerup.com/cpu-specs/c3-processor-866t.c4379,,c3processor866t
VIA,Nano U2300,CNA,1,1,1.0,,VIA nanoBGA2,65,,5,May 2008,2008-05-01,,,,,,https://www.techpowerup.com/cpu-specs/nano-u2300.c2813,,nanou2300
AMD,Athlon SFF 1000,Palomino,1,1,1.0,,Socket A,180,,35,2001,200101-01,,,,,,https://www.techpowerup.com/cpu-specs/athlon-sff-1000.c3965,,athlonsff1000
AMD,Athlon SFF 1100,Palomino,1,1,1.1,,Socket A,180,,35,2001,200101-01,,,,,,https://www.techpowerup.com/cpu-specs/athlon-sff-1100.c3966,,athlonsff1100
AMD,Mobile Athlon 64 2700+,Clawhammer,1,1,1.6,,Socket 754,130,,35,Aug 2005,2005-08-01,,,,,,https://www.techpowerup.com/cpu-specs/mobile-athlon-64-2700.c2161,,mobileathlon642700
AMD,Opteron 2354 (B3),Barcelona,4,4,2.2,,Socket Fr2,65,2,95,Apr 2008,2008-04-01,,,,,,https://www.techpowerup.com/cpu-specs/opteron-2354-b3.c3823,,opteron2354b3
AMD,Opteron 8214 (F2),Santa Rosa,2,2,2.2,,Socket F,90,,95,Aug 2006,2006-08-01,,,,,,https://www.techpowerup.com/cpu-specs/opteron-8214-f2.c3376,,opteron8214f2
AMD,Opteron 8222,Santa Rosa,2,2,3.0,,Socket F,90,,95,Aug 2007,2007-08-01,,,,,,https://www.techpowerup.com/cpu-specs/opteron-8222.c3383,,opteron8222
Intel,Core i3-3217UE,Ivy Bridge,2,4,1.6,,BGA 1023,22,3,17,Aug 2012,2012-08-01,1362,711,4309,,,https://www.techpowerup.com/cpu-specs/core-i3-3217ue.c1063,https://www.cpubenchmark.net/cpu_lookup.php?cpu=Intel+Core+i3-3217UE+%40+1.60GHz&id=2143,corei33217ue
Intel,Core i7-3820QM,Ivy Bridge,4,8,2.7,3.7,BGA 1224,22,8,45,Apr 2012,2012-04-01,5615,1854,2415,10.23,549.0,https://www.techpowerup.com/cpu-specs/core-i7-3820qm.c1011,https://www.cpubenchmark.net/cpu_lookup.php?cpu=Intel+Core+i7-3820QM+%40+2.70GHz&id=899,corei73820qm
Intel,Mobile Pentium 4 HT 2.80,Northwood,1,2,2.8,,Socket 478,130,,68,Sep 2003,2003-09-01,,,,,,https://www.techpowerup.com/cpu-specs/mobile-pentium-4-ht-2-80.c1252,,mobilepentium4ht280
Intel,Xeon 7120N,Tulsa,2,4,3.0,,Socket 604,65,4,95,Aug 2006,2006-08-01,,,,,,https://www.techpowerup.com/cpu-specs/xeon-7120n.c396,,xeon7120n
Intel,Xeon EC3529,Jasper Forest,4,4,2.133,,Socket 1366,45,8,65,Feb 2010,2010-02-01,,,,,,https://www.techpowerup.com/cpu-specs/xeon-ec3529.c3923,,xeonec3529
Intel,Xeon MP 3.50,Cranford,1,1,3.5,,Socket 604,90,,135,Mar 2005,2005-03-01,,,,,,https://www.techpowerup.com/cpu-specs/xeon-mp-3-50.c240,,xeonmp350
AMD,Opteron 1352 (B2),Budapest,4,4,2.1,,Socket AM2+,65,2,95,Jun 2008,2008-06-01,,,,,,https://www.techpowerup.com/cpu-specs/opteron-1352-b2.c3854,,opteron1352b2
AMD,Opteron 146,SledgeHammer,1,1,2.0,,Socket 940,130,,89,Sep 2003,2003-09-01,,,,,,https://www.techpowerup.com/cpu-specs/opteron-146.c1146,,opteron146
AMD,Opteron 152,Venus,1,1,2.6,,Socket 939,90,,104,Aug 2005,2005-08-01,,,,,,https://www.techpowerup.com/cpu-specs/opteron-152.c1148,,opteron152
AMD,Opteron 2347 HE,Barcelona,4,4,1.9,,Socket Fr2,65,2,68,Sep 2007,2007-09-01,,,,,,https://www.techpowerup.com/cpu-specs/opteron-2347-he.c3834,,opteron2347he
AMD,Opteron 2352 (B3),Barcelona,4,4,2.1,,Socket Fr2,65,2,95,Apr 2008,2008-04-01,,,,,,https://www.techpowerup.com/cpu-specs/opteron-2352-b3.c3821,,opteron2352b3
AMD,Opteron 242,Troy,1,1,1.6,,Socket 940,90,,85,Dec 2004,2004-12-01,,,,,,https://www.techpowerup.com/cpu-specs/opteron-242.c206,,opteron242
AMD,Opteron 4276 HE,Valencia,8,8,2.6,3.6,Socket C32,32,8,65,Jun 2012,2012-06-01,,,,,,https://www.techpowerup.com/cpu-specs/opteron-4276-he.c3689,,opteron4276he
AMD,Opteron 842,Athens,1,1,1.6,,Socket 940,90,,85,Dec 2004,2004-12-01,,,,,,https://www.techpowerup.com/cpu-specs/opteron-842.c205,,opteron842
AMD,Sempron 3200+ EE SFF,Manila,1,1,1.8,,Socket AM2,90,,35,May 2006,2006-05-01,,,,,,https://www.techpowerup.com/cpu-specs/sempron-3200-ee-sff.c560,,sempron3200eesff
Intel,Atom E625CT,Stellarton,1,2,0.6,,BGA 1466,45,,3,Nov 2010,2010-11-01,,,,,,https://www.techpowerup.com/cpu-specs/atom-e625ct.c1450,,atome625ct
Intel,Celeron 797,Sandy Bridge,1,1,1.4,,BGA 1023,32,1,17,Jan 2012,2012-01-01,,,,,,https://www.techpowerup.com/cpu-specs/celeron-797.c1332,,celeron797
Intel,Core i3-2312M,Sandy Bridge,2,4,2.1,,Socket G2 (988B),32,3,35,Mar 2011,2011-03-01,1189,851,4481,,,https://www.techpowerup.com/cpu-specs/core-i3-2312m.c1345,https://www.cpubenchmark.net/cpu_lookup.php?cpu=Intel+Core+i3-2312M+%40+2.10GHz&id=1658,corei32312m
Intel,Pentium 2129Y,Ivy Bridge,2,2,1.1,,BGA 1023,22,2,10,Sep 2012,2012-09-01,587,564,5217,4.38,134.0,https://www.techpowerup.com/cpu-specs/pentium-2129y.c1588,https://www.cpubenchmark.net/cpu_lookup.php?cpu=Intel+Pentium+2129Y+%40+1.10GHz&id=2125,pentium2129y
Intel,Pentium III Xeon 866 2.8V,Cascades,1,1,0.866,,Slot 2,180,,25,Apr 2000,2000-04-01,,,,,,https://www.techpowerup.com/cpu-specs/pentium-iii-xeon-866-2-8v.c2985,,pentiumiiixeon86628v
Intel,Xeon MP 3.33,Cranford,1,1,3.334,,Socket 604,90,,135,Mar 2005,2005-03-01,,,,,,https://www.techpowerup.com/cpu-specs/xeon-mp-3-33.c241,,xeonmp333
AMD,Athlon XP-M 2500+ (72W),Barton,1,1,1.867,,Socket A,130,,72,Mar 2003,2003-03-01,,,,,,https://www.techpowerup.com/cpu-specs/athlon-xp-m-2500-72w.c2822,,athlonxpm250072w
AMD,Opteron 2212 HE (F3),Santa Rosa,2,2,2.0,,Socket F,90,,68,Aug 2006,2006-08-01,,,,,,https://www.techpowerup.com/cpu-specs/opteron-2212-he-f3.c3336,,opteron2212hef3
AMD,Opteron 43GK HE,Seoul,8,8,2.6,3.6,Socket C32,32,8,65,Dec 2012,2012-12-01,,,,,,https://www.techpowerup.com/cpu-specs/opteron-43gk-he.c1564,,opteron43gkhe
AMD,Opteron 6230 HE,Interlagos,12,12,2.2,3.1,Socket G34,32,8,85,May 2012,2012-05-01,,,,,,https://www.techpowerup.com/cpu-specs/opteron-6230-he.c4186,,opteron6230he
AMD,Opteron 8222 SE,Santa Rosa,2,2,3.0,,Socket F,90,,120,Apr 2007,2007-04-01,,,,,,https://www.techpowerup.com/cpu-specs/opteron-8222-se.c3386,,opteron8222se
AMD,Opteron 8350 HE,Barcelona,4,4,2.0,,Socket Fr2,65,2,79,Oct 2008,2008-10-01,,,,,,https://www.techpowerup.com/cpu-specs/opteron-8350-he.c3853,,opteron8350he
AMD,Opteron X2 865,Egypt,2,2,1.8,,Socket 940,90,,95,Sep 2005,2005-09-01,,,,,,https://www.techpowerup.com/cpu-specs/opteron-x2-865.c179,,opteronx2865
Intel,Core i7-3525M,Ivy Bridge,2,4,2.9,3.6,BGA 1023,22,4,35,Nov 2012,2012-11-01,,,,,,https://www.techpowerup.com/cpu-specs/core-i7-3525m.c1213,,corei73525m
Intel,Core M-5Y10a,Broadwell-Y,2,4,0.8,2.0,BGA 1234,14,4,5,Sep 2014,2014-09-01,1905,993,3892,,,https://www.techpowerup.com/cpu-specs/core-m-5y10a.c1784,https://www.cpubenchmark.net/cpu_lookup.php?cpu=Intel+Core+M-5Y10a+%40+0.80GHz&id=2499,corem5y10a
Intel,Xeon EC5509,Jasper Forest,4,4,2.0,,Socket 1366,45,8,85,Feb 2010,2010-02-01,,,,,,https://www.techpowerup.com/cpu-specs/xeon-ec5509.c3926,,xeonec5509
Intel,Xeon MP 7030 Dual-Core,Paxville,2,2,2.8,,Socket 604,90,,135,Dec 2005,2005-12-01,,,,,,https://www.techpowerup.com/cpu-specs/xeon-mp-7030-dual-core.c226,,xeonmp7030dualcore
AMD,Athlon XP 2200+,Thorton,1,1,1.8,,Socket A,130,,63,Sep 2003,2003-09-01,,,,,,https://www.techpowerup.com/cpu-specs/athlon-xp-2200.c1175,,athlonxp2200
AMD,Opteron 140,SledgeHammer,1,1,1.4,,Socket 940,130,,82,May 2004,2004-05-01,,,,,,https://www.techpowerup.com/cpu-specs/opteron-140.c1115,,opteron140
AMD,Opteron 2346 HE (B3),Barcelona,4,4,1.8,,Socket Fr2,65,2,68,Apr 2008,2008-04-01,,,,,,https://www.techpowerup.com/cpu-specs/opteron-2346-he-b3.c3833,,opteron2346heb3
AMD,Opteron 2356 (B3),Barcelona,4,4,2.3,,Socket Fr2,65,2,95,Apr 2008,2008-04-01,,,,,,https://www.techpowerup.com/cpu-specs/opteron-2356-b3.c3825,,opteron2356b3
AMD,Opteron 2360 SE,Barcelona,4,4,2.5,,Socket Fr2,65,2,119,Jun 2008,2008-06-01,,,,,,https://www.techpowerup.com/cpu-specs/opteron-2360-se.c3828,,opteron2360se
AMD,Opteron 8352,Barcelona,4,4,2.1,,Socket Fr2,65,2,95,Apr 2008,2008-04-01,,,,,,https://www.techpowerup.com/cpu-specs/opteron-8352.c3839,,opteron8352
AMD,Opteron 848,SledgeHammer,1,1,2.2,,Socket 940,130,,89,May 2004,2004-05-01,,,,,,https://www.techpowerup.com/cpu-specs/opteron-848.c1133,,opteron848
AMD,Sempron 3000+ EE SFF,Manila,1,1,1.6,,Socket AM2,90,,35,May 2006,2006-05-01,,,,,,https://www.techpowerup.com/cpu-specs/sempron-3000-ee-sff.c563,,sempron3000eesff
Intel,Pentium 4 HT 520,Prescott,1,2,2.8,,Socket 775,90,,84,Jun 2004,2004-06-01,,,,,,https://www.techpowerup.com/cpu-specs/pentium-4-ht-520.c7,,pentium4ht520
Intel,Xeon MP 2.83,Potomac,1,1,2.833,,Socket 604,90,8,135,Mar 2005,2005-03-01,,,,,,https://www.techpowerup.com/cpu-specs/xeon-mp-2-83.c237,,xeonmp283
AMD,Athlon 64 LE-1600,Orleans,1,1,2.2,,Socket AM2,90,,45,Oct 2007,2007-10-01,,,,,,https://www.techpowerup.com/cpu-specs/athlon-64-le-1600.c2157,,athlon64le1600
AMD,Mobile Athlon 64 2800+,Clawhammer,1,1,1.8,,Socket 754,130,,82,Aug 2003,2003-08-01,,,,,,https://www.techpowerup.com/cpu-specs/mobile-athlon-64-2800.c2162,,mobileathlon642800
AMD,Opteron 148,Venus,1,1,2.2,,Socket 939,90,,85,Aug 2005,2005-08-01,,,,,,https://www.techpowerup.com/cpu-specs/opteron-148.c1153,,opteron148
AMD,Opteron 148,SledgeHammer,1,1,2.2,,Socket 940,130,,89,May 2004,2004-05-01,,,,,,https://www.techpowerup.com/cpu-specs/opteron-148.c1135,,opteron148
AMD,Opteron 2216 HE (F3),Santa Rosa,2,2,2.4,,Socket F,90,,68,Aug 2006,2006-08-01,,,,,,https://www.techpowerup.com/cpu-specs/opteron-2216-he-f3.c3344,,opteron2216hef3
AMD,Opteron 2360 SE (B3),Barcelona,4,4,2.5,,Socket Fr2,65,2,119,Apr 2008,2008-04-01,,,,,,https://www.techpowerup.com/cpu-specs/opteron-2360-se-b3.c3829,,opteron2360seb3
AMD,Opteron 244,SledgeHammer,1,1,1.8,,Socket 940,130,,85,Apr 2003,2003-04-01,,,,,,https://www.techpowerup.com/cpu-specs/opteron-244.c1130,,opteron244
AMD,Opteron 4340,Seoul,6,6,3.5,3.8,Socket C32,32,8,95,Dec 2012,2012-12-01,,,,,,https://www.techpowerup.com/cpu-specs/opteron-4340.c1561,,opteron4340
AMD,Opteron 8218 HE,Santa Rosa,2,2,2.6,,Socket F,90,,68,Feb 2007,2007-02-01,,,,,,https://www.techpowerup.com/cpu-specs/opteron-8218-he.c3394,,opteron8218he
AMD,Opteron X2 885,Egypt,2,2,2.6,,Socket 940,90,,95,Mar 2006,2006-03-01,,,,,,https://www.techpowerup.com/cpu-specs/opteron-x2-885.c1199,,opteronx2885
AMD,Sempron 2800+,Roma,1,1,1.6,,Socket 754,90,,25,Jul 2005,2005-07-01,,,,,,https://www.techpowerup.com/cpu-specs/sempron-2800.c1169,,sempron2800
AMD,Sempron 3300+,Albany,1,1,2.0,,Socket 754,90,,62,Jul 2005,2005-07-01,,,,,,https://www.techpowerup.com/cpu-specs/sempron-3300.c169,,sempron3300
Intel,Atom Z605,Lincroft,1,1,1.0,,BGA 518,45,,2,May 2010,2010-05-01,,,,,,https://www.techpowerup.com/cpu-specs/atom-z605.c1428,,atomz605
VIA,Nano U2400,CNA,1,1,1.3,1.4,VIA nanoBGA2,65,,8,May 2008,2008-05-01,,,,,,https://www.techpowerup.com/cpu-specs/nano-u2400.c2810,,nanou2400
AMD,Athlon 64 3500+,Lima,1,1,2.2,,Socket AM2,65,,45,Feb 2007,2007-02-01,,,,,,https://www.techpowerup.com/cpu-specs/athlon-64-3500.c583,,athlon643500
AMD,Athlon SFF 1600+,Palomino,1,1,1.4,,Socket A,180,,35,2001,200101-01,,,,,,https://www.techpowerup.com/cpu-specs/athlon-sff-1600.c3969,,athlonsff1600
AMD,Mobile Athlon 64 2800+,Clawhammer,1,1,1.8,,Socket 754,130,,62,Aug 2004,2004-08-01,,,,,,https://www.techpowerup.com/cpu-specs/mobile-athlon-64-2800.c2195,,mobileathlon642800
AMD,Opteron 152,Venus,1,1,2.6,,Socket 939,90,,104,Aug 2005,2005-08-01,,,,,,https://www.techpowerup.com/cpu-specs/opteron-152.c208,,opteron152
AMD,Opteron 2214 (F2),Santa Rosa,2,2,2.2,,Socket F,90,,95,Aug 2006,2006-08-01,,,,,,https://www.techpowerup.com/cpu-specs/opteron-2214-f2.c3337,,opteron2214f2
AMD,Opteron 250,SledgeHammer,1,1,2.4,,Socket 940,130,,89,May 2004,2004-05-01,,,,,,https://www.techpowerup.com/cpu-specs/opteron-250.c1126,,opteron250
AMD,Opteron 8356 (B3),Barcelona,4,4,2.3,,Socket Fr2,65,2,95,Apr 2008,2008-04-01,,,,,,https://www.techpowerup.com/cpu-specs/opteron-8356-b3.c3844,,opteron8356b3
AMD,Opteron 840,SledgeHammer,1,1,1.4,,Socket 940,130,,85,Jun 2003,2003-06-01,,,,,,https://www.techpowerup.com/cpu-specs/opteron-840.c1119,,opteron840
AMD,Opteron X2 275 HE,Italy,2,2,2.2,,Socket 940,90,,55,Feb 2006,2006-02-01,,,,,,https://www.techpowerup.com/cpu-specs/opteron-x2-275-he.c1196,,opteronx2275he
Intel,Pentium 4-M 1.50,Northwood,1,1,1.5,,Socket 478,130,,26,Apr 2002,2002-04-01,,,,,,https://www.techpowerup.com/cpu-specs/pentium-4-m-1-50.c1260,,pentium4m150
Intel,Xeon MP 3.00,Potomac,1,1,3.0,,Socket 604,90,4,135,Mar 2005,2005-03-01,,,,,,https://www.techpowerup.com/cpu-specs/xeon-mp-3-00.c236,,xeonmp300
Intel,Xeon MP 3.00,Potomac,1,1,3.0,,Socket 604,90,8,135,Mar 2005,2005-03-01,,,,,,https://www.techpowerup.com/cpu-specs/xeon-mp-3-00.c235,,xeonmp300
AMD,Athlon 64 3200+,Newark,1,1,2.0,,Socket 754,130,,83,Apr 2005,2005-04-01,,,,,,https://www.techpowerup.com/cpu-specs/athlon-64-3200.c61,,athlon643200
AMD,Opteron 13QS HE,Suzuka,4,4,2.4,,Socket Fr2,45,6,71,Apr 2009,2009-04-01,,,,,,https://www.techpowerup.com/cpu-specs/opteron-13qs-he.c3861,,opteron13qshe
AMD,Opteron 2210 (F2),Santa Rosa,2,2,1.8,,Socket F,90,,95,Aug 2006,2006-08-01,,,,,,https://www.techpowerup.com/cpu-specs/opteron-2210-f2.c3328,,opteron2210f2
AMD,Opteron 2214 (F3),Santa Rosa,2,2,2.2,,Socket F,90,,95,Aug 2006,2006-08-01,,,,,,https://www.techpowerup.com/cpu-specs/opteron-2214-f3.c3338,,opteron2214f3
AMD,Opteron 240,SledgeHammer,1,1,1.4,,Socket 940,130,,82,May 2004,2004-05-01,,,,,,https://www.techpowerup.com/cpu-specs/opteron-240.c1118,,opteron240
AMD,Opteron 8214 HE (F2),Santa Rosa,2,2,2.2,,Socket F,90,,68,Aug 2006,2006-08-01,,,,,,https://www.techpowerup.com/cpu-specs/opteron-8214-he-f2.c3390,,opteron8214hef2
AMD,Opteron 8216 HE (F2),Santa Rosa,2,2,2.4,,Socket F,90,,68,Aug 2006,2006-08-01,,,,,,https://www.techpowerup.com/cpu-specs/opteron-8216-he-f2.c3392,,opteron8216hef2
AMD,Opteron 8220 SE (F2),Santa Rosa,2,2,2.8,,Socket F,90,,120,Aug 2006,2006-08-01,,,,,,https://www.techpowerup.com/cpu-specs/opteron-8220-se-f2.c3384,,opteron8220sef2
AMD,Opteron 8346 HE,Barcelona,4,4,1.8,,Socket Fr2,65,2,68,Sep 2007,2007-09-01,,,,,,https://www.techpowerup.com/cpu-specs/opteron-8346-he.c3849,,opteron8346he
AMD,Opteron 8347 HE,Barcelona,4,4,1.9,,Socket Fr2,65,2,68,Sep 2007,2007-09-01,,,,,,https://www.techpowerup.com/cpu-specs/opteron-8347-he.c3851,,opteron8347he
AMD,Opteron 844,SledgeHammer,1,1,1.8,,Socket 940,130,,85,Jun 2003,2003-06-01,,,,,,https://www.techpowerup.com/cpu-specs/opteron-844.c1129,,opteron844
AMD,Sempron 3400+ EE SFF,Manila,1,1,1.8,,Socket AM2,90,,35,May 2006,2006-05-01,,,,,,https://www.techpowerup.com/cpu-specs/sempron-3400-ee-sff.c562,,sempron3400eesff
Intel,Xeon MP 3.16,Potomac,1,1,3.167,,Socket 604,90,8,135,Mar 2005,2005-03-01,,,,,,https://www.techpowerup.com/cpu-specs/xeon-mp-3-16.c232,,xeonmp316
AMD,Opteron 2210 HE (F2),Santa Rosa,2,2,1.8,,Socket F,90,,68,Aug 2006,2006-08-01,,,,,,https://www.techpowerup.com/cpu-specs/opteron-2210-he-f2.c3331,,opteron2210hef2
AMD,Opteron 2212 (F2),Santa Rosa,2,2,2.0,,Socket F,90,,95,Aug 2006,2006-08-01,,,,,,https://www.techpowerup.com/cpu-specs/opteron-2212-f2.c3333,,opteron2212f2
AMD,Opteron 2218 (F3),Santa Rosa,2,2,2.6,,Socket F,90,,95,Aug 2006,2006-08-01,,,,,,https://www.techpowerup.com/cpu-specs/opteron-2218-f3.c3347,,opteron2218f3
AMD,Opteron 2358 SE,Barcelona,4,4,2.4,,Socket Fr2,65,2,119,Jun 2008,2008-06-01,,,,,,https://www.techpowerup.com/cpu-specs/opteron-2358-se.c3826,,opteron2358se
AMD,Opteron 8212 (F3),Santa Rosa,2,2,2.0,,Socket F,90,,95,Aug 2006,2006-08-01,,,,,,https://www.techpowerup.com/cpu-specs/opteron-8212-f3.c3375,,opteron8212f3
AMD,Opteron 8220,Santa Rosa,2,2,2.8,,Socket F,90,,95,Feb 2007,2007-02-01,,,,,,https://www.techpowerup.com/cpu-specs/opteron-8220.c3382,,opteron8220
Intel,Core i5-3439Y,Ivy Bridge,2,2,1.5,2.3,BGA 1023,22,3,13,Jan 2013,2013-01-01,1957,,3848,,,https://www.techpowerup.com/cpu-specs/core-i5-3439y.c1492,https://www.cpubenchmark.net/cpu_lookup.php?cpu=Intel+Core+i5-3439Y+%40+1.50GHz&id=2050,corei53439y
Intel,Xeon MP 3.16,Potomac,1,1,3.167,,Socket 604,90,4,135,Mar 2005,2005-03-01,,,,,,https://www.techpowerup.com/cpu-specs/xeon-mp-3-16.c234,,xeonmp316
AMD,Athlon 64 3800+ (F3),Orleans,1,1,2.4,,Socket AM2,90,,59,Feb 2007,2007-02-01,,,,,,https://www.techpowerup.com/cpu-specs/athlon-64-3800-f3.c2156,,athlon643800f3
AMD,Mobile Athlon 64 3400+,Clawhammer,1,1,2.2,,Socket 754,130,,82,Aug 2005,2005-08-01,,,,,,https://www.techpowerup.com/cpu-specs/mobile-athlon-64-3400.c2193,,mobileathlon643400
AMD,Opteron 144,SledgeHammer,1,1,1.8,,Socket 940,130,,82,May 2004,2004-05-01,,,,,,https://www.techpowerup.com/cpu-specs/opteron-144.c218,,opteron144
AMD,Opteron 148 HE,Venus,1,1,2.2,,Socket 940,90,,55,Dec 2004,2004-12-01,,,,,,https://www.techpowerup.com/cpu-specs/opteron-148-he.c211,,opteron148he
AMD,Opteron 2214 HE (F2),Santa Rosa,2,2,2.2,,Socket F,90,,68,Aug 2006,2006-08-01,,,,,,https://www.techpowerup.com/cpu-specs/opteron-2214-he-f2.c3339,,opteron2214hef2
AMD,Opteron 246,SledgeHammer,1,1,2.0,,Socket 940,130,,89,Aug 2003,2003-08-01,,,,,,https://www.techpowerup.com/cpu-specs/opteron-246.c1147,,opteron246
AMD,Opteron 8216 HE (F3),Santa Rosa,2,2,2.4,,Socket F,90,,68,Aug 2006,2006-08-01,,,,,,https://www.techpowerup.com/cpu-specs/opteron-8216-he-f3.c3393,,opteron8216hef3
AMD,Opteron 844,Athens,1,1,1.8,,Socket 940,90,,85,Dec 2004,2004-12-01,,,,,,https://www.techpowerup.com/cpu-specs/opteron-844.c203,,opteron844
AMD,Opteron 846 HE,SledgeHammer,1,1,2.0,,Socket 940,130,,55,May 2004,2004-05-01,,,,,,https://www.techpowerup.com/cpu-specs/opteron-846-he.c217,,opteron846he
AMD,Opteron X2 260 HE,Italy,2,2,1.6,,Socket 940,90,,55,Aug 2005,2005-08-01,,,,,,https://www.techpowerup.com/cpu-specs/opteron-x2-260-he.c184,,opteronx2260he
AMD,Opteron X2 265 HE,Italy,2,2,1.8,,Socket 940,90,,55,Aug 2005,2005-08-01,,,,,,https://www.techpowerup.com/cpu-specs/opteron-x2-265-he.c182,,opteronx2265he
AMD,Opteron X2 270 HE,Italy,2,2,2.0,,Socket 940,90,,55,Dec 2005,2005-12-01,,,,,,https://www.techpowerup.com/cpu-specs/opteron-x2-270-he.c178,,opteronx2270he
AMD,Opteron X2 860 HE,Egypt,2,2,1.6,,Socket 940,90,,55,Aug 2005,2005-08-01,,,,,,https://www.techpowerup.com/cpu-specs/opteron-x2-860-he.c183,,opteronx2860he
AMD,Opteron X2 870 HE,Egypt,2,2,2.0,,Socket 940,90,,55,Dec 2005,2005-12-01,,,,,,https://www.techpowerup.com/cpu-specs/opteron-x2-870-he.c176,,opteronx2870he
Intel,Atom S1240,Centerton,2,4,1.6,,BGA 1283,32,,6,Dec 2012,2012-12-01,,,,,,https://www.techpowerup.com/cpu-specs/atom-s1240.c1457,,atoms1240
Intel,Xeon MP 3.16,Cranford,1,1,3.167,,Socket 604,90,,135,Mar 2005,2005-03-01,,,,,,https://www.techpowerup.com/cpu-specs/xeon-mp-3-16.c242,,xeonmp316
AMD,Athlon 64 3500+ (F3),Orleans,1,1,2.2,,Socket AM2,90,,59,Feb 2007,2007-02-01,,,,,,https://www.techpowerup.com/cpu-specs/athlon-64-3500-f3.c2155,,athlon643500f3
AMD,Opteron 146,Venus,1,1,2.0,,Socket 940,90,,67,Aug 2005,2005-08-01,,,,,,https://www.techpowerup.com/cpu-specs/opteron-146.c1154,,opteron146
AMD,Opteron 148,SledgeHammer,1,1,2.2,,Socket 940,130,,89,Nov 2003,2003-11-01,,,,,,https://www.techpowerup.com/cpu-specs/opteron-148.c1131,,opteron148
AMD,Opteron 2210 (F3),Santa Rosa,2,2,1.8,,Socket F,90,,95,Aug 2006,2006-08-01,,,,,,https://www.techpowerup.com/cpu-specs/opteron-2210-f3.c3329,,opteron2210f3
AMD,Opteron 2220 SE (F3),Santa Rosa,2,2,2.8,,Socket F,90,,119,Aug 2006,2006-08-01,,,,,,https://www.techpowerup.com/cpu-specs/opteron-2220-se-f3.c3350,,opteron2220sef3
AMD,Opteron 246,Troy,1,1,2.0,,Socket 940,90,,85,Dec 2004,2004-12-01,,,,,,https://www.techpowerup.com/cpu-specs/opteron-246.c1155,,opteron246
AMD,Opteron 8216 (F3),Santa Rosa,2,2,2.4,,Socket F,90,,95,Aug 2006,2006-08-01,,,,,,https://www.techpowerup.com/cpu-specs/opteron-8216-f3.c3379,,opteron8216f3
AMD,Opteron 8358 SE,Barcelona,4,4,2.4,,Socket Fr2,65,2,119,Jun 2008,2008-06-01,,,,,,https://www.techpowerup.com/cpu-specs/opteron-8358-se.c3845,,opteron8358se
AMD,Opteron 848 HE,Athens,1,1,2.2,,Socket 940,90,,55,Mar 2005,2005-03-01,,,,,,https://www.techpowerup.com/cpu-specs/opteron-848-he.c198,,opteron848he
AMD,Sempron 3100+,Albany,1,1,1.8,,Socket 754,90,,62,Jul 2005,2005-07-01,,,,,,https://www.techpowerup.com/cpu-specs/sempron-3100.c170,,sempron3100
AMD,Opteron 2210 HE (F3),Santa Rosa,2,2,1.8,,Socket F,90,,68,Aug 2006,2006-08-01,,,,,,https://www.techpowerup.com/cpu-specs/opteron-2210-he-f3.c3332,,opteron2210hef3
AMD,Opteron 2347 HE (B3),Barcelona,4,4,1.9,,Socket Fr2,65,2,68,Apr 2008,2008-04-01,,,,,,https://www.techpowerup.com/cpu-specs/opteron-2347-he-b3.c3835,,opteron2347heb3
AMD,Opteron 250 HE,Troy,1,1,2.4,,Socket 940,90,,55,Mar 2005,2005-03-01,,,,,,https://www.techpowerup.com/cpu-specs/opteron-250-he.c196,,opteron250he
AMD,Opteron 8218 (F3),Santa Rosa,2,2,2.6,,Socket F,90,,95,Aug 2006,2006-08-01,,,,,,https://www.techpowerup.com/cpu-specs/opteron-8218-f3.c3381,,opteron8218f3
AMD,Opteron 8346 HE (B3),Barcelona,4,4,1.8,,Socket Fr2,65,2,68,May 2008,2008-05-01,,,,,,https://www.techpowerup.com/cpu-specs/opteron-8346-he-b3.c3850,,opteron8346heb3
AMD,Opteron 8358 SE (B3),Barcelona,4,4,2.4,,Socket Fr2,65,2,119,Apr 2008,2008-04-01,,,,,,https://www.techpowerup.com/cpu-specs/opteron-8358-se-b3.c3846,,opteron8358seb3
AMD,Opteron 840,SledgeHammer,1,1,1.4,,Socket 940,130,,82,May 2004,2004-05-01,,,,,,https://www.techpowerup.com/cpu-specs/opteron-840.c222,,opteron840
AMD,Opteron X2 870,Egypt,2,2,2.0,,Socket 940,90,,95,Sep 2005,2005-09-01,,,,,,https://www.techpowerup.com/cpu-specs/opteron-x2-870.c175,,opteronx2870
AMD,Sempron 3100+,Roma,1,1,1.8,,Socket 754,90,,25,Jul 2005,2005-07-01,,,,,,https://www.techpowerup.com/cpu-specs/sempron-3100.c1171,,sempron3100
AMD,Opteron 2216 HE (F2),Santa Rosa,2,2,2.4,,Socket F,90,,68,Aug 2006,2006-08-01,,,,,,https://www.techpowerup.com/cpu-specs/opteron-2216-he-f2.c3343,,opteron2216hef2
AMD,Opteron 2350 (B3),Barcelona,4,4,2.0,,Socket Fr2,65,2,95,Apr 2008,2008-04-01,,,,,,https://www.techpowerup.com/cpu-specs/opteron-2350-b3.c3819,,opteron2350b3
AMD,Opteron 2358 SE (B3),Barcelona,4,4,2.4,,Socket Fr2,65,2,119,Apr 2008,2008-04-01,,,,,,https://www.techpowerup.com/cpu-specs/opteron-2358-se-b3.c3827,,opteron2358seb3
AMD,Opteron 248 HE,Troy,1,1,2.2,,Socket 940,90,,55,Mar 2005,2005-03-01,,,,,,https://www.techpowerup.com/cpu-specs/opteron-248-he.c200,,opteron248he
AMD,Opteron 8214 HE (F3),Santa Rosa,2,2,2.2,,Socket F,90,,68,Aug 2006,2006-08-01,,,,,,https://www.techpowerup.com/cpu-specs/opteron-8214-he-f3.c3391,,opteron8214hef3
AMD,Opteron 8347 HE (B3),Barcelona,4,4,1.9,,Socket Fr2,65,2,68,May 2008,2008-05-01,,,,,,https://www.techpowerup.com/cpu-specs/opteron-8347-he-b3.c3852,,opteron8347heb3
AMD,Opteron 842,SledgeHammer,1,1,1.6,,Socket 940,130,,85,Jun 2003,2003-06-01,,,,,,https://www.techpowerup.com/cpu-specs/opteron-842.c221,,opteron842
AMD,Opteron 846,SledgeHammer,1,1,2.0,,Socket 940,130,,89,Sep 2003,2003-09-01,,,,,,https://www.techpowerup.com/cpu-specs/opteron-846.c216,,opteron846
VIA,Nano U2225,CNA,1,1,1.3,,VIA nanoBGA2,65,,10,Jan 2011,2011-01-01,,,,,,https://www.techpowerup.com/cpu-specs/nano-u2225.c2816,,nanou2225
AMD,Opteron 144,San Diego,1,1,1.8,,Socket 939,90,,67,Aug 2005,2005-08-01,,,,,,https://www.techpowerup.com/cpu-specs/opteron-144.c213,,opteron144
AMD,Opteron 144,SledgeHammer,1,1,1.8,,Socket 940,130,,85,Jun 2003,2003-06-01,,,,,,https://www.techpowerup.com/cpu-specs/opteron-144.c219,,opteron144
AMD,Opteron 240 EE,SledgeHammer,1,1,1.4,,Socket 940,130,,30,Feb 2004,2004-02-01,,,,,,https://www.techpowerup.com/cpu-specs/opteron-240-ee.c1122,,opteron240ee
AMD,Opteron 246 HE,Troy,1,1,2.0,,Socket 940,90,,55,Mar 2005,2005-03-01,,,,,,https://www.techpowerup.com/cpu-specs/opteron-246-he.c1157,,opteron246he
AMD,Opteron 8214 (F3),Santa Rosa,2,2,2.2,,Socket F,90,,95,Aug 2006,2006-08-01,,,,,,https://www.techpowerup.com/cpu-specs/opteron-8214-f3.c3377,,opteron8214f3
AMD,Opteron 844,SledgeHammer,1,1,1.8,,Socket 940,130,,82,Sep 2003,2003-09-01,,,,,,https://www.techpowerup.com/cpu-specs/opteron-844.c1144,,opteron844
AMD,Opteron 846,Athens,1,1,2.0,,Socket 940,90,,85,Dec 2004,2004-12-01,,,,,,https://www.techpowerup.com/cpu-specs/opteron-846.c1159,,opteron846
AMD,Opteron 846,Athens,1,1,2.0,,Socket 940,90,,85,Dec 2004,2004-12-01,,,,,,https://www.techpowerup.com/cpu-specs/opteron-846.c201,,opteron846
AMD,Opteron X2 865 HE,Egypt,2,2,1.8,,Socket 940,90,,55,Aug 2005,2005-08-01,,,,,,https://www.techpowerup.com/cpu-specs/opteron-x2-865-he.c180,,opteronx2865he
VIA,Nano U2350,CNA,1,1,1.3,,VIA nanoBGA2,65,,8,May 2008,2008-05-01,,,,,,https://www.techpowerup.com/cpu-specs/nano-u2350.c2812,,nanou2350
AMD,Opteron 142,SledgeHammer,1,1,1.6,,Socket 940,130,,85,Jun 2003,2003-06-01,,,,,,https://www.techpowerup.com/cpu-specs/opteron-142.c1127,,opteron142
AMD,Opteron 146 HE,SledgeHammer,1,1,2.0,,Socket 940,130,,55,Feb 2004,2004-02-01,,,,,,https://www.techpowerup.com/cpu-specs/opteron-146-he.c1123,,opteron146he
AMD,Opteron 2344 HE (B3),Barcelona,4,4,1.7,,Socket Fr2,65,2,68,Apr 2008,2008-04-01,,,,,,https://www.techpowerup.com/cpu-specs/opteron-2344-he-b3.c3831,,opteron2344heb3
AMD,Opteron 8220 SE (F3),Santa Rosa,2,2,2.8,,Socket F,90,,120,Aug 2006,2006-08-01,,,,,,https://www.techpowerup.com/cpu-specs/opteron-8220-se-f3.c3385,,opteron8220sef3
AMD,Opteron 8352 (B3),Barcelona,4,4,2.1,,Socket Fr2,65,2,95,Apr 2008,2008-04-01,,,,,,https://www.techpowerup.com/cpu-specs/opteron-8352-b3.c3840,,opteron8352b3
AMD,Opteron 8354 (B3),Barcelona,4,4,2.2,,Socket Fr2,65,2,95,Apr 2008,2008-04-01,,,,,,https://www.techpowerup.com/cpu-specs/opteron-8354-b3.c3842,,opteron8354b3
AMD,Opteron 840 EE,SledgeHammer,1,1,1.4,,Socket 940,130,,30,May 2004,2004-05-01,,,,,,https://www.techpowerup.com/cpu-specs/opteron-840-ee.c1121,,opteron840ee
AMD,Opteron 140 EE,SledgeHammer,1,1,1.4,,Socket 940,130,,30,Feb 2004,2004-02-01,,,,,,https://www.techpowerup.com/cpu-specs/opteron-140-ee.c224,,opteron140ee
AMD,Opteron 142,SledgeHammer,1,1,1.6,,Socket 940,130,,82,Sep 2003,2003-09-01,,,,,,https://www.techpowerup.com/cpu-specs/opteron-142.c1142,,opteron142
AMD,Opteron 144,SledgeHammer,1,1,1.8,,Socket 940,130,,82,Sep 2003,2003-09-01,,,,,,https://www.techpowerup.com/cpu-specs/opteron-144.c1137,,opteron144
AMD,Opteron 150,SledgeHammer,1,1,2.4,,Socket 940,130,,89,May 2004,2004-05-01,,,,,,https://www.techpowerup.com/cpu-specs/opteron-150.c214,,opteron150
AMD,Opteron 2347 (B3),Barcelona,4,4,1.9,,Socket Fr2,65,2,95,Apr 2008,2008-04-01,,,,,,https://www.techpowerup.com/cpu-specs/opteron-2347-b3.c3817,,opteron2347b3
AMD,Opteron 240,SledgeHammer,1,1,1.4,,Socket 940,130,,85,Apr 2003,2003-04-01,,,,,,https://www.techpowerup.com/cpu-specs/opteron-240.c1116,,opteron240
AMD,Opteron 242,SledgeHammer,1,1,1.6,,Socket 940,130,,85,Apr 2003,2003-04-01,,,,,,https://www.techpowerup.com/cpu-specs/opteron-242.c1128,,opteron242
AMD,Opteron 248,SledgeHammer,1,1,2.2,,Socket 940,130,,89,Nov 2003,2003-11-01,,,,,,https://www.techpowerup.com/cpu-specs/opteron-248.c1132,,opteron248
AMD,Opteron 248,SledgeHammer,1,1,2.2,,Socket 940,130,,89,May 2004,2004-05-01,,,,,,https://www.techpowerup.com/cpu-specs/opteron-248.c1134,,opteron248
AMD,Opteron 8350 (B3),Barcelona,4,4,2.0,,Socket Fr2,65,2,95,Apr 2008,2008-04-01,,,,,,https://www.techpowerup.com/cpu-specs/opteron-8350-b3.c3838,,opteron8350b3
AMD,Opteron 150,Venus,1,1,2.4,,Socket 939,90,,85,Aug 2005,2005-08-01,,,,,,https://www.techpowerup.com/cpu-specs/opteron-150.c1149,,opteron150
AMD,Opteron 244,SledgeHammer,1,1,1.8,,Socket 940,130,,82,May 2004,2004-05-01,,,,,,https://www.techpowerup.com/cpu-specs/opteron-244.c1140,,opteron244
AMD,Opteron 246 HE,SledgeHammer,1,1,2.0,,Socket 940,130,,55,Feb 2004,2004-02-01,,,,,,https://www.techpowerup.com/cpu-specs/opteron-246-he.c1124,,opteron246he
AMD,Opteron 248,Troy,1,1,2.2,,Socket 940,90,,85,Dec 2004,2004-12-01,,,,,,https://www.techpowerup.com/cpu-specs/opteron-248.c1156,,opteron248
AMD,Opteron 8212 HE (F3),Santa Rosa,2,2,2.0,,Socket F,90,,68,Aug 2006,2006-08-01,,,,,,https://www.techpowerup.com/cpu-specs/opteron-8212-he-f3.c3389,,opteron8212hef3
AMD,Opteron 846 HE,Athens,1,1,2.0,,Socket 940,90,,55,Mar 2005,2005-03-01,,,,,,https://www.techpowerup.com/cpu-specs/opteron-846-he.c1160,,opteron846he
AMD,Opteron 848,Athens,1,1,2.2,,Socket 940,90,,85,Dec 2004,2004-12-01,,,,,,https://www.techpowerup.com/cpu-specs/opteron-848.c197,,opteron848
AMD,Mobile Athlon 64 2800+,Odessa,1,1,1.8,,Socket 754,130,,82,Aug 2004,2004-08-01,,,,,,https://www.techpowerup.com/cpu-specs/mobile-athlon-64-2800.c2199,,mobileathlon642800
AMD,Opteron 142,SledgeHammer,1,1,1.6,,Socket 940,130,,82,May 2004,2004-05-01,,,,,,https://www.techpowerup.com/cpu-specs/opteron-142.c1139,,opteron142
AMD,Opteron 2216 (F3),Santa Rosa,2,2,2.4,,Socket F,90,,95,Aug 2006,2006-08-01,,,,,,https://www.techpowerup.com/cpu-specs/opteron-2216-f3.c3342,,opteron2216f3
AMD,Opteron 842,SledgeHammer,1,1,1.6,,Socket 940,130,,82,Sep 2003,2003-09-01,,,,,,https://www.techpowerup.com/cpu-specs/opteron-842.c220,,opteron842
AMD,Opteron 242,SledgeHammer,1,1,1.6,,Socket 940,130,,82,May 2004,2004-05-01,,,,,,https://www.techpowerup.com/cpu-specs/opteron-242.c1136,,opteron242
AMD,Opteron 842,SledgeHammer,1,1,1.6,,Socket 940,130,,82,May 2004,2004-05-01,,,,,,https://www.techpowerup.com/cpu-specs/opteron-842.c1138,,opteron842
AMD,Opteron 844,SledgeHammer,1,1,1.8,,Socket 940,130,,82,May 2004,2004-05-01,,,,,,https://www.techpowerup.com/cpu-specs/opteron-844.c1141,,opteron844
AMD,Opteron 244,SledgeHammer,1,1,1.8,,Socket 940,130,,82,Aug 2003,2003-08-01,,,,,,https://www.techpowerup.com/cpu-specs/opteron-244.c1145,,opteron244
