brand,model,chip,memory_gb,memory_type,bus_width_bit,bus_interface,core_clock_ghz,memory_clock_ghz,shaders,tmus,rops,released,released_date,passmark_g3d_mark,passmark_rank,passmark_value,price_usd,techpowerup_url,passmark_url,match_key
AMD,Radeon RX 9070 XT,Navi 48,16.0,GDDR6,256,PCIe 5.0 x16,2.97,2.518,4096,256,128,"Mar 6th, 2025",2025-03-06,26912,39,34.06,790.22,https://www.techpowerup.com/gpu-specs/radeon-rx-9070-xt.c4229,https://www.videocardbenchmark.net/video_lookup.php?gpu=Radeon+RX+9070+XT&id=5956,radeonrx9070xt
NVIDIA,GeForce RTX 5090,GB202,32.0,GDDR7,512,PCIe 5.0 x16,2.407,1.75,21760,680,176,"Jan 30th, 2025",2025-01-30,39012,2,9.8,3979.0,https://www.techpowerup.com/gpu-specs/geforce-rtx-5090.c4216,https://www.videocardbenchmark.net/video_lookup.php?gpu=GeForce+RTX+5090&id=5725,geforcertx5090
AMD,Radeon RX 9060 XT 16 GB,Navi 44,16.0,GDDR6,128,PCIe 5.0 x16,3.13,2.518,2048,128,64,"Jun 4th, 2025",2025-06-04,20123,94,38.7,519.99,https://www.techpowerup.com/gpu-specs/radeon-rx-9060-xt-16-gb.c4293,https://www.videocardbenchmark.net/video_lookup.php?gpu=Radeon+RX+9060+XT+16GB&id=5957,radeonrx9060xt16gb
NVIDIA,GeForce RTX 5060,GB206,8.0,GDDR7,128,PCIe 5.0 x8,2.497,1.75,3840,120,48,"May 19th, 2025",2025-05-19,20622,87,44.83,459.99,https://www.techpowerup.com/gpu-specs/geforce-rtx-5060.c4219,https://www.videocardbenchmark.net/video_lookup.php?gpu=GeForce+RTX+5060&id=5602,geforcertx5060
NVIDIA,GeForce RTX 5070,GB205,12.0,GDDR7,192,PCIe 5.0 x16,2.512,1.75,6144,192,80,"Mar 4th, 2025",2025-03-04,28651,27,33.43,856.99,https://www.techpowerup.com/gpu-specs/geforce-rtx-5070.c4218,https://www.videocardbenchmark.net/video_lookup.php?gpu=GeForce+RTX+5070&id=5940,geforcertx5070
NVIDIA,GeForce RTX 5070 Ti,GB203,16.0,GDDR7,256,PCIe 5.0 x16,2.452,1.75,8960,280,96,"Feb 20th, 2025",2025-02-20,32332,14,26.29,1229.99,https://www.techpowerup.com/gpu-specs/geforce-rtx-5070-ti.c4243,https://www.videocardbenchmark.net/video_lookup.php?gpu=GeForce+RTX+5070+Ti&id=5878,geforcertx5070ti
NVIDIA,GeForce RTX 5080,GB203,16.0,GDDR7,256,PCIe 5.0 x16,2.617,1.875,10752,336,112,"Jan 30th, 2025",2025-01-30,35630,5,21.59,1649.98,https://www.techpowerup.com/gpu-specs/geforce-rtx-5080.c4217,https://www.videocardbenchmark.net/video_lookup.php?gpu=GeForce+RTX+5080&id=5721,geforcertx5080
NVIDIA,GeForce RTX 5060 Ti 16 GB,GB206,16.0,GDDR7,128,PCIe 5.0 x8,2.572,1.75,4608,144,48,"Apr 16th, 2025",2025-04-16,22608,68,28.67,788.5,https://www.techpowerup.com/gpu-specs/geforce-rtx-5060-ti-16-gb.c4292,https://www.videocardbenchmark.net/video_lookup.php?gpu=GeForce+RTX+5060+Ti+16GB&id=6160,geforcertx5060ti16gb
NVIDIA,GeForce RTX 3080,GA102,10.0,GDDR6X,320,PCIe 4.0 x16,1.71,1.188,8704,272,96,"Sep 17th, 2020",2020-09-17,24976,51,36.25,689.0,https://www.techpowerup.com/gpu-specs/geforce-rtx-3080.c3621,https://www.videocardbenchmark.net/video_lookup.php?gpu=GeForce+RTX+3080&id=4282,geforcertx3080
NVIDIA,GeForce RTX 3070,GA104,8.0,GDDR6,256,PCIe 4.0 x16,1.725,1.75,5888,184,96,"Oct 29th, 2020",2020-10-29,22072,74,48.05,459.36,https://www.techpowerup.com/gpu-specs/geforce-rtx-3070.c3674,https://www.videocardbenchmark.net/video_lookup.php?gpu=GeForce+RTX+3070&id=4283,geforcertx3070
NVIDIA,GeForce RTX 3060 12 GB,GA106,12.0,GDDR6,192,PCIe 4.0 x16,1.777,1.875,3584,112,48,"Feb 25th, 2021",2021-02-25,16705,139,44.09,378.85,https://www.techpowerup.com/gpu-specs/geforce-rtx-3060-12-gb.c3682,https://www.videocardbenchmark.net/video_lookup.php?gpu=GeForce+RTX+3060+12GB&id=4345,geforcertx306012gb
NVIDIA,GeForce RTX 4090,AD102,24.0,GDDR6X,384,PCIe 4.0 x16,2.52,1.313,16384,512,176,"Oct 12th, 2022",2022-10-12,38039,3,9.39,4049.99,https://www.techpowerup.com/gpu-specs/geforce-rtx-4090.c3889,https://www.videocardbenchmark.net/video_lookup.php?gpu=GeForce+RTX+4090&id=4606,geforcertx4090
AMD,Radeon RX 580,Polaris 20,8.0,GDDR5,256,PCIe 3.0 x16,1.34,2.0,2304,144,32,"Apr 18th, 2017",2017-04-18,8782,346,51.66,169.99,https://www.techpowerup.com/gpu-specs/radeon-rx-580.c2938,https://www.videocardbenchmark.net/video_lookup.php?gpu=Radeon+RX+580&id=3736,radeonrx580
AMD,Radeon RX 7900 XTX,Navi 31,24.0,GDDR6,384,PCIe 4.0 x16,2.498,2.5,6144,384,192,"Dec 13th, 2022",2022-12-13,31462,18,16.56,1899.99,https://www.techpowerup.com/gpu-specs/radeon-rx-7900-xtx.c3941,https://www.videocardbenchmark.net/video_lookup.php?gpu=Radeon+RX+7900+XTX&id=4644,radeonrx7900xtx
NVIDIA,GeForce GTX 1080 Ti,GP102,11.0,GDDR5X,352,PCIe 3.0 x16,1.582,1.376,3584,224,88,"Mar 10th, 2017",2017-03-10,18601,111,41.8,445.0,https://www.techpowerup.com/gpu-specs/geforce-gtx-1080-ti.c2877,https://www.videocardbenchmark.net/video_lookup.php?gpu=GeForce+GTX+1080+Ti&id=3699,geforcegtx1080ti
NVIDIA,GeForce RTX 3060 Ti,GA104,8.0,GDDR6,256,PCIe 4.0 x16,1.665,1.75,4864,152,80,"Dec 2nd, 2020",2020-12-02,20216,92,43.6,463.72,https://www.techpowerup.com/gpu-specs/geforce-rtx-3060-ti.c3681,https://www.videocardbenchmark.net/video_lookup.php?gpu=GeForce+RTX+3060+Ti&id=4318,geforcertx3060ti
NVIDIA,GeForce RTX 5050,GB207,8.0,GDDR6,128,PCIe 5.0 x8,2.572,2.5,2560,80,32,"Jul 1st, 2025",2025-07-01,16759,137,39.9,419.99,https://www.techpowerup.com/gpu-specs/geforce-rtx-5050.c4220,https://www.videocardbenchmark.net/video_lookup.php?gpu=GeForce+RTX+5050&id=6668,geforcertx5050
AMD,Radeon RX 7600,Navi 33,8.0,GDDR6,128,PCIe 4.0 x8,2.655,2.25,2048,128,64,"May 25th, 2023",2023-05-25,16447,146,46.99,349.99,https://www.techpowerup.com/gpu-specs/radeon-rx-7600.c4153,https://www.videocardbenchmark.net/video_lookup.php?gpu=Radeon+RX+7600&id=4832,radeonrx7600
NVIDIA,GeForce RTX 4060,AD107,8.0,GDDR6,128,PCIe 4.0 x8,2.46,2.125,3072,96,48,"Jun 29th, 2023",2023-06-29,19484,100,36.76,530.0,https://www.techpowerup.com/gpu-specs/geforce-rtx-4060.c4107,https://www.videocardbenchmark.net/video_lookup.php?gpu=GeForce+RTX+4060&id=4850,geforcertx4060
AMD,Radeon RX 9070,Navi 48,16.0,GDDR6,256,PCIe 5.0 x16,2.52,2.518,3584,224,128,"Mar 6th, 2025",2025-03-06,25366,47,43.74,579.99,https://www.techpowerup.com/gpu-specs/radeon-rx-9070.c4250,https://www.videocardbenchmark.net/video_lookup.php?gpu=Radeon+RX+9070&id=5958,radeonrx9070
NVIDIA,GeForce RTX 4070,AD104,12.0,GDDR6X,192,PCIe 4.0 x16,2.475,1.313,5888,184,64,"Apr 13th, 2023",2023-04-13,26856,40,33.2,809.0,https://www.techpowerup.com/gpu-specs/geforce-rtx-4070.c3924,https://www.videocardbenchmark.net/video_lookup.php?gpu=GeForce+RTX+4070&id=4795,geforcertx4070
NVIDIA,GeForce RTX 2060,TU106,6.0,GDDR6,192,PCIe 3.0 x16,1.68,1.75,1920,120,48,"Jan 15th, 2019",2019-01-15,14073,196,41.64,338.0,https://www.techpowerup.com/gpu-specs/geforce-rtx-2060.c3310,https://www.videocardbenchmark.net/video_lookup.php?gpu=GeForce+RTX+2060&id=4037,geforcertx2060
NVIDIA,GeForce RTX 2080 Ti,TU102,11.0,GDDR6,352,PCIe 3.0 x16,1.545,1.75,4352,272,88,"Sep 20th, 2018",2018-09-20,21410,80,32.0,669.0,https://www.techpowerup.com/gpu-specs/geforce-rtx-2080-ti.c3305,https://www.videocardbenchmark.net/video_lookup.php?gpu=GeForce+RTX+2080+Ti&id=3991,geforcertx2080ti
AMD,Radeon RX 6700 XT,Navi 22,12.0,GDDR6,192,PCIe 4.0 x16,2.581,2.0,2560,160,64,"Mar 18th, 2021",2021-03-18,19717,96,30.38,649.0,https://www.techpowerup.com/gpu-specs/radeon-rx-6700-xt.c3695,https://www.videocardbenchmark.net/video_lookup.php?gpu=Radeon+RX+6700+XT&id=4369,radeonrx6700xt
NVIDIA,GeForce GTX 1660 SUPER,TU116,6.0,GDDR6,192,PCIe 3.0 x16,1.785,1.75,1408,88,48,"Oct 29th, 2019",2019-10-29,12658,230,64.92,194.99,https://www.techpowerup.com/gpu-specs/geforce-gtx-1660-super.c3458,https://www.videocardbenchmark.net/video_lookup.php?gpu=GeForce+GTX+1660+SUPER&id=4159,geforcegtx1660super
NVIDIA,GeForce RTX 3080 Ti,GA102,12.0,GDDR6X,384,PCIe 4.0 x16,1.665,1.188,10240,320,112,"Jun 3rd, 2021",2021-06-03,26741,41,27.57,969.99,https://www.techpowerup.com/gpu-specs/geforce-rtx-3080-ti.c3735,https://www.videocardbenchmark.net/video_lookup.php?gpu=GeForce+RTX+3080+Ti&id=4409,geforcertx3080ti
AMD,Radeon RX 5700 XT,Navi 10,8.0,GDDR6,256,PCIe 4.0 x16,1.905,1.75,2560,160,64,"Jul 7th, 2019",2019-07-07,16032,154,29.74,539.0,https://www.techpowerup.com/gpu-specs/radeon-rx-5700-xt.c3339,https://www.videocardbenchmark.net/video_lookup.php?gpu=Radeon+RX+5700+XT&id=4111,radeonrx5700xt
AMD,Radeon RX 6600,Navi 23,8.0,GDDR6,128,PCIe 4.0 x8,2.491,1.75,1792,112,64,"Oct 13th, 2021",2021-10-13,15044,172,32.78,459.0,https://www.techpowerup.com/gpu-specs/radeon-rx-6600.c3696,https://www.videocardbenchmark.net/video_lookup.php?gpu=Radeon+RX+6600&id=4465,radeonrx6600
NVIDIA,GeForce RTX 3090,GA102,24.0,GDDR6X,384,PCIe 4.0 x16,1.695,1.219,10496,328,112,"Sep 24th, 2020",2020-09-24,26472,45,14.47,1829.99,https://www.techpowerup.com/gpu-specs/geforce-rtx-3090.c3622,https://www.videocardbenchmark.net/video_lookup.php?gpu=GeForce+RTX+3090&id=4284,geforcertx3090
NVIDIA,GeForce RTX 3070 Ti,GA104,8.0,GDDR6X,256,PCIe 4.0 x16,1.77,1.188,6144,192,96,"Jun 10th, 2021",2021-06-10,23168,61,36.31,638.0,https://www.techpowerup.com/gpu-specs/geforce-rtx-3070-ti.c3675,https://www.videocardbenchmark.net/video_lookup.php?gpu=GeForce+RTX+3070+Ti&id=4413,geforcertx3070ti
Intel,Arc B580,BMG-G21,12.0,GDDR6,192,PCIe 4.0 x8,2.67,2.375,2560,160,80,"Dec 13th, 2024",2024-12-13,16081,151,64.59,249.0,https://www.techpowerup.com/gpu-specs/arc-b580.c4244,https://www.videocardbenchmark.net/video_lookup.php?gpu=Intel+Arc+B580&id=5306,arcb580
AMD,Radeon RX 7800 XT,Navi 32,16.0,GDDR6,256,PCIe 4.0 x16,2.43,2.438,3840,240,96,"Sep 6th, 2023",2023-09-06,24471,54,47.06,519.99,https://www.techpowerup.com/gpu-specs/radeon-rx-7800-xt.c3839,https://www.videocardbenchmark.net/video_lookup.php?gpu=Radeon+RX+7800+XT&id=4917,radeonrx7800xt
NVIDIA,GeForce RTX 5060 Ti 8 GB,GB206,8.0,GDDR7,128,PCIe 5.0 x8,2.572,1.75,4608,144,48,"Apr 16th, 2025",2025-04-16,21869,78,39.84,548.99,https://www.techpowerup.com/gpu-specs/geforce-rtx-5060-ti-8-gb.c4246,https://www.videocardbenchmark.net/video_lookup.php?gpu=GeForce+RTX+5060+Ti+8GB&id=6441,geforcertx5060ti8gb
NVIDIA,GeForce GTX 1060 6 GB,GP106,6.0,GDDR5,192,PCIe 3.0 x16,1.709,2.002,1280,80,48,"Jul 19th, 2016",2016-07-19,,,,,https://www.techpowerup.com/gpu-specs/geforce-gtx-1060-6-gb.c2862,,geforcegtx10606gb
NVIDIA,GeForce GTX 1050 Ti,GP107,4.0,GDDR5,128,PCIe 3.0 x16,1.392,1.752,768,48,32,"Oct 25th, 2016",2016-10-25,6367,437,33.05,192.63,https://www.techpowerup.com/gpu-specs/geforce-gtx-1050-ti.c2885,https://www.videocardbenchmark.net/video_lookup.php?gpu=GeForce+GTX+1050+Ti&id=3595,geforcegtx1050ti
NVIDIA,GeForce GTX 1650,TU117,4.0,GDDR5,128,PCIe 3.0 x16,1.665,2.001,896,56,32,"Apr 23rd, 2019",2019-04-23,7867,374,29.77,264.32,https://www.techpowerup.com/gpu-specs/geforce-gtx-1650.c3366,https://www.videocardbenchmark.net/video_lookup.php?gpu=GeForce+GTX+1650&id=4078,geforcegtx1650
NVIDIA,GeForce RTX 4080,AD103,16.0,GDDR6X,256,PCIe 4.0 x16,2.505,1.4,9728,304,112,"Nov 16th, 2022",2022-11-16,34436,6,20.39,1689.0,https://www.techpowerup.com/gpu-specs/geforce-rtx-4080.c3888,https://www.videocardbenchmark.net/video_lookup.php?gpu=GeForce+RTX+4080&id=4622,geforcertx4080
NVIDIA,GeForce RTX 3050 8 GB,GA106,8.0,GDDR6,128,PCIe 4.0 x8,1.777,1.75,2560,80,32,"Jan 27th, 2022",2022-01-27,12461,241,47.93,259.99,https://www.techpowerup.com/gpu-specs/geforce-rtx-3050-8-gb.c3858,https://www.videocardbenchmark.net/video_lookup.php?gpu=GeForce+RTX+3050+8GB&id=4495,geforcertx30508gb
NVIDIA,GeForce RTX 6090,GR202,32.0,GDDR7,512,PCIe 5.0 x16,2.7,1.75,24576,768,192,2027,202701-01,,,,,https://www.techpowerup.com/gpu-specs/geforce-rtx-6090.c4390,,geforcertx6090
NVIDIA,GeForce RTX 4070 Ti SUPER,AD103,16.0,GDDR6X,256,PCIe 4.0 x16,2.61,1.313,8448,264,96,"Jan 24th, 2024",2024-01-24,31839,16,19.91,1599.0,https://www.techpowerup.com/gpu-specs/geforce-rtx-4070-ti-super.c4187,https://www.videocardbenchmark.net/video_lookup.php?gpu=GeForce+RTX+4070+Ti+SUPER&id=4980,geforcertx4070tisuper
NVIDIA,GeForce GTX 1070,GP104,8.0,GDDR5,256,PCIe 3.0 x16,1.683,2.002,1920,120,64,"Jun 10th, 2016",2016-06-10,13510,213,54.47,248.02,https://www.techpowerup.com/gpu-specs/geforce-gtx-1070.c2840,https://www.videocardbenchmark.net/video_lookup.php?gpu=GeForce+GTX+1070&id=3521,geforcegtx1070
NVIDIA,GeForce RTX 4070 SUPER,AD104,12.0,GDDR6X,192,PCIe 4.0 x16,2.475,1.313,7168,224,80,"Jan 17th, 2024",2024-01-17,29939,22,30.9,969.0,https://www.techpowerup.com/gpu-specs/geforce-rtx-4070-super.c4186,https://www.videocardbenchmark.net/video_lookup.php?gpu=GeForce+RTX+4070+SUPER&id=4973,geforcertx4070super
NVIDIA,GeForce RTX 2060 SUPER,TU106,8.0,GDDR6,256,PCIe 3.0 x16,1.65,1.75,2176,136,64,"Jul 9th, 2019",2019-07-09,16455,143,44.62,368.83,https://www.techpowerup.com/gpu-specs/geforce-rtx-2060-super.c3441,https://www.videocardbenchmark.net/video_lookup.php?gpu=GeForce+RTX+2060+SUPER&id=4117,geforcertx2060super
NVIDIA,GeForce RTX 4080 SUPER,AD103,16.0,GDDR6X,256,PCIe 4.0 x16,2.55,1.438,10240,320,112,"Jan 31st, 2024",2024-01-31,34204,7,20.74,1649.0,https://www.techpowerup.com/gpu-specs/geforce-rtx-4080-super.c4182,https://www.videocardbenchmark.net/video_lookup.php?gpu=GeForce+RTX+4080+SUPER&id=4984,geforcertx4080super
AMD,Radeon RX 6800 XT,Navi 21,16.0,GDDR6,256,PCIe 4.0 x16,2.25,2.0,4608,288,128,"Nov 18th, 2020",2020-11-18,25100,49,26.56,945.0,https://www.techpowerup.com/gpu-specs/radeon-rx-6800-xt.c3694,https://www.videocardbenchmark.net/video_lookup.php?gpu=Radeon+RX+6800+XT&id=4312,radeonrx6800xt
NVIDIA,GeForce RTX 2070,TU106,8.0,GDDR6,256,PCIe 3.0 x16,1.62,1.75,2304,144,64,"Oct 17th, 2018",2018-10-17,16052,153,27.54,582.96,https://www.techpowerup.com/gpu-specs/geforce-rtx-2070.c3252,https://www.videocardbenchmark.net/video_lookup.php?gpu=GeForce+RTX+2070&id=4001,geforcertx2070
NVIDIA,GeForce GTX 1080,GP104,8.0,GDDR5X,256,PCIe 3.0 x16,1.733,1.251,2560,160,64,"May 27th, 2016",2016-05-27,15608,161,41.73,374.0,https://www.techpowerup.com/gpu-specs/geforce-gtx-1080.c2839,https://www.videocardbenchmark.net/video_lookup.php?gpu=GeForce+GTX+1080&id=3502,geforcegtx1080
NVIDIA,GeForce RTX 4070 Ti,AD104,12.0,GDDR6X,192,PCIe 4.0 x16,2.61,1.313,7680,240,80,"Jan 5th, 2023",2023-01-05,31509,17,37.07,849.99,https://www.techpowerup.com/gpu-specs/geforce-rtx-4070-ti.c3950,https://www.videocardbenchmark.net/video_lookup.php?gpu=GeForce+RTX+4070+Ti&id=4699,geforcertx4070ti
NVIDIA,GeForce RTX 4060 Ti 8 GB,AD106,8.0,GDDR6,128,PCIe 4.0 x8,2.535,2.25,4352,136,48,"May 24th, 2023",2023-05-24,,,,,https://www.techpowerup.com/gpu-specs/geforce-rtx-4060-ti-8-gb.c3890,,geforcertx4060ti8gb
NVIDIA,GeForce RTX 2070 SUPER,TU104,8.0,GDDR6,256,PCIe 3.0 x16,1.77,1.75,2560,160,64,"Jul 9th, 2019",2019-07-09,18122,117,39.48,459.0,https://www.techpowerup.com/gpu-specs/geforce-rtx-2070-super.c3440,https://www.videocardbenchmark.net/video_lookup.php?gpu=GeForce+RTX+2070+SUPER&id=4116,geforcertx2070super
AMD,Radeon RX 7900 XT,Navi 31,20.0,GDDR6,320,PCIe 4.0 x16,2.394,2.5,5376,336,192,"Dec 13th, 2022",2022-12-13,29124,25,34.26,849.99,https://www.techpowerup.com/gpu-specs/radeon-rx-7900-xt.c3912,https://www.videocardbenchmark.net/video_lookup.php?gpu=Radeon+RX+7900+XT&id=4646,radeonrx7900xt
AMD,Radeon RX 9070 GRE,Navi 48,12.0,GDDR6,192,PCIe 5.0 x16,2.79,2.25,3072,192,96,"May 8th, 2025",2025-05-08,23500,59,,,https://www.techpowerup.com/gpu-specs/radeon-rx-9070-gre.c4291,https://www.videocardbenchmark.net/video_lookup.php?gpu=Radeon+RX+9070+GRE&id=6421,radeonrx9070gre
AMD,Radeon RX 7700 XT,Navi 32,12.0,GDDR6,192,PCIe 4.0 x16,2.544,2.25,3456,216,96,"Sep 6th, 2023",2023-09-06,22743,67,30.36,749.0,https://www.techpowerup.com/gpu-specs/radeon-rx-7700-xt.c3911,https://www.videocardbenchmark.net/video_lookup.php?gpu=Radeon+RX+7700+XT&id=4919,radeonrx7700xt
AMD,Radeon RX 6600 XT,Navi 23,8.0,GDDR6,128,PCIe 4.0 x8,2.589,2.0,2048,128,64,"Aug 10th, 2021",2021-08-10,16439,147,57.68,285.0,https://www.techpowerup.com/gpu-specs/radeon-rx-6600-xt.c3774,https://www.videocardbenchmark.net/video_lookup.php?gpu=Radeon+RX+6600+XT&id=4444,radeonrx6600xt
NVIDIA,GeForce RTX 2080,TU104,8.0,GDDR6,256,PCIe 3.0 x16,1.71,1.75,2944,184,64,"Sep 20th, 2018",2018-09-20,18572,112,46.92,395.81,https://www.techpowerup.com/gpu-specs/geforce-rtx-2080.c3224,https://www.videocardbenchmark.net/video_lookup.php?gpu=GeForce+RTX+2080&id=3989,geforcertx2080
AMD,Radeon RX 570,Polaris 20,4.0,GDDR5,256,PCIe 3.0 x16,1.244,1.75,2048,128,32,"Apr 18th, 2017",2017-04-18,,,,,https://www.techpowerup.com/gpu-specs/radeon-rx-570.c2939,,radeonrx570
AMD,Radeon RX 6900 XT,Navi 21,16.0,GDDR6,256,PCIe 4.0 x16,2.25,2.0,5120,320,128,"Dec 8th, 2020",2020-12-08,26637,42,37.05,719.0,https://www.techpowerup.com/gpu-specs/radeon-rx-6900-xt.c3481,https://www.videocardbenchmark.net/video_lookup.php?gpu=Radeon+RX+6900+XT&id=4322,radeonrx6900xt
NVIDIA,GeForce RTX 3090 Ti,GA102,24.0,GDDR6X,384,PCIe 4.0 x16,1.86,1.313,10752,336,112,"Mar 29th, 2022",2022-03-29,29204,24,11.92,2449.99,https://www.techpowerup.com/gpu-specs/geforce-rtx-3090-ti.c3829,https://www.videocardbenchmark.net/video_lookup.php?gpu=GeForce+RTX+3090+Ti&id=4524,geforcertx3090ti
AMD,Radeon RX 6800,Navi 21,16.0,GDDR6,256,PCIe 4.0 x16,2.105,2.0,3840,240,96,"Nov 18th, 2020",2020-11-18,22056,75,59.77,369.0,https://www.techpowerup.com/gpu-specs/radeon-rx-6800.c3713,https://www.videocardbenchmark.net/video_lookup.php?gpu=Radeon+RX+6800&id=4314,radeonrx6800
NVIDIA,GeForce GTX 1660 Ti,TU116,6.0,GDDR6,192,PCIe 3.0 x16,1.77,1.5,1536,96,48,"Feb 22nd, 2019",2019-02-22,12563,236,62.82,199.99,https://www.techpowerup.com/gpu-specs/geforce-gtx-1660-ti.c3364,https://www.videocardbenchmark.net/video_lookup.php?gpu=GeForce+GTX+1660+Ti&id=4045,geforcegtx1660ti
NVIDIA,RTX PRO 6000 Blackwell Workstation,GB202,96.0,GDDR7,512,PCIe 5.0 x16,2.617,1.75,24064,752,192,"Mar 18th, 2025",2025-03-18,,,,,https://www.techpowerup.com/gpu-specs/rtx-pro-6000-blackwell-workstation.c4272,,rtxpro6000blackwellworkstation
AMD,Radeon RX 9050,Navi 44,8.0,GDDR6,128,PCIe 5.0 x16,2.6,2.25,1024,64,64,"Jul 28th, 2026",2026-07-28,,,,,https://www.techpowerup.com/gpu-specs/radeon-rx-9050.c4424,,radeonrx9050
AMD,Radeon RX 5600 XT,Navi 10,6.0,GDDR6,192,PCIe 4.0 x16,1.56,1.5,2304,144,64,"Jan 21st, 2020",2020-01-21,13384,216,27.04,495.0,https://www.techpowerup.com/gpu-specs/radeon-rx-5600-xt.c3474,https://www.videocardbenchmark.net/video_lookup.php?gpu=Radeon+RX+5600+XT&id=4186,radeonrx5600xt
NVIDIA,GeForce GTX 970,GM204,4.0,GDDR5,256,PCIe 3.0 x16,1.178,1.753,1664,104,56,"Sep 19th, 2014",2014-09-19,9635,310,26.84,359.0,https://www.techpowerup.com/gpu-specs/geforce-gtx-970.c2620,https://www.videocardbenchmark.net/video_lookup.php?gpu=GeForce+GTX+970&id=2954,geforcegtx970
AMD,Radeon RX 6750 XT,Navi 22,12.0,GDDR6,192,PCIe 4.0 x16,2.6,2.25,2560,160,64,"May 10th, 2022",2022-05-10,20695,85,30.21,685.0,https://www.techpowerup.com/gpu-specs/radeon-rx-6750-xt.c3879,https://www.videocardbenchmark.net/video_lookup.php?gpu=Radeon+RX+6750+XT&id=4543,radeonrx6750xt
NVIDIA,GeForce GTX 1660,TU116,6.0,GDDR5,192,PCIe 3.0 x16,1.785,2.001,1408,88,48,"Mar 14th, 2019",2019-03-14,11608,262,51.92,223.57,https://www.techpowerup.com/gpu-specs/geforce-gtx-1660.c3365,https://www.videocardbenchmark.net/video_lookup.php?gpu=GeForce+GTX+1660&id=4062,geforcegtx1660
NVIDIA,GeForce RTX 2080 SUPER,TU104,8.0,GDDR6,256,PCIe 3.0 x16,1.815,1.937,3072,192,64,"Jul 23rd, 2019",2019-07-23,19392,102,47.9,404.87,https://www.techpowerup.com/gpu-specs/geforce-rtx-2080-super.c3439,https://www.videocardbenchmark.net/video_lookup.php?gpu=GeForce+RTX+2080+SUPER&id=4123,geforcertx2080super
NVIDIA,GeForce GTX 750 Ti,GM107,2.0,GDDR5,128,PCIe 3.0 x16,1.085,1.35,640,40,16,"Feb 18th, 2014",2014-02-18,3900,645,37.15,104.99,https://www.techpowerup.com/gpu-specs/geforce-gtx-750-ti.c2548,https://www.videocardbenchmark.net/video_lookup.php?gpu=GeForce+GTX+750+Ti&id=2815,geforcegtx750ti
AMD,Radeon RX 7600 XT,Navi 33,16.0,GDDR6,128,PCIe 4.0 x8,2.755,2.25,2048,128,64,"Jan 24th, 2024",2024-01-24,17343,125,22.67,765.0,https://www.techpowerup.com/gpu-specs/radeon-rx-7600-xt.c4190,https://www.videocardbenchmark.net/video_lookup.php?gpu=Radeon+RX+7600+XT&id=4982,radeonrx7600xt
AMD,Radeon RX 5500 XT,Navi 14,4.0,GDDR6,128,PCIe 4.0 x8,1.845,1.75,1408,88,32,"Dec 12th, 2019",2019-12-12,9047,337,25.92,349.0,https://www.techpowerup.com/gpu-specs/radeon-rx-5500-xt.c3468,https://www.videocardbenchmark.net/video_lookup.php?gpu=Radeon+RX+5500+XT&id=4174,radeonrx5500xt
AMD,Radeon RX 9060 XT 8 GB,Navi 44,8.0,GDDR6,128,PCIe 5.0 x16,3.13,2.518,2048,128,64,"Jun 4th, 2025",2025-06-04,19696,97,43.77,449.99,https://www.techpowerup.com/gpu-specs/radeon-rx-9060-xt-8-gb.c4251,https://www.videocardbenchmark.net/video_lookup.php?gpu=Radeon+RX+9060+XT+8GB&id=6575,radeonrx9060xt8gb
AMD,Radeon RX 6500 XT,Navi 24,4.0,GDDR6,64,PCIe 4.0 x4,2.815,2.248,1024,64,32,"Jan 19th, 2022",2022-01-19,9616,312,46.24,207.99,https://www.techpowerup.com/gpu-specs/radeon-rx-6500-xt.c3850,https://www.videocardbenchmark.net/video_lookup.php?gpu=Radeon+RX+6500+XT&id=4488,radeonrx6500xt
NVIDIA,GeForce RTX 3050 6 GB,GA107,6.0,GDDR6,96,PCIe 4.0 x8,1.47,1.75,2304,72,32,"Feb 2nd, 2024",2024-02-02,10740,281,43.84,244.99,https://www.techpowerup.com/gpu-specs/geforce-rtx-3050-6-gb.c4188,https://www.videocardbenchmark.net/video_lookup.php?gpu=GeForce+RTX+3050+6GB&id=5069,geforcertx30506gb
NVIDIA,GeForce GTX 960,GM206,2.0,GDDR5,128,PCIe 3.0 x16,1.178,1.753,1024,64,32,"Jan 22nd, 2015",2015-01-22,6149,448,24.7,249.0,https://www.techpowerup.com/gpu-specs/geforce-gtx-960.c2637,https://www.videocardbenchmark.net/video_lookup.php?gpu=GeForce+GTX+960&id=3114,geforcegtx960
AMD,Radeon RX 6650 XT,Navi 23,8.0,GDDR6,128,PCIe 4.0 x8,2.635,2.19,2048,128,64,"May 10th, 2022",2022-05-10,17091,129,31.65,540.0,https://www.techpowerup.com/gpu-specs/radeon-rx-6650-xt.c3898,https://www.videocardbenchmark.net/video_lookup.php?gpu=Radeon+RX+6650+XT&id=4541,radeonrx6650xt
AMD,Radeon RX 580 2048SP,Polaris 20,4.0,GDDR5,256,PCIe 3.0 x16,1.284,1.75,2048,128,32,"Oct 15th, 2018",2018-10-15,7610,387,,,https://www.techpowerup.com/gpu-specs/radeon-rx-580-2048sp.c3321,https://www.videocardbenchmark.net/video_lookup.php?gpu=Radeon+RX+580+2048SP&id=4049,radeonrx5802048sp
NVIDIA,GeForce GT 1030,GP108,2.0,GDDR5,64,PCIe 3.0 x4,1.468,1.502,384,24,16,"May 17th, 2017",2017-05-17,2395,869,21.78,109.99,https://www.techpowerup.com/gpu-specs/geforce-gt-1030.c2954,https://www.videocardbenchmark.net/video_lookup.php?gpu=GeForce+GT+1030&id=3757,geforcegt1030
NVIDIA,GeForce GTX 1050,GP107,2.0,GDDR5,128,PCIe 3.0 x16,1.455,1.752,640,40,32,"Oct 25th, 2016",2016-10-25,5051,542,26.59,189.99,https://www.techpowerup.com/gpu-specs/geforce-gtx-1050.c2875,https://www.videocardbenchmark.net/video_lookup.php?gpu=GeForce+GTX+1050&id=3596,geforcegtx1050
NVIDIA,GeForce GTX 1070 Ti,GP104,8.0,GDDR5,256,PCIe 3.0 x16,1.683,2.002,2432,152,64,"Nov 2nd, 2017",2017-11-02,14676,184,45.86,320.0,https://www.techpowerup.com/gpu-specs/geforce-gtx-1070-ti.c3010,https://www.videocardbenchmark.net/video_lookup.php?gpu=GeForce+GTX+1070+Ti&id=3842,geforcegtx1070ti
AMD,Radeon RX 6950 XT,Navi 21,16.0,GDDR6,256,PCIe 4.0 x16,2.31,2.25,5120,320,128,"May 10th, 2022",2022-05-10,28057,30,25.55,1098.0,https://www.techpowerup.com/gpu-specs/radeon-rx-6950-xt.c3875,https://www.videocardbenchmark.net/video_lookup.php?gpu=Radeon+RX+6950+XT&id=4540,radeonrx6950xt
AMD,Radeon RX 590,Polaris 30,8.0,GDDR5,256,PCIe 3.0 x16,1.545,2.0,2304,144,32,"Nov 15th, 2018",2018-11-15,9277,326,16.87,549.99,https://www.techpowerup.com/gpu-specs/radeon-rx-590.c3322,https://www.videocardbenchmark.net/video_lookup.php?gpu=Radeon+RX+590&id=4025,radeonrx590
AMD,Radeon RX 5700,Navi 10,8.0,GDDR6,256,PCIe 4.0 x16,1.725,1.75,2304,144,64,"Jul 7th, 2019",2019-07-07,14204,191,24.28,585.0,https://www.techpowerup.com/gpu-specs/radeon-rx-5700.c3437,https://www.videocardbenchmark.net/video_lookup.php?gpu=Radeon+RX+5700&id=4107,radeonrx5700
AMD,Radeon RX 550,Lexa,2.0,GDDR5,128,PCIe 3.0 x8,1.183,1.75,512,32,16,"Apr 20th, 2017",2017-04-20,2702,810,13.51,199.99,https://www.techpowerup.com/gpu-specs/radeon-rx-550.c2947,https://www.videocardbenchmark.net/video_lookup.php?gpu=Radeon+RX+550&id=3761,radeonrx550
NVIDIA,GeForce 210,GT218S,0.5,DDR3,64,PCIe 2.0 x16,0.52,0.4,16,8,4,"Oct 12th, 2009",2009-10-12,145,2277,2.68,54.15,https://www.techpowerup.com/gpu-specs/geforce-210.c2020,https://www.videocardbenchmark.net/video_lookup.php?gpu=GeForce+210&id=1169,geforce210
NVIDIA,GeForce GTX 980 Ti,GM200,6.0,GDDR5,384,PCIe 3.0 x16,1.076,1.753,2816,176,96,"Jun 1st, 2015",2015-06-01,13618,208,20.03,680.0,https://www.techpowerup.com/gpu-specs/geforce-gtx-980-ti.c2724,https://www.videocardbenchmark.net/video_lookup.php?gpu=GeForce+GTX+980+Ti&id=3218,geforcegtx980ti
AMD,Radeon Instinct MI50,Vega 20,16.0,HBM2,4096,PCIe 4.0 x16,1.746,1.0,3840,240,64,"Nov 18th, 2018",2018-11-18,,,,,https://www.techpowerup.com/gpu-specs/radeon-instinct-mi50.c3335,,radeoninstinctmi50
NVIDIA,GeForce GTX 1650 SUPER,TU116,4.0,GDDR6,128,PCIe 3.0 x16,1.725,1.5,1280,80,32,"Nov 22nd, 2019",2019-11-22,10193,292,57.15,178.37,https://www.techpowerup.com/gpu-specs/geforce-gtx-1650-super.c3411,https://www.videocardbenchmark.net/video_lookup.php?gpu=GeForce+GTX+1650+SUPER&id=4167,geforcegtx1650super
AMD,Radeon RX Vega 64,Vega 10,8.0,HBM2,2048,PCIe 3.0 x16,1.546,0.945,4096,256,64,"Aug 14th, 2017",2017-08-14,13838,200,28.3,489.0,https://www.techpowerup.com/gpu-specs/radeon-rx-vega-64.c2871,https://www.videocardbenchmark.net/video_lookup.php?gpu=Radeon+RX+Vega+64&id=3808,radeonrxvega64
AMD,Radeon RX 7900 GRE,Navi 31,16.0,GDDR6,256,PCIe 4.0 x16,2.245,2.25,5120,320,160,"Jul 28th, 2023",2023-07-28,27452,34,28.04,979.0,https://www.techpowerup.com/gpu-specs/radeon-rx-7900-gre.c4166,https://www.videocardbenchmark.net/video_lookup.php?gpu=Radeon+RX+7900+GRE&id=4906,radeonrx7900gre
AMD,Radeon 780M,Phoenix,,DDR5,5,PCIe 4.0 x8,2.7,,768,48,32,"Apr 30th, 2023",2023-04-30,6742,416,,,https://www.techpowerup.com/gpu-specs/radeon-780m.c4020,https://www.videocardbenchmark.net/video_lookup.php?gpu=Radeon+780M&id=4818,radeon780m
AMD,Radeon VII,Vega 20,16.0,HBM2,4096,PCIe 3.0 x16,1.75,1.0,3840,240,64,"Feb 7th, 2019",2019-02-07,16183,150,8.52,1899.95,https://www.techpowerup.com/gpu-specs/radeon-vii.c3358,https://www.videocardbenchmark.net/video_lookup.php?gpu=Radeon+VII&id=4050,radeonvii
AMD,Radeon AI PRO R9700,Navi 48,32.0,GDDR6,256,PCIe 5.0 x16,2.92,2.518,4096,256,128,"Jul 23rd, 2025",2025-07-23,27283,36,,,https://www.techpowerup.com/gpu-specs/radeon-ai-pro-r9700.c4290,https://www.videocardbenchmark.net/video_lookup.php?gpu=Radeon+AI+PRO+R9700&id=6850,radeonaipror9700
NVIDIA,GeForce GTX 950,GM206,2.0,GDDR5,128,PCIe 3.0 x16,1.188,1.653,768,48,32,"Aug 20th, 2015",2015-08-20,5354,512,23.38,229.0,https://www.techpowerup.com/gpu-specs/geforce-gtx-950.c2747,https://www.videocardbenchmark.net/video_lookup.php?gpu=GeForce+GTX+950&id=3295,geforcegtx950
NVIDIA,CMP 170HX 8 GB,GA100,8.0,HBM2E,4096,PCIe 1.0 x4,1.41,1.458,4480,280,128,"Sep 1st, 2021",2021-09-01,,,,,https://www.techpowerup.com/gpu-specs/cmp-170hx-8-gb.c3830,,cmp170hx8gb
NVIDIA,GeForce GTX 980,GM204,4.0,GDDR5,256,PCIe 3.0 x16,1.216,1.753,2048,128,64,"Sep 19th, 2014",2014-09-19,11068,276,44.55,248.45,https://www.techpowerup.com/gpu-specs/geforce-gtx-980.c2621,https://www.videocardbenchmark.net/video_lookup.php?gpu=GeForce+GTX+980&id=2953,geforcegtx980
AMD,Radeon RX Vega 56,Vega 10,8.0,HBM2,2048,PCIe 3.0 x16,1.471,0.8,3584,224,64,"Aug 28th, 2017",2017-08-28,12918,225,54.18,238.43,https://www.techpowerup.com/gpu-specs/radeon-rx-vega-56.c2993,https://www.videocardbenchmark.net/video_lookup.php?gpu=Radeon+RX+Vega+56&id=3821,radeonrxvega56
NVIDIA,GeForce RTX 5060 Mobile,GB206,8.0,GDDR7,128,PCIe 5.0 x16,1.455,1.5,3328,104,48,"May 20th, 2025",2025-05-20,,,,,https://www.techpowerup.com/gpu-specs/geforce-rtx-5060-mobile.c4230,,geforcertx5060mobile
NVIDIA,GeForce GT 730,GF108,2.0,DDR3,128,PCIe 2.0 x16,0.7,0.8,96,16,4,"Jun 18th, 2014",2014-06-18,821,1509,5.87,139.9,https://www.techpowerup.com/gpu-specs/geforce-gt-730.c2590,https://www.videocardbenchmark.net/video_lookup.php?gpu=GeForce+GT+730&id=2906,geforcegt730
AMD,Steam Machine GPU,Navi 33,8.0,GDDR6,128,PCIe 4.0 x8,2.45,2.25,1792,112,64,"Jun 29th, 2026",2026-06-29,,,,,https://www.techpowerup.com/gpu-specs/steam-machine-gpu.c4373,,steammachinegpu
NVIDIA,GeForce RTX 4050,AD107,6.0,GDDR6,96,PCIe 4.0 x8,2.64,2.25,2560,80,32,Never Released,,,,,,https://www.techpowerup.com/gpu-specs/geforce-rtx-4050.c3892,,geforcertx4050
NVIDIA,GeForce RTX 5070 Mobile,GB206,8.0,GDDR7,128,PCIe 5.0 x16,1.425,1.5,4608,144,48,"Apr 15th, 2025",2025-04-15,,,,,https://www.techpowerup.com/gpu-specs/geforce-rtx-5070-mobile.c4237,,geforcertx5070mobile
AMD,Radeon RX 480,Ellesmere,8.0,GDDR5,256,PCIe 3.0 x16,1.266,2.0,2304,144,32,"Jun 29th, 2016",2016-06-29,8525,350,25.07,339.99,https://www.techpowerup.com/gpu-specs/radeon-rx-480.c2848,https://www.videocardbenchmark.net/video_lookup.php?gpu=Radeon+RX+480&id=3533,radeonrx480
NVIDIA,GeForce RTX 6080,GR203,20.0,GDDR7,320,PCIe 5.0 x16,2.8,1.875,10752,336,112,2027,202701-01,,,,,https://www.techpowerup.com/gpu-specs/geforce-rtx-6080.c4391,,geforcertx6080
AMD,Radeon RX 470,Ellesmere,4.0,GDDR5,256,PCIe 3.0 x16,1.206,1.65,2048,128,32,"Aug 4th, 2016",2016-08-04,,,,,https://www.techpowerup.com/gpu-specs/radeon-rx-470.c2861,,radeonrx470
Intel,Arc A770,DG2-512,16.0,GDDR6,256,PCIe 4.0 x16,2.4,2.0,4096,256,128,"Oct 12th, 2022",2022-10-12,13360,218,37.22,359.0,https://www.techpowerup.com/gpu-specs/arc-a770.c3914,https://www.videocardbenchmark.net/video_lookup.php?gpu=Intel+Arc+A770&id=4605,arca770
AMD,Radeon RX 6400,Navi 24,4.0,GDDR6,64,PCIe 4.0 x4,2.321,2.0,768,48,32,"Apr 20th, 2022",2022-04-20,7758,378,25.61,302.96,https://www.techpowerup.com/gpu-specs/radeon-rx-6400.c3813,https://www.videocardbenchmark.net/video_lookup.php?gpu=Radeon+RX+6400&id=4536,radeonrx6400
Intel,Arc Pro B70,BMG-G31,32.0,GDDR6,256,PCIe 5.0 x16,2.8,2.375,4096,256,128,"Mar 26th, 2026",2026-03-26,18503,115,,,https://www.techpowerup.com/gpu-specs/arc-pro-b70.c4388,https://www.videocardbenchmark.net/video_lookup.php?gpu=Intel+Arc+Pro+B70&id=8599,arcprob70
NVIDIA,GeForce RTX 5090 Mobile,GB203,24.0,GDDR7,256,PCIe 5.0 x16,1.515,1.75,10496,328,112,"Mar 27th, 2025",2025-03-27,,,,,https://www.techpowerup.com/gpu-specs/geforce-rtx-5090-mobile.c4235,,geforcertx5090mobile
NVIDIA,GeForce RTX 4050 Mobile,AD107,6.0,GDDR6,96,PCIe 4.0 x8,1.755,2.0,2560,80,48,"Feb 22nd, 2023",2023-02-22,,,,,https://www.techpowerup.com/gpu-specs/geforce-rtx-4050-mobile.c3953,,geforcertx4050mobile
NVIDIA,GeForce GTX TITAN X,GM200,12.0,GDDR5,384,PCIe 3.0 x16,1.089,1.753,3072,192,96,"Mar 17th, 2015",2015-03-17,12486,238,2.88,4341.27,https://www.techpowerup.com/gpu-specs/geforce-gtx-titan-x.c2632,https://www.videocardbenchmark.net/video_lookup.php?gpu=GeForce+GTX+TITAN+X&id=3162,geforcegtxtitanx
NVIDIA,Tesla V100 PCIe 16 GB,GV100,16.0,HBM2,4096,PCIe 3.0 x16,1.38,0.876,5120,320,128,"Jun 21st, 2017",2017-06-21,12328,244,,,https://www.techpowerup.com/gpu-specs/tesla-v100-pcie-16-gb.c2957,https://www.videocardbenchmark.net/video_lookup.php?gpu=Tesla+V100-PCIE-16GB&id=4226,teslav100pcie16gb
AMD,Radeon RX 560,Polaris 21,4.0,GDDR5,128,PCIe 3.0 x8,1.275,1.75,1024,64,16,"Apr 18th, 2017",2017-04-18,3687,676,15.12,243.93,https://www.techpowerup.com/gpu-specs/radeon-rx-560.c2940,https://www.videocardbenchmark.net/video_lookup.php?gpu=Radeon+RX+560&id=3708,radeonrx560
NVIDIA,Tesla P100 PCIe 16 GB,GP100,16.0,HBM2,4096,PCIe 3.0 x16,1.329,0.715,3584,224,96,"Jun 20th, 2016",2016-06-20,9621,311,1.69,5699.0,https://www.techpowerup.com/gpu-specs/tesla-p100-pcie-16-gb.c2888,https://www.videocardbenchmark.net/video_lookup.php?gpu=Tesla+P100-PCIE-16GB&id=4039,teslap100pcie16gb
NVIDIA,GeForce RTX 4060 Ti 16 GB,AD106,16.0,GDDR6,128,PCIe 4.0 x8,2.535,2.25,4352,136,48,"Jul 18th, 2023",2023-07-18,22550,71,49.02,459.99,https://www.techpowerup.com/gpu-specs/geforce-rtx-4060-ti-16-gb.c4155,https://www.videocardbenchmark.net/video_lookup.php?gpu=GeForce+RTX+4060+Ti+16GB&id=4898,geforcertx4060ti16gb
AMD,Radeon 8060S,Strix Halo,,GDDR6,6,PCIe 5.0 x16,2.9,,2560,160,64,"Jan 6th, 2025",2025-01-06,18059,118,,,https://www.techpowerup.com/gpu-specs/radeon-8060s.c4270,https://www.videocardbenchmark.net/video_lookup.php?gpu=Radeon+8060S&id=5327,radeon8060s
NVIDIA,GeForce GTX 550 Ti,GF116,1.0,GDDR5,192,PCIe 2.0 x16,0.9,1.026,192,32,24,"Mar 15th, 2011",2011-03-15,1559,1160,15.59,99.99,https://www.techpowerup.com/gpu-specs/geforce-gtx-550-ti.c274,https://www.videocardbenchmark.net/video_lookup.php?gpu=GeForce+GTX+550+Ti&id=16,geforcegtx550ti
AMD,Playstation 5 GPU,Oberon,16.0,GDDR6,256,IGP,2.233,1.75,2304,144,64,"Nov 12th, 2020",2020-11-12,,,,,https://www.techpowerup.com/gpu-specs/playstation-5-gpu.c3480,,playstation5gpu
NVIDIA,Quadro RTX 4000,TU104,8.0,GDDR6,256,PCIe 3.0 x16,1.545,1.625,2304,144,64,"Nov 13th, 2018",2018-11-13,14843,179,16.51,899.0,https://www.techpowerup.com/gpu-specs/quadro-rtx-4000.c3336,https://www.videocardbenchmark.net/video_lookup.php?gpu=Quadro+RTX+4000&id=4053,quadrortx4000
AMD,Radeon RX 6700,Navi 22,10.0,GDDR6,160,PCIe 4.0 x16,2.45,2.0,2304,144,64,"Jun 9th, 2021",2021-06-09,18861,108,,,https://www.techpowerup.com/gpu-specs/radeon-rx-6700.c3716,https://www.videocardbenchmark.net/video_lookup.php?gpu=Radeon+RX+6700&id=4564,radeonrx6700
NVIDIA,GeForce RTX 4060 Mobile,AD107,8.0,GDDR6,128,PCIe 4.0 x8,1.89,2.0,3072,96,48,"Feb 22nd, 2023",2023-02-22,,,,,https://www.techpowerup.com/gpu-specs/geforce-rtx-4060-mobile.c3946,,geforcertx4060mobile
AMD,Radeon RX 10090 XT,AT0,32.0,GDDR7,512,PCIe 6.0 x16,3.1,2.0,12288,384,128,2027,202701-01,,,,,https://www.techpowerup.com/gpu-specs/radeon-rx-10090-xt.c4445,,radeonrx10090xt
NVIDIA,GeForce RTX 3050 Mobile,GA107,4.0,GDDR6,128,PCIe 4.0 x8,1.343,1.5,2048,64,32,"May 11th, 2021",2021-05-11,,,,,https://www.techpowerup.com/gpu-specs/geforce-rtx-3050-mobile.c3788,,geforcertx3050mobile
NVIDIA,GeForce RTX 5070 Ti Mobile,GB205,12.0,GDDR7,192,PCIe 5.0 x16,1.447,1.75,5888,184,80,Mar 2025,2025-03-01,,,,,https://www.techpowerup.com/gpu-specs/geforce-rtx-5070-ti-mobile.c4238,,geforcertx5070timobile
Intel,Arc A750,DG2-512,8.0,GDDR6,256,PCIe 4.0 x16,2.4,2.0,3584,224,112,"Oct 12th, 2022",2022-10-12,12654,232,61.03,207.34,https://www.techpowerup.com/gpu-specs/arc-a750.c3929,https://www.videocardbenchmark.net/video_lookup.php?gpu=Intel+Arc+A750&id=4612,arca750
NVIDIA,GeForce RTX 5050 Mobile,GB207,8.0,GDDR7,128,PCIe 5.0 x16,1.5,1.5,2560,80,32,"Jun 24th, 2025",2025-06-24,,,,,https://www.techpowerup.com/gpu-specs/geforce-rtx-5050-mobile.c4239,,geforcertx5050mobile
NVIDIA,GeForce GT 610,GF119S,1.0,DDR3,64,PCIe 2.0 x16,0.81,0.898,48,8,4,"Apr 2nd, 2012",2012-04-02,341,2037,2.44,139.99,https://www.techpowerup.com/gpu-specs/geforce-gt-610.c821,https://www.videocardbenchmark.net/video_lookup.php?gpu=GeForce+GT+610&id=33,geforcegt610
AMD,Playstation 5 Pro GPU,Viola,16.0,GDDR6,256,IGP,2.35,2.25,3840,240,64,"Nov 7th, 2024",2024-11-07,,,,,https://www.techpowerup.com/gpu-specs/playstation-5-pro-gpu.c4232,,playstation5progpu
NVIDIA,GeForce RTX 6070,GR205,16.0,GDDR7,256,PCIe 5.0 x16,2.6,1.75,6144,192,80,Unknown,,,,,,https://www.techpowerup.com/gpu-specs/geforce-rtx-6070.c4392,,geforcertx6070
Intel,Arc A380,DG2-128,6.0,GDDR6,96,PCIe 4.0 x8,2.05,1.937,1024,64,32,"Jun 14th, 2022",2022-06-14,6322,440,45.17,139.99,https://www.techpowerup.com/gpu-specs/arc-a380.c3913,https://www.videocardbenchmark.net/video_lookup.php?gpu=Intel+Arc+A380&id=4568,arca380
NVIDIA,GeForce RTX 3060 Mobile,GA106,6.0,GDDR6,192,PCIe 4.0 x16,1.425,1.75,3840,120,48,"Feb 2nd, 2021",2021-02-02,,,,,https://www.techpowerup.com/gpu-specs/geforce-rtx-3060-mobile.c3757,,geforcertx3060mobile
NVIDIA,GeForce GTX 580,GF110,1.5,GDDR5,384,PCIe 2.0 x16,0.772,1.002,512,64,48,"Nov 9th, 2010",2010-11-09,4630,578,9.48,488.59,https://www.techpowerup.com/gpu-specs/geforce-gtx-580.c270,https://www.videocardbenchmark.net/video_lookup.php?gpu=GeForce+GTX+580&id=68,geforcegtx580
AMD,Radeon Vega 8,Raven,,DDR4,4,IGP,1.1,,512,32,8,"Feb 12th, 2018",2018-02-12,1561,1159,12.31,126.86,https://www.techpowerup.com/gpu-specs/radeon-vega-8.c3042,https://www.videocardbenchmark.net/video_lookup.php?gpu=Radeon+Vega+8&id=3895,radeonvega8
NVIDIA,Tesla P40,GP102,24.0,GDDR5,384,PCIe 3.0 x16,1.531,1.808,3840,240,96,"Sep 13th, 2016",2016-09-13,11595,263,30.67,378.06,https://www.techpowerup.com/gpu-specs/tesla-p40.c2878,https://www.videocardbenchmark.net/video_lookup.php?gpu=Tesla+P40&id=4548,teslap40
NVIDIA,TITAN RTX,TU102,24.0,GDDR6,384,PCIe 3.0 x16,1.77,1.75,4608,288,96,"Dec 18th, 2018",2018-12-18,19821,95,16.15,1226.96,https://www.techpowerup.com/gpu-specs/titan-rtx.c3311,https://www.videocardbenchmark.net/video_lookup.php?gpu=TITAN+RTX&id=4029,titanrtx
NVIDIA,Tesla V100 PCIe 32 GB,GV100,32.0,HBM2,4096,PCIe 3.0 x16,1.38,0.876,5120,320,128,"Mar 27th, 2018",2018-03-27,8260,,,,https://www.techpowerup.com/gpu-specs/tesla-v100-pcie-32-gb.c3184,https://www.videocardbenchmark.net/gpu.php?gpu=Tesla+V100-PCIE-32GB&id=4447,teslav100pcie32gb
NVIDIA,GeForce GTX 590,GF110,1.5,GDDR5,384,PCIe 2.0 x16,0.608,0.854,512,64,48,"Mar 24th, 2011",2011-03-24,3341,711,7.68,435.0,https://www.techpowerup.com/gpu-specs/geforce-gtx-590.c281,https://www.videocardbenchmark.net/video_lookup.php?gpu=GeForce+GTX+590&id=1457,geforcegtx590
Intel,Arc A580,DG2-512,8.0,GDDR6,256,PCIe 4.0 x16,2.0,2.0,3072,192,96,"Oct 10th, 2023",2023-10-10,12071,249,65.71,183.71,https://www.techpowerup.com/gpu-specs/arc-a580.c3928,https://www.videocardbenchmark.net/video_lookup.php?gpu=Intel+Arc+A580&id=4940,arca580
Intel,Arc B570,BMG-G21,10.0,GDDR6,160,PCIe 4.0 x8,2.5,2.375,2304,144,80,"Jan 16th, 2025",2025-01-16,14186,192,,,https://www.techpowerup.com/gpu-specs/arc-b570.c4245,https://www.videocardbenchmark.net/video_lookup.php?gpu=Intel+Arc+B570&id=5652,arcb570
AMD,Xbox Series S GPU,Lockhart,8.0,GDDR6,128,IGP,1.565,1.75,1280,80,32,"Nov 10th, 2020",2020-11-10,,,,,https://www.techpowerup.com/gpu-specs/xbox-series-s-gpu.c3683,,xboxseriessgpu
NVIDIA,GeForce GTX 660,GK106,2.0,GDDR5,192,PCIe 3.0 x16,1.032,1.502,960,80,24,"Sep 6th, 2012",2012-09-06,4044,629,16.24,249.0,https://www.techpowerup.com/gpu-specs/geforce-gtx-660.c895,https://www.videocardbenchmark.net/video_lookup.php?gpu=GeForce+GTX+660&id=2152,geforcegtx660
NVIDIA,GeForce GTX 1060 3 GB,GP106,3.0,GDDR5,192,PCIe 3.0 x16,1.708,2.002,1152,72,48,"Aug 18th, 2016",2016-08-18,9855,299,42.76,230.49,https://www.techpowerup.com/gpu-specs/geforce-gtx-1060-3-gb.c2867,https://www.videocardbenchmark.net/video_lookup.php?gpu=GeForce+GTX+1060+3GB&id=3566,geforcegtx10603gb
NVIDIA,RTX A2000,GA106,6.0,GDDR6,192,PCIe 4.0 x16,1.2,1.5,3328,104,48,Oct 2021,2021-10-01,13403,215,23.31,574.99,https://www.techpowerup.com/gpu-specs/rtx-a2000.c3820,https://www.videocardbenchmark.net/video_lookup.php?gpu=RTX+A2000&id=4477,rtxa2000
NVIDIA,B300 SXM6 AC,GB110,288.0,HBM3E,8192,PCIe 6.0 x16,2.032,2.0,18944,592,24,"Sep 11th, 2025",2025-09-11,,,,,https://www.techpowerup.com/gpu-specs/b300-sxm6-ac.c4375,,b300sxm6ac
NVIDIA,GB10,GB20B,128.0,LPDDR5X,256,PCIe 5.0 x16,2.418,1.067,6144,192,48,"Oct 15th, 2025",2025-10-15,,,,,https://www.techpowerup.com/gpu-specs/gb10.c4342,,gb10
NVIDIA,Quadro P2000,GP106,5.0,GDDR5,160,PCIe 3.0 x16,1.48,1.752,1024,64,40,"Feb 6th, 2017",2017-02-06,7011,407,15.95,439.6,https://www.techpowerup.com/gpu-specs/quadro-p2000.c2931,https://www.videocardbenchmark.net/video_lookup.php?gpu=Quadro+P2000&id=3712,quadrop2000
NVIDIA,B200 SXM6,GB100,180.0,HBM3E,8192,PCIe 6.0 x16,1.83,2.0,18944,592,24,"Nov 1st, 2024",2024-11-01,,,,,https://www.techpowerup.com/gpu-specs/b200-sxm6.c4210,,b200sxm6
NVIDIA,GeForce RTX 2050 Mobile,GA107,4.0,GDDR6,64,PCIe 3.0 x8,1.245,1.75,2048,64,32,"Dec 17th, 2021",2021-12-17,,,,,https://www.techpowerup.com/gpu-specs/geforce-rtx-2050-mobile.c3859,,geforcertx2050mobile
NVIDIA,GeForce GTX 760,GK104,2.0,GDDR5,256,PCIe 3.0 x16,1.032,1.502,1152,96,32,"Jun 25th, 2013",2013-06-25,4824,561,13.11,368.0,https://www.techpowerup.com/gpu-specs/geforce-gtx-760.c1857,https://www.videocardbenchmark.net/video_lookup.php?gpu=GeForce+GTX+760&id=2561,geforcegtx760
NVIDIA,Quadro P620,GP107,2.0,GDDR5,128,PCIe 3.0 x16,1.354,1.252,512,32,16,"Feb 1st, 2018",2018-02-01,3723,667,6.48,574.55,https://www.techpowerup.com/gpu-specs/quadro-p620.c3085,https://www.videocardbenchmark.net/video_lookup.php?gpu=Quadro+P620&id=3954,quadrop620
NVIDIA,GeForce GTX 285,GT200B,1.0,GDDR3,512,PCIe 2.0 x16,0.648,1.242,240,80,32,"Jan 15th, 2009",2009-01-15,1449,1202,12.08,119.99,https://www.techpowerup.com/gpu-specs/geforce-gtx-285.c238,https://www.videocardbenchmark.net/video_lookup.php?gpu=GeForce+GTX+285&id=1444,geforcegtx285
NVIDIA,GeForce RTX 5080 Mobile,GB203,16.0,GDDR7,256,PCIe 5.0 x16,1.5,1.75,7680,240,96,"Apr 2nd, 2025",2025-04-02,,,,,https://www.techpowerup.com/gpu-specs/geforce-rtx-5080-mobile.c4236,,geforcertx5080mobile
NVIDIA,Quadro P4000,GP104,8.0,GDDR5,256,PCIe 3.0 x16,1.48,1.901,1792,112,64,"Feb 6th, 2017",2017-02-06,11389,270,48.46,235.0,https://www.techpowerup.com/gpu-specs/quadro-p4000.c2930,https://www.videocardbenchmark.net/video_lookup.php?gpu=Quadro+P4000&id=3719,quadrop4000
AMD,Radeon RX 9060,Navi 44,8.0,GDDR6,128,PCIe 5.0 x16,2.99,2.25,1792,112,64,"Aug 5th, 2025",2025-08-05,17568,122,,,https://www.techpowerup.com/gpu-specs/radeon-rx-9060.c4326,https://www.videocardbenchmark.net/video_lookup.php?gpu=Radeon+RX+9060&id=7294,radeonrx9060
AMD,Radeon 680M,Rembrandt,,DDR5,5,PCIe 4.0 x8,2.2,,768,48,32,"Jan 4th, 2022",2022-01-04,4016,631,,,https://www.techpowerup.com/gpu-specs/radeon-680m.c3871,https://www.videocardbenchmark.net/video_lookup.php?gpu=Radeon+680M&id=5216,radeon680m
NVIDIA,GeForce GT 710,GK208B,2.0,DDR3,64,PCIe 2.0 x8,0.954,0.9,192,16,8,"Mar 27th, 2014",2014-03-27,617,1728,2.47,249.99,https://www.techpowerup.com/gpu-specs/geforce-gt-710.c1990,https://www.videocardbenchmark.net/video_lookup.php?gpu=GeForce+GT+710&id=2910,geforcegt710
NVIDIA,GeForce GTX 780 Ti,GK110B,3.0,GDDR5,384,PCIe 3.0 x16,0.928,1.753,2880,240,48,"Nov 7th, 2013",2013-11-07,9472,318,23.1,410.0,https://www.techpowerup.com/gpu-specs/geforce-gtx-780-ti.c2512,https://www.videocardbenchmark.net/video_lookup.php?gpu=GeForce+GTX+780+Ti&id=2717,geforcegtx780ti
NVIDIA,GeForce RTX 4070 Mobile,AD106,8.0,GDDR6,128,PCIe 4.0 x8,1.695,2.0,4608,144,48,"Feb 22nd, 2023",2023-02-22,,,,,https://www.techpowerup.com/gpu-specs/geforce-rtx-4070-mobile.c3944,,geforcertx4070mobile
NVIDIA,RTX A4000,GA104,16.0,GDDR6,256,PCIe 4.0 x16,1.56,1.75,6144,192,96,"Apr 12th, 2021",2021-04-12,19330,104,18.53,1042.99,https://www.techpowerup.com/gpu-specs/rtx-a4000.c3756,https://www.videocardbenchmark.net/video_lookup.php?gpu=RTX+A4000&id=4394,rtxa4000
NVIDIA,Tesla T4,TU104,16.0,GDDR6,256,PCIe 3.0 x16,1.59,1.25,2560,160,64,"Sep 13th, 2018",2018-09-13,9729,306,16.06,605.85,https://www.techpowerup.com/gpu-specs/tesla-t4.c3316,https://www.videocardbenchmark.net/video_lookup.php?gpu=Tesla+T4&id=4211,teslat4
NVIDIA,Quadro P1000,GP107,4.0,GDDR5,128,PCIe 3.0 x16,1.392,1.502,512,32,16,"Feb 7th, 2017",2017-02-07,4529,587,15.62,289.99,https://www.techpowerup.com/gpu-specs/quadro-p1000.c2932,https://www.videocardbenchmark.net/video_lookup.php?gpu=Quadro+P1000&id=3727,quadrop1000
NVIDIA,RTX 2000 Ada Generation,AD107,16.0,GDDR6,128,PCIe 4.0 x8,2.13,2.0,2816,88,48,"Feb 12th, 2024",2024-02-12,16934,133,21.72,779.59,https://www.techpowerup.com/gpu-specs/rtx-2000-ada-generation.c4199,https://www.videocardbenchmark.net/video_lookup.php?gpu=RTX+2000+Ada+Generation&id=5014,rtx2000adageneration
NVIDIA,TITAN V,GV100,12.0,HBM2,3072,PCIe 3.0 x16,1.455,0.848,5120,320,96,"Dec 7th, 2017",2017-12-07,19346,103,34.73,556.99,https://www.techpowerup.com/gpu-specs/titan-v.c3051,https://www.videocardbenchmark.net/video_lookup.php?gpu=TITAN+V&id=3859,titanv
NVIDIA,Quadro M4000,GM204,8.0,GDDR5,256,PCIe 3.0 x16,0.773,1.502,1664,104,64,"Jun 29th, 2015",2015-06-29,6673,420,29.14,229.0,https://www.techpowerup.com/gpu-specs/quadro-m4000.c2757,https://www.videocardbenchmark.net/video_lookup.php?gpu=Quadro+M4000&id=3325,quadrom4000
AMD,Radeon PRO V620,Navi 21,32.0,GDDR6,256,PCIe 4.0 x16,2.2,2.0,4608,288,128,"Nov 4th, 2021",2021-11-04,26519,44,,,https://www.techpowerup.com/gpu-specs/radeon-pro-v620.c3846,https://www.videocardbenchmark.net/video_lookup.php?gpu=Radeon+Pro+V620&id=8668,radeonprov620
Intel,Arc B390,Panther Lake-H,,LPDDR5X,5,IGP,2.5,,1536,48,24,"Jan 27th, 2026",2026-01-27,,,,,https://www.techpowerup.com/gpu-specs/arc-b390.c4381,,arcb390
NVIDIA,GeForce RTX 3060 8 GB,GA106,8.0,GDDR6,128,PCIe 4.0 x16,1.777,1.875,3584,112,48,"Oct 12th, 2022",2022-10-12,15199,169,,,https://www.techpowerup.com/gpu-specs/geforce-rtx-3060-8-gb.c3937,https://www.videocardbenchmark.net/video_lookup.php?gpu=GeForce+RTX+3060+8GB&id=4966,geforcertx30608gb
AMD,Radeon Vega 3,Picasso,,DDR4,4,IGP,1.1,,192,12,4,"Nov 20th, 2019",2019-11-20,890,1456,0.33,2677.99,https://www.techpowerup.com/gpu-specs/radeon-vega-3.c3594,https://www.videocardbenchmark.net/video_lookup.php?gpu=Radeon+Vega+3&id=3926,radeonvega3
NVIDIA,GeForce GTX 770,GK104,2.0,GDDR5,256,PCIe 3.0 x16,1.085,1.753,1536,128,32,"May 30th, 2013",2013-05-30,5966,462,23.96,249.0,https://www.techpowerup.com/gpu-specs/geforce-gtx-770.c1856,https://www.videocardbenchmark.net/video_lookup.php?gpu=GeForce+GTX+770&id=2531,geforcegtx770
ATI,Radeon 9800 XT,R360,0.25,DDR,256,AGP 8x,0.412,0.365,8,4,8,"Oct 1st, 2003",2003-10-01,37,2594,,,https://www.techpowerup.com/gpu-specs/radeon-9800-xt.c4,https://www.videocardbenchmark.net/video_lookup.php?gpu=256MB+DDR+Radeon+9800+XT&id=162,radeon9800xt
NVIDIA,GeForce GTX 780,GK110,3.0,GDDR5,384,PCIe 3.0 x16,0.902,1.502,2304,192,48,"May 23rd, 2013",2013-05-23,7970,369,28.47,279.99,https://www.techpowerup.com/gpu-specs/geforce-gtx-780.c1701,https://www.videocardbenchmark.net/video_lookup.php?gpu=GeForce+GTX+780&id=2525,geforcegtx780
NVIDIA,TITAN Xp,GP102,12.0,GDDR5X,384,PCIe 3.0 x16,1.582,1.426,3840,240,96,"Apr 6th, 2017",2017-04-06,18753,110,18.77,999.0,https://www.techpowerup.com/gpu-specs/titan-xp.c2948,https://www.videocardbenchmark.net/video_lookup.php?gpu=NVIDIA+TITAN+Xp&id=3728,titanxp
NVIDIA,GeForce RTX 3080 12 GB,GA102,12.0,GDDR6X,384,PCIe 4.0 x16,1.71,1.188,8960,280,96,"Jan 11th, 2022",2022-01-11,26559,43,,,https://www.techpowerup.com/gpu-specs/geforce-rtx-3080-12-gb.c3834,https://www.videocardbenchmark.net/video_lookup.php?gpu=GeForce+RTX+3080+12GB&id=4601,geforcertx308012gb
NVIDIA,Switch 2 GPU,GA10B,12.0,LPDDR5X,128,IGP,1.4,0.8,1536,48,16,"Jun 5th, 2025",2025-06-05,,,,,https://www.techpowerup.com/gpu-specs/switch-2-gpu.c4313,,switch2gpu
AMD,Radeon R9 290X,Hawaii,4.0,GDDR5,512,PCIe 3.0 x16,1.0,1.25,2816,176,64,"Oct 24th, 2013",2013-10-24,8428,355,,,https://www.techpowerup.com/gpu-specs/radeon-r9-290x.c2460,https://www.videocardbenchmark.net/video_lookup.php?gpu=Radeon+R9+290X&id=4263,radeonr9290x
NVIDIA,RTX A6000,GA102,48.0,GDDR6,384,PCIe 4.0 x16,1.8,2.0,10752,336,112,"Dec 15th, 2020",2020-12-15,22605,69,5.5,4109.99,https://www.techpowerup.com/gpu-specs/rtx-a6000.c3686,https://www.videocardbenchmark.net/video_lookup.php?gpu=RTX+A6000&id=4337,rtxa6000
NVIDIA,RTX PRO 4000 Blackwell Workstation,GB203,24.0,GDDR7,192,PCIe 5.0 x16,2.055,1.75,8960,280,96,"Mar 18th, 2025",2025-03-18,,,,,https://www.techpowerup.com/gpu-specs/rtx-pro-4000-blackwell-workstation.c4279,,rtxpro4000blackwellworkstation
NVIDIA,GeForce GTX 750,GM107,1.0,GDDR5,128,PCIe 3.0 x16,1.085,1.253,512,32,16,"Feb 18th, 2014",2014-02-18,3283,721,37.75,86.99,https://www.techpowerup.com/gpu-specs/geforce-gtx-750.c1986,https://www.videocardbenchmark.net/video_lookup.php?gpu=GeForce+GTX+750&id=2825,geforcegtx750
NVIDIA,Tesla T10 16 GB,TU102,16.0,GDDR6,256,PCIe 3.0 x16,1.395,1.575,3584,224,64,2020,202001-01,,,,,https://www.techpowerup.com/gpu-specs/tesla-t10-16-gb.c4036,,teslat1016gb
NVIDIA,RTX PRO 5000 Blackwell Workstation,GB202,48.0,GDDR7,384,PCIe 5.0 x16,2.377,1.75,14080,440,160,"Mar 18th, 2025",2025-03-18,,,,,https://www.techpowerup.com/gpu-specs/rtx-pro-5000-blackwell-workstation.c4276,,rtxpro5000blackwellworkstation
NVIDIA,H200 NVL,GH100,141.0,HBM3E,6144,PCIe 5.0 x16,1.785,1.593,16896,528,24,"Nov 18th, 2024",2024-11-18,,,,,https://www.techpowerup.com/gpu-specs/h200-nvl.c4254,,h200nvl
NVIDIA,Quadro K620,GM107,2.0,DDR3,128,PCIe 2.0 x16,1.124,0.9,384,24,16,"Jul 22nd, 2014",2014-07-22,2200,928,1.08,2029.99,https://www.techpowerup.com/gpu-specs/quadro-k620.c2600,https://www.videocardbenchmark.net/video_lookup.php?gpu=Quadro+K620&id=2950,quadrok620
AMD,Radeon RX 580X,Polaris 20,8.0,GDDR5,256,PCIe 3.0 x16,1.34,2.0,2304,144,32,"Apr 11th, 2018",2018-04-11,7426,394,,,https://www.techpowerup.com/gpu-specs/radeon-rx-580x.c3190,https://www.videocardbenchmark.net/video_lookup.php?gpu=Radeon+RX+580X&id=4055,radeonrx580x
NVIDIA,T1000,TU117,4.0,GDDR6,128,PCIe 3.0 x16,1.395,1.25,896,56,32,"May 6th, 2021",2021-05-06,7659,385,17.02,450.0,https://www.techpowerup.com/gpu-specs/t1000.c3797,https://www.videocardbenchmark.net/video_lookup.php?gpu=NVIDIA+T1000&id=4442,t1000
NVIDIA,GeForce RTX 5080 SUPER,GB203,24.0,GDDR7,256,PCIe 5.0 x16,2.617,2.0,10752,336,112,Never Released,,,,,,https://www.techpowerup.com/gpu-specs/geforce-rtx-5080-super.c4302,,geforcertx5080super
NVIDIA,GeForce RTX 3050 Ti Mobile,GA107,4.0,GDDR6,128,PCIe 4.0 x8,1.035,1.5,2560,80,32,"May 11th, 2021",2021-05-11,,,,,https://www.techpowerup.com/gpu-specs/geforce-rtx-3050-ti-mobile.c3778,,geforcertx3050timobile
AMD,Radeon RX 460,Baffin,2.0,GDDR5,128,PCIe 3.0 x8,1.2,1.75,896,56,16,"Aug 8th, 2016",2016-08-08,4097,622,24.56,166.81,https://www.techpowerup.com/gpu-specs/radeon-rx-460.c2849,https://www.videocardbenchmark.net/video_lookup.php?gpu=Radeon+RX+460&id=3557,radeonrx460
AMD,Radeon HD 7850,Pitcairn,2.0,GDDR5,256,PCIe 3.0 x16,0.86,1.2,1024,64,32,"Mar 5th, 2012",2012-03-05,3904,643,22.31,174.99,https://www.techpowerup.com/gpu-specs/radeon-hd-7850.c1055,https://www.videocardbenchmark.net/video_lookup.php?gpu=Radeon+HD+7850&id=323,radeonhd7850
NVIDIA,GeForce GTX 680,GK104,2.0,GDDR5,256,PCIe 3.0 x16,1.058,1.502,1536,128,32,"Mar 22nd, 2012",2012-03-22,5612,487,14.07,399.0,https://www.techpowerup.com/gpu-specs/geforce-gtx-680.c342,https://www.videocardbenchmark.net/video_lookup.php?gpu=GeForce+GTX+680&id=41,geforcegtx680
AMD,Radeon R7 260,Bonaire,2.0,GDDR5,128,PCIe 3.0 x16,1.0,1.5,768,48,16,"Dec 17th, 2013",2013-12-17,2891,779,32.13,89.99,https://www.techpowerup.com/gpu-specs/radeon-r7-260.c2511,https://www.videocardbenchmark.net/video_lookup.php?gpu=Radeon+R7+260&id=2903,radeonr7260
AMD,Radeon 890M,Strix Point,,DDR5,5,PCIe 4.0 x8,2.9,,1024,64,32,"Jul 15th, 2024",2024-07-15,8068,366,,,https://www.techpowerup.com/gpu-specs/radeon-890m.c4224,https://www.videocardbenchmark.net/video_lookup.php?gpu=Radeon+890M&id=5113,radeon890m
NVIDIA,H100 PCIe 80 GB,GH100,80.0,HBM2E,5120,PCIe 5.0 x16,1.755,1.593,14592,456,24,Oct 2022,2022-10-01,,,,,https://www.techpowerup.com/gpu-specs/h100-pcie-80-gb.c3899,,h100pcie80gb
NVIDIA,GeForce GTX 650,GK107,1.0,GDDR5,128,PCIe 3.0 x16,1.058,1.25,384,32,16,"Sep 6th, 2012",2012-09-06,1756,1080,7.68,228.88,https://www.techpowerup.com/gpu-specs/geforce-gtx-650.c894,https://www.videocardbenchmark.net/video_lookup.php?gpu=GeForce+GTX+650&id=2155,geforcegtx650
NVIDIA,GeForce GTX 690,GK104,2.0,GDDR5,256,PCIe 3.0 x16,1.019,1.502,1536,128,32,"May 3rd, 2012",2012-05-03,5482,501,19.51,280.99,https://www.techpowerup.com/gpu-specs/geforce-gtx-690.c361,https://www.videocardbenchmark.net/video_lookup.php?gpu=GeForce+GTX+690&id=1462,geforcegtx690
NVIDIA,RTX A1000,GA107,8.0,GDDR6,128,PCIe 4.0 x8,1.462,1.5,2304,72,32,"Apr 16th, 2024",2024-04-16,10726,282,20.63,519.99,https://www.techpowerup.com/gpu-specs/rtx-a1000.c4211,https://www.videocardbenchmark.net/video_lookup.php?gpu=RTX+A1000&id=5118,rtxa1000
NVIDIA,Quadro RTX 5000,TU104,16.0,GDDR6,256,PCIe 3.0 x16,1.815,1.75,3072,192,64,"Aug 13th, 2018",2018-08-13,15287,167,,,https://www.techpowerup.com/gpu-specs/quadro-rtx-5000.c3308,https://www.videocardbenchmark.net/video_lookup.php?gpu=Quadro+RTX+5000&id=4040,quadrortx5000
NVIDIA,GeForce GT 730,GK208B,1.0,GDDR5,64,PCIe 2.0 x8,0.902,1.253,384,32,8,"Jun 18th, 2014",2014-06-18,821,1509,5.87,139.9,https://www.techpowerup.com/gpu-specs/geforce-gt-730.c1988,https://www.videocardbenchmark.net/video_lookup.php?gpu=GeForce+GT+730&id=2906,geforcegt730
NVIDIA,GeForce RTX 3070 Mobile,GA104,8.0,GDDR6,256,PCIe 4.0 x16,1.56,1.75,5120,160,80,"Jan 26th, 2021",2021-01-26,,,,,https://www.techpowerup.com/gpu-specs/geforce-rtx-3070-mobile.c3712,,geforcertx3070mobile
NVIDIA,RTX PRO 2000 Blackwell Workstation,GB206,16.0,GDDR7,128,PCIe 5.0 x8,1.957,1.125,4352,136,48,"Aug 11th, 2025",2025-08-11,,,,,https://www.techpowerup.com/gpu-specs/rtx-pro-2000-blackwell-workstation.c4330,,rtxpro2000blackwellworkstation
NVIDIA,Rubin GPU,GR100,288.0,HBM4,16384,PCIe 6.0 x16,2.267,2.695,28672,896,24,2026,202601-01,,,,,https://www.techpowerup.com/gpu-specs/rubin-gpu.c4425,,rubingpu
Intel,UHD Graphics 770,Alder Lake,,DDR4,4,Ring Bus,1.45,,256,16,8,"Nov 4th, 2021",2021-11-04,1907,1022,,,https://www.techpowerup.com/gpu-specs/uhd-graphics-770.c3844,https://www.videocardbenchmark.net/video_lookup.php?gpu=Intel+UHD+Graphics+770&id=4473,uhdgraphics770
AMD,Radeon HD 7770 GHz Edition,Cape Verde,1.0,GDDR5,128,PCIe 3.0 x16,1.0,1.125,640,40,16,"Feb 15th, 2012",2012-02-15,,,,,https://www.techpowerup.com/gpu-specs/radeon-hd-7770-ghz-edition.c308,,radeonhd7770ghzedition
Lisuan-Tech,LX 7G100,7G106,12.0,GDDR6,192,PCIe 4.0 x16,2.0,2.25,6144,192,96,"Jun 18th, 2026",2026-06-18,,,,,https://www.techpowerup.com/gpu-specs/lx-7g100.c4406,,lx7g100
NVIDIA,GeForce 9800 GT,G92,0.5,GDDR3,256,PCIe 2.0 x16,0.6,0.9,112,56,16,"Jul 21st, 2008",2008-07-21,439,1952,2.58,169.99,https://www.techpowerup.com/gpu-specs/geforce-9800-gt.c635,https://www.videocardbenchmark.net/video_lookup.php?gpu=GeForce+9800+GT&id=60,geforce9800gt
NVIDIA,GeForce GTS 450,GF106,1.0,GDDR5,128,PCIe 2.0 x16,0.783,0.902,192,32,16,"Sep 13th, 2010",2010-09-13,1356,1231,10.11,134.23,https://www.techpowerup.com/gpu-specs/geforce-gts-450.c1778,https://www.videocardbenchmark.net/video_lookup.php?gpu=GeForce+GTS+450&id=1,geforcegts450
NVIDIA,RTX A3000 Mobile,GA104,6.0,GDDR6,192,PCIe 4.0 x16,1.23,1.375,4096,128,64,"Apr 12th, 2021",2021-04-12,,,,,https://www.techpowerup.com/gpu-specs/rtx-a3000-mobile.c3806,,rtxa3000mobile
NVIDIA,Quadro RTX 8000,TU102,48.0,GDDR6,384,PCIe 3.0 x16,1.77,1.75,4608,288,96,"Aug 13th, 2018",2018-08-13,19550,99,5.2,3760.0,https://www.techpowerup.com/gpu-specs/quadro-rtx-8000.c3306,https://www.videocardbenchmark.net/video_lookup.php?gpu=Quadro+RTX+8000&id=4061,quadrortx8000
NVIDIA,GeForce 9600M GT,G96C,0.5,GDDR3,128,MXM-II,0.5,0.792,32,16,8,"Jun 4th, 2008",2008-06-04,173,2229,2.22,78.2,https://www.techpowerup.com/gpu-specs/geforce-9600m-gt.c1518,https://www.videocardbenchmark.net/video_lookup.php?gpu=GeForce+9600M+GT&id=1314,geforce9600mgt
ATI,Radeon 3000 IGP,RS780,,DDR2,2,PCIe 1.0 x16,0.35,,40,4,4,2009,200901-01,,,,,https://www.techpowerup.com/gpu-specs/radeon-3000-igp.c482,,radeon3000igp
NVIDIA,GeForce GT 220,GT216,0.5,DDR2,128,PCIe 2.0 x16,0.625,0.4,48,16,8,"Oct 12th, 2009",2009-10-12,221,2163,5.55,39.99,https://www.techpowerup.com/gpu-specs/geforce-gt-220.c614,https://www.videocardbenchmark.net/video_lookup.php?gpu=GeForce+GT+220&id=72,geforcegt220
AMD,Radeon RX 590 GME,Polaris 20,8.0,GDDR5,256,PCIe 3.0 x16,1.42,2.0,2304,144,32,"Mar 9th, 2020",2020-03-09,8282,359,,,https://www.techpowerup.com/gpu-specs/radeon-rx-590-gme.c3505,https://www.videocardbenchmark.net/video_lookup.php?gpu=Radeon+RX590+GME&id=4290,radeonrx590gme
NVIDIA,Quadro RTX 3000 Mobile,TU106,6.0,GDDR6,192,PCIe 3.0 x16,1.38,1.75,1920,120,64,"May 27th, 2019",2019-05-27,,,,,https://www.techpowerup.com/gpu-specs/quadro-rtx-3000-mobile.c3428,,quadrortx3000mobile
Intel,Arc Pro B60,BMG-G21,24.0,GDDR6,192,PCIe 5.0 x8,2.4,2.375,2560,160,80,"Sep 5th, 2025",2025-09-05,14370,188,,,https://www.techpowerup.com/gpu-specs/arc-pro-b60.c4350,https://www.videocardbenchmark.net/video_lookup.php?gpu=Intel+Arc+Pro+B60&id=7155,arcprob60
AMD,Radeon R9 290,Hawaii,4.0,GDDR5,512,PCIe 3.0 x16,0.947,1.25,2560,160,64,"Nov 5th, 2013",2013-11-05,8138,363,,,https://www.techpowerup.com/gpu-specs/radeon-r9-290.c2397,https://www.videocardbenchmark.net/video_lookup.php?gpu=Radeon+R9+290&id=4259,radeonr9290
Intel,HD Graphics 4600,Haswell GT2,,DDR3,3,Ring Bus,1.1,,160,20,2,"Jun 3rd, 2013",2013-06-03,,,,,https://www.techpowerup.com/gpu-specs/hd-graphics-4600.c1994,,hdgraphics4600
NVIDIA,Quadro RTX 6000,TU102,24.0,GDDR6,384,PCIe 3.0 x16,1.77,1.75,4608,288,96,"Aug 13th, 2018",2018-08-13,17730,120,2.81,6300.0,https://www.techpowerup.com/gpu-specs/quadro-rtx-6000.c3307,https://www.videocardbenchmark.net/video_lookup.php?gpu=Quadro+RTX+6000&id=4015,quadrortx6000
AMD,Radeon R9 390,Grenada,8.0,GDDR5,512,PCIe 3.0 x16,1.0,1.5,2560,160,64,"Jun 18th, 2015",2015-06-18,8751,347,,,https://www.techpowerup.com/gpu-specs/radeon-r9-390.c2664,https://www.videocardbenchmark.net/video_lookup.php?gpu=Radeon+R9+390&id=3464,radeonr9390
NVIDIA,GeForce GTX 1630,TU117,4.0,GDDR6,64,PCIe 3.0 x16,1.785,1.5,512,32,16,"Jun 28th, 2022",2022-06-28,4978,549,26.2,189.99,https://www.techpowerup.com/gpu-specs/geforce-gtx-1630.c3916,https://www.videocardbenchmark.net/video_lookup.php?gpu=GeForce+GTX+1630&id=4571,geforcegtx1630
AMD,Radeon R9 280X,Tahiti,3.0,GDDR5,384,PCIe 3.0 x16,1.0,1.5,2048,128,32,"Oct 8th, 2013",2013-10-08,6068,458,,,https://www.techpowerup.com/gpu-specs/radeon-r9-280x.c2398,https://www.videocardbenchmark.net/video_lookup.php?gpu=Radeon+R9+280X&id=3466,radeonr9280x
AMD,Radeon R9 390X,Grenada,8.0,GDDR5,512,PCIe 3.0 x16,1.05,1.5,2816,176,64,"Jun 18th, 2015",2015-06-18,9190,331,,,https://www.techpowerup.com/gpu-specs/radeon-r9-390x.c2663,https://www.videocardbenchmark.net/video_lookup.php?gpu=Radeon+R9+390X&id=3467,radeonr9390x
NVIDIA,Quadro K2200,GM107,4.0,GDDR5,128,PCIe 2.0 x16,1.124,1.253,640,40,16,"Jul 22nd, 2014",2014-07-22,3576,684,13.33,268.3,https://www.techpowerup.com/gpu-specs/quadro-k2200.c2601,https://www.videocardbenchmark.net/video_lookup.php?gpu=Quadro+K2200&id=2947,quadrok2200
NVIDIA,GeForce RTX 2060 12 GB,TU106,12.0,GDDR6,192,PCIe 3.0 x16,1.65,1.75,2176,136,48,"Dec 7th, 2021",2021-12-07,15915,158,,,https://www.techpowerup.com/gpu-specs/geforce-rtx-2060-12-gb.c3836,https://www.videocardbenchmark.net/video_lookup.php?gpu=GeForce+RTX+2060+12GB&id=4602,geforcertx206012gb
AMD,Radeon RX 9050 OEM,Navi 44,4.0,GDDR6,64,PCIe 5.0 x16,2.6,2.25,1024,64,64,"Jul 28th, 2026",2026-07-28,,,,,https://www.techpowerup.com/gpu-specs/radeon-rx-9050-oem.c4404,,radeonrx9050oem
NVIDIA,A100 PCIe 40 GB,GA100,40.0,HBM2E,5120,PCIe 4.0 x16,1.41,1.215,6912,432,160,"Jun 22nd, 2020",2020-06-22,,,,,https://www.techpowerup.com/gpu-specs/a100-pcie-40-gb.c3623,,a100pcie40gb
NVIDIA,A100 PCIe 80 GB,GA100,80.0,HBM2E,5120,PCIe 4.0 x16,1.41,1.512,6912,432,160,"Jun 28th, 2021",2021-06-28,,,,,https://www.techpowerup.com/gpu-specs/a100-pcie-80-gb.c3821,,a100pcie80gb
ATI,Radeon HD 5450,Cedar,0.5,DDR2,64,PCIe 2.0 x16,0.65,0.4,80,8,4,"Feb 4th, 2010",2010-02-04,136,2300,2.62,51.99,https://www.techpowerup.com/gpu-specs/radeon-hd-5450.c503,https://www.videocardbenchmark.net/video_lookup.php?gpu=Radeon+HD+5450&id=7,radeonhd5450
AMD,Radeon Pro WX 5100,Ellesmere,8.0,GDDR5,256,PCIe 3.0 x16,1.086,1.25,1792,112,32,"Nov 18th, 2016",2016-11-18,5506,499,15.29,359.99,https://www.techpowerup.com/gpu-specs/radeon-pro-wx-5100.c2873,https://www.videocardbenchmark.net/video_lookup.php?gpu=Radeon+Pro+WX+5100&id=3619,radeonprowx5100
Intel,Arc Pro B50,BMG-G21,16.0,GDDR6,128,PCIe 5.0 x8,2.6,1.75,2048,128,16,"Sep 5th, 2025",2025-09-05,12636,233,,,https://www.techpowerup.com/gpu-specs/arc-pro-b50.c4345,https://www.videocardbenchmark.net/video_lookup.php?gpu=Intel+Arc+Pro+B50&id=7046,arcprob50
AMD,Radeon R9 FURY X,Fiji,4.0,HBM,4096,PCIe 3.0 x16,1.05,0.5,4096,256,64,"Jun 24th, 2015",2015-06-24,9368,324,,,https://www.techpowerup.com/gpu-specs/radeon-r9-fury-x.c2677,https://www.videocardbenchmark.net/video_lookup.php?gpu=Radeon+R9+Fury+X&id=3634,radeonr9furyx
NVIDIA,RTX 6000 Ada Generation,AD102,48.0,GDDR6,384,PCIe 4.0 x16,2.505,2.5,18176,568,192,"Jan 20th, 2023",2023-01-20,28683,26,,,https://www.techpowerup.com/gpu-specs/rtx-6000-ada-generation.c3933,https://www.videocardbenchmark.net/video_lookup.php?gpu=RTX+6000+Ada+Generation&id=4768,rtx6000adageneration
AMD,Radeon R9 380,Antigua,2.0,GDDR5,256,PCIe 3.0 x16,0.97,1.375,1792,112,32,"Jun 18th, 2015",2015-06-18,5952,463,66.14,89.99,https://www.techpowerup.com/gpu-specs/radeon-r9-380.c2734,https://www.videocardbenchmark.net/video_lookup.php?gpu=Radeon+R9+380&id=3460,radeonr9380
NVIDIA,GeForce GTX 460,GF104,1.0,GDDR5,256,PCIe 2.0 x16,0.675,0.9,336,56,32,"Jul 12th, 2010",2010-07-12,2266,910,25.19,89.99,https://www.techpowerup.com/gpu-specs/geforce-gtx-460.c265,https://www.videocardbenchmark.net/video_lookup.php?gpu=GeForce+GTX+460&id=31,geforcegtx460
AMD,Radeon R5 430 OEM,Oland,2.0,GDDR5,64,PCIe 3.0 x8,0.78,1.15,384,24,8,"Jun 30th, 2016",2016-06-30,,,,,https://www.techpowerup.com/gpu-specs/radeon-r5-430-oem.c2893,,radeonr5430oem
AMD,Radeon R9 270X,Curacao,2.0,GDDR5,256,PCIe 3.0 x16,1.05,1.4,1280,80,32,"Oct 8th, 2013",2013-10-08,4869,557,14.91,326.5,https://www.techpowerup.com/gpu-specs/radeon-r9-270x.c2466,https://www.videocardbenchmark.net/video_lookup.php?gpu=Radeon+R9+270X&id=2702,radeonr9270x
AMD,Radeon 610M,Mendocino,,DDR5,5,PCIe 4.0 x8,1.9,,128,8,4,"Sep 20th, 2022",2022-09-20,1273,1256,,,https://www.techpowerup.com/gpu-specs/radeon-610m.c3994,https://www.videocardbenchmark.net/video_lookup.php?gpu=Radeon+610M&id=4759,radeon610m
NVIDIA,GeForce GTX 670,GK104,2.0,GDDR5,256,PCIe 3.0 x16,0.98,1.502,1344,112,32,"May 10th, 2012",2012-05-10,5369,509,27.68,193.98,https://www.techpowerup.com/gpu-specs/geforce-gtx-670.c362,https://www.videocardbenchmark.net/video_lookup.php?gpu=GeForce+GTX+670&id=35,geforcegtx670
NVIDIA,GeForce GTX 650 Ti,GK106S,1.0,GDDR5,128,PCIe 3.0 x16,0.928,1.35,768,64,16,"Oct 9th, 2012",2012-10-09,2536,848,33.66,75.36,https://www.techpowerup.com/gpu-specs/geforce-gtx-650-ti.c1188,https://www.videocardbenchmark.net/video_lookup.php?gpu=GeForce+GTX+650+Ti&id=2177,geforcegtx650ti
NVIDIA,GeForce GTX 480,GF100,1.5,GDDR5,384,PCIe 2.0 x16,0.701,0.924,480,60,48,"Mar 26th, 2010",2010-03-26,4078,625,23.99,169.99,https://www.techpowerup.com/gpu-specs/geforce-gtx-480.c268,https://www.videocardbenchmark.net/video_lookup.php?gpu=GeForce+GTX+480&id=100,geforcegtx480
NVIDIA,RTX A400,GA107,4.0,GDDR6,64,PCIe 4.0 x8,1.762,1.5,768,24,16,"Apr 16th, 2024",2024-04-16,5972,461,15.51,385.0,https://www.techpowerup.com/gpu-specs/rtx-a400.c4212,https://www.videocardbenchmark.net/video_lookup.php?gpu=RTX+A400&id=5160,rtxa400
Intel,UHD Graphics 630,Coffee Lake GT2,,DDR3,3,Ring Bus,1.05,,192,24,3,"Sep 1st, 2017",2017-09-01,1224,1277,,,https://www.techpowerup.com/gpu-specs/uhd-graphics-630.c3105,https://www.videocardbenchmark.net/video_lookup.php?gpu=Intel+UHD+Graphics+630&id=3826,uhdgraphics630
NVIDIA,Quadro T2000 Mobile,TU117,4.0,GDDR5,128,PCIe 3.0 x16,1.785,2.001,1024,64,32,"May 27th, 2019",2019-05-27,,,,,https://www.techpowerup.com/gpu-specs/quadro-t2000-mobile.c3434,,quadrot2000mobile
NVIDIA,GeForce 9600 GT,G94,0.5,GDDR3,256,PCIe 2.0 x16,0.65,0.9,64,32,16,"Feb 21st, 2008",2008-02-21,468,1922,7.21,64.99,https://www.techpowerup.com/gpu-specs/geforce-9600-gt.c206,https://www.videocardbenchmark.net/video_lookup.php?gpu=GeForce+9600+GT&id=95,geforce9600gt
NVIDIA,Quadro P5000,GP104,16.0,GDDR5X,256,PCIe 3.0 x16,1.733,1.127,2560,160,64,"Oct 1st, 2016",2016-10-01,12713,229,32.19,394.96,https://www.techpowerup.com/gpu-specs/quadro-p5000.c2864,https://www.videocardbenchmark.net/video_lookup.php?gpu=Quadro+P5000&id=3607,quadrop5000
NVIDIA,GeForce RTX 5090 D,GB202,32.0,GDDR7,512,PCIe 5.0 x16,2.407,1.75,21760,680,176,"Jan 30th, 2025",2025-01-30,42042,1,,,https://www.techpowerup.com/gpu-specs/geforce-rtx-5090-d.c4253,https://www.videocardbenchmark.net/video_lookup.php?gpu=GeForce+RTX+5090+D&id=5898,geforcertx5090d
AMD,Radeon HD 7970,Tahiti,3.0,GDDR5,384,PCIe 3.0 x16,0.925,1.375,2048,128,32,"Jan 9th, 2012",2012-01-09,,,,,https://www.techpowerup.com/gpu-specs/radeon-hd-7970.c296,,radeonhd7970
NVIDIA,Quadro P2200,GP106,5.0,GDDR5X,160,PCIe 3.0 x16,1.493,1.251,1280,80,40,"Jun 10th, 2019",2019-06-10,9420,320,42.05,224.0,https://www.techpowerup.com/gpu-specs/quadro-p2200.c3442,https://www.videocardbenchmark.net/video_lookup.php?gpu=Quadro+P2200&id=4133,quadrop2200
AMD,Radeon RX 7400 OEM,Navi 33,8.0,GDDR6,128,PCIe 4.0 x8,1.1,1.35,1792,112,64,"Aug 8th, 2025",2025-08-08,,,,,https://www.techpowerup.com/gpu-specs/radeon-rx-7400-oem.c4328,,radeonrx7400oem
AMD,Xbox Series X GPU,Scarlett,10.0,GDDR6,320,IGP,1.825,1.75,3328,208,64,"Nov 10th, 2020",2020-11-10,,,,,https://www.techpowerup.com/gpu-specs/xbox-series-x-gpu.c3482,,xboxseriesxgpu
NVIDIA,GeForce RTX 4090 Mobile,AD103,16.0,GDDR6,256,PCIe 4.0 x16,1.695,2.25,9728,304,112,"Feb 8th, 2023",2023-02-08,,,,,https://www.techpowerup.com/gpu-specs/geforce-rtx-4090-mobile.c3949,,geforcertx4090mobile
NVIDIA,GeForce GTX 560 Ti,GF114,1.0,GDDR5,256,PCIe 2.0 x16,0.823,1.002,384,64,32,"Jan 25th, 2011",2011-01-25,3084,754,23.73,129.99,https://www.techpowerup.com/gpu-specs/geforce-gtx-560-ti.c273,https://www.videocardbenchmark.net/video_lookup.php?gpu=GeForce+GTX+560+Ti&id=18,geforcegtx560ti
NVIDIA,Tesla M10,GM107,8.0,GDDR5,128,PCIe 3.0 x16,1.306,1.3,640,40,16,"May 18th, 2016",2016-05-18,2968,768,10.76,276.0,https://www.techpowerup.com/gpu-specs/tesla-m10.c3035,https://www.videocardbenchmark.net/video_lookup.php?gpu=Tesla+M10&id=4095,teslam10
NVIDIA,Quadro P400,GP107,2.0,GDDR5,64,PCIe 3.0 x16,1.252,1.002,256,16,16,"Feb 7th, 2017",2017-02-07,1666,1111,8.29,201.17,https://www.techpowerup.com/gpu-specs/quadro-p400.c2934,https://www.videocardbenchmark.net/video_lookup.php?gpu=Quadro+P400&id=3807,quadrop400
AMD,Radeon HD 7870 GHz Edition,Pitcairn,2.0,GDDR5,256,PCIe 3.0 x16,1.0,1.2,1280,80,32,"Mar 5th, 2012",2012-03-05,,,,,https://www.techpowerup.com/gpu-specs/radeon-hd-7870-ghz-edition.c339,,radeonhd7870ghzedition
NVIDIA,RTX PRO 6000 Blackwell Server,GB202,96.0,GDDR7,512,PCIe 5.0 x16,2.43,1.56,24064,752,192,"Mar 18th, 2025",2025-03-18,,,,,https://www.techpowerup.com/gpu-specs/rtx-pro-6000-blackwell-server.c4274,,rtxpro6000blackwellserver
NVIDIA,GeForce GTX 660 Ti,GK104,2.0,GDDR5,192,PCIe 3.0 x16,0.98,1.502,1344,112,24,"Aug 16th, 2012",2012-08-16,4412,601,30.64,144.0,https://www.techpowerup.com/gpu-specs/geforce-gtx-660-ti.c364,https://www.videocardbenchmark.net/video_lookup.php?gpu=GeForce+GTX+660+Ti&id=88,geforcegtx660ti
AMD,Radeon R9 FURY,Fiji,4.0,HBM,4096,PCIe 3.0 x16,1.0,0.5,3584,224,64,"Jul 10th, 2015",2015-07-10,9516,315,21.48,443.1,https://www.techpowerup.com/gpu-specs/radeon-r9-fury.c2736,https://www.videocardbenchmark.net/video_lookup.php?gpu=Radeon+R9+Fury&id=3256,radeonr9fury
ATI,Radeon HD 5770,Juniper,1.0,GDDR5,128,PCIe 2.0 x16,0.85,1.2,800,40,16,"Oct 13th, 2009",2009-10-13,1345,1235,7.08,189.99,https://www.techpowerup.com/gpu-specs/radeon-hd-5770.c250,https://www.videocardbenchmark.net/video_lookup.php?gpu=Radeon+HD+5770&id=6,radeonhd5770
NVIDIA,RTX PRO 4500 Blackwell Workstation,GB203,32.0,GDDR7,256,PCIe 5.0 x16,2.407,1.75,10496,328,112,"Mar 18th, 2025",2025-03-18,,,,,https://www.techpowerup.com/gpu-specs/rtx-pro-4500-blackwell-workstation.c4278,,rtxpro4500blackwellworkstation
NVIDIA,RTX 6000D,GB202,84.0,GDDR7,448,PCIe 5.0 x16,2.43,1.56,19968,624,192,"Jul 14th, 2025",2025-07-14,,,,,https://www.techpowerup.com/gpu-specs/rtx-6000d.c4363,,rtx6000d
NVIDIA,Quadro 4000,GF100,2.0,GDDR5,256,PCIe 2.0 x16,0.475,0.702,256,32,32,"Nov 2nd, 2010",2010-11-02,1469,1193,5.56,264.2,https://www.techpowerup.com/gpu-specs/quadro-4000.c898,https://www.videocardbenchmark.net/video_lookup.php?gpu=Quadro+4000&id=1549,quadro4000
AMD,Radeon R7 240,Oland,2.0,DDR3,128,PCIe 3.0 x8,0.78,0.9,320,20,8,"Oct 8th, 2013",2013-10-08,898,1452,9.98,89.99,https://www.techpowerup.com/gpu-specs/radeon-r7-240.c2463,https://www.videocardbenchmark.net/video_lookup.php?gpu=Radeon+R7+240&id=2713,radeonr7240
NVIDIA,GeForce GTX 260,GT200,0.875,GDDR3,448,PCIe 2.0 x16,0.576,0.999,192,64,28,"Jun 16th, 2008",2008-06-16,1198,1289,4.19,285.78,https://www.techpowerup.com/gpu-specs/geforce-gtx-260.c217,https://www.videocardbenchmark.net/video_lookup.php?gpu=GeForce+GTX+260&id=17,geforcegtx260
NVIDIA,GeForce GT 640,GK107,2.0,DDR3,128,PCIe 3.0 x16,0.902,0.891,384,32,16,"Jun 5th, 2012",2012-06-05,1161,1307,10.56,109.99,https://www.techpowerup.com/gpu-specs/geforce-gt-640.c813,https://www.videocardbenchmark.net/video_lookup.php?gpu=GeForce+GT+640&id=1432,geforcegt640
Intel,HD Graphics 530,Skylake GT2,,DDR3,3,Ring Bus,0.95,,192,24,3,"Sep 1st, 2015",2015-09-01,,,,,https://www.techpowerup.com/gpu-specs/hd-graphics-530.c2789,,hdgraphics530
AMD,Radeon R7 350,Cape Verde,2.0,GDDR5,128,PCIe 3.0 x16,0.8,1.125,512,32,16,"Jul 6th, 2016",2016-07-06,,,,,https://www.techpowerup.com/gpu-specs/radeon-r7-350.c3135,,radeonr7350
NVIDIA,GeForce RTX 3080 Mobile,GA104,8.0,GDDR6,256,PCIe 4.0 x16,1.545,1.75,6144,192,96,"Jan 26th, 2021",2021-01-26,,,,,https://www.techpowerup.com/gpu-specs/geforce-rtx-3080-mobile.c3684,,geforcertx3080mobile
NVIDIA,RTX PRO 6000 Blackwell Max-Q Workstation,GB202,96.0,GDDR7,512,PCIe 5.0 x16,2.28,1.75,24064,752,192,"Mar 18th, 2025",2025-03-18,,,,,https://www.techpowerup.com/gpu-specs/rtx-pro-6000-blackwell-max-q-workstation.c4273,,rtxpro6000blackwellmaxqworkstation
AMD,Radeon R7 370,Trinidad,2.0,GDDR5,256,PCIe 3.0 x16,0.975,1.4,1024,64,32,"Jun 18th, 2015",2015-06-18,4482,592,,,https://www.techpowerup.com/gpu-specs/radeon-r7-370.c2645,https://www.videocardbenchmark.net/video_lookup.php?gpu=Radeon+R7+370&id=3471,radeonr7370
NVIDIA,Quadro K4000,GK106,3.0,GDDR5,192,PCIe 2.0 x16,0.81,1.404,768,64,24,"Mar 1st, 2013",2013-03-01,2721,807,10.08,270.0,https://www.techpowerup.com/gpu-specs/quadro-k4000.c1841,https://www.videocardbenchmark.net/video_lookup.php?gpu=Quadro+K4000&id=2272,quadrok4000
NVIDIA,CMP 50HX,TU102,10.0,GDDR6,320,PCIe 1.0 x4,1.545,1.75,3584,192,80,"Jun 24th, 2021",2021-06-24,,,,,https://www.techpowerup.com/gpu-specs/cmp-50hx.c3782,,cmp50hx
Intel,Arc A310,DG2-128,4.0,GDDR6,64,PCIe 4.0 x8,1.75,1.937,768,32,16,"Oct 12th, 2022",2022-10-12,5459,505,26.6,205.29,https://www.techpowerup.com/gpu-specs/arc-a310.c3930,https://www.videocardbenchmark.net/video_lookup.php?gpu=Intel+Arc+A310&id=4879,arca310
NVIDIA,Quadro M2000,GM206,4.0,GDDR5,128,PCIe 3.0 x16,1.163,1.653,768,48,32,"Apr 8th, 2016",2016-04-08,4048,628,15.32,264.24,https://www.techpowerup.com/gpu-specs/quadro-m2000.c2837,https://www.videocardbenchmark.net/video_lookup.php?gpu=Quadro+M2000&id=3512,quadrom2000
NVIDIA,Rubin Ultra GPU,GR110,1024.0,HBM4E,32768,PCIe 6.0 x16,2.267,1.9,57344,1792,24,2027,202701-01,,,,,https://www.techpowerup.com/gpu-specs/rubin-ultra-gpu.c4426,,rubinultragpu
NVIDIA,GeForce GTX TITAN,GK110,6.0,GDDR5,384,PCIe 3.0 x16,0.876,1.502,2688,224,48,"Feb 19th, 2013",2013-02-19,8225,360,27.7,296.96,https://www.techpowerup.com/gpu-specs/geforce-gtx-titan.c1996,https://www.videocardbenchmark.net/video_lookup.php?gpu=GeForce+GTX+Titan&id=2433,geforcegtxtitan
NVIDIA,L4,AD104,24.0,GDDR6,192,PCIe 4.0 x16,2.04,1.563,7424,240,80,"Mar 21st, 2023",2023-03-21,10569,286,2.65,3995.0,https://www.techpowerup.com/gpu-specs/l4.c4091,https://www.videocardbenchmark.net/video_lookup.php?gpu=L4&id=4922,l4
NVIDIA,Tesla K80,GK210,12.0,GDDR5,384,PCIe 3.0 x16,0.824,1.253,2496,208,48,"Nov 17th, 2014",2014-11-17,5753,477,36.41,158.02,https://www.techpowerup.com/gpu-specs/tesla-k80.c2616,https://www.videocardbenchmark.net/video_lookup.php?gpu=Tesla+K80&id=4448,teslak80
NVIDIA,CMP 90HX,GA102,10.0,GDDR6X,320,PCIe 1.0 x4,1.71,1.188,6400,200,80,"Jul 28th, 2021",2021-07-28,,,,,https://www.techpowerup.com/gpu-specs/cmp-90hx.c3783,,cmp90hx
NVIDIA,GeForce GT 740,GK107,1.0,GDDR5,128,PCIe 3.0 x16,0.993,1.253,384,32,16,"May 29th, 2014",2014-05-29,1419,1215,5.99,236.99,https://www.techpowerup.com/gpu-specs/geforce-gt-740.c1987,https://www.videocardbenchmark.net/video_lookup.php?gpu=GeForce+GT+740&id=2883,geforcegt740
Intel,HD Graphics 4000,Ivy Bridge GT2,,DDR3,3,Ring Bus,1.05,,128,16,2,"May 14th, 2012",2012-05-14,,,,,https://www.techpowerup.com/gpu-specs/hd-graphics-4000.c1282,,hdgraphics4000
NVIDIA,Tesla P4,GP104,8.0,GDDR5,256,PCIe 3.0 x16,1.114,1.502,2560,160,64,"Sep 13th, 2016",2016-09-13,9110,335,50.91,178.94,https://www.techpowerup.com/gpu-specs/tesla-p4.c2879,https://www.videocardbenchmark.net/video_lookup.php?gpu=Tesla+P4&id=4631,teslap4
NVIDIA,Quadro K4200,GK104,4.0,GDDR5,256,PCIe 2.0 x16,0.784,1.35,1344,112,32,"Jul 22nd, 2014",2014-07-22,4327,609,17.38,249.0,https://www.techpowerup.com/gpu-specs/quadro-k4200.c2602,https://www.videocardbenchmark.net/video_lookup.php?gpu=Quadro+K4200&id=2944,quadrok4200
AMD,Instinct MI100,Arcturus,32.0,HBM2,4096,PCIe 4.0 x16,1.502,1.2,7680,480,0,"Nov 16th, 2020",2020-11-16,,,,,https://www.techpowerup.com/gpu-specs/instinct-mi100.c3496,,instinctmi100
Intel,Iris Xe Graphics G7 96EU Mobile,Tiger Lake GT2,,DDR4,4,Ring Bus,1.1,,768,48,24,"Sep 2nd, 2020",2020-09-02,,,,,https://www.techpowerup.com/gpu-specs/iris-xe-graphics-g7-96eu-mobile.c3677,,irisxegraphicsg796eumobile
AMD,Radeon RX Vega 11,Raven,,DDR4,4,IGP,1.24,,704,44,8,"Feb 12th, 2018",2018-02-12,2086,963,2.08,1002.0,https://www.techpowerup.com/gpu-specs/radeon-rx-vega-11.c3054,https://www.videocardbenchmark.net/video_lookup.php?gpu=Radeon+RX+Vega+11&id=3893,radeonrxvega11
NVIDIA,GeForce GTX 1650 Mobile,TU117,4.0,GDDR5,128,PCIe 3.0 x16,1.56,2.001,1024,64,32,"Apr 23rd, 2019",2019-04-23,6968,409,,,https://www.techpowerup.com/gpu-specs/geforce-gtx-1650-mobile.c3367,https://www.videocardbenchmark.net/video_lookup.php?gpu=GeForce+GTX+1650+%28Mobile%29&id=4090,geforcegtx1650mobile
NVIDIA,Quadro T1200 Mobile,TU117,4.0,GDDR6,128,PCIe 3.0 x16,1.785,1.5,1024,64,32,"Apr 12th, 2021",2021-04-12,,,,,https://www.techpowerup.com/gpu-specs/quadro-t1200-mobile.c3803,,quadrot1200mobile
NVIDIA,L40S,AD102,48.0,GDDR6,384,PCIe 4.0 x16,2.52,2.25,18176,568,192,"Aug 23rd, 2023",2023-08-23,21099,82,,,https://www.techpowerup.com/gpu-specs/l40s.c4173,https://www.videocardbenchmark.net/video_lookup.php?gpu=L40S&id=5017,l40s
NVIDIA,GeForce RTX 5090 SE,GB202,24.0,GDDR7,384,PCIe 5.0 x16,2.377,1.75,14080,440,160,Never Released,,,,,,https://www.techpowerup.com/gpu-specs/geforce-rtx-5090-se.c4417,,geforcertx5090se
NVIDIA,RTX A5000,GA102,24.0,GDDR6,384,PCIe 4.0 x16,1.695,2.0,8192,256,96,"Apr 12th, 2021",2021-04-12,22842,65,10.24,2229.99,https://www.techpowerup.com/gpu-specs/rtx-a5000.c3748,https://www.videocardbenchmark.net/video_lookup.php?gpu=RTX+A5000&id=4390,rtxa5000
NVIDIA,TITAN X Pascal,GP102,12.0,GDDR5X,384,PCIe 3.0 x16,1.531,1.251,3584,224,96,"Aug 2nd, 2016",2016-08-02,,,,,https://www.techpowerup.com/gpu-specs/titan-x-pascal.c2863,,titanxpascal
NVIDIA,GeForce RTX 4080 Mobile,AD104,12.0,GDDR6,192,PCIe 4.0 x16,1.665,2.25,7424,232,80,"Feb 8th, 2023",2023-02-08,,,,,https://www.techpowerup.com/gpu-specs/geforce-rtx-4080-mobile.c3947,,geforcertx4080mobile
NVIDIA,Quadro K2000,GK107,2.0,GDDR5,128,PCIe 2.0 x16,0.954,1.0,384,32,16,"Mar 1st, 2013",2013-03-01,1584,1152,5.39,294.0,https://www.techpowerup.com/gpu-specs/quadro-k2000.c1838,https://www.videocardbenchmark.net/video_lookup.php?gpu=Quadro+K2000&id=2446,quadrok2000
NVIDIA,GeForce GTS 250,G92B,1.0,GDDR3,256,PCIe 2.0 x16,0.702,1.0,128,64,16,"Mar 4th, 2009",2009-03-04,562,1802,6.54,86.06,https://www.techpowerup.com/gpu-specs/geforce-gts-250.c241,https://www.videocardbenchmark.net/video_lookup.php?gpu=GeForce+GTS+250&id=29,geforcegts250
AMD,Radeon Pro WX 3200,Polaris 23,4.0,GDDR5,128,PCIe 3.0 x8,1.295,1.5,640,32,16,"Jul 2nd, 2019",2019-07-02,2235,918,11.74,190.37,https://www.techpowerup.com/gpu-specs/radeon-pro-wx-3200.c3412,https://www.videocardbenchmark.net/video_lookup.php?gpu=Radeon+Pro+WX+3200&id=4065,radeonprowx3200
AMD,Instinct MI455X,MI450 256CU,432.0,HBM4,24576,PCIe 6.0 x16,2.4,1.9,32768,1024,0,"Jul 23rd, 2026",2026-07-23,,,,,https://www.techpowerup.com/gpu-specs/instinct-mi455x.c4423,,instinctmi455x
NVIDIA,GeForce GTX 1650 Ti Mobile,TU117,4.0,GDDR6,128,PCIe 3.0 x16,1.485,1.5,1024,64,32,"Apr 2nd, 2020",2020-04-02,,,,,https://www.techpowerup.com/gpu-specs/geforce-gtx-1650-ti-mobile.c3512,,geforcegtx1650timobile
NVIDIA,GeForce RTX 2060 Mobile,TU106,6.0,GDDR6,192,PCIe 3.0 x16,1.2,1.75,1920,120,48,"Jan 29th, 2019",2019-01-29,11352,271,,,https://www.techpowerup.com/gpu-specs/geforce-rtx-2060-mobile.c3348,https://www.videocardbenchmark.net/video_lookup.php?gpu=GeForce+RTX+2060+%28Mobile%29&id=4085,geforcertx2060mobile
NVIDIA,GeForce RTX 3050 4 GB,GA107,4.0,GDDR6,128,PCIe 4.0 x8,1.74,1.5,2048,64,32,"Jan 27th, 2022",2022-01-27,,,,,https://www.techpowerup.com/gpu-specs/geforce-rtx-3050-4-gb.c3744,,geforcertx30504gb
NVIDIA,Quadro GV100,GV100,32.0,HBM2,4096,PCIe 3.0 x16,1.627,0.848,5120,320,128,"Mar 27th, 2018",2018-03-27,18545,113,2.06,8999.0,https://www.techpowerup.com/gpu-specs/quadro-gv100.c3066,https://www.videocardbenchmark.net/video_lookup.php?gpu=Quadro+GV100&id=3919,quadrogv100
AMD,Radeon RX 640 OEM,Polaris 23,4.0,GDDR5,128,PCIe 3.0 x8,1.295,1.5,640,40,16,"Apr 9th, 2020",2020-04-09,,,,,https://www.techpowerup.com/gpu-specs/radeon-rx-640-oem.c4110,,radeonrx640oem
ATI,Radeon HD 5870,Cypress,1.0,GDDR5,256,PCIe 2.0 x16,0.85,1.2,1600,80,32,"Sep 23rd, 2009",2009-09-23,2179,936,5.13,424.7,https://www.techpowerup.com/gpu-specs/radeon-hd-5870.c253,https://www.videocardbenchmark.net/video_lookup.php?gpu=Radeon+HD+5870&id=48,radeonhd5870
NVIDIA,GeForce RTX 3050 Mobile Refresh 6 GB,GA107,6.0,GDDR6,96,PCIe 4.0 x8,1.492,1.75,2560,80,32,"Jul 6th, 2022",2022-07-06,,,,,https://www.techpowerup.com/gpu-specs/geforce-rtx-3050-mobile-refresh-6-gb.c3971,,geforcertx3050mobilerefresh6gb
AMD,Radeon HD 7750,Cape Verde,1.0,GDDR5,128,PCIe 3.0 x16,0.8,1.125,512,32,16,"Feb 15th, 2012",2012-02-15,1700,1097,16.84,100.99,https://www.techpowerup.com/gpu-specs/radeon-hd-7750.c309,https://www.videocardbenchmark.net/video_lookup.php?gpu=Radeon+HD+7750&id=321,radeonhd7750
AMD,Radeon 660M,Rembrandt,,DDR5,5,PCIe 4.0 x8,1.9,,384,24,16,"Jan 4th, 2022",2022-01-04,3126,744,,,https://www.techpowerup.com/gpu-specs/radeon-660m.c3870,https://www.videocardbenchmark.net/video_lookup.php?gpu=Radeon+660M&id=5062,radeon660m
AMD,Radeon R7 430 OEM,Oland,2.0,DDR3,128,PCIe 3.0 x8,0.78,0.9,384,24,8,"Jun 30th, 2016",2016-06-30,,,,,https://www.techpowerup.com/gpu-specs/radeon-r7-430-oem.c2892,,radeonr7430oem
NVIDIA,Tesla V100 SXM2 32 GB,GV100,32.0,HBM2,4096,PCIe 3.0 x16,1.53,0.877,5120,320,128,"Mar 27th, 2018",2018-03-27,,,,,https://www.techpowerup.com/gpu-specs/tesla-v100-sxm2-32-gb.c3185,,teslav100sxm232gb
NVIDIA,GeForce GT 630,GF108,1.0,DDR3,128,PCIe 2.0 x16,0.81,0.9,96,16,4,"May 15th, 2012",2012-05-15,683,1650,4.65,147.01,https://www.techpowerup.com/gpu-specs/geforce-gt-630.c816,https://www.videocardbenchmark.net/video_lookup.php?gpu=GeForce+GT+630&id=1431,geforcegt630
NVIDIA,GeForce 8800 GT,G92,0.5,GDDR3,256,PCIe 2.0 x16,0.6,0.9,112,56,16,"Oct 29th, 2007",2007-10-29,452,1938,2.12,213.54,https://www.techpowerup.com/gpu-specs/geforce-8800-gt.c201,https://www.videocardbenchmark.net/video_lookup.php?gpu=GeForce+8800+GT&id=1279,geforce8800gt
AMD,Radeon RX 9060 XT LP,Navi 44,16.0,GDDR6,128,PCIe 5.0 x16,3.05,2.518,2048,128,64,"Dec 17th, 2025",2025-12-17,18147,116,,,https://www.techpowerup.com/gpu-specs/radeon-rx-9060-xt-lp.c4380,https://www.videocardbenchmark.net/video_lookup.php?gpu=Radeon+RX+9060+XT+LP&id=9404,radeonrx9060xtlp
NVIDIA,Quadro P6000,GP102,24.0,GDDR5X,384,PCIe 3.0 x16,1.645,1.127,3840,240,96,"Oct 1st, 2016",2016-10-01,15396,166,18.16,848.0,https://www.techpowerup.com/gpu-specs/quadro-p6000.c2865,https://www.videocardbenchmark.net/video_lookup.php?gpu=Quadro+P6000&id=3597,quadrop6000
NVIDIA,RTX 4000 Ada Generation,AD104,20.0,GDDR6,160,PCIe 4.0 x16,2.175,2.25,6144,192,64,"Aug 9th, 2023",2023-08-09,23646,57,,,https://www.techpowerup.com/gpu-specs/rtx-4000-ada-generation.c4171,https://www.videocardbenchmark.net/video_lookup.php?gpu=RTX+4000+Ada+Generation&id=4942,rtx4000adageneration
NVIDIA,GeForce GTX 280,GT200,1.0,GDDR3,512,PCIe 2.0 x16,0.602,1.107,240,80,32,"Jun 16th, 2008",2008-06-16,1293,1250,2.47,522.78,https://www.techpowerup.com/gpu-specs/geforce-gtx-280.c216,https://www.videocardbenchmark.net/video_lookup.php?gpu=GeForce+GTX+280&id=66,geforcegtx280
AMD,Radeon Graphics 448SP,Cezanne,,DDR4,4,IGP,1.9,,448,28,8,"Apr 13th, 2021",2021-04-13,,,,,https://www.techpowerup.com/gpu-specs/radeon-graphics-448sp.c3833,,radeongraphics448sp
AMD,Radeon HD 7990,Malta,3.0,GDDR5,384,PCIe 3.0 x16,1.0,1.5,2048,128,32,"Apr 24th, 2013",2013-04-24,5565,491,9.43,589.96,https://www.techpowerup.com/gpu-specs/radeon-hd-7990.c2126,https://www.videocardbenchmark.net/video_lookup.php?gpu=Radeon+HD+7990&id=2528,radeonhd7990
AMD,Radeon HD 6870,Barts,1.0,GDDR5,256,PCIe 2.0 x16,0.9,1.05,1120,56,32,"Oct 21st, 2010",2010-10-21,2192,933,8.06,272.06,https://www.techpowerup.com/gpu-specs/radeon-hd-6870.c256,https://www.videocardbenchmark.net/video_lookup.php?gpu=Radeon+HD+6870&id=22,radeonhd6870
AMD,Radeon HD 6450,Caicos,0.5,GDDR3,64,PCIe 2.0 x16,0.625,0.5,160,8,4,"Apr 7th, 2011",2011-04-07,198,2196,2.23,89.0,https://www.techpowerup.com/gpu-specs/radeon-hd-6450.c402,https://www.videocardbenchmark.net/video_lookup.php?gpu=Radeon+HD+6450&id=267,radeonhd6450
AMD,Radeon HD 7950,Tahiti,3.0,GDDR5,384,PCIe 3.0 x16,0.8,1.25,1792,112,32,"Jan 31st, 2012",2012-01-31,,,,,https://www.techpowerup.com/gpu-specs/radeon-hd-7950.c307,,radeonhd7950
AMD,Radeon 760M,Phoenix,,DDR5,5,PCIe 4.0 x8,2.599,,512,32,16,"Jan 4th, 2023",2023-01-04,5302,516,,,https://www.techpowerup.com/gpu-specs/radeon-760m.c4022,https://www.videocardbenchmark.net/video_lookup.php?gpu=Radeon+760M&id=4902,radeon760m
ATI,Radeon HD 3470,RV620,0.25,GDDR3,64,PCIe 2.0 x16,0.8,0.95,40,4,4,"Jan 23rd, 2008",2008-01-23,117,2350,1.07,109.65,https://www.techpowerup.com/gpu-specs/radeon-hd-3470.c225,https://www.videocardbenchmark.net/video_lookup.php?gpu=Radeon+HD+3470&id=583,radeonhd3470
NVIDIA,CMP 100HX-210,GV100,16.0,HBM2,4096,PCIe 1.0 x1,1.147,0.81,5120,320,128,2020,202001-01,,,,,https://www.techpowerup.com/gpu-specs/cmp-100hx-210.c4202,,cmp100hx210
NVIDIA,GeForce GTX 1650 GDDR6,TU117,4.0,GDDR6,128,PCIe 3.0 x16,1.59,1.5,896,56,32,"Apr 1st, 2020",2020-04-01,,,,,https://www.techpowerup.com/gpu-specs/geforce-gtx-1650-gddr6.c3541,,geforcegtx1650gddr6
NVIDIA,Quadro P600,GP107,2.0,GDDR5,128,PCIe 3.0 x16,1.557,1.002,384,24,16,"Feb 7th, 2017",2017-02-07,3335,712,15.84,210.58,https://www.techpowerup.com/gpu-specs/quadro-p600.c2933,https://www.videocardbenchmark.net/video_lookup.php?gpu=Quadro+P600&id=3729,quadrop600
NVIDIA,L20,AD102,48.0,GDDR6,384,PCIe 4.0 x16,2.52,2.25,11776,368,128,"Nov 16th, 2023",2023-11-16,13430,,,,https://www.techpowerup.com/gpu-specs/l20.c4206,https://www.videocardbenchmark.net/gpu.php?gpu=nVidia+L20&id=6257,l20
NVIDIA,RTX Spark N1X 6144-core,GB20B,128.0,LPDDR5X,256,PCIe 5.0 x16,2.346,1.067,6144,192,48,Oct 2026,2026-10-01,,,,,https://www.techpowerup.com/gpu-specs/rtx-spark-n1x-6144-core.c4410,,rtxsparkn1x6144core
NVIDIA,GeForce RTX 5090 D V2,GB202,24.0,GDDR7,384,PCIe 5.0 x16,2.407,1.75,21760,680,176,"Aug 15th, 2025",2025-08-15,33472,8,,,https://www.techpowerup.com/gpu-specs/geforce-rtx-5090-d-v2.c4310,https://www.videocardbenchmark.net/video_lookup.php?gpu=GeForce+RTX+5090+D+v2&id=7099,geforcertx5090dv2
AMD,Radeon RX 7700,Navi 32,16.0,GDDR6,256,PCIe 4.0 x16,2.459,2.438,2560,160,96,"Sep 18th, 2025",2025-09-18,20640,86,,,https://www.techpowerup.com/gpu-specs/radeon-rx-7700.c4159,https://www.videocardbenchmark.net/video_lookup.php?gpu=Radeon+RX+7700&id=7650,radeonrx7700
NVIDIA,GeForce GTX 745 OEM,GM107,4.0,DDR3,128,PCIe 3.0 x16,1.033,0.9,384,24,16,"Feb 18th, 2014",2014-02-18,,,,,https://www.techpowerup.com/gpu-specs/geforce-gtx-745-oem.c2561,,geforcegtx745oem
NVIDIA,GeForce 9400 GT,G86S,0.125,DDR2,64,PCIe 2.0 x16,0.459,0.6,16,8,4,"Aug 1st, 2008",2008-08-01,194,2202,3.2,60.73,https://www.techpowerup.com/gpu-specs/geforce-9400-gt.c1765,https://www.videocardbenchmark.net/video_lookup.php?gpu=GeForce+9400+GT&id=11,geforce9400gt
NVIDIA,RTX A2000 Mobile,GA107,4.0,GDDR6,128,PCIe 4.0 x16,1.687,1.5,2560,80,48,"Apr 12th, 2021",2021-04-12,,,,,https://www.techpowerup.com/gpu-specs/rtx-a2000-mobile.c3827,,rtxa2000mobile
NVIDIA,GeForce GTX TITAN Z,GK110B,6.0,GDDR5,384,PCIe 3.0 x16,0.876,1.75,2880,240,48,"May 28th, 2014",2014-05-28,8896,342,17.9,496.96,https://www.techpowerup.com/gpu-specs/geforce-gtx-titan-z.c2575,https://www.videocardbenchmark.net/video_lookup.php?gpu=GeForce+GTX+TITAN+Z&id=2884,geforcegtxtitanz
Intel,HD Graphics 630,Kaby Lake GT2,,DDR3,3,Ring Bus,1.0,,192,24,3,"Aug 30th, 2016",2016-08-30,,,,,https://www.techpowerup.com/gpu-specs/hd-graphics-630.c2962,,hdgraphics630
AMD,Radeon RX 6600M,Navi 23,8.0,GDDR6,128,PCIe 4.0 x8,2.416,1.75,1792,112,64,"May 31st, 2021",2021-05-31,13765,201,30.06,458.0,https://www.techpowerup.com/gpu-specs/radeon-rx-6600m.c3776,https://www.videocardbenchmark.net/video_lookup.php?gpu=Radeon+RX+6600M&id=4449,radeonrx6600m
NVIDIA,GeForce 8800 GTX,G80,0.75,GDDR3,384,PCIe 1.0 x16,0.576,0.9,128,32,24,"Nov 8th, 2006",2006-11-08,555,1809,4.63,119.99,https://www.techpowerup.com/gpu-specs/geforce-8800-gtx.c187,https://www.videocardbenchmark.net/video_lookup.php?gpu=GeForce+8800+GTX&id=119,geforce8800gtx
AMD,Radeon Pro WX 7100,Ellesmere,8.0,GDDR5,256,PCIe 3.0 x16,1.243,1.75,2304,144,32,"Nov 10th, 2016",2016-11-10,7701,382,39.09,196.99,https://www.techpowerup.com/gpu-specs/radeon-pro-wx-7100.c2872,https://www.videocardbenchmark.net/video_lookup.php?gpu=Radeon+Pro+WX+7100&id=3611,radeonprowx7100
AMD,Radeon HD 6950,Cayman,2.0,GDDR5,256,PCIe 2.0 x16,0.8,1.25,1408,88,32,"Dec 14th, 2010",2010-12-14,2590,833,18.5,139.99,https://www.techpowerup.com/gpu-specs/radeon-hd-6950.c405,https://www.videocardbenchmark.net/video_lookup.php?gpu=Radeon+HD+6950&id=36,radeonhd6950
NVIDIA,GeForce GTX 570,GF110,1.25,GDDR5,320,PCIe 2.0 x16,0.732,0.95,480,60,40,"Dec 7th, 2010",2010-12-07,3951,636,26.34,149.99,https://www.techpowerup.com/gpu-specs/geforce-gtx-570.c269,https://www.videocardbenchmark.net/video_lookup.php?gpu=GeForce+GTX+570&id=15,geforcegtx570
NVIDIA,GeForce GTX 295,GT200B,0.875,GDDR3,448,PCIe 2.0 x16,0.576,0.999,240,80,28,"Jan 8th, 2009",2009-01-08,1221,1280,7.63,159.99,https://www.techpowerup.com/gpu-specs/geforce-gtx-295.c239,https://www.videocardbenchmark.net/video_lookup.php?gpu=GeForce+GTX+295&id=1446,geforcegtx295
NVIDIA,GeForce RTX 5070 SUPER,GB205,18.0,GDDR7,192,PCIe 5.0 x16,2.497,1.75,6400,200,80,Never Released,,,,,,https://www.techpowerup.com/gpu-specs/geforce-rtx-5070-super.c4311,,geforcertx5070super
ATI,Radeon E4690 PCIe,M96,0.5,GDDR3,128,PCIe 2.0 x16,0.6,0.7,320,32,8,"Jun 1st, 2009",2009-06-01,,,,,https://www.techpowerup.com/gpu-specs/radeon-e4690-pcie.c3012,,radeone4690pcie
NVIDIA,RTX PRO 1000 Blackwell Mobile,GB207,8.0,GDDR7,128,PCIe 5.0 x16,1.627,1.5,2560,80,32,Unknown,,,,,,https://www.techpowerup.com/gpu-specs/rtx-pro-1000-blackwell-mobile.c4284,,rtxpro1000blackwellmobile
NVIDIA,GeForce GTX 960M,GM107,4.0,GDDR5,128,MXM-B (3.0),1.176,1.253,640,40,16,"Mar 13th, 2015",2015-03-13,3371,705,2.88,1169.0,https://www.techpowerup.com/gpu-specs/geforce-gtx-960m.c2635,https://www.videocardbenchmark.net/video_lookup.php?gpu=GeForce+GTX+960M&id=3176,geforcegtx960m
AMD,Instinct MI210,Aldebaran 112CU,64.0,HBM2E,4096,PCIe 4.0 x16,1.7,1.6,6656,416,0,"Mar 22nd, 2022",2022-03-22,,,,,https://www.techpowerup.com/gpu-specs/instinct-mi210.c3857,,instinctmi210
NVIDIA,CMP 40HX,TU106,8.0,GDDR6,256,PCIe 1.0 x4,1.65,1.75,2304,144,64,"Feb 25th, 2021",2021-02-25,9792,303,,,https://www.techpowerup.com/gpu-specs/cmp-40hx.c3781,https://www.videocardbenchmark.net/video_lookup.php?gpu=CMP+40HX&id=4903,cmp40hx
AMD,Playstation 6 GPU,Orion,20.0,GDDR7,160,IGP,2.5,2.0,7168,224,64,2028,202801-01,,,,,https://www.techpowerup.com/gpu-specs/playstation-6-gpu.c4439,,playstation6gpu
NVIDIA,GeForce RTX 4090 Ti,AD102,24.0,GDDR6X,384,PCIe 4.0 x16,2.565,1.5,18176,568,192,Never Released,,,,,,https://www.techpowerup.com/gpu-specs/geforce-rtx-4090-ti.c3917,,geforcertx4090ti
NVIDIA,GeForce GT 430,GF108,0.5,DDR3,64,PCIe 2.0 x16,0.7,0.8,96,16,4,"Oct 11th, 2010",2010-10-11,594,1756,4.25,139.99,https://www.techpowerup.com/gpu-specs/geforce-gt-430.c603,https://www.videocardbenchmark.net/video_lookup.php?gpu=GeForce+GT+430&id=53,geforcegt430
AMD,Radeon HD 6670,Turks,1.0,GDDR5,128,PCIe 2.0 x16,0.8,1.0,480,24,8,"Apr 19th, 2011",2011-04-19,732,1603,10.62,68.99,https://www.techpowerup.com/gpu-specs/radeon-hd-6670.c406,https://www.videocardbenchmark.net/video_lookup.php?gpu=Radeon+HD+6670&id=96,radeonhd6670
AMD,Radeon RX 5600 OEM,Navi 10,6.0,GDDR6,192,PCIe 4.0 x16,1.56,1.5,2048,128,64,"Jan 21st, 2020",2020-01-21,12317,245,,,https://www.techpowerup.com/gpu-specs/radeon-rx-5600-oem.c3475,https://www.videocardbenchmark.net/video_lookup.php?gpu=Radeon+RX+5600+OEM&id=4640,radeonrx5600oem
AMD,Instinct MI350P,MI350 128CU,144.0,HBM3E,4096,PCIe 5.0 x16,2.2,2.0,8192,512,0,"May 7th, 2026",2026-05-07,,,,,https://www.techpowerup.com/gpu-specs/instinct-mi350p.c4402,,instinctmi350p
Intel,Arc 140V Mobile,Lunar Lake,,GDDR6,6,IGP,1.95,,1024,64,32,"Sep 24th, 2024",2024-09-24,,,,,https://www.techpowerup.com/gpu-specs/arc-140v-mobile.c4314,,arc140vmobile
NVIDIA,RTX PRO 500 Blackwell Mobile,GB207,6.0,GDDR7,96,PCIe 5.0 x16,1.792,1.5,1792,56,24,Unknown,,,,,,https://www.techpowerup.com/gpu-specs/rtx-pro-500-blackwell-mobile.c4285,,rtxpro500blackwellmobile
AMD,Playstation 4 GPU,Liverpool,8.0,GDDR5,256,IGP,0.8,1.375,1152,72,32,"Nov 24th, 2013",2013-11-24,,,,,https://www.techpowerup.com/gpu-specs/playstation-4-gpu.c2085,,playstation4gpu
AMD,Radeon Pro WX 4100,Baffin,4.0,GDDR5,128,PCIe 3.0 x8,1.201,1.5,1024,64,16,"Nov 10th, 2016",2016-11-10,3698,670,30.83,119.99,https://www.techpowerup.com/gpu-specs/radeon-pro-wx-4100.c2874,https://www.videocardbenchmark.net/video_lookup.php?gpu=Radeon+Pro+WX+4100&id=3694,radeonprowx4100
Intel,UHD Graphics 620 Mobile,Kaby Lake GT2,,DDR4,4,Ring Bus,1.0,,192,24,3,"Sep 1st, 2017",2017-09-01,,,,,https://www.techpowerup.com/gpu-specs/uhd-graphics-620-mobile.c2909,,uhdgraphics620mobile
NVIDIA,Tesla V100 SXM2 16 GB,GV100,16.0,HBM2,4096,PCIe 3.0 x16,1.53,0.876,5120,320,128,"Jun 21st, 2017",2017-06-21,11265,272,,,https://www.techpowerup.com/gpu-specs/tesla-v100-sxm2-16-gb.c3018,https://www.videocardbenchmark.net/video_lookup.php?gpu=Tesla+V100-SXM2-16GB&id=4105,teslav100sxm216gb
NVIDIA,T500 Mobile,TU117,4.0,GDDR6,64,PCIe 3.0 x16,1.56,1.25,896,56,32,"Dec 2nd, 2020",2020-12-02,,,,,https://www.techpowerup.com/gpu-specs/t500-mobile.c3747,,t500mobile
AMD,Radeon 740M,Phoenix,,DDR5,5,PCIe 4.0 x8,2.5,,256,16,8,"Jan 4th, 2023",2023-01-04,2934,774,,,https://www.techpowerup.com/gpu-specs/radeon-740m.c4162,https://www.videocardbenchmark.net/video_lookup.php?gpu=Radeon+740M&id=4926,radeon740m
AMD,Radeon R7 450 OEM,Cape Verde,2.0,GDDR5,128,PCIe 3.0 x16,0.925,1.125,512,32,16,"Jun 30th, 2016",2016-06-30,,,,,https://www.techpowerup.com/gpu-specs/radeon-r7-450-oem.c2890,,radeonr7450oem
AMD,Radeon HD 6850,Barts,1.0,GDDR5,256,PCIe 2.0 x16,0.775,1.0,960,48,32,"Oct 21st, 2010",2010-10-21,1927,1013,9.14,210.92,https://www.techpowerup.com/gpu-specs/radeon-hd-6850.c255,https://www.videocardbenchmark.net/video_lookup.php?gpu=Radeon+HD+6850&id=45,radeonhd6850
AMD,Radeon Pro WX 2100,Lexa,2.0,GDDR5,64,PCIe 3.0 x8,1.219,1.5,512,32,16,"Jun 4th, 2017",2017-06-04,1897,1027,,,https://www.techpowerup.com/gpu-specs/radeon-pro-wx-2100.c2979,https://www.videocardbenchmark.net/video_lookup.php?gpu=Radeon+Pro+WX+2100&id=3794,radeonprowx2100
AMD,Radeon RX 7650 GRE,Navi 33,8.0,GDDR6,128,PCIe 4.0 x8,2.695,2.25,2048,128,64,"Feb 7th, 2025",2025-02-07,17894,119,64.14,279.0,https://www.techpowerup.com/gpu-specs/radeon-rx-7650-gre.c4258,https://www.videocardbenchmark.net/video_lookup.php?gpu=Radeon+RX+7650+GRE&id=6308,radeonrx7650gre
NVIDIA,GeForce GTX 560,GF114,1.0,GDDR5,256,PCIe 2.0 x16,0.81,1.0,336,56,32,"May 17th, 2011",2011-05-17,2774,796,13.53,205.0,https://www.techpowerup.com/gpu-specs/geforce-gtx-560.c287,https://www.videocardbenchmark.net/video_lookup.php?gpu=GeForce+GTX+560&id=71,geforcegtx560
NVIDIA,Quadro 2000,GF106,1.0,GDDR5,128,PCIe 2.0 x16,0.625,0.65,192,32,16,"Dec 24th, 2010",2010-12-24,941,1421,1.31,717.59,https://www.techpowerup.com/gpu-specs/quadro-2000.c900,https://www.videocardbenchmark.net/video_lookup.php?gpu=Quadro+2000&id=1543,quadro2000
NVIDIA,T600,TU117,4.0,GDDR6,128,PCIe 3.0 x16,1.335,1.25,640,40,32,"Apr 12th, 2021",2021-04-12,6376,436,21.47,297.0,https://www.techpowerup.com/gpu-specs/t600.c3796,https://www.videocardbenchmark.net/video_lookup.php?gpu=NVIDIA+T600&id=4439,t600
NVIDIA,RTX PRO 4000 Blackwell SFF,GB203,24.0,GDDR7,192,PCIe 5.0 x8,1.342,1.125,8960,280,96,"Aug 11th, 2025",2025-08-11,,,,,https://www.techpowerup.com/gpu-specs/rtx-pro-4000-blackwell-sff.c4329,,rtxpro4000blackwellsff
AMD,Radeon HD 6970,Cayman,2.0,GDDR5,256,PCIe 2.0 x16,0.88,1.375,1536,96,32,"Dec 14th, 2010",2010-12-14,2829,787,18.86,149.99,https://www.techpowerup.com/gpu-specs/radeon-hd-6970.c258,https://www.videocardbenchmark.net/video_lookup.php?gpu=Radeon+HD+6970&id=84,radeonhd6970
Intel,UHD Graphics 730,Rocket Lake,,DDR4,4,Ring Bus,1.3,,192,12,8,"Mar 30th, 2021",2021-03-30,1543,1168,,,https://www.techpowerup.com/gpu-specs/uhd-graphics-730.c3765,https://www.videocardbenchmark.net/video_lookup.php?gpu=Intel+UHD+Graphics+730&id=4379,uhdgraphics730
ATI,Radeon HD 4870,RV770,0.5,GDDR5,256,PCIe 2.0 x16,0.75,0.9,800,40,16,"Jun 25th, 2008",2008-06-25,1386,1220,8.5,163.14,https://www.techpowerup.com/gpu-specs/radeon-hd-4870.c219,https://www.videocardbenchmark.net/video_lookup.php?gpu=Radeon+HD+4870&id=30,radeonhd4870
AMD,Radeon R7 250,Oland,1.0,GDDR5,128,PCIe 3.0 x8,1.05,1.15,384,24,8,"Oct 8th, 2013",2013-10-08,1046,1361,10.36,101.05,https://www.techpowerup.com/gpu-specs/radeon-r7-250.c2459,https://www.videocardbenchmark.net/video_lookup.php?gpu=Radeon+R7+250&id=2768,radeonr7250
NVIDIA,GeForce MX150,GP108,2.0,GDDR5,64,PCIe 3.0 x4,1.532,1.502,384,24,16,"May 17th, 2017",2017-05-17,2246,916,37.89,59.29,https://www.techpowerup.com/gpu-specs/geforce-mx150.c2959,https://www.videocardbenchmark.net/video_lookup.php?gpu=GeForce+MX150&id=3789,geforcemx150
NVIDIA,Quadro T1000 Mobile,TU117,4.0,GDDR5,128,PCIe 3.0 x16,1.455,2.001,896,56,32,"May 27th, 2019",2019-05-27,,,,,https://www.techpowerup.com/gpu-specs/quadro-t1000-mobile.c3435,,quadrot1000mobile
NVIDIA,GeForce RTX 5070 Ti SUPER,GB203,16.0,GDDR7,256,PCIe 5.0 x16,2.452,1.75,8960,280,96,Never Released,,,,,,https://www.techpowerup.com/gpu-specs/geforce-rtx-5070-ti-super.c4312,,geforcertx5070tisuper
AMD,Radeon 860M,Krackan Point,,DDR5,5,PCIe 4.0 x8,3.0,,512,32,16,Mar 2025,2025-03-01,4869,558,,,https://www.techpowerup.com/gpu-specs/radeon-860m.c4289,https://www.videocardbenchmark.net/video_lookup.php?gpu=Radeon+860M&id=5320,radeon860m
AMD,Radeon Pro W5700,Navi 10,8.0,GDDR6,256,PCIe 4.0 x16,1.88,1.75,2304,144,64,"Nov 19th, 2019",2019-11-19,14130,194,65.13,216.96,https://www.techpowerup.com/gpu-specs/radeon-pro-w5700.c3466,https://www.videocardbenchmark.net/video_lookup.php?gpu=Radeon+Pro+W5700&id=4182,radeonprow5700
NVIDIA,GeForce GTX 1660 Ti Mobile,TU116,6.0,GDDR6,192,PCIe 3.0 x16,1.59,1.5,1536,96,48,"Apr 23rd, 2019",2019-04-23,10085,295,,,https://www.techpowerup.com/gpu-specs/geforce-gtx-1660-ti-mobile.c3369,https://www.videocardbenchmark.net/video_lookup.php?gpu=GeForce+GTX+1660+Ti+%28Mobile%29&id=4091,geforcegtx1660timobile
NVIDIA,CMP 30HX,TU116,6.0,GDDR6,192,PCIe 1.0 x4,1.785,1.75,1408,88,48,"Feb 25th, 2021",2021-02-25,6042,460,,,https://www.techpowerup.com/gpu-specs/cmp-30hx.c3780,https://www.videocardbenchmark.net/video_lookup.php?gpu=CMP+30HX&id=4974,cmp30hx
NVIDIA,GeForce RTX 4010,GA107,4.0,GDDR6,64,PCIe 4.0 x8,1.762,1.5,768,24,16,"Apr 16th, 2024",2024-04-16,,,,,https://www.techpowerup.com/gpu-specs/geforce-rtx-4010.c4247,,geforcertx4010
NVIDIA,H20,GH100,96.0,HBM3,6144,PCIe 5.0 x16,1.98,1.313,9984,312,24,"Feb 1st, 2024",2024-02-01,,,,,https://www.techpowerup.com/gpu-specs/h20.c4420,,h20
NVIDIA,GeForce MX250,GP108,2.0,GDDR5,64,PCIe 3.0 x4,1.582,1.502,384,24,16,"Feb 21st, 2019",2019-02-21,2373,875,,,https://www.techpowerup.com/gpu-specs/geforce-mx250.c3353,https://www.videocardbenchmark.net/video_lookup.php?gpu=GeForce+MX250&id=4076,geforcemx250
NVIDIA,GeForce GT 520,GF119S,1.0,DDR3,64,PCIe 2.0 x16,0.81,0.9,48,8,4,"Apr 13th, 2011",2011-04-13,327,2060,1.08,304.0,https://www.techpowerup.com/gpu-specs/geforce-gt-520.c285,https://www.videocardbenchmark.net/video_lookup.php?gpu=GeForce+GT+520&id=1425,geforcegt520
AMD,Radeon 8065S,Gorgon Halo,,GDDR6,6,PCIe 5.0 x16,3.0,,2560,160,64,2026,202601-01,18918,107,,,https://www.techpowerup.com/gpu-specs/radeon-8065s.c4401,https://www.videocardbenchmark.net/video_lookup.php?gpu=Radeon+8065S&id=8649,radeon8065s
AMD,Radeon R7 360,Tobago,2.0,GDDR5,128,PCIe 3.0 x16,1.05,1.5,768,48,16,"Jun 18th, 2015",2015-06-18,3122,745,21.39,145.99,https://www.techpowerup.com/gpu-specs/radeon-r7-360.c2733,https://www.videocardbenchmark.net/video_lookup.php?gpu=Radeon+R7+360&id=3233,radeonr7360
ATI,Radeon HD 4850,RV770,0.5,GDDR3,256,PCIe 2.0 x16,0.625,0.993,800,40,16,"Jun 25th, 2008",2008-06-25,947,1416,6.77,139.99,https://www.techpowerup.com/gpu-specs/radeon-hd-4850.c493,https://www.videocardbenchmark.net/video_lookup.php?gpu=Radeon+HD+4850&id=24,radeonhd4850
ATI,Radeon HD 5970,Hemlock,1.0,GDDR5,256,PCIe 2.0 x16,0.725,1.0,1600,80,32,"Nov 18th, 2009",2009-11-18,2290,899,3.18,721.2,https://www.techpowerup.com/gpu-specs/radeon-hd-5970.c254,https://www.videocardbenchmark.net/video_lookup.php?gpu=Radeon+HD+5970&id=20,radeonhd5970
AMD,Radeon HD 7970 GHz Edition,Tahiti,3.0,GDDR5,384,PCIe 3.0 x16,1.05,1.5,2048,128,32,"Jun 22nd, 2012",2012-06-22,,,,,https://www.techpowerup.com/gpu-specs/radeon-hd-7970-ghz-edition.c365,,radeonhd7970ghzedition
NVIDIA,Quadro 600,GF108,1.0,DDR3,128,PCIe 2.0 x16,0.64,0.8,96,16,8,"Dec 13th, 2010",2010-12-13,517,1863,6.81,76.0,https://www.techpowerup.com/gpu-specs/quadro-600.c1318,https://www.videocardbenchmark.net/video_lookup.php?gpu=Quadro+600&id=91,quadro600
NVIDIA,GeForce RTX 3080 Ti Mobile,GA103,16.0,GDDR6,256,PCIe 4.0 x16,1.26,2.0,7424,232,96,"Feb 1st, 2022",2022-02-01,,,,,https://www.techpowerup.com/gpu-specs/geforce-rtx-3080-ti-mobile.c3840,,geforcertx3080timobile
AMD,Playstation 4 Pro GPU,Neo,8.0,GDDR5,256,IGP,0.911,1.7,2304,144,32,"Nov 10th, 2016",2016-11-10,,,,,https://www.techpowerup.com/gpu-specs/playstation-4-pro-gpu.c2876,,playstation4progpu
NVIDIA,GeForce GT 710,GF119S,1.0,DDR3,64,PCIe 2.0 x16,0.81,0.898,48,8,4,"Jan 26th, 2016",2016-01-26,617,1728,2.47,249.99,https://www.techpowerup.com/gpu-specs/geforce-gt-710.c2614,https://www.videocardbenchmark.net/video_lookup.php?gpu=GeForce+GT+710&id=2910,geforcegt710
AMD,Radeon Pro WX 3100,Lexa,4.0,GDDR5,128,PCIe 3.0 x8,1.219,1.5,512,32,16,"Jun 12th, 2017",2017-06-12,2620,824,,,https://www.techpowerup.com/gpu-specs/radeon-pro-wx-3100.c2978,https://www.videocardbenchmark.net/video_lookup.php?gpu=Radeon+Pro+WX+3100&id=3783,radeonprowx3100
NVIDIA,GeForce RTX 3070 Ti Mobile,GA104,8.0,GDDR6,256,PCIe 4.0 x16,1.41,1.75,5888,184,96,"Feb 1st, 2022",2022-02-01,,,,,https://www.techpowerup.com/gpu-specs/geforce-rtx-3070-ti-mobile.c3852,,geforcertx3070timobile
NVIDIA,P106-100,GP106,6.0,GDDR5,192,PCIe 1.0 x16,1.709,2.002,1280,80,48,"Jun 19th, 2017",2017-06-19,6751,415,,,https://www.techpowerup.com/gpu-specs/p106-100.c2980,https://www.videocardbenchmark.net/video_lookup.php?gpu=P106-100&id=4044,p106100
AMD,Radeon R9 270,Curacao,2.0,GDDR5,256,PCIe 3.0 x16,0.925,1.4,1280,80,32,"Nov 13th, 2013",2013-11-13,4314,612,,,https://www.techpowerup.com/gpu-specs/radeon-r9-270.c2458,https://www.videocardbenchmark.net/video_lookup.php?gpu=Radeon+R9+270&id=3550,radeonr9270
AMD,Radeon Pro W5500,Navi 14,8.0,GDDR6,128,PCIe 4.0 x8,1.855,1.75,1408,88,32,"Feb 10th, 2020",2020-02-10,8940,340,44.72,199.94,https://www.techpowerup.com/gpu-specs/radeon-pro-w5500.c3479,https://www.videocardbenchmark.net/video_lookup.php?gpu=Radeon+Pro+W5500&id=4192,radeonprow5500
ATI,Radeon HD 5850,Cypress,1.0,GDDR5,256,PCIe 2.0 x16,0.725,1.0,1440,72,32,"Sep 30th, 2009",2009-09-30,1944,1010,6.73,288.99,https://www.techpowerup.com/gpu-specs/radeon-hd-5850.c252,https://www.videocardbenchmark.net/video_lookup.php?gpu=Radeon+HD+5850&id=47,radeonhd5850
AMD,Radeon Pro VII,Vega 20,16.0,HBM2,4096,PCIe 4.0 x16,1.7,1.0,3840,240,64,"May 13th, 2020",2020-05-13,13558,212,,,https://www.techpowerup.com/gpu-specs/radeon-pro-vii.c3575,https://www.videocardbenchmark.net/video_lookup.php?gpu=Radeon+Pro+VII&id=4306,radeonprovii
NVIDIA,GeForce GT 240,GT215,1.0,GDDR5,128,PCIe 2.0 x16,0.55,0.85,96,32,8,"Nov 17th, 2009",2009-11-17,472,1919,2.93,160.97,https://www.techpowerup.com/gpu-specs/geforce-gt-240.c619,https://www.videocardbenchmark.net/video_lookup.php?gpu=GeForce+GT+240&id=61,geforcegt240
NVIDIA,Quadro K6000,GK110B,12.0,GDDR5,384,PCIe 3.0 x16,0.902,1.502,2880,240,48,"Jul 23rd, 2013",2013-07-23,8072,365,38.08,212.0,https://www.techpowerup.com/gpu-specs/quadro-k6000.c2426,https://www.videocardbenchmark.net/video_lookup.php?gpu=Quadro+K6000&id=2666,quadrok6000
AMD,Steam Deck GPU,Van Gogh,16.0,LPDDR5,128,IGP,1.6,1.375,512,32,16,"Feb 25th, 2022",2022-02-25,,,,,https://www.techpowerup.com/gpu-specs/steam-deck-gpu.c3897,,steamdeckgpu
NVIDIA,Tesla M60,GM204,8.0,GDDR5,256,PCIe 3.0 x16,1.178,1.253,2048,128,64,"Aug 30th, 2015",2015-08-30,6816,412,36.26,188.0,https://www.techpowerup.com/gpu-specs/tesla-m60.c2760,https://www.videocardbenchmark.net/video_lookup.php?gpu=Tesla+M60&id=3774,teslam60
AMD,Radeon R7 260X,Bonaire,2.0,GDDR5,128,PCIe 3.0 x16,1.1,1.625,896,56,16,"Oct 8th, 2013",2013-10-08,3205,731,22.9,139.99,https://www.techpowerup.com/gpu-specs/radeon-r7-260x.c2465,https://www.videocardbenchmark.net/video_lookup.php?gpu=Radeon+R7+260X&id=2701,radeonr7260x
NVIDIA,GeForce GT 440,GF108,1.0,DDR3,128,PCIe 2.0 x16,0.81,0.9,96,16,4,"Feb 1st, 2011",2011-02-01,770,1560,3.42,225.0,https://www.techpowerup.com/gpu-specs/geforce-gt-440.c600,https://www.videocardbenchmark.net/video_lookup.php?gpu=GeForce+GT+440&id=1423,geforcegt440
NVIDIA,RTX PRO 5000 72 GB Blackwell Workstation,GB202,72.0,GDDR7,384,PCIe 5.0 x16,2.377,1.75,14080,440,160,"Oct 21st, 2025",2025-10-21,,,,,https://www.techpowerup.com/gpu-specs/rtx-pro-5000-72-gb-blackwell-workstation.c4357,,rtxpro500072gbblackwellworkstation
Intel,HD Graphics 2000,Sandy Bridge GT1,,DDR3,3,Ring Bus,1.0,,48,6,1,"Feb 1st, 2011",2011-02-01,,,,,https://www.techpowerup.com/gpu-specs/hd-graphics-2000.c1248,,hdgraphics2000
NVIDIA,GeForce GTX 950M,GM107,4.0,DDR3,128,PCIe 3.0 x8,1.124,0.9,640,40,16,"Mar 13th, 2015",2015-03-13,2581,836,12.72,203.0,https://www.techpowerup.com/gpu-specs/geforce-gtx-950m.c2642,https://www.videocardbenchmark.net/video_lookup.php?gpu=GeForce+GTX+950M&id=3171,geforcegtx950m
AMD,Radeon RX 6300 OEM,Navi 24,2.0,GDDR6,32,PCIe 4.0 x4,2.22,2.0,768,48,32,"Jun 8th, 2023",2023-06-08,,,,,https://www.techpowerup.com/gpu-specs/radeon-rx-6300-oem.c4138,,radeonrx6300oem
NVIDIA,Quadro K1200,GM107,4.0,GDDR5,128,PCIe 2.0 x16,1.033,1.253,512,32,16,"Jan 28th, 2015",2015-01-28,2956,769,10.36,285.29,https://www.techpowerup.com/gpu-specs/quadro-k1200.c2641,https://www.videocardbenchmark.net/video_lookup.php?gpu=Quadro+K1200&id=3193,quadrok1200
AMD,Radeon HD 6990,Antilles,2.0,GDDR5,256,PCIe 2.0 x16,0.83,1.25,1536,96,32,"Mar 8th, 2011",2011-03-08,3118,748,6.26,498.49,https://www.techpowerup.com/gpu-specs/radeon-hd-6990.c275,https://www.videocardbenchmark.net/video_lookup.php?gpu=Radeon+HD+6990&id=292,radeonhd6990
NVIDIA,RTX PRO 5500 Blackwell Workstation,GB202,84.0,GDDR7,416,PCIe 5.0 x16,2.43,1.685,21760,680,176,"Sep 14th, 2026",2026-09-14,,,,,https://www.techpowerup.com/gpu-specs/rtx-pro-5500-blackwell-workstation.c4449,,rtxpro5500blackwellworkstation
AMD,Radeon RX 5500 OEM,Navi 14,4.0,GDDR6,128,PCIe 4.0 x8,1.845,1.75,1408,88,32,Nov 2019,2019-11-01,,,,,https://www.techpowerup.com/gpu-specs/radeon-rx-5500-oem.c3459,,radeonrx5500oem
NVIDIA,GeForce GT 220,G94,1.0,GDDR3,128,PCIe 2.0 x16,0.6,0.7,48,24,8,"Jan 26th, 2010",2010-01-26,221,2163,5.55,39.99,https://www.techpowerup.com/gpu-specs/geforce-gt-220.c2246,https://www.videocardbenchmark.net/video_lookup.php?gpu=GeForce+GT+220&id=72,geforcegt220
NVIDIA,RTX A4500,GA102,20.0,GDDR6,320,PCIe 4.0 x16,1.65,2.0,7168,224,96,"Nov 23rd, 2021",2021-11-23,20587,89,16.47,1249.95,https://www.techpowerup.com/gpu-specs/rtx-a4500.c3849,https://www.videocardbenchmark.net/video_lookup.php?gpu=RTX+A4500&id=4514,rtxa4500
NVIDIA,A2,GA107,16.0,GDDR6,128,PCIe 4.0 x8,1.77,1.563,1280,40,32,"Nov 10th, 2021",2021-11-10,,,,,https://www.techpowerup.com/gpu-specs/a2.c3848,,a2
Intel,Arc Pro B65,BMG-G31,32.0,GDDR6,256,PCIe 5.0 x16,2.4,2.375,2560,160,80,Apr 2026,2026-04-01,,,,,https://www.techpowerup.com/gpu-specs/arc-pro-b65.c4389,,arcprob65
NVIDIA,GeForce GTX 470,GF100,1.25,GDDR5,320,PCIe 2.0 x16,0.608,0.837,448,56,40,"Mar 26th, 2010",2010-03-26,3175,737,52.93,59.99,https://www.techpowerup.com/gpu-specs/geforce-gtx-470.c267,https://www.videocardbenchmark.net/video_lookup.php?gpu=GeForce+GTX+470&id=55,geforcegtx470
NVIDIA,CMP 170HX 10 GB,GA100,10.0,HBM2E,5120,PCIe 1.0 x4,1.41,1.215,4480,280,128,"Sep 1st, 2021",2021-09-01,,,,,https://www.techpowerup.com/gpu-specs/cmp-170hx-10-gb.c3957,,cmp170hx10gb
NVIDIA,GeForce MX130,GM108S,2.0,GDDR5,64,PCIe 3.0 x4,1.189,1.253,384,24,8,"Nov 17th, 2017",2017-11-17,1794,1070,,,https://www.techpowerup.com/gpu-specs/geforce-mx130.c3043,https://www.videocardbenchmark.net/video_lookup.php?gpu=GeForce+MX130&id=3890,geforcemx130
AMD,FirePro W5100,Bonaire,4.0,GDDR5,128,PCIe 3.0 x16,0.93,1.5,768,48,16,"Mar 31st, 2014",2014-03-31,2977,765,23.63,125.99,https://www.techpowerup.com/gpu-specs/firepro-w5100.c2585,https://www.videocardbenchmark.net/video_lookup.php?gpu=FirePro+W5100&id=3044,fireprow5100
NVIDIA,Quadro K600,GK107,1.0,DDR3,128,PCIe 2.0 x16,0.876,0.891,192,16,16,"Mar 1st, 2013",2013-03-01,717,1621,11.91,60.24,https://www.techpowerup.com/gpu-specs/quadro-k600.c1839,https://www.videocardbenchmark.net/video_lookup.php?gpu=Quadro+K600&id=2449,quadrok600
AMD,Radeon PRO W7900,Navi 31,48.0,GDDR6,384,PCIe 4.0 x16,2.495,2.25,6144,384,192,"May 26th, 2023",2023-05-26,27689,33,,,https://www.techpowerup.com/gpu-specs/radeon-pro-w7900.c4147,https://www.videocardbenchmark.net/video_lookup.php?gpu=Radeon+PRO+W7900&id=4833,radeonprow7900
NVIDIA,GeForce MX330,GP108B,2.0,GDDR5,64,PCIe 3.0 x4,1.594,1.752,384,24,16,"Feb 10th, 2020",2020-02-10,2323,889,,,https://www.techpowerup.com/gpu-specs/geforce-mx330.c3493,https://www.videocardbenchmark.net/video_lookup.php?gpu=GeForce+MX330&id=4203,geforcemx330
Moore-Threads,MTT S80,Chunxiao,16.0,GDDR6,256,PCIe 5.0 x16,1.8,1.75,4096,256,256,"Nov 11th, 2022",2022-11-11,,,,,https://www.techpowerup.com/gpu-specs/mtt-s80.c4259,,mtts80
AMD,Radeon R5 340X OEM,Oland,2.0,DDR3,64,PCIe 3.0 x8,0.9,1.0,384,24,8,"May 5th, 2015",2015-05-05,,,,,https://www.techpowerup.com/gpu-specs/radeon-r5-340x-oem.c2820,,radeonr5340xoem
AMD,Radeon Instinct MI25,Vega 10,16.0,HBM2,2048,PCIe 3.0 x16,1.5,0.852,4096,256,64,"Jun 27th, 2017",2017-06-27,,,,,https://www.techpowerup.com/gpu-specs/radeon-instinct-mi25.c2983,,radeoninstinctmi25
NVIDIA,Tesla PG500-216,GV100,32.0,HBM2,4096,PCIe 3.0 x16,1.38,1.107,4608,288,128,"Nov 26th, 2019",2019-11-26,,,,,https://www.techpowerup.com/gpu-specs/tesla-pg500-216.c3791,,teslapg500216
NVIDIA,H200 SXM 141 GB,GH100,141.0,HBM3E,6144,PCIe 5.0 x16,1.98,1.593,16896,528,24,"Nov 18th, 2024",2024-11-18,,,,,https://www.techpowerup.com/gpu-specs/h200-sxm-141-gb.c4255,,h200sxm141gb
NVIDIA,GeForce MX450 12W,TU117S,2.0,GDDR6,64,PCIe 4.0 x4,0.93,1.25,896,56,32,"Aug 15th, 2020",2020-08-15,,,,,https://www.techpowerup.com/gpu-specs/geforce-mx450-12w.c3657,,geforcemx45012w
Intel,Arc B770,BMG-G31,16.0,GDDR6,256,PCIe 4.0 x16,2.4,2.0,4096,256,128,Never Released,,,,,,https://www.techpowerup.com/gpu-specs/arc-b770.c4376,,arcb770
AMD,Radeon R7 Graphics,Spectre Lite,,DDR3,3,IGP,0.72,,384,24,8,"Feb 17th, 2014",2014-02-17,,,,,https://www.techpowerup.com/gpu-specs/radeon-r7-graphics.c2533,,radeonr7graphics
AMD,Radeon 840M,Krackan Point,,DDR5,5,PCIe 4.0 x8,2.9,,256,16,8,Mar 2025,2025-03-01,3673,678,,,https://www.techpowerup.com/gpu-specs/radeon-840m.c4385,https://www.videocardbenchmark.net/video_lookup.php?gpu=Radeon+840M&id=6105,radeon840m
NVIDIA,RTX A500,GA107,4.0,GDDR6,64,PCIe 4.0 x8,1.77,1.75,2048,64,32,"Nov 10th, 2021",2021-11-10,,,,,https://www.techpowerup.com/gpu-specs/rtx-a500.c3989,,rtxa500
NVIDIA,GeForce RTX 4080 Ti,AD102,16.0,GDDR6X,256,PCIe 4.0 x16,2.61,1.325,14080,440,144,Never Released,,,,,,https://www.techpowerup.com/gpu-specs/geforce-rtx-4080-ti.c3887,,geforcertx4080ti
NVIDIA,P104-100,GP104,4.0,GDDR5X,256,PCIe 1.0 x4,1.733,1.251,1920,120,64,"Dec 12th, 2017",2017-12-12,3601,682,12.01,299.99,https://www.techpowerup.com/gpu-specs/p104-100.c2981,https://www.videocardbenchmark.net/video_lookup.php?gpu=P104-100&id=4206,p104100
NVIDIA,GeForce GT 1010,GP108,2.0,GDDR5,64,PCIe 3.0 x4,1.468,1.502,256,16,8,"Jan 13th, 2021",2021-01-13,972,1404,,,https://www.techpowerup.com/gpu-specs/geforce-gt-1010.c3762,https://www.videocardbenchmark.net/video_lookup.php?gpu=GeForce+GT+1010&id=5791,geforcegt1010
AMD,Radeon R5 240 OEM,Oland,2.0,DDR3,64,PCIe 3.0 x8,0.78,0.9,384,24,8,"Nov 1st, 2013",2013-11-01,,,,,https://www.techpowerup.com/gpu-specs/radeon-r5-240-oem.c2531,,radeonr5240oem
NVIDIA,B100,GB102,192.0,HBM3E,4096,PCIe 6.0 x16,0.975,2.0,10240,320,24,Never Released,,,,,,https://www.techpowerup.com/gpu-specs/b100.c4275,,b100
NVIDIA,RTX A2000 12 GB,GA106,12.0,GDDR6,192,PCIe 4.0 x16,1.2,1.5,3328,104,48,"Nov 23rd, 2021",2021-11-23,13659,207,,,https://www.techpowerup.com/gpu-specs/rtx-a2000-12-gb.c3853,https://www.videocardbenchmark.net/video_lookup.php?gpu=RTX+A2000+12GB&id=4533,rtxa200012gb
NVIDIA,Quadro M5000,GM204,8.0,GDDR5,256,PCIe 3.0 x16,1.038,1.653,2048,128,64,"Jun 29th, 2015",2015-06-29,9368,323,18.77,499.0,https://www.techpowerup.com/gpu-specs/quadro-m5000.c2756,https://www.videocardbenchmark.net/video_lookup.php?gpu=Quadro+M5000&id=3369,quadrom5000
NVIDIA,RTX PRO 3000 Blackwell Mobile,GB205,12.0,GDDR7,192,PCIe 5.0 x16,1.605,1.75,5888,184,80,Unknown,,,,,,https://www.techpowerup.com/gpu-specs/rtx-pro-3000-blackwell-mobile.c4282,,rtxpro3000blackwellmobile
AMD,Radeon Pro WX 9100,Vega 10,16.0,HBM2,2048,PCIe 3.0 x16,1.5,0.945,4096,256,64,"Jul 10th, 2017",2017-07-10,11719,259,,,https://www.techpowerup.com/gpu-specs/radeon-pro-wx-9100.c2989,https://www.videocardbenchmark.net/video_lookup.php?gpu=Radeon+Pro+WX+9100&id=3833,radeonprowx9100
NVIDIA,TITAN V CEO Edition,GV100,32.0,HBM2,4096,PCIe 3.0 x16,1.455,0.848,5120,320,128,"Jun 21st, 2018",2018-06-21,16987,132,,,https://www.techpowerup.com/gpu-specs/titan-v-ceo-edition.c3277,https://www.videocardbenchmark.net/video_lookup.php?gpu=TITAN+V+CEO+Edition&id=4005,titanvceoedition
NVIDIA,Tesla M40,GM200,12.0,GDDR5,384,PCIe 3.0 x16,1.112,1.502,3072,192,96,"Nov 10th, 2015",2015-11-10,10219,291,36.9,276.94,https://www.techpowerup.com/gpu-specs/tesla-m40.c2771,https://www.videocardbenchmark.net/video_lookup.php?gpu=Tesla+M40&id=4395,teslam40
AMD,Radeon Pro V340 16 GB,Vega 10,16.0,HBM2,2048,PCIe 3.0 x16,1.5,0.945,3584,224,64,"Aug 26th, 2018",2018-08-26,,,,,https://www.techpowerup.com/gpu-specs/radeon-pro-v340-16-gb.c3267,,radeonprov34016gb
NVIDIA,Quadro M6000,GM200,12.0,GDDR5,384,PCIe 3.0 x16,1.114,1.653,3072,192,96,"Mar 21st, 2015",2015-03-21,11714,260,2.37,4933.21,https://www.techpowerup.com/gpu-specs/quadro-m6000.c2638,https://www.videocardbenchmark.net/video_lookup.php?gpu=Quadro+M6000&id=3106,quadrom6000
NVIDIA,GeForce MX550,TU117SB,2.0,GDDR6,64,PCIe 4.0 x8,1.32,1.5,1024,32,16,"Dec 17th, 2021",2021-12-17,4323,610,,,https://www.techpowerup.com/gpu-specs/geforce-mx550.c3860,https://www.videocardbenchmark.net/video_lookup.php?gpu=GeForce+MX550&id=4493,geforcemx550
NVIDIA,T400,TU117,2.0,GDDR6,64,PCIe 3.0 x16,1.425,1.25,384,24,16,"May 6th, 2021",2021-05-06,3611,681,12.94,279.0,https://www.techpowerup.com/gpu-specs/t400.c3808,https://www.videocardbenchmark.net/video_lookup.php?gpu=T400&id=4446,t400
NVIDIA,Tesla T40 24 GB,TU102,24.0,GDDR6,384,PCIe 3.0 x16,1.56,1.625,4608,288,96,Unknown,,,,,,https://www.techpowerup.com/gpu-specs/tesla-t40-24-gb.c3942,,teslat4024gb
ATI,Radeon HD 5670,Redwood,1.0,GDDR5,128,PCIe 2.0 x16,0.775,1.0,400,20,8,"Jan 14th, 2010",2010-01-14,802,1526,9.05,88.67,https://www.techpowerup.com/gpu-specs/radeon-hd-5670.c248,https://www.videocardbenchmark.net/video_lookup.php?gpu=Radeon+HD+5670&id=28,radeonhd5670
Intel,Arc 140T Mobile,Arrow Lake-H,,GDDR6,6,IGP,2.35,,1024,64,32,"Jan 13th, 2025",2025-01-13,,,,,https://www.techpowerup.com/gpu-specs/arc-140t-mobile.c4268,,arc140tmobile
Intel,HD Graphics 4400,Haswell GT2,,DDR3,3,Ring Bus,1.15,,160,20,2,"Sep 3rd, 2013",2013-09-03,,,,,https://www.techpowerup.com/gpu-specs/hd-graphics-4400.c2470,,hdgraphics4400
ATI,Radeon HD 4890,RV790,1.0,GDDR5,256,PCIe 2.0 x16,0.85,0.975,800,40,16,"Apr 2nd, 2009",2009-04-02,1545,1166,17.18,89.99,https://www.techpowerup.com/gpu-specs/radeon-hd-4890.c244,https://www.videocardbenchmark.net/video_lookup.php?gpu=Radeon+HD+4890&id=42,radeonhd4890
NVIDIA,GeForce 8600 GT,G84,0.5,GDDR3,128,PCIe 1.0 x16,0.54,0.7,32,16,8,"Apr 17th, 2007",2007-04-17,150,2262,0.77,196.0,https://www.techpowerup.com/gpu-specs/geforce-8600-gt.c198,https://www.videocardbenchmark.net/video_lookup.php?gpu=GeForce+8600+GT&id=64,geforce8600gt
NVIDIA,T400 4 GB,TU117,4.0,GDDR6,64,PCIe 3.0 x16,1.425,1.25,384,24,16,"May 6th, 2021",2021-05-06,3810,657,,,https://www.techpowerup.com/gpu-specs/t400-4-gb.c3843,https://www.videocardbenchmark.net/video_lookup.php?gpu=T400+4GB&id=4512,t4004gb
NVIDIA,GeForce RTX 3080 Ti 20 GB,GA102,20.0,GDDR6X,320,PCIe 4.0 x16,1.665,1.188,10496,328,112,Never Released,,,,,,https://www.techpowerup.com/gpu-specs/geforce-rtx-3080-ti-20-gb.c3831,,geforcertx3080ti20gb
NVIDIA,T1000 8 GB,TU117,8.0,GDDR6,128,PCIe 3.0 x16,1.395,1.25,896,56,32,"May 6th, 2021",2021-05-06,7678,384,,,https://www.techpowerup.com/gpu-specs/t1000-8-gb.c3842,https://www.videocardbenchmark.net/video_lookup.php?gpu=NVIDIA+T1000+8GB&id=4513,t10008gb
AMD,FirePro W7100,Tonga,8.0,GDDR5,256,PCIe 3.0 x16,0.92,1.25,1792,112,32,"Aug 12th, 2014",2014-08-12,5024,544,12.91,389.3,https://www.techpowerup.com/gpu-specs/firepro-w7100.c2610,https://www.videocardbenchmark.net/video_lookup.php?gpu=FirePro+W7100&id=3130,fireprow7100
NVIDIA,RTX A5000 Mobile,GA104,16.0,GDDR6,256,PCIe 4.0 x16,1.575,1.75,6144,192,96,"Apr 12th, 2021",2021-04-12,,,,,https://www.techpowerup.com/gpu-specs/rtx-a5000-mobile.c3805,,rtxa5000mobile
NVIDIA,A40 PCIe,GA102,48.0,GDDR6,384,PCIe 4.0 x16,1.74,1.812,10752,336,112,"Oct 5th, 2020",2020-10-05,,,,,https://www.techpowerup.com/gpu-specs/a40-pcie.c3700,,a40pcie
Intel,HD Graphics 620 Mobile,Kaby Lake GT2,,DDR4,4,Ring Bus,1.0,,192,24,3,"Aug 30th, 2016",2016-08-30,,,,,https://www.techpowerup.com/gpu-specs/hd-graphics-620-mobile.c2911,,hdgraphics620mobile
Intel,HD Graphics 520 Mobile,Skylake GT2,,DDR3,3,Ring Bus,0.9,,192,24,3,"Sep 1st, 2015",2015-09-01,,,,,https://www.techpowerup.com/gpu-specs/hd-graphics-520-mobile.c2783,,hdgraphics520mobile
AMD,Radeon Instinct MI60,Vega 20,32.0,HBM2,4096,PCIe 4.0 x16,1.8,1.0,4096,256,64,"Nov 18th, 2018",2018-11-18,14922,178,,,https://www.techpowerup.com/gpu-specs/radeon-instinct-mi60.c3233,https://www.videocardbenchmark.net/video_lookup.php?gpu=Radeon+Instinct+MI60&id=7375,radeoninstinctmi60
NVIDIA,GeForce RTX 4090 D,AD102,24.0,GDDR6X,384,PCIe 4.0 x16,2.52,1.313,14592,456,176,"Dec 28th, 2023",2023-12-28,30560,21,,,https://www.techpowerup.com/gpu-specs/geforce-rtx-4090-d.c4189,https://www.videocardbenchmark.net/video_lookup.php?gpu=GeForce+RTX+4090+D&id=5012,geforcertx4090d
NVIDIA,L40,AD102,48.0,GDDR6,384,PCIe 4.0 x16,2.49,2.25,18176,568,192,"Oct 13th, 2022",2022-10-13,27355,35,,,https://www.techpowerup.com/gpu-specs/l40.c3959,https://www.videocardbenchmark.net/video_lookup.php?gpu=nVidia+L40&id=4885,l40
ATI,Radeon HD 4670,RV730,0.5,GDDR3,128,PCIe 2.0 x16,0.75,1.0,320,32,8,"Sep 10th, 2008",2008-09-10,381,2007,2.67,142.96,https://www.techpowerup.com/gpu-specs/radeon-hd-4670.c234,https://www.videocardbenchmark.net/video_lookup.php?gpu=Radeon+HD+4670&id=12,radeonhd4670
Intel,UHD Graphics 24EU Mobile,Comet Lake GT2,,DDR4,4,Ring Bus,1.0,,192,24,3,"Aug 21st, 2019",2019-08-21,,,,,https://www.techpowerup.com/gpu-specs/uhd-graphics-24eu-mobile.c3484,,uhdgraphics24eumobile
AMD,Radeon HD 8490 OEM,Caicos,1.0,DDR3,64,PCIe 2.0 x16,0.875,0.9,160,8,4,"Jul 23rd, 2013",2013-07-23,,,,,https://www.techpowerup.com/gpu-specs/radeon-hd-8490-oem.c2038,,radeonhd8490oem
NVIDIA,RTX 5000 Ada Generation,AD102,32.0,GDDR6,256,PCIe 4.0 x16,2.55,2.25,12800,400,176,"Aug 8th, 2023",2023-08-08,30950,20,,,https://www.techpowerup.com/gpu-specs/rtx-5000-ada-generation.c4152,https://www.videocardbenchmark.net/video_lookup.php?gpu=RTX+5000+Ada+Generation&id=4935,rtx5000adageneration
AMD,Radeon HD 6570,Turks,2.0,GDDR5,128,PCIe 2.0 x16,0.65,1.0,480,24,8,"Apr 19th, 2011",2011-04-19,551,1814,9.68,56.99,https://www.techpowerup.com/gpu-specs/radeon-hd-6570.c277,https://www.videocardbenchmark.net/video_lookup.php?gpu=Radeon+HD+6570&id=54,radeonhd6570
NVIDIA,RTX A4000 Mobile,GA104,8.0,GDDR6,256,PCIe 4.0 x16,1.68,1.5,5120,160,80,"Apr 12th, 2021",2021-04-12,,,,,https://www.techpowerup.com/gpu-specs/rtx-a4000-mobile.c3804,,rtxa4000mobile
NVIDIA,GeForce 940MX,GM107,2.0,GDDR5,64,PCIe 3.0 x8,0.861,1.253,512,32,8,"Jun 28th, 2016",2016-06-28,1510,1179,,,https://www.techpowerup.com/gpu-specs/geforce-940mx.c2845,https://www.videocardbenchmark.net/video_lookup.php?gpu=GeForce+940MX&id=3453,geforce940mx
NVIDIA,GeForce RTX 5070 Mobile 12 GB,GB206,12.0,GDDR7,128,PCIe 5.0 x16,1.425,1.5,4608,144,48,Jun 2026,2026-06-01,,,,,https://www.techpowerup.com/gpu-specs/geforce-rtx-5070-mobile-12-gb.c4418,,geforcertx5070mobile12gb
AMD,Radeon 780M,Phoenix,,DDR5,5,PCIe 4.0 x8,2.9,,768,48,32,"Jan 31st, 2024",2024-01-31,6742,416,,,https://www.techpowerup.com/gpu-specs/radeon-780m.c4249,https://www.videocardbenchmark.net/video_lookup.php?gpu=Radeon+780M&id=4818,radeon780m
AMD,Instinct MI355X,MI350 256CU,288.0,HBM3E,8192,PCIe 5.0 x16,2.4,2.0,16384,1024,0,"Jun 12th, 2025",2025-06-12,,,,,https://www.techpowerup.com/gpu-specs/instinct-mi355x.c4309,,instinctmi355x
AMD,Radeon R9 285,Tonga,2.0,GDDR5,256,PCIe 3.0 x16,0.918,1.375,1792,112,32,"Sep 2nd, 2014",2014-09-02,6680,,,,https://www.techpowerup.com/gpu-specs/radeon-r9-285.c2609,https://www.videocardbenchmark.net/gpu.php?gpu=Radeon+R9+285&id=4392,radeonr9285
NVIDIA,Quadro K5000,GK104,4.0,GDDR5,256,PCIe 2.0 x16,0.706,1.35,1536,128,32,"Aug 17th, 2012",2012-08-17,4004,633,16.08,249.0,https://www.techpowerup.com/gpu-specs/quadro-k5000.c565,https://www.videocardbenchmark.net/video_lookup.php?gpu=Quadro+K5000&id=2258,quadrok5000
NVIDIA,GeForce GTX TITAN BLACK,GK110B,6.0,GDDR5,384,PCIe 3.0 x16,0.98,1.75,2880,240,48,"Feb 18th, 2014",2014-02-18,9185,332,23.26,394.96,https://www.techpowerup.com/gpu-specs/geforce-gtx-titan-black.c2549,https://www.videocardbenchmark.net/video_lookup.php?gpu=GeForce+GTX+TITAN+Black&id=2842,geforcegtxtitanblack
Intel,HD Graphics 6EU,Ivy Bridge GT1,,DDR3,3,Ring Bus,1.05,,48,6,1,"Apr 1st, 2012",2012-04-01,,,,,https://www.techpowerup.com/gpu-specs/hd-graphics-6eu.c1250,,hdgraphics6eu
NVIDIA,P102-100,GP102,5.0,GDDR5X,320,PCIe 1.0 x4,1.683,1.376,3200,200,80,"Feb 12th, 2018",2018-02-12,3854,653,,,https://www.techpowerup.com/gpu-specs/p102-100.c3100,https://www.videocardbenchmark.net/video_lookup.php?gpu=P102-100&id=5224,p102100
NVIDIA,GeForce 8400 GS,G86S,0.25,DDR2,64,PCIe 1.0 x16,0.459,0.4,16,8,4,"Apr 17th, 2007",2007-04-17,170,2235,1.98,85.97,https://www.techpowerup.com/gpu-specs/geforce-8400-gs.c205,https://www.videocardbenchmark.net/video_lookup.php?gpu=GeForce+8400+GS&id=73,geforce8400gs
NVIDIA,GeForce 9500 GT,G96,0.5,GDDR3,128,PCIe 2.0 x16,0.6,1.0,32,16,8,"Jul 29th, 2008",2008-07-29,193,2206,2.24,85.99,https://www.techpowerup.com/gpu-specs/geforce-9500-gt.c3373,https://www.videocardbenchmark.net/video_lookup.php?gpu=GeForce+9500+GT&id=1304,geforce9500gt
NVIDIA,A16 PCIe,GA107,16.0,GDDR6,128,PCIe 4.0 x16,1.755,1.563,1280,40,32,"Apr 12th, 2021",2021-04-12,,,,,https://www.techpowerup.com/gpu-specs/a16-pcie.c3794,,a16pcie
AMD,Instinct MI300X,Aqua Vanjaram,192.0,HBM3,8192,PCIe 5.0 x16,2.1,1.3,19456,1216,0,"Dec 6th, 2023",2023-12-06,,,,,https://www.techpowerup.com/gpu-specs/instinct-mi300x.c4179,,instinctmi300x
NVIDIA,Tesla V100S PCIe 32 GB,GV100,32.0,HBM2,4096,PCIe 3.0 x16,1.597,1.107,5120,320,128,"Nov 26th, 2019",2019-11-26,,,,,https://www.techpowerup.com/gpu-specs/tesla-v100s-pcie-32-gb.c3467,,teslav100spcie32gb
NVIDIA,RTX A2000 Mobile 8 GB,GA107,8.0,GDDR6,128,PCIe 4.0 x16,1.612,1.75,2560,80,48,"Apr 12th, 2021",2021-04-12,,,,,https://www.techpowerup.com/gpu-specs/rtx-a2000-mobile-8-gb.c4287,,rtxa2000mobile8gb
NVIDIA,GeForce MX350,GP107S,2.0,GDDR5,64,PCIe 3.0 x4,1.468,1.752,640,32,16,"Feb 10th, 2020",2020-02-10,2814,788,,,https://www.techpowerup.com/gpu-specs/geforce-mx350.c3494,https://www.videocardbenchmark.net/video_lookup.php?gpu=GeForce+MX350&id=4194,geforcemx350
Intel,UHD Graphics 630,Comet Lake GT2,,DDR3,3,Ring Bus,1.15,,184,23,3,"Apr 30th, 2020",2020-04-30,1224,1277,,,https://www.techpowerup.com/gpu-specs/uhd-graphics-630.c3601,https://www.videocardbenchmark.net/video_lookup.php?gpu=Intel+UHD+Graphics+630&id=3826,uhdgraphics630
NVIDIA,GeForce RTX 5050 9 GB,GB206,9.0,GDDR7,96,PCIe 5.0 x8,2.572,1.75,2560,80,32,Never Released,,,,,,https://www.techpowerup.com/gpu-specs/geforce-rtx-5050-9-gb.c4383,,geforcertx50509gb
NVIDIA,GeForce 9800 GTX,G92,0.5,GDDR3,256,PCIe 2.0 x16,0.675,1.1,128,64,16,"Mar 28th, 2008",2008-03-28,769,1561,10.26,74.99,https://www.techpowerup.com/gpu-specs/geforce-9800-gtx.c207,https://www.videocardbenchmark.net/video_lookup.php?gpu=GeForce+9800+GTX&id=1320,geforce9800gtx
NVIDIA,GeForce RTX 3060 Ti GDDR6X,GA104,8.0,GDDR6X,256,PCIe 4.0 x16,1.665,1.188,4864,152,80,"Oct 19th, 2022",2022-10-19,,,,,https://www.techpowerup.com/gpu-specs/geforce-rtx-3060-ti-gddr6x.c3935,,geforcertx3060tigddr6x
NVIDIA,A100 SXM4 80 GB,GA100,80.0,HBM2E,5120,PCIe 4.0 x16,1.41,1.593,6912,432,160,"Nov 16th, 2020",2020-11-16,,,,,https://www.techpowerup.com/gpu-specs/a100-sxm4-80-gb.c3746,,a100sxm480gb
NVIDIA,GeForce 940MX,GM108S,2.0,DDR3,64,PCIe 3.0 x8,1.242,1.001,384,24,8,2016,201601-01,1510,1179,,,https://www.techpowerup.com/gpu-specs/geforce-940mx.c2797,https://www.videocardbenchmark.net/video_lookup.php?gpu=GeForce+940MX&id=3453,geforce940mx
AMD,Radeon 880M,Strix Point,,DDR5,5,PCIe 4.0 x8,2.9,,768,48,16,"Jul 15th, 2024",2024-07-15,7594,389,,,https://www.techpowerup.com/gpu-specs/radeon-880m.c4225,https://www.videocardbenchmark.net/video_lookup.php?gpu=Radeon+880M&id=5123,radeon880m
ATI,Radeon HD 5750,Juniper,1.0,GDDR5,128,PCIe 2.0 x16,0.7,1.15,720,36,16,"Oct 13th, 2009",2009-10-13,1175,1301,10.89,107.9,https://www.techpowerup.com/gpu-specs/radeon-hd-5750.c249,https://www.videocardbenchmark.net/video_lookup.php?gpu=Radeon+HD+5750&id=50,radeonhd5750
NVIDIA,Quadro K5200,GK110B,8.0,GDDR5,256,PCIe 3.0 x16,0.771,1.502,2304,192,48,"Jul 22nd, 2014",2014-07-22,6143,449,14.8,415.0,https://www.techpowerup.com/gpu-specs/quadro-k5200.c2603,https://www.videocardbenchmark.net/video_lookup.php?gpu=Quadro+K5200&id=2941,quadrok5200
AMD,Radeon R9 Nano,Fiji,4.0,HBM,4096,PCIe 3.0 x16,1.0,0.5,4096,256,64,"Aug 27th, 2015",2015-08-27,,,,,https://www.techpowerup.com/gpu-specs/radeon-r9-nano.c2735,,radeonr9nano
NVIDIA,GeForce 256 DDR,NV10,0.0312,DDR,128,AGP 4x,0.12,0.15,4,0,4,"Dec 23rd, 1999",1999-12-23,,,,,https://www.techpowerup.com/gpu-specs/geforce-256-ddr.c734,,geforce256ddr
NVIDIA,NVS 310,GF119S,0.5,DDR3,64,PCIe 2.0 x16,0.523,0.875,48,8,4,"Jun 26th, 2012",2012-06-26,296,2085,4.71,63.0,https://www.techpowerup.com/gpu-specs/nvs-310.c1451,https://www.videocardbenchmark.net/video_lookup.php?gpu=NVS+310&id=2195,nvs310
AMD,Radeon RX 7700S,Navi 33,8.0,GDDR6,128,PCIe 4.0 x16,2.5,2.25,2048,128,64,"Jan 31st, 2023",2023-01-31,15466,164,,,https://www.techpowerup.com/gpu-specs/radeon-rx-7700s.c4015,https://www.videocardbenchmark.net/video_lookup.php?gpu=Radeon+RX+7700S&id=4887,radeonrx7700s
AMD,Xbox One X GPU,Scorpio,12.0,GDDR5,384,IGP,1.172,1.7,2560,160,32,"Nov 7th, 2017",2017-11-07,,,,,https://www.techpowerup.com/gpu-specs/xbox-one-x-gpu.c2977,,xboxonexgpu
AMD,Radeon HD 7570,Turks,1.0,GDDR3,128,PCIe 2.0 x16,0.65,0.8,480,24,8,"Jan 5th, 2012",2012-01-05,609,1738,4.88,125.0,https://www.techpowerup.com/gpu-specs/radeon-hd-7570.c393,https://www.videocardbenchmark.net/video_lookup.php?gpu=Radeon+HD+7570&id=90,radeonhd7570
Intel,HD Graphics 3000,Sandy Bridge GT2,,DDR3,3,Ring Bus,1.1,,96,12,2,"Feb 1st, 2011",2011-02-01,,,,,https://www.techpowerup.com/gpu-specs/hd-graphics-3000.c1257,,hdgraphics3000
Intel,UHD Graphics 630 Mobile,Coffee Lake GT2,,DDR4,4,Ring Bus,1.0,,192,24,3,"Apr 3rd, 2018",2018-04-03,,,,,https://www.techpowerup.com/gpu-specs/uhd-graphics-630-mobile.c3262,,uhdgraphics630mobile
NVIDIA,GeForce GT 1030 DDR4,GP108,2.0,DDR4,64,PCIe 3.0 x4,1.379,1.05,384,24,16,"Mar 12th, 2018",2018-03-12,,,,,https://www.techpowerup.com/gpu-specs/geforce-gt-1030-ddr4.c3187,,geforcegt1030ddr4
AMD,Radeon PRO W6800,Navi 21,32.0,GDDR6,256,PCIe 4.0 x16,2.322,2.0,3840,240,96,"Jun 8th, 2021",2021-06-08,20172,93,12.23,1649.96,https://www.techpowerup.com/gpu-specs/radeon-pro-w6800.c3809,https://www.videocardbenchmark.net/video_lookup.php?gpu=Radeon+PRO+W6800&id=4411,radeonprow6800
NVIDIA,GeForce RTX 3060 12 GB GA104,GA104,12.0,GDDR6,192,PCIe 4.0 x16,1.777,1.875,3584,112,64,"Sep 1st, 2021",2021-09-01,,,,,https://www.techpowerup.com/gpu-specs/geforce-rtx-3060-12-gb-ga104.c3832,,geforcertx306012gbga104
Intel,Iris Xe Graphics 80EU Mobile,Alder Lake,,DDR4,4,Ring Bus,1.2,,640,40,20,"Jan 4th, 2022",2022-01-04,,,,,https://www.techpowerup.com/gpu-specs/iris-xe-graphics-80eu-mobile.c3882,,irisxegraphics80eumobile
ATI,Radeon HD 4550,RV710,0.25,DDR2,64,PCIe 2.0 x16,0.6,0.655,80,8,4,"Sep 30th, 2008",2008-09-30,235,2150,1.51,156.0,https://www.techpowerup.com/gpu-specs/radeon-hd-4550.c232,https://www.videocardbenchmark.net/video_lookup.php?gpu=Radeon+HD+4550&id=5,radeonhd4550
NVIDIA,GeForce GTX 275,GT200B,0.875,GDDR3,448,PCIe 2.0 x16,0.633,1.134,240,80,28,"Jan 15th, 2009",2009-01-15,1344,1236,3.12,431.72,https://www.techpowerup.com/gpu-specs/geforce-gtx-275.c621,https://www.videocardbenchmark.net/video_lookup.php?gpu=GeForce+GTX+275&id=21,geforcegtx275
AMD,Radeon R9 295X2,Vesuvius,4.0,GDDR5,512,PCIe 3.0 x16,1.018,1.25,2816,176,64,"Apr 29th, 2014",2014-04-29,8816,345,17.66,499.1,https://www.techpowerup.com/gpu-specs/radeon-r9-295x2.c2523,https://www.videocardbenchmark.net/video_lookup.php?gpu=Radeon+R9+295X2&id=2878,radeonr9295x2
NVIDIA,Jetson T5000,GB10B,128.0,LPDDR5X,256,PCIe 5.0 x8,1.575,1.067,2560,80,32,"Aug 27th, 2025",2025-08-27,,,,,https://www.techpowerup.com/gpu-specs/jetson-t5000.c4370,,jetsont5000
NVIDIA,GeForce 840M,GM108S,2.0,DDR3,64,PCIe 3.0 x8,1.124,1.001,384,16,8,"Mar 12th, 2014",2014-03-12,1098,1329,,,https://www.techpowerup.com/gpu-specs/geforce-840m.c2539,https://www.videocardbenchmark.net/video_lookup.php?gpu=GeForce+840M&id=2873,geforce840m
NVIDIA,GeForce 8800 Ultra,G80,0.75,GDDR3,384,PCIe 1.0 x16,0.612,1.08,128,32,24,"May 2nd, 2007",2007-05-02,642,1698,0.89,723.6,https://www.techpowerup.com/gpu-specs/geforce-8800-ultra.c195,https://www.videocardbenchmark.net/video_lookup.php?gpu=GeForce+8800+Ultra&id=1281,geforce8800ultra
NVIDIA,GeForce FX 5200,NV34,0.125,DDR,128,AGP 8x,0.25,0.2,4,2,4,"Mar 6th, 2003",2003-03-06,7,2717,0.06,129.0,https://www.techpowerup.com/gpu-specs/geforce-fx-5200.c60,https://www.videocardbenchmark.net/video_lookup.php?gpu=GeForce+FX+5200&id=1330,geforcefx5200
NVIDIA,GeForce GTX 1060 Mobile,GP106,6.0,GDDR5,192,PCIe 3.0 x16,1.671,2.002,1280,80,48,"Aug 15th, 2016",2016-08-15,8160,361,,,https://www.techpowerup.com/gpu-specs/geforce-gtx-1060-mobile.c3016,https://www.videocardbenchmark.net/video_lookup.php?gpu=GeForce+GTX+1060+%28Mobile%29&id=4086,geforcegtx1060mobile
AMD,Xbox Magnus GPU,Magnus,32.0,GDDR7,192,IGP,1.825,1.75,4352,272,64,Unknown,,,,,,https://www.techpowerup.com/gpu-specs/xbox-magnus-gpu.c4358,,xboxmagnusgpu
NVIDIA,A10 PCIe,GA102,24.0,GDDR6,384,PCIe 4.0 x16,1.695,1.563,9216,288,96,"Apr 12th, 2021",2021-04-12,,,,,https://www.techpowerup.com/gpu-specs/a10-pcie.c3793,,a10pcie
NVIDIA,H100 SXM5 80 GB,GH100,80.0,HBM3,5120,PCIe 5.0 x16,1.98,1.313,16896,528,24,Oct 2022,2022-10-01,,,,,https://www.techpowerup.com/gpu-specs/h100-sxm5-80-gb.c3900,,h100sxm580gb
AMD,Radeon Pro Duo Polaris,Ellesmere,16.0,GDDR5,256,PCIe 3.0 x16,1.243,1.75,2304,144,32,"Apr 24th, 2017",2017-04-24,,,,,https://www.techpowerup.com/gpu-specs/radeon-pro-duo-polaris.c2953,,radeonproduopolaris
AMD,FirePro W2100,Oland,2.0,DDR3,128,PCIe 3.0 x8,0.68,0.9,320,20,8,"Aug 12th, 2014",2014-08-12,849,1486,14.39,59.0,https://www.techpowerup.com/gpu-specs/firepro-w2100.c2612,https://www.videocardbenchmark.net/video_lookup.php?gpu=FirePro+W2100&id=2940,fireprow2100
NVIDIA,GeForce GT 720,GK208B,1.0,DDR3,64,PCIe 2.0 x8,0.797,0.8,192,16,8,"Sep 29th, 2014",2014-09-29,661,1671,6.61,99.99,https://www.techpowerup.com/gpu-specs/geforce-gt-720.c2702,https://www.videocardbenchmark.net/video_lookup.php?gpu=GeForce+GT+720&id=2896,geforcegt720
AMD,Radeon R9 380X,Antigua,4.0,GDDR5,256,PCIe 3.0 x16,0.97,1.425,2048,128,32,"Nov 19th, 2015",2015-11-19,6125,452,17.5,349.99,https://www.techpowerup.com/gpu-specs/radeon-r9-380x.c2758,https://www.videocardbenchmark.net/video_lookup.php?gpu=Radeon+R9+380X&id=3266,radeonr9380x
NVIDIA,RTX 4000 SFF Ada Generation,AD104,20.0,GDDR6,160,PCIe 4.0 x16,1.56,1.75,6144,192,64,"Apr 7th, 2023",2023-04-07,20604,88,8.81,2340.0,https://www.techpowerup.com/gpu-specs/rtx-4000-sff-ada-generation.c4139,https://www.videocardbenchmark.net/video_lookup.php?gpu=RTX+4000+SFF+Ada+Generation&id=4801,rtx4000sffadageneration
NVIDIA,CMP 70HX,GA104,8.0,GDDR6X,256,PCIe 1.0 x4,1.395,1.188,3840,120,64,2021,202101-01,,,,,https://www.techpowerup.com/gpu-specs/cmp-70hx.c3822,,cmp70hx
NVIDIA,RTX 4500 Ada Generation,AD103,24.0,GDDR6,192,PCIe 4.0 x16,2.58,2.25,7680,240,80,"Aug 9th, 2023",2023-08-09,28026,31,,,https://www.techpowerup.com/gpu-specs/rtx-4500-ada-generation.c4172,https://www.videocardbenchmark.net/video_lookup.php?gpu=RTX+4500+Ada+Generation&id=4958,rtx4500adageneration
NVIDIA,Quadro M2000M,GM107,4.0,GDDR5,128,MXM-A (3.0),1.137,1.253,640,40,16,"Dec 3rd, 2015",2015-12-03,3384,704,15.88,213.16,https://www.techpowerup.com/gpu-specs/quadro-m2000m.c2740,https://www.videocardbenchmark.net/video_lookup.php?gpu=Quadro+M2000M&id=3373,quadrom2000m
Moore-Threads,MTT S30,Sudi,4.0,LPDDR4,128,PCIe 3.0 x8,1.3,2.133,1024,64,64,"Feb 21st, 2024",2024-02-21,,,,,https://www.techpowerup.com/gpu-specs/mtt-s30.c4266,,mtts30
AMD,Radeon R9 280,Tahiti,3.0,GDDR5,384,PCIe 3.0 x16,0.933,1.25,1792,112,32,"Mar 4th, 2014",2014-03-04,5532,495,,,https://www.techpowerup.com/gpu-specs/radeon-r9-280.c2405,https://www.videocardbenchmark.net/video_lookup.php?gpu=Radeon+R9+280&id=3465,radeonr9280
AMD,Radeon Pro V520,Navi 12,8.0,HBM2,2048,PCIe 4.0 x16,1.6,1.0,2304,144,64,"Dec 1st, 2020",2020-12-01,,,,,https://www.techpowerup.com/gpu-specs/radeon-pro-v520.c3755,,radeonprov520
NVIDIA,GeForce 920M,GK208B,2.0,DDR3,64,PCIe 3.0 x8,0.954,0.9,384,32,8,"Mar 13th, 2015",2015-03-13,713,1625,,,https://www.techpowerup.com/gpu-specs/geforce-920m.c2646,https://www.videocardbenchmark.net/video_lookup.php?gpu=GeForce+920M&id=3192,geforce920m
AMD,Radeon Pro Duo,Capsaicin,4.0,HBM,4096,PCIe 3.0 x16,1.0,0.5,4096,256,64,"Apr 26th, 2016",2016-04-26,8461,353,2.13,3970.36,https://www.techpowerup.com/gpu-specs/radeon-pro-duo.c2828,https://www.videocardbenchmark.net/video_lookup.php?gpu=Radeon+Pro+Duo&id=3575,radeonproduo
AMD,FirePro W4100,Cape Verde,2.0,GDDR5,128,PCIe 3.0 x16,0.63,1.0,512,32,16,"Aug 13th, 2014",2014-08-13,1486,1185,8.08,184.0,https://www.techpowerup.com/gpu-specs/firepro-w4100.c2611,https://www.videocardbenchmark.net/video_lookup.php?gpu=FirePro+W4100&id=3019,fireprow4100
Intel,UHD Graphics 64EU Mobile,Alder Lake,,DDR4,4,Ring Bus,1.4,,512,32,16,"Jan 4th, 2022",2022-01-04,,,,,https://www.techpowerup.com/gpu-specs/uhd-graphics-64eu-mobile.c3884,,uhdgraphics64eumobile
NVIDIA,RTX A1000 Mobile,GA107,4.0,GDDR6,128,PCIe 4.0 x8,1.14,1.375,2048,64,32,"Mar 30th, 2022",2022-03-30,,,,,https://www.techpowerup.com/gpu-specs/rtx-a1000-mobile.c3920,,rtxa1000mobile
NVIDIA,GeForce RTX 4070 GDDR6,AD104,12.0,GDDR6,192,PCIe 4.0 x16,2.475,2.5,5888,184,64,"Aug 20th, 2024",2024-08-20,,,,,https://www.techpowerup.com/gpu-specs/geforce-rtx-4070-gddr6.c4228,,geforcertx4070gddr6
NVIDIA,RTX 500 Mobile Ada Generation,AD107,4.0,GDDR6,64,PCIe 4.0 x8,2.025,2.0,2048,64,32,"Feb 26th, 2024",2024-02-26,,,,,https://www.techpowerup.com/gpu-specs/rtx-500-mobile-ada-generation.c4207,,rtx500mobileadageneration
ATI,Radeon HD 4870 X2,R700,1.0,GDDR5,256,PCIe 2.0 x16,0.75,0.9,800,40,16,"Aug 12th, 2008",2008-08-12,1309,1244,,,https://www.techpowerup.com/gpu-specs/radeon-hd-4870-x2.c236,https://www.videocardbenchmark.net/video_lookup.php?gpu=Radeon+HD+4870+X2&id=98,radeonhd4870x2
NVIDIA,Quadro RTX 5000 Mobile,TU104,16.0,GDDR6,256,PCIe 3.0 x16,1.53,1.75,3072,192,64,"May 27th, 2019",2019-05-27,14832,180,,,https://www.techpowerup.com/gpu-specs/quadro-rtx-5000-mobile.c3431,https://www.videocardbenchmark.net/video_lookup.php?gpu=Quadro+RTX+5000+%28Mobile%29&id=4147,quadrortx5000mobile
AMD,Radeon R5 230,Caicos,1.0,DDR3,64,PCIe 2.0 x16,0.625,0.667,160,8,4,"Apr 3rd, 2014",2014-04-03,201,2190,3.67,54.99,https://www.techpowerup.com/gpu-specs/radeon-r5-230.c2576,https://www.videocardbenchmark.net/video_lookup.php?gpu=Radeon+R5+230&id=3885,radeonr5230
AMD,Radeon HD 7670 OEM,Turks,0.5,GDDR5,128,PCIe 2.0 x16,0.8,1.0,480,24,8,"Jan 5th, 2012",2012-01-05,,,,,https://www.techpowerup.com/gpu-specs/radeon-hd-7670-oem.c392,,radeonhd7670oem
Intel,HD Graphics 5500 Mobile,Broadwell GT2,,DDR3,3,Ring Bus,0.85,,192,24,3,"Sep 5th, 2014",2014-09-05,,,,,https://www.techpowerup.com/gpu-specs/hd-graphics-5500-mobile.c2625,,hdgraphics5500mobile
NVIDIA,GeForce RTX 3070 Ti 16 GB,GA104,16.0,GDDR6X,256,PCIe 4.0 x16,1.77,1.188,6144,192,96,Never Released,,,,,,https://www.techpowerup.com/gpu-specs/geforce-rtx-3070-ti-16-gb.c3835,,geforcertx3070ti16gb
NVIDIA,GeForce GT 620,GF108,1.0,DDR3,64,PCIe 2.0 x16,0.7,0.9,96,16,4,"May 15th, 2012",2012-05-15,397,1993,2.58,154.0,https://www.techpowerup.com/gpu-specs/geforce-gt-620.c820,https://www.videocardbenchmark.net/video_lookup.php?gpu=GeForce+GT+620&id=1429,geforcegt620
NVIDIA,GeForce RTX 2070 Mobile,TU106,8.0,GDDR6,256,PCIe 3.0 x16,1.44,1.75,2304,144,64,"Jan 29th, 2019",2019-01-29,12357,243,,,https://www.techpowerup.com/gpu-specs/geforce-rtx-2070-mobile.c3349,https://www.videocardbenchmark.net/video_lookup.php?gpu=GeForce+RTX+2070+%28Mobile%29&id=4083,geforcertx2070mobile
NVIDIA,RTX PRO 2000 Blackwell Mobile,GB206,8.0,GDDR7,128,PCIe 5.0 x16,1.657,1.5,3328,104,32,Unknown,,,,,,https://www.techpowerup.com/gpu-specs/rtx-pro-2000-blackwell-mobile.c4283,,rtxpro2000blackwellmobile
NVIDIA,GeForce MX110,GM108S,2.0,GDDR5,64,PCIe 3.0 x4,1.006,1.253,256,16,8,"Nov 17th, 2017",2017-11-17,1408,1218,,,https://www.techpowerup.com/gpu-specs/geforce-mx110.c3044,https://www.videocardbenchmark.net/video_lookup.php?gpu=GeForce+MX110&id=3860,geforcemx110
AMD,Radeon HD 8570 OEM,Oland,2.0,GDDR3,128,PCIe 3.0 x8,0.78,0.9,384,24,8,"Jan 8th, 2013",2013-01-08,,,,,https://www.techpowerup.com/gpu-specs/radeon-hd-8570-oem.c1974,,radeonhd8570oem
AMD,Radeon R7 350X OEM,Oland,4.0,DDR3,128,PCIe 3.0 x8,1.05,1.0,384,24,8,"May 5th, 2015",2015-05-05,,,,,https://www.techpowerup.com/gpu-specs/radeon-r7-350x-oem.c2819,,radeonr7350xoem
NVIDIA,GeForce GTX 1050 Ti Mobile,GP107,4.0,GDDR5,128,PCIe 3.0 x16,1.62,1.752,768,48,32,"Jan 3rd, 2017",2017-01-03,5917,467,,,https://www.techpowerup.com/gpu-specs/geforce-gtx-1050-ti-mobile.c2912,https://www.videocardbenchmark.net/video_lookup.php?gpu=GeForce+GTX+1050+Ti+%28Mobile%29&id=4089,geforcegtx1050timobile
AMD,Radeon Graphics 512SP,Cezanne,,DDR4,4,IGP,2.0,,512,32,8,"Jan 12th, 2021",2021-01-12,,,,,https://www.techpowerup.com/gpu-specs/radeon-graphics-512sp.c3768,,radeongraphics512sp
AMD,Radeon RX 5300 OEM,Navi 14,3.0,GDDR6,96,PCIe 4.0 x8,1.645,1.75,1408,88,32,"Aug 28th, 2020",2020-08-28,,,,,https://www.techpowerup.com/gpu-specs/radeon-rx-5300-oem.c3584,,radeonrx5300oem
NVIDIA,Quadro M1000M,GM107,2.0,GDDR5,128,MXM-A (3.0),1.072,1.253,512,32,16,"Aug 18th, 2015",2015-08-18,2808,790,32.66,85.99,https://www.techpowerup.com/gpu-specs/quadro-m1000m.c2739,https://www.videocardbenchmark.net/video_lookup.php?gpu=Quadro+M1000M&id=3349,quadrom1000m
AMD,Radeon Vega Frontier Edition,Vega 10,16.0,HBM2,2048,PCIe 3.0 x16,1.6,0.945,4096,256,64,"Jun 27th, 2017",2017-06-27,12655,231,7.53,1679.99,https://www.techpowerup.com/gpu-specs/radeon-vega-frontier-edition.c2958,https://www.videocardbenchmark.net/video_lookup.php?gpu=Radeon+Vega+Frontier+Edition&id=3775,radeonvegafrontieredition
NVIDIA,RTX 3500 Mobile Ada Generation,AD104,12.0,GDDR6,192,PCIe 4.0 x16,1.545,2.25,5120,160,64,"Mar 21st, 2023",2023-03-21,,,,,https://www.techpowerup.com/gpu-specs/rtx-3500-mobile-ada-generation.c4098,,rtx3500mobileadageneration
NVIDIA,Quadro K420,GK107,1.0,DDR3,128,PCIe 2.0 x16,0.876,0.891,192,16,16,"Jul 22nd, 2014",2014-07-22,719,1617,2.67,269.0,https://www.techpowerup.com/gpu-specs/quadro-k420.c2599,https://www.videocardbenchmark.net/video_lookup.php?gpu=Quadro+K420&id=2992,quadrok420
NVIDIA,Tesla M40 24 GB,GM200,24.0,GDDR5,384,PCIe 3.0 x16,1.112,1.502,3072,192,96,"Nov 10th, 2015",2015-11-10,10641,283,,,https://www.techpowerup.com/gpu-specs/tesla-m40-24-gb.c3838,https://www.videocardbenchmark.net/video_lookup.php?gpu=Tesla+M40+24GB&id=4450,teslam4024gb
AMD,Radeon HD 6770,Juniper,1.0,GDDR5,128,PCIe 2.0 x16,0.85,1.2,800,40,16,"Jan 21st, 2011",2011-01-21,1273,1257,4.8,264.99,https://www.techpowerup.com/gpu-specs/radeon-hd-6770.c280,https://www.videocardbenchmark.net/video_lookup.php?gpu=Radeon+HD+6770&id=284,radeonhd6770
AMD,Radeon E9173 PCIe,Lexa,2.0,GDDR5,64,PCIe 3.0 x8,1.219,1.5,512,32,16,"Oct 3rd, 2017",2017-10-03,,,,,https://www.techpowerup.com/gpu-specs/radeon-e9173-pcie.c3031,,radeone9173pcie
AMD,Radeon RX 560 XT,Ellesmere,4.0,GDDR5,256,PCIe 3.0 x16,1.226,1.75,1792,112,32,"Mar 13th, 2019",2019-03-13,,,,,https://www.techpowerup.com/gpu-specs/radeon-rx-560-xt.c3388,,radeonrx560xt
NVIDIA,GeForce 7800 GTX,G70,0.25,GDDR3,256,PCIe 1.0 x16,0.43,0.6,24,8,24,"Jun 22nd, 2005",2005-06-22,268,2115,3.75,71.6,https://www.techpowerup.com/gpu-specs/geforce-7800-gtx.c127,https://www.videocardbenchmark.net/video_lookup.php?gpu=GeForce+7800+GTX&id=1250,geforce7800gtx
AMD,Radeon PRO W7800,Navi 31,32.0,GDDR6,256,PCIe 4.0 x16,2.525,2.25,4480,280,128,"May 26th, 2023",2023-05-26,26997,38,,,https://www.techpowerup.com/gpu-specs/radeon-pro-w7800.c4148,https://www.videocardbenchmark.net/video_lookup.php?gpu=Radeon+PRO+W7800&id=4836,radeonprow7800
AMD,Radeon R9 370,Trinidad,2.0,GDDR5,256,PCIe 3.0 x16,0.975,1.4,1280,80,32,"May 5th, 2015",2015-05-05,4722,573,29.51,159.99,https://www.techpowerup.com/gpu-specs/radeon-r9-370.c2726,https://www.videocardbenchmark.net/video_lookup.php?gpu=Radeon+R9+370&id=3469,radeonr9370
NVIDIA,GeForce 8800 GTS 512,G92,0.5,GDDR3,256,PCIe 2.0 x16,0.65,0.972,128,64,16,"Dec 11th, 2007",2007-12-11,549,1819,,,https://www.techpowerup.com/gpu-specs/geforce-8800-gts-512.c758,https://www.videocardbenchmark.net/video_lookup.php?gpu=GeForce+8800+GTS+512&id=63,geforce8800gts512
NVIDIA,Quadro M2200 Mobile,GM206,4.0,GDDR5,128,MXM-A (3.0),1.036,1.377,1024,64,32,"Jan 11th, 2017",2017-01-11,,,,,https://www.techpowerup.com/gpu-specs/quadro-m2200-mobile.c2922,,quadrom2200mobile
NVIDIA,NVS 510,GK107,2.0,DDR3,128,PCIe 2.0 x16,0.797,0.891,192,16,16,"Oct 23rd, 2012",2012-10-23,676,1661,7.27,93.0,https://www.techpowerup.com/gpu-specs/nvs-510.c1868,https://www.videocardbenchmark.net/video_lookup.php?gpu=NVS+510&id=2228,nvs510
NVIDIA,GeForce GTX 860M,GM107,2.0,GDDR5,128,MXM-B (3.0),1.02,1.253,640,40,16,"Jan 13th, 2014",2014-01-13,3088,752,27.09,114.0,https://www.techpowerup.com/gpu-specs/geforce-gtx-860m.c2536,https://www.videocardbenchmark.net/video_lookup.php?gpu=GeForce+GTX+860M&id=2866,geforcegtx860m
AMD,Radeon Vega 6 Mobile,Raven-M,,DDR3,3,IGP,1.101,,384,24,8,"Jan 8th, 2018",2018-01-08,,,,,https://www.techpowerup.com/gpu-specs/radeon-vega-6-mobile.c3079,,radeonvega6mobile
NVIDIA,Quadro P520 Mobile,GP108,2.0,GDDR5,64,PCIe 3.0 x16,1.493,1.502,384,24,16,"May 23rd, 2019",2019-05-23,,,,,https://www.techpowerup.com/gpu-specs/quadro-p520-mobile.c3424,,quadrop520mobile
AMD,Radeon HD 7790,Bonaire,1.0,GDDR5,128,PCIe 3.0 x16,1.0,1.5,896,56,16,"Mar 22nd, 2013",2013-03-22,3090,750,22.07,139.99,https://www.techpowerup.com/gpu-specs/radeon-hd-7790.c2100,https://www.videocardbenchmark.net/video_lookup.php?gpu=Radeon+HD+7790&id=2502,radeonhd7790
NVIDIA,Switch GPU 20nm,GM20B,4.0,DDR4,64,IGP,0.768,1.6,256,16,16,"Mar 17th, 2017",2017-03-17,,,,,https://www.techpowerup.com/gpu-specs/switch-gpu-20nm.c3104,,switchgpu20nm
NVIDIA,GeForce GTX 1080 Ti 12 GB,GP102,12.0,GDDR5X,384,PCIe 3.0 x16,1.67,1.376,3200,200,80,Never Released,,,,,,https://www.techpowerup.com/gpu-specs/geforce-gtx-1080-ti-12-gb.c4163,,geforcegtx1080ti12gb
3Dfx,Voodoo Graphics 4 MB,SST1,0.0039,EDO,128,PCI,0.05,0.05,1,0,1,"Oct 7th, 1996",1996-10-07,,,,,https://www.techpowerup.com/gpu-specs/voodoo-graphics-4-mb.c3570,,voodoographics4mb
NVIDIA,Quadro FX 1800,G94,0.75,GDDR3,192,PCIe 2.0 x16,0.55,0.8,64,32,12,"Mar 30th, 2009",2009-03-30,399,1990,2.96,135.0,https://www.techpowerup.com/gpu-specs/quadro-fx-1800.c1323,https://www.videocardbenchmark.net/video_lookup.php?gpu=Quadro+FX+1800&id=1566,quadrofx1800
AMD,Radeon RX 7500 XT,Navi 33,6.0,GDDR6,96,PCIe 4.0 x8,2.3,2.25,1024,64,32,Never Released,,,,,,https://www.techpowerup.com/gpu-specs/radeon-rx-7500-xt.c4116,,radeonrx7500xt
ATI,Radeon 9600 XT,RV360,0.125,DDR,128,AGP 8x,0.5,0.3,4,2,4,"Oct 1st, 2003",2003-10-01,35,2606,,,https://www.techpowerup.com/gpu-specs/radeon-9600-xt.c30,https://www.videocardbenchmark.net/video_lookup.php?gpu=RADEON+9600+XT&id=1723,radeon9600xt
NVIDIA,A800 PCIe 80 GB,GA100,80.0,HBM2E,5120,PCIe 4.0 x16,1.41,1.512,6912,432,160,"Nov 8th, 2022",2022-11-08,,,,,https://www.techpowerup.com/gpu-specs/a800-pcie-80-gb.c3965,,a800pcie80gb
NVIDIA,Quadro M6000 24 GB,GM200,24.0,GDDR5,384,PCIe 3.0 x16,1.114,1.653,3072,192,96,"Mar 5th, 2016",2016-03-05,11442,268,,,https://www.techpowerup.com/gpu-specs/quadro-m6000-24-gb.c2824,https://www.videocardbenchmark.net/video_lookup.php?gpu=Quadro+M6000+24GB&id=3544,quadrom600024gb
NVIDIA,GeForce RTX 5070 GB203,GB203,12.0,GDDR7,192,PCIe 5.0 x16,2.512,1.75,6144,192,80,"Aug 31st, 2026",2026-08-31,,,,,https://www.techpowerup.com/gpu-specs/geforce-rtx-5070-gb203.c4441,,geforcertx5070gb203
AMD,Radeon 520 OEM,Banks,2.0,GDDR5,64,PCIe 3.0 x8,1.03,1.125,320,20,8,"Apr 18th, 2017",2017-04-18,,,,,https://www.techpowerup.com/gpu-specs/radeon-520-oem.c4061,,radeon520oem
AMD,Radeon RX 7600M,Navi 33,8.0,GDDR6,128,PCIe 4.0 x16,2.41,2.0,1792,112,64,"Jan 4th, 2023",2023-01-04,10937,279,,,https://www.techpowerup.com/gpu-specs/radeon-rx-7600m.c4014,https://www.videocardbenchmark.net/video_lookup.php?gpu=Radeon+RX+7600M&id=4964,radeonrx7600m
AMD,Xbox One GPU,Durango,8.0,DDR3,256,IGP,0.853,1.066,768,48,16,"Nov 22nd, 2013",2013-11-22,,,,,https://www.techpowerup.com/gpu-specs/xbox-one-gpu.c2086,,xboxonegpu
NVIDIA,Quadro 6000,GF100,6.0,GDDR5,384,PCIe 2.0 x16,0.574,0.747,448,56,48,"Dec 10th, 2010",2010-12-10,2702,809,0.66,4092.38,https://www.techpowerup.com/gpu-specs/quadro-6000.c896,https://www.videocardbenchmark.net/video_lookup.php?gpu=Quadro+6000&id=1554,quadro6000
NVIDIA,GeForce GTX 1070 Mobile,GP104B,8.0,GDDR5,256,PCIe 3.0 x16,1.645,2.002,2048,128,64,"Aug 15th, 2016",2016-08-15,10465,288,,,https://www.techpowerup.com/gpu-specs/geforce-gtx-1070-mobile.c2869,https://www.videocardbenchmark.net/video_lookup.php?gpu=GeForce+GTX+1070+%28Mobile%29&id=4087,geforcegtx1070mobile
NVIDIA,RTX PRO 5000 Blackwell Mobile,GB203,24.0,GDDR7,256,PCIe 5.0 x16,1.68,1.75,10496,328,112,Unknown,,,,,,https://www.techpowerup.com/gpu-specs/rtx-pro-5000-blackwell-mobile.c4367,,rtxpro5000blackwellmobile
NVIDIA,TITAN Ada,AD102,48.0,GDDR6X,384,PCIe 4.0 x16,2.52,1.5,18432,576,192,Never Released,,,,,,https://www.techpowerup.com/gpu-specs/titan-ada.c3985,,titanada
AMD,Radeon RX 6750 GRE 12 GB,Navi 22,12.0,GDDR6,192,PCIe 4.0 x16,2.581,2.25,2560,160,64,"Oct 18th, 2023",2023-10-18,20410,90,,,https://www.techpowerup.com/gpu-specs/radeon-rx-6750-gre-12-gb.c4183,https://www.videocardbenchmark.net/video_lookup.php?gpu=Radeon+RX+6750+GRE+12GB&id=4990,radeonrx6750gre12gb
NVIDIA,Quadro GP100,GP100,16.0,HBM2,4096,PCIe 3.0 x16,1.443,0.715,3584,224,96,"Oct 1st, 2016",2016-10-01,14096,195,,,https://www.techpowerup.com/gpu-specs/quadro-gp100.c2994,https://www.videocardbenchmark.net/video_lookup.php?gpu=Quadro+GP100&id=3721,quadrogp100
NVIDIA,Quadro RTX 4000 Mobile,TU104,8.0,GDDR6,256,PCIe 3.0 x16,1.56,1.75,2560,160,64,"May 27th, 2019",2019-05-27,11674,261,,,https://www.techpowerup.com/gpu-specs/quadro-rtx-4000-mobile.c3430,https://www.videocardbenchmark.net/video_lookup.php?gpu=Quadro+RTX+4000+%28Mobile%29&id=4148,quadrortx4000mobile
NVIDIA,RTX 2000 Mobile Ada Generation,AD107,8.0,GDDR6,128,PCIe 4.0 x16,2.115,2.0,3072,96,48,"Mar 21st, 2023",2023-03-21,,,,,https://www.techpowerup.com/gpu-specs/rtx-2000-mobile-ada-generation.c4093,,rtx2000mobileadageneration
Intel,UHD Graphics 64EU Mobile,Raptor Lake,,DDR4,4,Ring Bus,1.25,,512,32,16,"Jan 4th, 2023",2023-01-04,,,,,https://www.techpowerup.com/gpu-specs/uhd-graphics-64eu-mobile.c4143,,uhdgraphics64eumobile
AMD,Radeon RX 6750 GRE 10 GB,Navi 22,10.0,GDDR6,160,PCIe 4.0 x16,2.45,2.0,2304,144,64,"Oct 18th, 2023",2023-10-18,18941,106,,,https://www.techpowerup.com/gpu-specs/radeon-rx-6750-gre-10-gb.c4192,https://www.videocardbenchmark.net/video_lookup.php?gpu=Radeon+RX+6750+GRE+10GB&id=5041,radeonrx6750gre10gb
AMD,Radeon HD 6790,Barts,1.0,GDDR5,256,PCIe 2.0 x16,0.84,1.05,800,40,16,"Apr 4th, 2011",2011-04-04,1589,1149,5.41,294.0,https://www.techpowerup.com/gpu-specs/radeon-hd-6790.c283,https://www.videocardbenchmark.net/video_lookup.php?gpu=Radeon+HD+6790&id=286,radeonhd6790
NVIDIA,RTX PRO 6000D Blackwell Max-Q Workstation,GB202,96.0,GDDR7,512,PCIe 5.0 x16,2.288,1.75,24064,752,192,Never Released,,,,,,https://www.techpowerup.com/gpu-specs/rtx-pro-6000d-blackwell-max-q-workstation.c4364,,rtxpro6000dblackwellmaxqworkstation
AMD,Radeon RX 550X,Lexa,4.0,GDDR5,128,PCIe 3.0 x8,1.183,1.5,512,32,16,"Dec 16th, 2018",2018-12-16,2325,888,,,https://www.techpowerup.com/gpu-specs/radeon-rx-550x.c3194,https://www.videocardbenchmark.net/video_lookup.php?gpu=Radeon+RX+550X&id=4069,radeonrx550x
AMD,Instinct MI350X,MI350 256CU,288.0,HBM3E,8192,PCIe 5.0 x16,2.2,2.0,16384,1024,0,"Jun 12th, 2025",2025-06-12,,,,,https://www.techpowerup.com/gpu-specs/instinct-mi350x.c4308,,instinctmi350x
AMD,Radeon RX 7600M XT,Navi 33,8.0,GDDR6,128,PCIe 4.0 x16,2.469,2.25,2048,128,64,"Jan 4th, 2023",2023-01-04,14297,189,,,https://www.techpowerup.com/gpu-specs/radeon-rx-7600m-xt.c4013,https://www.videocardbenchmark.net/video_lookup.php?gpu=Radeon+RX+7600M+XT&id=4844,radeonrx7600mxt
ATI,Radeon HD 3870,RV670,0.5,GDDR4,256,PCIe 2.0 x16,0.777,1.126,320,16,16,"Nov 19th, 2007",2007-11-19,551,1813,2.23,247.49,https://www.techpowerup.com/gpu-specs/radeon-hd-3870.c203,https://www.videocardbenchmark.net/video_lookup.php?gpu=Radeon+HD+3870&id=10,radeonhd3870
NVIDIA,Quadro M1200 Mobile,GM107,4.0,GDDR5,128,MXM-A (3.0),1.148,1.253,640,40,16,"Jan 11th, 2017",2017-01-11,,,,,https://www.techpowerup.com/gpu-specs/quadro-m1200-mobile.c2921,,quadrom1200mobile
NVIDIA,GeForce RTX 3050 8 GB GA107,GA107,8.0,GDDR6,128,PCIe 4.0 x8,1.777,1.75,2560,80,32,"Dec 16th, 2022",2022-12-16,,,,,https://www.techpowerup.com/gpu-specs/geforce-rtx-3050-8-gb-ga107.c3880,,geforcertx30508gbga107
NVIDIA,Quadro 5000,GF100,2.5,GDDR5,320,PCIe 2.0 x16,0.513,0.75,352,44,40,"Feb 23rd, 2011",2011-02-23,1967,1002,0.91,2169.72,https://www.techpowerup.com/gpu-specs/quadro-5000.c897,https://www.videocardbenchmark.net/video_lookup.php?gpu=Quadro+5000&id=1551,quadro5000
NVIDIA,Quadro P1000,GP107,4.0,GDDR5,128,PCIe 3.0 x16,1.48,1.253,640,40,32,"Feb 7th, 2017",2017-02-07,4529,587,15.62,289.99,https://www.techpowerup.com/gpu-specs/quadro-p1000.c3680,https://www.videocardbenchmark.net/video_lookup.php?gpu=Quadro+P1000&id=3727,quadrop1000
Intel,Arc Pro B60 Dual,BMG-G21,24.0,GDDR6,192,PCIe 5.0 x8,2.4,2.375,2560,160,80,"Sep 5th, 2025",2025-09-05,,,,,https://www.techpowerup.com/gpu-specs/arc-pro-b60-dual.c4384,,arcprob60dual
NVIDIA,H800 PCIe 80 GB,GH100,80.0,HBM2E,5120,PCIe 5.0 x16,1.755,1.593,14592,456,24,"Mar 21st, 2023",2023-03-21,,,,,https://www.techpowerup.com/gpu-specs/h800-pcie-80-gb.c4181,,h800pcie80gb
AMD,Radeon 8050S,Strix Halo,,GDDR6,6,PCIe 5.0 x16,2.8,,2048,128,64,"Jan 6th, 2025",2025-01-06,16451,145,,,https://www.techpowerup.com/gpu-specs/radeon-8050s.c4271,https://www.videocardbenchmark.net/video_lookup.php?gpu=Radeon+8050S&id=5322,radeon8050s
AMD,Radeon PRO V710,Navi 32,28.0,GDDR6,224,PCIe 4.0 x16,2.0,2.0,3456,216,96,"Oct 3rd, 2024",2024-10-03,,,,,https://www.techpowerup.com/gpu-specs/radeon-pro-v710.c4234,,radeonprov710
AMD,Radeon RX 7990 XTX,Navi 31,24.0,GDDR6,384,PCIe 4.0 x16,3.599,3.0,6144,384,192,Never Released,,,,,,https://www.techpowerup.com/gpu-specs/radeon-rx-7990-xtx.c3973,,radeonrx7990xtx
NVIDIA,GeForce RTX 2070 Max-Q,TU106,8.0,GDDR6,256,PCIe 3.0 x16,1.185,1.5,2304,144,64,"Jan 29th, 2019",2019-01-29,,,,,https://www.techpowerup.com/gpu-specs/geforce-rtx-2070-max-q.c3392,,geforcertx2070maxq
NVIDIA,GeForce RTX 2080 Ti SUPER Engineering Sample,TU102,12.0,GDDR6,384,PCIe 3.0 x16,1.65,2.0,4608,288,96,Never Released,,,,,,https://www.techpowerup.com/gpu-specs/geforce-rtx-2080-ti-super-engineering-sample.c3938,,geforcertx2080tisuperengineeringsample
Intel,HD Graphics 4000 Mobile,Ivy Bridge GT2,,DDR3,3,Ring Bus,1.0,,128,16,2,"May 14th, 2012",2012-05-14,,,,,https://www.techpowerup.com/gpu-specs/hd-graphics-4000-mobile.c1266,,hdgraphics4000mobile
NVIDIA,GeForce4 MX 440,NV17,0.0625,DDR,128,AGP 4x,0.275,0.2,2,0,4,"Feb 6th, 2002",2002-02-06,4,2773,,,https://www.techpowerup.com/gpu-specs/geforce4-mx-440.c781,https://www.videocardbenchmark.net/video_lookup.php?gpu=GeForce4+MX+440&id=1494,geforce4mx440
AMD,Radeon RX 5700 XT 50th Anniversary,Navi 10,8.0,GDDR6,256,PCIe 4.0 x16,1.98,1.75,2560,160,64,"Jul 7th, 2019",2019-07-07,16534,141,,,https://www.techpowerup.com/gpu-specs/radeon-rx-5700-xt-50th-anniversary.c3438,https://www.videocardbenchmark.net/video_lookup.php?gpu=Radeon+RX+5700+XT+50th+Anniversary&id=4114,radeonrx5700xt50thanniversary
AMD,Radeon Graphics 128SP,Raphael,,GDDR6,6,PCIe 4.0 x8,2.2,,128,8,4,"Sep 27th, 2022",2022-09-27,,,,,https://www.techpowerup.com/gpu-specs/radeon-graphics-128sp.c3993,,radeongraphics128sp
AMD,Ryzen Z2 Extreme GPU,Strix Point,16.0,LPDDR5X,128,PCIe 4.0 x4,2.7,1.0,1024,64,48,"Jul 9th, 2025",2025-07-09,,,,,https://www.techpowerup.com/gpu-specs/ryzen-z2-extreme-gpu.c4304,,ryzenz2extremegpu
NVIDIA,GeForce 9800 GTX+,G92B,0.5,GDDR3,256,PCIe 2.0 x16,0.738,1.1,128,64,16,"Jan 16th, 2009",2009-01-16,769,1561,10.26,74.99,https://www.techpowerup.com/gpu-specs/geforce-9800-gtx.c237,https://www.videocardbenchmark.net/video_lookup.php?gpu=GeForce+9800+GTX&id=1320,geforce9800gtx
AMD,Radeon PRO W7500,Navi 33,8.0,GDDR6,128,PCIe 4.0 x8,1.7,2.0,1792,112,64,"Aug 3rd, 2023",2023-08-03,13215,220,,,https://www.techpowerup.com/gpu-specs/radeon-pro-w7500.c4170,https://www.videocardbenchmark.net/video_lookup.php?gpu=Radeon+PRO+W7500&id=4890,radeonprow7500
NVIDIA,GeForce GTX 970M,GM204,3.0,GDDR5,192,MXM-B (3.0),1.038,1.253,1280,80,48,"Oct 7th, 2014",2014-10-07,5719,480,27.24,209.99,https://www.techpowerup.com/gpu-specs/geforce-gtx-970m.c2623,https://www.videocardbenchmark.net/video_lookup.php?gpu=GeForce+GTX+970M&id=2981,geforcegtx970m
NVIDIA,GeForce GTX 1050 Mobile,GP107,2.0,GDDR5,128,PCIe 3.0 x16,1.493,1.752,640,40,16,"Jan 3rd, 2017",2017-01-03,4462,595,,,https://www.techpowerup.com/gpu-specs/geforce-gtx-1050-mobile.c3298,https://www.videocardbenchmark.net/video_lookup.php?gpu=GeForce+GTX+1050+%28Mobile%29&id=4088,geforcegtx1050mobile
NVIDIA,GeForce GTX 1080 Mobile,GP104B,8.0,GDDR5X,256,PCIe 3.0 x16,1.734,1.251,2560,160,64,"Aug 15th, 2016",2016-08-15,,,,,https://www.techpowerup.com/gpu-specs/geforce-gtx-1080-mobile.c2870,,geforcegtx1080mobile
NVIDIA,Quadro FX 580,G96C,0.5,GDDR3,128,PCIe 2.0 x16,0.45,0.8,32,16,8,"Apr 9th, 2009",2009-04-09,201,2189,1.55,130.0,https://www.techpowerup.com/gpu-specs/quadro-fx-580.c1324,https://www.videocardbenchmark.net/video_lookup.php?gpu=Quadro+FX+580&id=1608,quadrofx580
AMD,Playstation 5 GPU,Oberon Plus,16.0,GDDR6,256,IGP,2.233,1.75,2304,144,64,"Sep 28th, 2022",2022-09-28,,,,,https://www.techpowerup.com/gpu-specs/playstation-5-gpu.c3934,,playstation5gpu
AMD,Xclipse 960 GPU,Juno,,LPDDR5X,5,IGP,0.985,,1024,64,64,"Mar 11th, 2026",2026-03-11,,,,,https://www.techpowerup.com/gpu-specs/xclipse-960-gpu.c4438,,xclipse960gpu
NVIDIA,GeForce 7900 GTX,G71,0.5,GDDR3,256,PCIe 1.0 x16,0.65,0.8,24,8,24,"Mar 9th, 2006",2006-03-09,387,2000,,,https://www.techpowerup.com/gpu-specs/geforce-7900-gtx.c154,https://www.videocardbenchmark.net/video_lookup.php?gpu=GeForce+7900+GTX&id=1254,geforce7900gtx
NVIDIA,GeForce 820M,GF117B,1.0,DDR3,64,PCIe 2.0 x16,0.625,0.9,96,16,8,"Nov 27th, 2013",2013-11-27,477,1911,,,https://www.techpowerup.com/gpu-specs/geforce-820m.c2524,https://www.videocardbenchmark.net/video_lookup.php?gpu=GeForce+820M&id=2785,geforce820m
NVIDIA,GeForce GTX 1050 Mobile,GP107,2.0,GDDR5,128,PCIe 3.0 x16,1.493,1.752,640,40,16,"Jan 3rd, 2017",2017-01-03,4462,595,,,https://www.techpowerup.com/gpu-specs/geforce-gtx-1050-mobile.c2917,https://www.videocardbenchmark.net/video_lookup.php?gpu=GeForce+GTX+1050+%28Mobile%29&id=4088,geforcegtx1050mobile
NVIDIA,GeForce RTX 5060 GB205,GB205,8.0,GDDR7,128,PCIe 5.0 x8,2.497,1.75,3840,120,48,"Aug 5th, 2026",2026-08-05,,,,,https://www.techpowerup.com/gpu-specs/geforce-rtx-5060-gb205.c4405,,geforcertx5060gb205
NVIDIA,GeForce GTX 1060 5 GB,GP106,5.0,GDDR5,160,PCIe 3.0 x16,1.709,2.002,1280,80,40,"Dec 26th, 2017",2017-12-26,9233,327,18.92,487.99,https://www.techpowerup.com/gpu-specs/geforce-gtx-1060-5-gb.c3060,https://www.videocardbenchmark.net/video_lookup.php?gpu=GeForce+GTX+1060+5GB&id=3923,geforcegtx10605gb
AMD,Radeon RX 9070 GRE 16 GB,Navi 48,16.0,GDDR6,256,PCIe 5.0 x16,2.79,2.25,3072,192,96,Never Released,,,,,,https://www.techpowerup.com/gpu-specs/radeon-rx-9070-gre-16-gb.c4343,,radeonrx9070gre16gb
AMD,Radeon AI PRO R9700S,Navi 48,32.0,GDDR6,256,PCIe 5.0 x16,2.92,2.518,4096,256,128,"Dec 11th, 2025",2025-12-11,29706,23,,,https://www.techpowerup.com/gpu-specs/radeon-ai-pro-r9700s.c4378,https://www.videocardbenchmark.net/video_lookup.php?gpu=Radeon+AI+PRO+R9700S&id=9409,radeonaipror9700s
NVIDIA,GRID K1,GK107,4.0,DDR3,128,PCIe 3.0 x16,0.85,0.891,192,16,16,"Mar 18th, 2013",2013-03-18,650,1685,3.68,176.96,https://www.techpowerup.com/gpu-specs/grid-k1.c1699,https://www.videocardbenchmark.net/video_lookup.php?gpu=GRID+K1&id=2617,gridk1
NVIDIA,GeForce 7600 GT,G73B,0.25,GDDR3,128,PCIe 1.0 x16,0.56,0.7,12,5,12,"Mar 9th, 2006",2006-03-09,234,2151,1.18,199.0,https://www.techpowerup.com/gpu-specs/geforce-7600-gt.c152,https://www.videocardbenchmark.net/video_lookup.php?gpu=GeForce+7600+GT&id=1243,geforce7600gt
NVIDIA,RTX A3000 Mobile 12 GB,GA104,12.0,GDDR6,192,PCIe 4.0 x16,1.44,1.75,4096,128,64,"Mar 22nd, 2022",2022-03-22,,,,,https://www.techpowerup.com/gpu-specs/rtx-a3000-mobile-12-gb.c3903,,rtxa3000mobile12gb
NVIDIA,RTX PRO 4500 Blackwell Server,GB203,32.0,GDDR7,256,PCIe 5.0 x16,2.415,1.563,10496,328,112,"Mar 17th, 2026",2026-03-17,,,,,https://www.techpowerup.com/gpu-specs/rtx-pro-4500-blackwell-server.c4387,,rtxpro4500blackwellserver
AMD,Radeon 890M,Gorgon Point,,DDR5,5,PCIe 4.0 x8,3.1,,1024,64,32,"Jan 5th, 2026",2026-01-05,8068,366,,,https://www.techpowerup.com/gpu-specs/radeon-890m.c4433,https://www.videocardbenchmark.net/video_lookup.php?gpu=Radeon+890M&id=5113,radeon890m
Intel,Arc Graphics 64EU,Arrow Lake-S,,DDR4,4,Ring Bus,1.9,,512,32,16,"Oct 24th, 2024",2024-10-24,,,,,https://www.techpowerup.com/gpu-specs/arc-graphics-64eu.c4299,,arcgraphics64eu
AMD,Radeon RX 6800M,Navi 22,12.0,GDDR6,192,PCIe 4.0 x16,2.39,2.0,2560,160,64,"May 31st, 2021",2021-05-31,13295,219,21.1,629.99,https://www.techpowerup.com/gpu-specs/radeon-rx-6800m.c3786,https://www.videocardbenchmark.net/video_lookup.php?gpu=Radeon+RX+6800M&id=4415,radeonrx6800m
NVIDIA,GeForce GTX 1080 11Gbps,GP104,8.0,GDDR5X,256,PCIe 3.0 x16,1.733,1.376,2560,160,64,"Apr 20th, 2017",2017-04-20,,,,,https://www.techpowerup.com/gpu-specs/geforce-gtx-1080-11gbps.c2951,,geforcegtx108011gbps
NVIDIA,GeForce 940M,GM108S,2.0,DDR3,64,PCIe 3.0 x8,1.176,0.9,384,24,8,"Mar 13th, 2015",2015-03-13,1134,1315,,,https://www.techpowerup.com/gpu-specs/geforce-940m.c2643,https://www.videocardbenchmark.net/video_lookup.php?gpu=GeForce+940M&id=3155,geforce940m
AMD,Ryzen AI Z2 Extreme GPU,Strix Point,16.0,LPDDR5X,256,PCIe 4.0 x4,2.7,1.0,1024,64,48,"Oct 16th, 2025",2025-10-16,,,,,https://www.techpowerup.com/gpu-specs/ryzen-ai-z2-extreme-gpu.c4305,,ryzenaiz2extremegpu
NVIDIA,A30 PCIe,GA100,24.0,HBM2E,3072,PCIe 4.0 x16,1.44,1.215,3584,224,96,"Apr 12th, 2021",2021-04-12,,,,,https://www.techpowerup.com/gpu-specs/a30-pcie.c3792,,a30pcie
AMD,Radeon Pro 5500M,Navi 14,8.0,GDDR6,128,PCIe 4.0 x8,1.45,1.5,1536,96,32,"Nov 13th, 2019",2019-11-13,6710,417,,,https://www.techpowerup.com/gpu-specs/radeon-pro-5500m.c3463,https://www.videocardbenchmark.net/video_lookup.php?gpu=Radeon+Pro+5500M&id=4165,radeonpro5500m
NVIDIA,T550 Mobile,TU117,4.0,GDDR6,64,PCIe 3.0 x16,1.665,1.5,1024,64,32,May 2022,2022-05-01,,,,,https://www.techpowerup.com/gpu-specs/t550-mobile.c3918,,t550mobile
NVIDIA,GeForce 930MX,GM108S,2.0,DDR3,64,PCIe 3.0 x8,1.02,0.9,384,24,8,"Mar 1st, 2016",2016-03-01,1269,1259,,,https://www.techpowerup.com/gpu-specs/geforce-930mx.c2825,https://www.videocardbenchmark.net/video_lookup.php?gpu=GeForce+930MX&id=3549,geforce930mx
NVIDIA,GeForce 9800 GX2,G92,0.5,GDDR3,256,PCIe 2.0 x16,0.6,1.0,128,64,16,"Mar 18th, 2008",2008-03-18,612,1733,3.14,195.0,https://www.techpowerup.com/gpu-specs/geforce-9800-gx2.c208,https://www.videocardbenchmark.net/video_lookup.php?gpu=GeForce+9800+GX2&id=1323,geforce9800gx2
AMD,Xbox One S GPU,Durango 2,8.0,DDR3,256,IGP,0.914,1.066,768,48,16,"Aug 2nd, 2016",2016-08-02,,,,,https://www.techpowerup.com/gpu-specs/xbox-one-s-gpu.c2866,,xboxonesgpu
Intel,Arc Graphics 128EU Mobile,Meteor Lake-H,,DDR4,4,IGP,2.25,,1024,64,32,"Dec 14th, 2023",2023-12-14,,,,,https://www.techpowerup.com/gpu-specs/arc-graphics-128eu-mobile.c4193,,arcgraphics128eumobile
AMD,Radeon AI PRO 9600D,Navi 48,32.0,GDDR6,256,PCIe 5.0 x16,2.02,2.25,3072,192,96,"Dec 11th, 2025",2025-12-11,,,,,https://www.techpowerup.com/gpu-specs/radeon-ai-pro-9600d.c4379,,radeonaipro9600d
ATI,Xbox 360 GPU 90nm,Xenos Xenon,0.5,GDDR3,128,IGP,0.5,0.7,240,16,8,"Nov 22nd, 2005",2005-11-22,,,,,https://www.techpowerup.com/gpu-specs/xbox-360-gpu-90nm.c1919,,xbox360gpu90nm
AMD,Instinct MI325X,Aqua Vanjaram,256.0,HBM3E,8192,PCIe 5.0 x16,2.1,1.5,19456,1216,0,"Oct 10th, 2024",2024-10-10,,,,,https://www.techpowerup.com/gpu-specs/instinct-mi325x.c4231,,instinctmi325x
NVIDIA,RTX 1000 Mobile Ada Generation,AD107,6.0,GDDR6,96,PCIe 4.0 x8,2.025,2.0,2560,80,48,"Feb 26th, 2024",2024-02-26,,,,,https://www.techpowerup.com/gpu-specs/rtx-1000-mobile-ada-generation.c4208,,rtx1000mobileadageneration
AMD,Ryzen Z1 Extreme GPU,Phoenix,16.0,LPDDR5,64,PCIe 4.0 x4,2.7,0.8,768,48,32,"Jun 13th, 2023",2023-06-13,,,,,https://www.techpowerup.com/gpu-specs/ryzen-z1-extreme-gpu.c4157,,ryzenz1extremegpu
Intel,UHD Graphics 770,Raptor Lake,,DDR4,4,Ring Bus,1.55,,256,16,8,"Sep 27th, 2022",2022-09-27,1907,1022,,,https://www.techpowerup.com/gpu-specs/uhd-graphics-770.c3940,https://www.videocardbenchmark.net/video_lookup.php?gpu=Intel+UHD+Graphics+770&id=4473,uhdgraphics770
NVIDIA,GeForce 920MX,GM108S,2.0,DDR3,64,PCIe 3.0 x8,0.993,0.9,256,24,8,"Mar 25th, 2016",2016-03-25,1059,1354,,,https://www.techpowerup.com/gpu-specs/geforce-920mx.c2826,https://www.videocardbenchmark.net/video_lookup.php?gpu=GeForce+920MX&id=3520,geforce920mx
NVIDIA,GeForce MX230,GP108,2.0,GDDR5,64,PCIe 3.0 x4,1.531,1.502,256,16,16,"Feb 21st, 2019",2019-02-21,1806,1063,,,https://www.techpowerup.com/gpu-specs/geforce-mx230.c3350,https://www.videocardbenchmark.net/video_lookup.php?gpu=GeForce+MX230&id=4036,geforcemx230
AMD,Radeon Vega 8,Picasso,,DDR4,4,IGP,1.25,,512,32,8,"Jul 7th, 2019",2019-07-07,1561,1159,12.31,126.86,https://www.techpowerup.com/gpu-specs/radeon-vega-8.c3286,https://www.videocardbenchmark.net/video_lookup.php?gpu=Radeon+Vega+8&id=3895,radeonvega8
AMD,FirePro D700,Tahiti,6.0,GDDR5,384,PCIe 3.0 x16,0.85,1.37,2048,128,32,"Jan 18th, 2014",2014-01-18,,,,,https://www.techpowerup.com/gpu-specs/firepro-d700.c2555,,fireprod700
NVIDIA,GeForce MX570,GA107S,2.0,GDDR6,64,PCIe 4.0 x8,1.155,1.5,2048,64,32,"Dec 17th, 2021",2021-12-17,5675,482,,,https://www.techpowerup.com/gpu-specs/geforce-mx570.c3919,https://www.videocardbenchmark.net/video_lookup.php?gpu=GeForce+MX570&id=4560,geforcemx570
AMD,Radeon RX 6900 XTX,Navi 21,16.0,GDDR6,256,PCIe 4.0 x16,2.435,2.25,5120,320,128,Never Released,,,,,,https://www.techpowerup.com/gpu-specs/radeon-rx-6900-xtx.c3800,,radeonrx6900xtx
NVIDIA,GeForce GT 750M,GK107,2.0,GDDR5,128,PCIe 3.0 x16,0.967,1.003,384,32,16,"Jan 9th, 2013",2013-01-09,1334,1238,,,https://www.techpowerup.com/gpu-specs/geforce-gt-750m.c2224,https://www.videocardbenchmark.net/video_lookup.php?gpu=GeForce+GT+750M&id=2492,geforcegt750m
AMD,Radeon R7 Graphics,Spectre,,DDR3,3,IGP,0.72,,512,32,8,"Jan 11th, 2014",2014-01-11,,,,,https://www.techpowerup.com/gpu-specs/radeon-r7-graphics.c2532,,radeonr7graphics
AMD,Radeon HD 6750,Juniper,1.0,GDDR5,128,PCIe 2.0 x16,0.7,1.15,720,36,16,"Jan 21st, 2011",2011-01-21,1030,1370,12.89,79.99,https://www.techpowerup.com/gpu-specs/radeon-hd-6750.c279,https://www.videocardbenchmark.net/video_lookup.php?gpu=Radeon+HD+6750&id=282,radeonhd6750
NVIDIA,GeForce RTX 2080 Mobile,TU104,8.0,GDDR6,256,PCIe 3.0 x16,1.59,1.75,2944,184,64,"Jan 29th, 2019",2019-01-29,15013,174,,,https://www.techpowerup.com/gpu-specs/geforce-rtx-2080-mobile.c3312,https://www.videocardbenchmark.net/video_lookup.php?gpu=GeForce+RTX+2080+%28Mobile%29&id=4084,geforcertx2080mobile
NVIDIA,RTX A5500 Mobile,GA103,16.0,GDDR6,256,PCIe 4.0 x16,1.5,2.0,7424,232,96,"Mar 22nd, 2022",2022-03-22,,,,,https://www.techpowerup.com/gpu-specs/rtx-a5500-mobile.c3902,,rtxa5500mobile
Intel,Iris Xe Graphics G7 80EU Mobile,Tiger Lake GT2,,DDR4,4,Ring Bus,1.1,,640,40,20,"Sep 2nd, 2020",2020-09-02,,,,,https://www.techpowerup.com/gpu-specs/iris-xe-graphics-g7-80eu-mobile.c3678,,irisxegraphicsg780eumobile
NVIDIA,GeForce GTX 1650 Mobile,TU117,4.0,GDDR6,128,PCIe 3.0 x16,1.515,1.5,1024,64,32,"Apr 15th, 2020",2020-04-15,6968,409,,,https://www.techpowerup.com/gpu-specs/geforce-gtx-1650-mobile.c3633,https://www.videocardbenchmark.net/video_lookup.php?gpu=GeForce+GTX+1650+%28Mobile%29&id=4090,geforcegtx1650mobile
NVIDIA,GeForce GTX 850M,GM107,2.0,DDR3,128,PCIe 3.0 x16,0.902,1.001,640,40,16,"Mar 12th, 2014",2014-03-12,2533,850,,,https://www.techpowerup.com/gpu-specs/geforce-gtx-850m.c2538,https://www.videocardbenchmark.net/video_lookup.php?gpu=GeForce+GTX+850M&id=2859,geforcegtx850m
ATI,Radeon HD 2900 XT,R600,0.5,GDDR3,512,PCIe 1.0 x16,0.743,0.828,320,16,16,"May 14th, 2007",2007-05-14,659,1674,,,https://www.techpowerup.com/gpu-specs/radeon-hd-2900-xt.c192,https://www.videocardbenchmark.net/video_lookup.php?gpu=Radeon+HD+2900+XT&id=578,radeonhd2900xt
NVIDIA,GeForce 6600 GT,NV43,0.125,GDDR3,128,PCIe 1.0 x16,0.5,0.5,8,3,8,"Aug 12th, 2004",2004-08-12,142,2283,2.2,64.95,https://www.techpowerup.com/gpu-specs/geforce-6600-gt.c14,https://www.videocardbenchmark.net/video_lookup.php?gpu=GeForce+6600+GT&id=1199,geforce6600gt
NVIDIA,GeForce GT 705 OEM,GF119S,1.0,DDR3,64,PCIe 2.0 x16,0.874,0.825,48,8,4,"Mar 27th, 2014",2014-03-27,,,,,https://www.techpowerup.com/gpu-specs/geforce-gt-705-oem.c2578,,geforcegt705oem
NVIDIA,H100 NVL 94 GB,GH100,94.0,HBM3,6016,PCIe 5.0 x16,1.785,1.313,16896,528,24,"Mar 21st, 2023",2023-03-21,,,,,https://www.techpowerup.com/gpu-specs/h100-nvl-94-gb.c4327,,h100nvl94gb
Intel,UHD Graphics 730,Alder Lake,,DDR4,4,Ring Bus,1.4,,192,12,8,"Jan 4th, 2022",2022-01-04,1543,1168,,,https://www.techpowerup.com/gpu-specs/uhd-graphics-730.c3877,https://www.videocardbenchmark.net/video_lookup.php?gpu=Intel+UHD+Graphics+730&id=4379,uhdgraphics730
AMD,Radeon R5 340 OEM,Oland,1.0,GDDR5,64,PCIe 3.0 x8,0.78,1.15,384,24,8,"May 5th, 2015",2015-05-05,,,,,https://www.techpowerup.com/gpu-specs/radeon-r5-340-oem.c2683,,radeonr5340oem
Intel,UHD Graphics 32EU Mobile,Tiger Lake GT1,,DDR4,4,Ring Bus,1.35,,256,16,8,2021,202101-01,,,,,https://www.techpowerup.com/gpu-specs/uhd-graphics-32eu-mobile.c3811,,uhdgraphics32eumobile
NVIDIA,Tesla K40c,GK180,12.0,GDDR5,384,PCIe 3.0 x16,0.876,1.502,2880,240,48,"Oct 8th, 2013",2013-10-08,4494,590,,,https://www.techpowerup.com/gpu-specs/tesla-k40c.c2505,https://www.videocardbenchmark.net/video_lookup.php?gpu=Tesla+K40c&id=4545,teslak40c
NVIDIA,Playstation 3 GPU 28nm,RSX-28nm,0.25,GDDR3,128,IGP,0.55,0.65,24,8,24,"Jun 3rd, 2013",2013-06-03,,,,,https://www.techpowerup.com/gpu-specs/playstation-3-gpu-28nm.c3498,,playstation3gpu28nm
Intel,UHD Graphics 630,Coffee Lake GT2,,DDR3,3,Ring Bus,1.05,,184,23,3,"Sep 1st, 2017",2017-09-01,1224,1277,,,https://www.techpowerup.com/gpu-specs/uhd-graphics-630.c3107,https://www.videocardbenchmark.net/video_lookup.php?gpu=Intel+UHD+Graphics+630&id=3826,uhdgraphics630
NVIDIA,A10G,GA102,24.0,GDDR6,384,PCIe 4.0 x16,1.71,1.563,10240,320,112,"Nov 11th, 2021",2021-11-11,13598,209,,,https://www.techpowerup.com/gpu-specs/a10g.c3798,https://www.videocardbenchmark.net/video_lookup.php?gpu=A10G&id=6737,a10g
NVIDIA,Quadro P3200 Mobile,GP104,6.0,GDDR5,192,MXM-B (3.0),1.543,1.752,1792,112,64,"Feb 21st, 2018",2018-02-21,,,,,https://www.techpowerup.com/gpu-specs/quadro-p3200-mobile.c3147,,quadrop3200mobile
AMD,Radeon RX 6600 LE,Navi 23,8.0,GDDR6,128,PCIe 4.0 x8,2.495,1.75,1792,112,64,"Dec 1st, 2023",2023-12-01,13889,199,,,https://www.techpowerup.com/gpu-specs/radeon-rx-6600-le.c4223,https://www.videocardbenchmark.net/video_lookup.php?gpu=Radeon+RX+6600+LE&id=5228,radeonrx6600le
ATI,Radeon HD 4770,RV740,0.5,GDDR5,128,PCIe 2.0 x16,0.75,0.8,640,32,16,"Apr 28th, 2009",2009-04-28,908,1444,7.28,124.86,https://www.techpowerup.com/gpu-specs/radeon-hd-4770.c290,https://www.videocardbenchmark.net/video_lookup.php?gpu=Radeon+HD+4770&id=601,radeonhd4770
NVIDIA,GeForce FX 5500,NV34B,0.0625,DDR,128,AGP 8x,0.27,0.166,4,2,4,"Mar 17th, 2004",2004-03-17,8,2709,0.05,153.97,https://www.techpowerup.com/gpu-specs/geforce-fx-5500.c926,https://www.videocardbenchmark.net/video_lookup.php?gpu=GeForce+FX+5500&id=1335,geforcefx5500
NVIDIA,RTX A5500,GA102,24.0,GDDR6,384,PCIe 4.0 x16,1.665,2.0,10240,320,96,"Mar 22nd, 2022",2022-03-22,21192,81,5.58,3799.0,https://www.techpowerup.com/gpu-specs/rtx-a5500.c3901,https://www.videocardbenchmark.net/video_lookup.php?gpu=RTX+A5500&id=4539,rtxa5500
AMD,Radeon PRO W6400,Navi 24,4.0,GDDR6,64,PCIe 4.0 x4,2.321,2.0,768,48,32,"Jan 19th, 2022",2022-01-19,8394,357,,,https://www.techpowerup.com/gpu-specs/radeon-pro-w6400.c3873,https://www.videocardbenchmark.net/video_lookup.php?gpu=Radeon+PRO+W6400&id=4530,radeonprow6400
NVIDIA,GeForce 8500 GT,G86,0.25,GDDR3,128,PCIe 1.0 x16,0.459,0.4,16,8,4,"Apr 17th, 2007",2007-04-17,172,2231,,,https://www.techpowerup.com/gpu-specs/geforce-8500-gt.c765,https://www.videocardbenchmark.net/video_lookup.php?gpu=GeForce+8500+GT&id=1270,geforce8500gt
NVIDIA,GRID K2,GK104,4.0,GDDR5,256,PCIe 3.0 x16,0.745,1.25,1536,128,32,"May 11th, 2013",2013-05-11,2736,802,27.37,99.99,https://www.techpowerup.com/gpu-specs/grid-k2.c1700,https://www.videocardbenchmark.net/video_lookup.php?gpu=GRID+K2&id=2616,gridk2
AMD,Radeon PRO W6600,Navi 23,8.0,GDDR6,128,PCIe 4.0 x8,2.58,1.75,1792,112,64,"Aug 11th, 2021",2021-08-11,14956,177,,,https://www.techpowerup.com/gpu-specs/radeon-pro-w6600.c3818,https://www.videocardbenchmark.net/video_lookup.php?gpu=Radeon+PRO+W6600&id=4445,radeonprow6600
ATI,Radeon 9700 PRO,R300,0.125,DDR,256,AGP 8x,0.325,0.31,8,4,8,"Aug 19th, 2002",2002-08-19,53,2528,,,https://www.techpowerup.com/gpu-specs/radeon-9700-pro.c50,https://www.videocardbenchmark.net/video_lookup.php?gpu=RADEON+9700+PRO&id=1726,radeon9700pro
NVIDIA,GeForce RTX 4070 Ti SUPER AD102,AD102,16.0,GDDR6X,256,PCIe 4.0 x16,2.61,1.313,8448,264,96,"Jun 10th, 2024",2024-06-10,,,,,https://www.techpowerup.com/gpu-specs/geforce-rtx-4070-ti-super-ad102.c4215,,geforcertx4070tisuperad102
ATI,Radeon HD 5570,Turks,1.0,GDDR3,128,PCIe 2.0 x16,0.65,0.5,320,16,4,"Oct 11th, 2011",2011-10-11,474,1918,2.92,162.35,https://www.techpowerup.com/gpu-specs/radeon-hd-5570.c2216,https://www.videocardbenchmark.net/video_lookup.php?gpu=Radeon+HD+5570&id=80,radeonhd5570
AMD,Instinct MI250,Aldebaran 224CU,128.0,HBM2E,8192,PCIe 4.0 x16,1.7,1.6,13312,832,0,"Nov 8th, 2021",2021-11-08,,,,,https://www.techpowerup.com/gpu-specs/instinct-mi250.c3847,,instinctmi250
AMD,Radeon RX 7900M,Navi 31,16.0,GDDR6,256,PCIe 4.0 x16,2.09,2.25,4608,288,192,"Oct 19th, 2023",2023-10-19,22238,73,,,https://www.techpowerup.com/gpu-specs/radeon-rx-7900m.c4178,https://www.videocardbenchmark.net/video_lookup.php?gpu=Radeon+RX+7900M&id=4946,radeonrx7900m
NVIDIA,GeForce GTX 1650 Max-Q,TU117,4.0,GDDR5,128,PCIe 3.0 x16,1.245,1.751,1024,64,32,"Apr 23rd, 2019",2019-04-23,,,,,https://www.techpowerup.com/gpu-specs/geforce-gtx-1650-max-q.c3383,,geforcegtx1650maxq
AMD,Radeon RX 580 OEM,Ellesmere,8.0,GDDR5,256,PCIe 3.0 x16,1.266,2.0,2304,144,32,"Jun 29th, 2016",2016-06-29,,,,,https://www.techpowerup.com/gpu-specs/radeon-rx-580-oem.c3112,,radeonrx580oem
AMD,Instinct MI250X,Aldebaran 224CU,128.0,HBM2E,8192,PCIe 4.0 x16,1.7,1.6,14080,880,0,"Nov 8th, 2021",2021-11-08,,,,,https://www.techpowerup.com/gpu-specs/instinct-mi250x.c3837,,instinctmi250x
AMD,Radeon RX 560X,Polaris 21,4.0,GDDR5,128,PCIe 3.0 x8,1.275,1.75,1024,64,16,"Apr 11th, 2018",2018-04-11,3650,679,,,https://www.techpowerup.com/gpu-specs/radeon-rx-560x.c3193,https://www.videocardbenchmark.net/video_lookup.php?gpu=Radeon+RX+560X&id=3955,radeonrx560x
NVIDIA,Quadro P2000 Mobile,GP107,4.0,GDDR5,128,PCIe 3.0 x16,1.607,1.502,768,48,32,"Feb 6th, 2017",2017-02-06,,,,,https://www.techpowerup.com/gpu-specs/quadro-p2000-mobile.c3202,,quadrop2000mobile
NVIDIA,RTX 5000 Mobile Ada Generation,AD103,16.0,GDDR6,256,PCIe 4.0 x16,2.115,2.25,9728,304,112,"Mar 21st, 2023",2023-03-21,,,,,https://www.techpowerup.com/gpu-specs/rtx-5000-mobile-ada-generation.c4097,,rtx5000mobileadageneration
Intel,Arc 130V Mobile,Lunar Lake,,GDDR6,6,IGP,1.85,,896,56,28,"Sep 24th, 2024",2024-09-24,,,,,https://www.techpowerup.com/gpu-specs/arc-130v-mobile.c4315,,arc130vmobile
Intel,UHD Graphics 600 Mobile,Gemini Lake GT1,,DDR4,4,Ring Bus,0.65,,96,12,2,"Dec 11th, 2017",2017-12-11,,,,,https://www.techpowerup.com/gpu-specs/uhd-graphics-600-mobile.c3065,,uhdgraphics600mobile
Sony,Playstation 2 GPU 250nm,GS-250nm,0.0039,EDRAM,2560,IGP,0.147,0.15,16,2,8,"Mar 4th, 2000",2000-03-04,,,,,https://www.techpowerup.com/gpu-specs/playstation-2-gpu-250nm.c3702,,playstation2gpu250nm
NVIDIA,DRIVE PG199 PROD,GA100,32.0,HBM2E,6144,PCIe 4.0 x16,1.26,1.404,6912,432,192,"May 14th, 2020",2020-05-14,,,,,https://www.techpowerup.com/gpu-specs/drive-pg199-prod.c3967,,drivepg199prod
AMD,Radeon Pro 5300M,Navi 14,4.0,GDDR6,128,PCIe 4.0 x8,1.25,1.5,1280,80,32,"Nov 13th, 2019",2019-11-13,5808,471,,,https://www.techpowerup.com/gpu-specs/radeon-pro-5300m.c3464,https://www.videocardbenchmark.net/video_lookup.php?gpu=Radeon+Pro+5300M&id=4172,radeonpro5300m
Moore-Threads,MTT S4000,Quyuan,48.0,GDDR6,384,PCIe 5.0 x16,1.5,2.0,8192,512,512,"Dec 19th, 2023",2023-12-19,,,,,https://www.techpowerup.com/gpu-specs/mtt-s4000.c4261,,mtts4000
AMD,Radeon R7 250X,Cape Verde,1.0,GDDR5,128,PCIe 3.0 x16,0.95,1.125,640,40,16,"Feb 13th, 2014",2014-02-13,2268,909,11.7,194.0,https://www.techpowerup.com/gpu-specs/radeon-r7-250x.c2553,https://www.videocardbenchmark.net/video_lookup.php?gpu=Radeon+R7+250X&id=3286,radeonr7250x
NVIDIA,GeForce RTX 3050 OEM,GA106,8.0,GDDR6,128,PCIe 4.0 x8,1.755,1.75,2304,72,32,"Jul 18th, 2022",2022-07-18,11869,257,40.8,290.9,https://www.techpowerup.com/gpu-specs/geforce-rtx-3050-oem.c3915,https://www.videocardbenchmark.net/video_lookup.php?gpu=GeForce+RTX+3050+OEM&id=4569,geforcertx3050oem
NVIDIA,A100 SXM4 40 GB,GA100,40.0,HBM2E,5120,PCIe 4.0 x16,1.41,1.215,6912,432,160,"May 14th, 2020",2020-05-14,13326,,,,https://www.techpowerup.com/gpu-specs/a100-sxm4-40-gb.c3506,https://www.videocardbenchmark.net/gpu.php?gpu=A100-SXM4-40GB&id=5182,a100sxm440gb
NVIDIA,GeForce FX 5950 Ultra,NV38,0.25,DDR,256,AGP 8x,0.475,0.475,4,3,8,"Oct 23rd, 2003",2003-10-23,59,2514,,,https://www.techpowerup.com/gpu-specs/geforce-fx-5950-ultra.c79,https://www.videocardbenchmark.net/video_lookup.php?gpu=GeForce+FX+5950+Ultra&id=1350,geforcefx5950ultra
NVIDIA,GeForce RTX 4050 Max-Q,AD107,6.0,GDDR6,96,PCIe 4.0 x8,1.605,2.0,2560,80,48,"Feb 22nd, 2023",2023-02-22,,,,,https://www.techpowerup.com/gpu-specs/geforce-rtx-4050-max-q.c3987,,geforcertx4050maxq
AMD,Radeon HD 7470 OEM,Caicos,1.0,GDDR5,64,PCIe 2.0 x16,0.75,0.9,160,8,4,"Jan 5th, 2012",2012-01-05,,,,,https://www.techpowerup.com/gpu-specs/radeon-hd-7470-oem.c299,,radeonhd7470oem
Intel,H3C XG310,DG1,8.0,LPDDR4X,128,PCIe 3.0 x16,1.1,2.133,768,48,24,"Nov 11th, 2020",2020-11-11,,,,,https://www.techpowerup.com/gpu-specs/h3c-xg310.c3745,,h3cxg310
AMD,Radeon RX 7600S,Navi 33,8.0,GDDR6,128,PCIe 4.0 x16,2.2,2.0,1792,112,64,"Jan 31st, 2023",2023-01-31,15583,163,,,https://www.techpowerup.com/gpu-specs/radeon-rx-7600s.c4016,https://www.videocardbenchmark.net/video_lookup.php?gpu=Radeon+RX+7600S&id=4835,radeonrx7600s
AMD,FirePro W9100,Hawaii,16.0,GDDR5,512,PCIe 3.0 x16,0.93,1.25,2816,176,64,"Mar 26th, 2014",2014-03-26,7098,402,4.1,1729.99,https://www.techpowerup.com/gpu-specs/firepro-w9100.c2562,https://www.videocardbenchmark.net/video_lookup.php?gpu=FirePro+W9100&id=3028,fireprow9100
AMD,Radeon RX 6500M,Navi 24,4.0,GDDR6,64,PCIe 4.0 x4,2.4,2.25,1024,64,32,"Jan 4th, 2022",2022-01-04,7307,397,,,https://www.techpowerup.com/gpu-specs/radeon-rx-6500m.c3865,https://www.videocardbenchmark.net/video_lookup.php?gpu=Radeon+RX+6500M&id=4599,radeonrx6500m
NVIDIA,GeForce 6800 Ultra,NV40,0.25,GDDR3,256,AGP 8x,0.425,0.55,16,6,16,"Apr 14th, 2004",2004-04-14,138,2293,,,https://www.techpowerup.com/gpu-specs/geforce-6800-ultra.c10,https://www.videocardbenchmark.net/video_lookup.php?gpu=GeForce+6800+Ultra&id=1214,geforce6800ultra
NVIDIA,GeForce GT 540M,GF108,1.0,DDR3,128,MXM-A (3.0),0.672,0.9,96,16,4,"Jan 5th, 2011",2011-01-05,467,1923,5.31,87.95,https://www.techpowerup.com/gpu-specs/geforce-gt-540m.c702,https://www.videocardbenchmark.net/video_lookup.php?gpu=GeForce+GT+540M&id=27,geforcegt540m
AMD,Playstation 4 Slim GPU,Liverpool 16nm,8.0,GDDR5,256,IGP,0.8,1.375,1152,72,32,"Sep 7th, 2016",2016-09-07,,,,,https://www.techpowerup.com/gpu-specs/playstation-4-slim-gpu.c3758,,playstation4slimgpu
NVIDIA,Quadro 7000,GF110,6.0,GDDR5,384,PCIe 2.0 x16,0.651,0.851,512,64,48,"May 2nd, 2012",2012-05-02,3505,695,,,https://www.techpowerup.com/gpu-specs/quadro-7000.c1840,https://www.videocardbenchmark.net/video_lookup.php?gpu=Quadro+7000&id=1555,quadro7000
Intel,Iris Xe MAX Graphics,DG1,4.0,LPDDR4X,128,PCIe 4.0 x8,1.65,2.133,768,48,24,"Oct 31st, 2020",2020-10-31,,,,,https://www.techpowerup.com/gpu-specs/iris-xe-max-graphics.c3737,,irisxemaxgraphics
ATI,Radeon HD 4650,RV730,0.25,GDDR3,128,PCIe 2.0 x16,0.6,0.7,320,32,8,"Sep 10th, 2008",2008-09-10,248,2137,3.55,69.99,https://www.techpowerup.com/gpu-specs/radeon-hd-4650.c233,https://www.videocardbenchmark.net/video_lookup.php?gpu=Radeon+HD+4650&id=596,radeonhd4650
AMD,Wii U GPU,Latte,2.0,DDR3,64,IGP,0.55,0.8,160,16,8,"Nov 18th, 2012",2012-11-18,,,,,https://www.techpowerup.com/gpu-specs/wii-u-gpu.c1903,,wiiugpu
AMD,Radeon R5 M330,Exo,2.0,DDR3,64,PCIe 3.0 x8,1.03,0.9,320,20,8,"May 5th, 2015",2015-05-05,595,1754,,,https://www.techpowerup.com/gpu-specs/radeon-r5-m330.c2681,https://www.videocardbenchmark.net/video_lookup.php?gpu=Radeon+R5+M330&id=3207,radeonr5m330
ATI,Radeon HD 3450,RV620,0.25,DDR2,64,PCIe 2.0 x16,0.6,0.5,40,4,4,"Dec 10th, 2007",2007-12-10,182,2215,2.05,89.0,https://www.techpowerup.com/gpu-specs/radeon-hd-3450.c224,https://www.videocardbenchmark.net/video_lookup.php?gpu=Radeon+HD+3450&id=581,radeonhd3450
NVIDIA,GeForce3,NV20,0.0625,DDR,128,AGP 4x,0.2,0.23,4,1,8,"Feb 27th, 2001",2001-02-27,4,2759,,,https://www.techpowerup.com/gpu-specs/geforce3.c738,https://www.videocardbenchmark.net/video_lookup.php?gpu=GeForce3&id=1482,geforce3
AMD,FirePro W5000,Pitcairn,2.0,GDDR5,256,PCIe 3.0 x16,0.825,0.8,768,48,32,"Aug 7th, 2012",2012-08-07,2971,767,16.15,184.0,https://www.techpowerup.com/gpu-specs/firepro-w5000.c588,https://www.videocardbenchmark.net/video_lookup.php?gpu=FirePro+W5000&id=2227,fireprow5000
NVIDIA,GeForce RTX 4080 12 GB,AD104,12.0,GDDR6X,192,PCIe 4.0 x16,2.61,1.313,7680,240,80,Never Released,,,,,,https://www.techpowerup.com/gpu-specs/geforce-rtx-4080-12-gb.c3932,,geforcertx408012gb
AMD,Radeon 530 Mobile GDDR5,Weston,2.0,GDDR5,64,PCIe 3.0 x8,0.891,0.9,384,24,8,"Apr 18th, 2017",2017-04-18,,,,,https://www.techpowerup.com/gpu-specs/radeon-530-mobile-gddr5.c3002,,radeon530mobilegddr5
AMD,Radeon PRO W7800 48 GB,Navi 31,48.0,GDDR6,384,PCIe 4.0 x16,2.525,2.25,4480,280,128,"Nov 15th, 2024",2024-11-15,,,,,https://www.techpowerup.com/gpu-specs/radeon-pro-w7800-48-gb.c4252,,radeonprow780048gb
NVIDIA,GeForce 6600,NV43,0.25,DDR,128,PCIe 1.0 x16,0.3,0.25,8,3,8,"Aug 12th, 2004",2004-08-12,85,2438,0.33,264.0,https://www.techpowerup.com/gpu-specs/geforce-6600.c714,https://www.videocardbenchmark.net/video_lookup.php?gpu=GeForce+6600&id=1198,geforce6600
AMD,Steam Deck OLED GPU,Sephiroth,16.0,LPDDR5,128,IGP,1.6,1.375,512,32,16,"Nov 9th, 2023",2023-11-09,,,,,https://www.techpowerup.com/gpu-specs/steam-deck-oled-gpu.c4185,,steamdeckoledgpu
NVIDIA,RTX 5880 Ada Generation,AD102,48.0,GDDR6,384,PCIe 4.0 x16,2.46,2.25,14080,440,176,"Jan 5th, 2024",2024-01-05,25095,50,,,https://www.techpowerup.com/gpu-specs/rtx-5880-ada-generation.c4191,https://www.videocardbenchmark.net/video_lookup.php?gpu=RTX+5880+Ada+Generation&id=5146,rtx5880adageneration
AMD,Radeon Pro WX 8200,Vega 10,8.0,HBM2,2048,PCIe 3.0 x16,1.5,1.0,3584,224,64,"Aug 13th, 2018",2018-08-13,12474,240,27.78,449.0,https://www.techpowerup.com/gpu-specs/radeon-pro-wx-8200.c3303,https://www.videocardbenchmark.net/video_lookup.php?gpu=Radeon+Pro+WX+8200&id=3976,radeonprowx8200
NVIDIA,Quadro K2100M,GK106S,2.0,GDDR5,128,MXM-A (3.0),0.667,0.752,576,48,16,"Jul 23rd, 2013",2013-07-23,1375,1224,3.31,415.99,https://www.techpowerup.com/gpu-specs/quadro-k2100m.c2429,https://www.videocardbenchmark.net/video_lookup.php?gpu=Quadro+K2100M&id=2665,quadrok2100m
NVIDIA,GeForce GT 740M,GK107,2.0,DDR3,128,PCIe 3.0 x16,0.895,0.901,384,32,16,"Apr 1st, 2013",2013-04-01,770,1557,,,https://www.techpowerup.com/gpu-specs/geforce-gt-740m.c2310,https://www.videocardbenchmark.net/video_lookup.php?gpu=GeForce+GT+740M&id=2461,geforcegt740m
Intel,UHD Graphics 750,Rocket Lake,,DDR4,4,Ring Bus,1.3,,256,16,8,"Mar 30th, 2021",2021-03-30,1682,1106,,,https://www.techpowerup.com/gpu-specs/uhd-graphics-750.c3766,https://www.videocardbenchmark.net/video_lookup.php?gpu=Intel+UHD+Graphics+750&id=4378,uhdgraphics750
NVIDIA,GeForce GTX 980M,GM204,8.0,GDDR5,256,MXM-B (3.0),1.127,1.253,1536,96,64,"Oct 7th, 2014",2014-10-07,7391,395,25.49,289.99,https://www.techpowerup.com/gpu-specs/geforce-gtx-980m.c2622,https://www.videocardbenchmark.net/video_lookup.php?gpu=GeForce+GTX+980M&id=2976,geforcegtx980m
AMD,Radeon Pro Vega II Duo,Vega 20,32.0,HBM2,4096,Apple MPX,1.72,1.0,4096,256,64,"Jun 3rd, 2019",2019-06-03,13690,204,,,https://www.techpowerup.com/gpu-specs/radeon-pro-vega-ii-duo.c3268,https://www.videocardbenchmark.net/video_lookup.php?gpu=Radeon+Pro+Vega+II+Duo&id=4758,radeonprovegaiiduo
ATI,Radeon HD 4350,RV710,0.5,DDR3,64,PCIe 2.0 x16,0.6,0.4,80,8,4,"Sep 30th, 2008",2008-09-30,165,2247,3.25,50.99,https://www.techpowerup.com/gpu-specs/radeon-hd-4350.c423,https://www.videocardbenchmark.net/video_lookup.php?gpu=Radeon+HD+4350&id=113,radeonhd4350
AMD,FirePro S7150 x2,Tonga,8.0,GDDR5,256,PCIe 3.0 x16,0.92,1.25,1792,112,32,"Feb 1st, 2016",2016-02-01,,,,,https://www.techpowerup.com/gpu-specs/firepro-s7150-x2.c2812,,firepros7150x2
NVIDIA,Quadro FX 3800,GT200B,1.0,GDDR3,256,PCIe 2.0 x16,0.6,0.8,192,64,16,"Mar 30th, 2009",2009-03-30,824,1504,3.18,259.13,https://www.techpowerup.com/gpu-specs/quadro-fx-3800.c1321,https://www.videocardbenchmark.net/video_lookup.php?gpu=Quadro+FX+3800&id=1590,quadrofx3800
AMD,Radeon R5 Graphics,Spectre SL,,DDR3,3,IGP,0.758,,256,16,4,"Sep 17th, 2014",2014-09-17,,,,,https://www.techpowerup.com/gpu-specs/radeon-r5-graphics.c3007,,radeonr5graphics
NVIDIA,Quadro T2000 Max-Q,TU117,4.0,GDDR5,128,PCIe 3.0 x16,1.395,1.25,1024,64,32,"May 27th, 2019",2019-05-27,,,,,https://www.techpowerup.com/gpu-specs/quadro-t2000-max-q.c3436,,quadrot2000maxq
NVIDIA,GeForce GTX 1050 3 GB,GP107,3.0,GDDR5,96,PCIe 3.0 x16,1.518,1.752,768,48,24,"May 21st, 2018",2018-05-21,5119,534,,,https://www.techpowerup.com/gpu-specs/geforce-gtx-1050-3-gb.c3257,https://www.videocardbenchmark.net/video_lookup.php?gpu=GeForce+GTX+1050+3GB&id=4603,geforcegtx10503gb
NVIDIA,Quadro P5200 Mobile,GP104,16.0,GDDR5,256,MXM-B (3.0),1.759,1.804,2560,160,64,"Feb 21st, 2018",2018-02-21,,,,,https://www.techpowerup.com/gpu-specs/quadro-p5200-mobile.c3020,,quadrop5200mobile
AMD,Instinct MI300A,Aqua Vanjaram,128.0,HBM3,8192,PCIe 5.0 x16,2.1,1.3,14592,912,0,"Dec 6th, 2023",2023-12-06,,,,,https://www.techpowerup.com/gpu-specs/instinct-mi300a.c4296,,instinctmi300a
NVIDIA,GeForce GTX 645 OEM,GK106S,1.0,GDDR5,128,PCIe 3.0 x16,0.824,1.0,576,48,16,"Apr 22nd, 2013",2013-04-22,,,,,https://www.techpowerup.com/gpu-specs/geforce-gtx-645-oem.c2359,,geforcegtx645oem
NVIDIA,RTX A4500 Mobile,GA104,16.0,GDDR6,256,PCIe 4.0 x16,1.5,2.0,5888,184,96,"Mar 22nd, 2022",2022-03-22,,,,,https://www.techpowerup.com/gpu-specs/rtx-a4500-mobile.c3851,,rtxa4500mobile
AMD,Radeon RX Vega 64 Liquid Cooling,Vega 10,8.0,HBM2,2048,PCIe 3.0 x16,1.677,0.945,4096,256,64,"Aug 7th, 2017",2017-08-07,,,,,https://www.techpowerup.com/gpu-specs/radeon-rx-vega-64-liquid-cooling.c2992,,radeonrxvega64liquidcooling
NVIDIA,H100 PCIe 96 GB,GH100,96.0,HBM3,5120,PCIe 5.0 x16,1.837,1.313,16896,528,24,"Mar 21st, 2023",2023-03-21,,,,,https://www.techpowerup.com/gpu-specs/h100-pcie-96-gb.c4164,,h100pcie96gb
AMD,Radeon RX 5500M,Navi 14,4.0,GDDR6,128,PCIe 4.0 x8,1.645,1.75,1408,88,32,"Oct 7th, 2019",2019-10-07,6055,459,,,https://www.techpowerup.com/gpu-specs/radeon-rx-5500m.c3460,https://www.videocardbenchmark.net/video_lookup.php?gpu=Radeon+RX+5500M&id=4193,radeonrx5500m
AMD,Radeon 820M,Krackan Point 2,,DDR5,5,PCIe 4.0 x8,2.8,,128,8,4,Mar 2025,2025-03-01,2199,930,,,https://www.techpowerup.com/gpu-specs/radeon-820m.c4386,https://www.videocardbenchmark.net/video_lookup.php?gpu=Radeon+820M&id=7160,radeon820m
Intel,Arc 130T Mobile,Arrow Lake-H,,GDDR6,6,IGP,2.2,,896,56,28,"Jan 13th, 2025",2025-01-13,,,,,https://www.techpowerup.com/gpu-specs/arc-130t-mobile.c4269,,arc130tmobile
Intel,Arc B370,Panther Lake-H,,LPDDR5X,5,IGP,2.4,,1280,40,20,"Jan 27th, 2026",2026-01-27,,,,,https://www.techpowerup.com/gpu-specs/arc-b370.c4382,,arcb370
AMD,Radeon PRO W7700,Navi 32,16.0,GDDR6,256,PCIe 4.0 x16,2.153,2.25,3072,192,96,"Nov 13th, 2023",2023-11-13,22825,66,,,https://www.techpowerup.com/gpu-specs/radeon-pro-w7700.c4184,https://www.videocardbenchmark.net/video_lookup.php?gpu=Radeon+PRO+W7700&id=4968,radeonprow7700
NVIDIA,NV1,NV1,0.002,EDO,64,PCI,0.075,0.06,1,0,1,"Sep 30th, 1995",1995-09-30,,,,,https://www.techpowerup.com/gpu-specs/nv1.c2015,,nv1
ATI,Radeon HD 5830,Cypress,1.0,GDDR5,256,PCIe 2.0 x16,0.8,1.0,1120,56,16,"Feb 25th, 2010",2010-02-25,1737,1085,6.71,258.99,https://www.techpowerup.com/gpu-specs/radeon-hd-5830.c251,https://www.videocardbenchmark.net/video_lookup.php?gpu=Radeon+HD+5830&id=69,radeonhd5830
AMD,Radeon RX Vega 11,Picasso,,DDR4,4,IGP,1.4,,704,44,8,"Jul 7th, 2019",2019-07-07,2086,963,2.08,1002.0,https://www.techpowerup.com/gpu-specs/radeon-rx-vega-11.c3593,https://www.videocardbenchmark.net/video_lookup.php?gpu=Radeon+RX+Vega+11&id=3893,radeonrxvega11
AMD,FirePro W7000,Pitcairn,4.0,GDDR5,256,PCIe 3.0 x16,0.95,1.2,1280,80,32,"Jun 13th, 2012",2012-06-13,4319,611,24.69,174.96,https://www.techpowerup.com/gpu-specs/firepro-w7000.c587,https://www.videocardbenchmark.net/video_lookup.php?gpu=FirePro+W7000&id=2232,fireprow7000
ATI,Radeon X1950 XTX,R580+,0.5,GDDR4,256,PCIe 1.0 x16,0.65,1.0,48,8,16,"Oct 17th, 2006",2006-10-17,,,,,https://www.techpowerup.com/gpu-specs/radeon-x1950-xtx.c168,,radeonx1950xtx
NVIDIA,A2 PCIe,GA107,16.0,GDDR6,128,PCIe 4.0 x8,1.77,1.563,1280,40,32,"Nov 10th, 2021",2021-11-10,,,,,https://www.techpowerup.com/gpu-specs/a2-pcie.c4112,,a2pcie
NVIDIA,GeForce GTX 880M,GK104,8.0,GDDR5,256,MXM-B (3.0),0.993,1.25,1536,128,32,"Mar 12th, 2014",2014-03-12,3874,650,,,https://www.techpowerup.com/gpu-specs/geforce-gtx-880m.c2534,https://www.videocardbenchmark.net/video_lookup.php?gpu=GeForce+GTX+880M&id=2850,geforcegtx880m
AMD,FirePro V5900,Cayman,2.0,GDDR5,256,PCIe 2.0 x16,0.6,0.5,512,32,32,"May 24th, 2011",2011-05-24,1182,1297,13.75,86.0,https://www.techpowerup.com/gpu-specs/firepro-v5900.c577,https://www.videocardbenchmark.net/video_lookup.php?gpu=FirePro+V5900&id=243,fireprov5900
Intel,GMA X4500,Eaglelake,,DDR2,2,FSB,0.533,,80,10,1,"Jun 1st, 2008",2008-06-01,,,,,https://www.techpowerup.com/gpu-specs/gma-x4500.c3116,,gmax4500
NVIDIA,GeForce2 MX,NV11,0.0312,SDR,128,AGP 4x,0.175,0.166,2,0,4,"Jun 28th, 2000",2000-06-28,2,2827,,,https://www.techpowerup.com/gpu-specs/geforce2-mx.c792,https://www.videocardbenchmark.net/video_lookup.php?gpu=GeForce2+MX&id=1472,geforce2mx
NVIDIA,Jetson Orin NX 16 GB,GA10B,16.0,LPDDR5,128,PCIe 4.0 x4,0.918,0.8,1024,32,16,Feb 2023,2023-02-01,,,,,https://www.techpowerup.com/gpu-specs/jetson-orin-nx-16-gb.c4086,,jetsonorinnx16gb
AMD,Radeon Graphics 512SP Mobile,Cezanne-M,,DDR4,4,IGP,2.0,,512,32,8,"Jan 12th, 2021",2021-01-12,,,,,https://www.techpowerup.com/gpu-specs/radeon-graphics-512sp-mobile.c3771,,radeongraphics512spmobile
AMD,Radeon 540,Lexa,1.0,GDDR5,32,PCIe 3.0 x8,1.183,1.5,384,24,16,"Apr 20th, 2017",2017-04-20,1450,1201,,,https://www.techpowerup.com/gpu-specs/radeon-540.c4213,https://www.videocardbenchmark.net/video_lookup.php?gpu=Radeon+540&id=3803,radeon540
NVIDIA,Quadro FX 4800,GT200B,1.5,GDDR3,384,PCIe 2.0 x16,0.602,0.8,192,64,24,"Nov 11th, 2008",2008-11-11,1013,1378,0.61,1660.81,https://www.techpowerup.com/gpu-specs/quadro-fx-4800.c1320,https://www.videocardbenchmark.net/video_lookup.php?gpu=Quadro+FX+4800&id=32,quadrofx4800
NVIDIA,P106-090,GP106,3.0,GDDR5,192,PCIe 1.0 x1,1.531,2.002,768,48,48,"Jul 31st, 2017",2017-07-31,2703,808,,,https://www.techpowerup.com/gpu-specs/p106-090.c2999,https://www.videocardbenchmark.net/video_lookup.php?gpu=P106-090&id=4212,p106090
ATI,Radeon HD 2600 PRO,RV630,0.25,DDR2,128,PCIe 1.0 x16,0.6,0.5,120,8,4,"Jun 28th, 2007",2007-06-28,211,2177,1.12,188.44,https://www.techpowerup.com/gpu-specs/radeon-hd-2600-pro.c212,https://www.videocardbenchmark.net/video_lookup.php?gpu=Radeon+HD+2600+PRO&id=572,radeonhd2600pro
NVIDIA,GeForce RTX 2060 Max-Q,TU106,6.0,GDDR6,192,PCIe 3.0 x16,1.185,1.375,1920,120,48,"Jan 29th, 2020",2020-01-29,,,,,https://www.techpowerup.com/gpu-specs/geforce-rtx-2060-max-q.c3533,,geforcertx2060maxq
NVIDIA,GeForce RTX 3050 A Mobile,GA106,4.0,GDDR6,128,PCIe 4.0 x8,1.343,1.5,1792,56,32,2024,202401-01,,,,,https://www.techpowerup.com/gpu-specs/geforce-rtx-3050-a-mobile.c4227,,geforcertx3050amobile
NVIDIA,Quadro P3000 Mobile,GP104,6.0,GDDR5,192,MXM-B (3.0),1.215,1.752,1280,80,48,"Jan 11th, 2017",2017-01-11,,,,,https://www.techpowerup.com/gpu-specs/quadro-p3000-mobile.c2923,,quadrop3000mobile
AMD,Radeon R5 220 OEM,Cedar,1.0,DDR3,64,PCIe 2.0 x16,0.65,0.533,80,8,4,"Dec 21st, 2013",2013-12-21,,,,,https://www.techpowerup.com/gpu-specs/radeon-r5-220-oem.c2544,,radeonr5220oem
ATI,Radeon HD 3850,RV670,0.5,GDDR3,256,PCIe 2.0 x16,0.668,0.83,320,16,16,"Nov 19th, 2007",2007-11-19,401,1987,,,https://www.techpowerup.com/gpu-specs/radeon-hd-3850.c486,https://www.videocardbenchmark.net/video_lookup.php?gpu=Radeon+HD+3850&id=587,radeonhd3850
NVIDIA,GeForce GT 650M,GK107,1.0,DDR3,128,PCIe 3.0 x16,0.95,0.9,384,32,16,"Mar 22nd, 2012",2012-03-22,1177,1300,,,https://www.techpowerup.com/gpu-specs/geforce-gt-650m.c547,https://www.videocardbenchmark.net/video_lookup.php?gpu=GeForce+GT+650M&id=122,geforcegt650m
ATI,Radeon 7000,RV100,0.0312,DDR,64,AGP 4x,0.183,0.183,1,0,3,"Feb 19th, 2001",2001-02-19,,,,,https://www.techpowerup.com/gpu-specs/radeon-7000.c648,,radeon7000
AMD,Radeon R9 360 OEM,Tobago,2.0,GDDR5,128,PCIe 3.0 x16,1.05,1.625,768,48,16,"May 5th, 2015",2015-05-05,,,,,https://www.techpowerup.com/gpu-specs/radeon-r9-360-oem.c2661,,radeonr9360oem
NVIDIA,GeForce2 MX 400,NV11,0.0312,SDR,128,AGP 4x,0.2,0.166,2,0,4,"Mar 3rd, 2001",2001-03-03,,,,,https://www.techpowerup.com/gpu-specs/geforce2-mx-400.c790,,geforce2mx400
AMD,Radeon Pro Vega II,Vega 20,32.0,HBM2,4096,Apple MPX,1.72,0.806,4096,256,64,"Jun 3rd, 2019",2019-06-03,15618,160,,,https://www.techpowerup.com/gpu-specs/radeon-pro-vega-ii.c3426,https://www.videocardbenchmark.net/video_lookup.php?gpu=Radeon+Pro+Vega+II&id=4189,radeonprovegaii
AMD,Radeon RX 7950 XTX,Navi 31,24.0,GDDR6,384,PCIe 4.0 x16,3.3,2.5,6144,384,192,Never Released,,,,,,https://www.techpowerup.com/gpu-specs/radeon-rx-7950-xtx.c3980,,radeonrx7950xtx
AMD,Radeon HD 7450 OEM,Caicos,0.5,GDDR3,64,PCIe 2.0 x16,0.625,0.533,160,8,4,"Jan 5th, 2012",2012-01-05,,,,,https://www.techpowerup.com/gpu-specs/radeon-hd-7450-oem.c300,,radeonhd7450oem
AMD,Radeon Pro SSG,Vega 10,16.0,HBM2,2048,PCIe 3.0 x16,1.5,0.945,4096,256,64,"Aug 8th, 2017",2017-08-08,10971,278,4.55,2410.15,https://www.techpowerup.com/gpu-specs/radeon-pro-ssg.c2998,https://www.videocardbenchmark.net/video_lookup.php?gpu=Radeon+Pro+SSG&id=3985,radeonprossg
NVIDIA,GeForce GTX 1080 Ti 10 GB,GP102,10.0,GDDR5X,320,PCIe 3.0 x16,1.683,1.376,3200,200,80,Never Released,,,,,,https://www.techpowerup.com/gpu-specs/geforce-gtx-1080-ti-10-gb.c3309,,geforcegtx1080ti10gb
NVIDIA,GeForce RTX 4060 Max-Q,AD107,8.0,GDDR6,128,PCIe 4.0 x8,1.47,2.0,3072,96,48,"Feb 22nd, 2023",2023-02-22,,,,,https://www.techpowerup.com/gpu-specs/geforce-rtx-4060-max-q.c3986,,geforcertx4060maxq
NVIDIA,GeForce RTX 2060 TU104,TU104,6.0,GDDR6,192,PCIe 3.0 x16,1.68,1.75,1920,120,48,"Jan 10th, 2020",2020-01-10,,,,,https://www.techpowerup.com/gpu-specs/geforce-rtx-2060-tu104.c3495,,geforcertx2060tu104
NVIDIA,GeForce4 Ti 4600,NV25,0.125,DDR,128,AGP 4x,0.3,0.324,4,2,8,"Feb 6th, 2002",2002-02-06,5,2747,0.1,53.99,https://www.techpowerup.com/gpu-specs/geforce4-ti-4600.c178,https://www.videocardbenchmark.net/video_lookup.php?gpu=GeForce4+Ti+4600&id=1506,geforce4ti4600
Intel,Iris Xe Graphics 96EU Mobile,Raptor Lake,,DDR4,4,Ring Bus,1.3,,768,48,24,"Jan 4th, 2023",2023-01-04,,,,,https://www.techpowerup.com/gpu-specs/iris-xe-graphics-96eu-mobile.c4145,,irisxegraphics96eumobile
NVIDIA,GeForce GTX 980M,GM204,8.0,GDDR5,256,MXM-B (3.0),1.127,1.253,1536,96,64,"Oct 7th, 2014",2014-10-07,7391,395,25.49,289.99,https://www.techpowerup.com/gpu-specs/geforce-gtx-980m.c2746,https://www.videocardbenchmark.net/video_lookup.php?gpu=GeForce+GTX+980M&id=2976,geforcegtx980m
NVIDIA,GeForce RTX 3060 Max-Q,GA106,6.0,GDDR6,192,PCIe 4.0 x16,1.282,1.5,3840,120,48,"Feb 2nd, 2021",2021-02-02,,,,,https://www.techpowerup.com/gpu-specs/geforce-rtx-3060-max-q.c3752,,geforcertx3060maxq
NVIDIA,Quadro P1000 Mobile,GP107,4.0,GDDR5,128,PCIe 3.0 x16,1.519,1.502,512,32,16,"Feb 7th, 2017",2017-02-07,,,,,https://www.techpowerup.com/gpu-specs/quadro-p1000-mobile.c3201,,quadrop1000mobile
NVIDIA,Tesla V100 SXM3 32 GB,GV100,32.0,HBM2,4096,PCIe 3.0 x16,1.597,0.958,5120,320,128,"Mar 27th, 2018",2018-03-27,,,,,https://www.techpowerup.com/gpu-specs/tesla-v100-sxm3-32-gb.c3472,,teslav100sxm332gb
NVIDIA,GeForce 6800,NV48,0.25,DDR,256,AGP 8x,0.325,0.35,12,5,12,"Apr 14th, 2004",2004-04-14,112,2369,0.2,559.29,https://www.techpowerup.com/gpu-specs/geforce-6800.c1775,https://www.videocardbenchmark.net/video_lookup.php?gpu=GeForce+6800&id=1205,geforce6800
AMD,Radeon RX 6550M,Navi 24,4.0,GDDR6,64,PCIe 4.0 x4,2.44,2.25,1024,64,32,"Jan 4th, 2023",2023-01-04,9682,308,,,https://www.techpowerup.com/gpu-specs/radeon-rx-6550m.c4017,https://www.videocardbenchmark.net/video_lookup.php?gpu=Radeon+RX+6550M&id=4941,radeonrx6550m
NVIDIA,GeForce GT 720M,GF117,2.0,DDR3,64,PCIe 2.0 x16,0.775,0.8,96,16,8,"Apr 1st, 2013",2013-04-01,435,1956,,,https://www.techpowerup.com/gpu-specs/geforce-gt-720m.c2297,https://www.videocardbenchmark.net/video_lookup.php?gpu=GeForce+GT+720M&id=2529,geforcegt720m
NVIDIA,Quadro FX 5800,GT200B,4.0,GDDR3,512,PCIe 2.0 x16,0.61,0.8,240,80,32,"Nov 11th, 2008",2008-11-11,1218,1281,4.45,274.0,https://www.techpowerup.com/gpu-specs/quadro-fx-5800.c1319,https://www.videocardbenchmark.net/video_lookup.php?gpu=Quadro+FX+5800&id=1609,quadrofx5800
AMD,Radeon R9 M360,Tropo,4.0,GDDR5,128,PCIe 3.0 x16,0.925,1.125,512,32,16,"May 5th, 2015",2015-05-05,1810,1060,,,https://www.techpowerup.com/gpu-specs/radeon-r9-m360.c2688,https://www.videocardbenchmark.net/video_lookup.php?gpu=Radeon+R9+M360&id=3479,radeonr9m360
NVIDIA,GeForce 7800 GT,G70,0.25,GDDR3,256,PCIe 1.0 x16,0.4,0.5,20,7,20,"Aug 11th, 2005",2005-08-11,244,2143,3.05,80.0,https://www.techpowerup.com/gpu-specs/geforce-7800-gt.c126,https://www.videocardbenchmark.net/video_lookup.php?gpu=GeForce+7800+GT&id=1249,geforce7800gt
NVIDIA,GeForce 7950 GX2,G71,0.5,GDDR3,256,PCIe 1.0 x16,0.5,0.6,24,8,24,"Jun 5th, 2006",2006-06-05,267,2116,4.86,54.99,https://www.techpowerup.com/gpu-specs/geforce-7950-gx2.c169,https://www.videocardbenchmark.net/video_lookup.php?gpu=GeForce+7950+GX2&id=1256,geforce7950gx2
AMD,Instinct MI308X,Aqua Vanjaram,192.0,HBM3,8192,PCIe 5.0 x16,2.1,1.3,19456,1216,0,"Dec 6th, 2023",2023-12-06,,,,,https://www.techpowerup.com/gpu-specs/instinct-mi308x.c4295,,instinctmi308x
Intel,UHD Graphics 770 Mobile,Raptor Lake,,DDR4,4,Ring Bus,1.6,,256,16,8,"Jan 4th, 2023",2023-01-04,,,,,https://www.techpowerup.com/gpu-specs/uhd-graphics-770-mobile.c4127,,uhdgraphics770mobile
AMD,Instinct MI200,Aldebaran 112CU,64.0,HBM2E,4096,PCIe 4.0 x16,1.7,1.6,6656,416,0,"Nov 8th, 2021",2021-11-08,,,,,https://www.techpowerup.com/gpu-specs/instinct-mi200.c4077,,instinctmi200
AMD,Radeon R7 240,Oland,2.0,GDDR5,128,PCIe 3.0 x8,0.7,1.15,320,20,8,"Oct 8th, 2013",2013-10-08,898,1452,9.98,89.99,https://www.techpowerup.com/gpu-specs/radeon-r7-240.c3130,https://www.videocardbenchmark.net/video_lookup.php?gpu=Radeon+R7+240&id=2713,radeonr7240
NVIDIA,Switch GPU 16nm,GM20B,4.0,DDR4,64,IGP,0.768,1.6,256,16,16,"Aug 16th, 2019",2019-08-16,,,,,https://www.techpowerup.com/gpu-specs/switch-gpu-16nm.c3754,,switchgpu16nm
AMD,Radeon Pro 5600M,Navi 12,8.0,HBM2,2048,PCIe 4.0 x16,1.144,0.77,2560,160,64,"Jun 15th, 2020",2020-06-15,9279,325,,,https://www.techpowerup.com/gpu-specs/radeon-pro-5600m.c3612,https://www.videocardbenchmark.net/video_lookup.php?gpu=Radeon+Pro+5600M&id=4225,radeonpro5600m
ATI,Radeon 9550,RV350,0.0625,DDR,128,AGP 8x,0.25,0.2,4,2,4,"Oct 1st, 2003",2003-10-01,34,2608,0.12,291.74,https://www.techpowerup.com/gpu-specs/radeon-9550.c33,https://www.videocardbenchmark.net/video_lookup.php?gpu=RADEON+9550&id=559,radeon9550
NVIDIA,GeForce3 Ti500,NV20,0.0625,DDR,128,AGP 4x,0.24,0.25,4,1,8,"Oct 1st, 2001",2001-10-01,2,2837,,,https://www.techpowerup.com/gpu-specs/geforce3-ti500.c741,https://www.videocardbenchmark.net/video_lookup.php?gpu=GeForce3+Ti+500&id=1485,geforce3ti500
NVIDIA,GeForce RTX 2080 SUPER Mobile,TU104,8.0,GDDR6,256,PCIe 3.0 x16,1.56,1.75,3072,192,64,"Apr 2nd, 2020",2020-04-02,,,,,https://www.techpowerup.com/gpu-specs/geforce-rtx-2080-super-mobile.c3513,,geforcertx2080supermobile
AMD,Radeon PRO W7600,Navi 33,8.0,GDDR6,128,PCIe 4.0 x8,2.44,2.25,2048,128,64,"Aug 3rd, 2023",2023-08-03,16472,142,,,https://www.techpowerup.com/gpu-specs/radeon-pro-w7600.c4169,https://www.videocardbenchmark.net/video_lookup.php?gpu=Radeon+PRO+W7600&id=4889,radeonprow7600
AMD,Radeon Pro 555X,Polaris 21,4.0,GDDR5,128,PCIe 3.0 x8,0.907,1.47,768,48,16,"Jul 16th, 2018",2018-07-16,,,,,https://www.techpowerup.com/gpu-specs/radeon-pro-555x.c3283,,radeonpro555x
NVIDIA,GeForce GTX 1060 8 GB GDDR5X,GP104,8.0,GDDR5X,256,PCIe 3.0 x16,1.709,1.001,1280,80,64,Never Released,,,,,,https://www.techpowerup.com/gpu-specs/geforce-gtx-1060-8-gb-gddr5x.c3455,,geforcegtx10608gbgddr5x
NVIDIA,GeForce GTX 650 Ti Boost,GK106,2.0,GDDR5,192,PCIe 3.0 x16,1.032,1.502,768,64,24,"Mar 26th, 2013",2013-03-26,3420,702,,,https://www.techpowerup.com/gpu-specs/geforce-gtx-650-ti-boost.c2059,https://www.videocardbenchmark.net/video_lookup.php?gpu=GeForce+GTX+650+Ti+BOOST&id=2479,geforcegtx650tiboost
NVIDIA,RTX A500 Mobile,GA107,4.0,GDDR6,64,PCIe 4.0 x8,1.537,1.5,2048,64,32,"Mar 22nd, 2022",2022-03-22,,,,,https://www.techpowerup.com/gpu-specs/rtx-a500-mobile.c3939,,rtxa500mobile
AMD,Radeon 760M,Phoenix,,DDR5,5,PCIe 4.0 x8,2.599,,512,32,16,"Jan 31st, 2024",2024-01-31,5302,516,,,https://www.techpowerup.com/gpu-specs/radeon-760m.c4248,https://www.videocardbenchmark.net/video_lookup.php?gpu=Radeon+760M&id=4902,radeon760m
NVIDIA,Xbox GPU,NV2A,0.0625,DDR,128,AGP 4x,0.233,0.2,4,2,8,"Nov 15th, 2001",2001-11-15,,,,,https://www.techpowerup.com/gpu-specs/xbox-gpu.c1866,,xboxgpu
NVIDIA,GeForce 6800 GT,NV45,0.25,GDDR3,256,PCIe 1.0 x16,0.35,0.5,16,6,16,"Jun 8th, 2004",2004-06-08,142,2285,,,https://www.techpowerup.com/gpu-specs/geforce-6800-gt.c130,https://www.videocardbenchmark.net/video_lookup.php?gpu=GeForce+6800+GT&id=1210,geforce6800gt
NVIDIA,GeForce GT 420 OEM,GF108,1.0,DDR3,128,PCIe 2.0 x16,0.7,0.9,48,4,4,"Sep 3rd, 2010",2010-09-03,,,,,https://www.techpowerup.com/gpu-specs/geforce-gt-420-oem.c259,,geforcegt420oem
AMD,Radeon PRO W7400,Navi 33,8.0,GDDR6,128,PCIe 4.0 x8,1.1,1.35,1792,112,64,"Aug 3rd, 2025",2025-08-03,,,,,https://www.techpowerup.com/gpu-specs/radeon-pro-w7400.c4316,,radeonprow7400
Intel,Arc Pro B390,Panther Lake-H,,LPDDR5X,5,IGP,2.5,,1536,48,24,"Jan 27th, 2026",2026-01-27,,,,,https://www.techpowerup.com/gpu-specs/arc-pro-b390.c4396,,arcprob390
NVIDIA,GeForce GTX 490,GF100,1.5,GDDR5,384,PCIe 2.0 x16,0.608,0.854,480,60,48,Never Released,,,,,,https://www.techpowerup.com/gpu-specs/geforce-gtx-490.c3332,,geforcegtx490
NVIDIA,GeForce2 GTS,NV15,0.0312,DDR,128,AGP 4x,0.2,0.166,4,0,8,"Apr 26th, 2000",2000-04-26,,,,,https://www.techpowerup.com/gpu-specs/geforce2-gts.c797,,geforce2gts
AMD,Radeon 780M,Hawk Point,,DDR5,5,PCIe 4.0 x8,2.7,,768,48,32,"Dec 6th, 2023",2023-12-06,6742,416,,,https://www.techpowerup.com/gpu-specs/radeon-780m.c4221,https://www.videocardbenchmark.net/video_lookup.php?gpu=Radeon+780M&id=4818,radeon780m
Intel,Xe DG1,DG1,4.0,LPDDR4X,128,PCIe 4.0 x8,1.55,2.133,640,40,20,2020,202001-01,,,,,https://www.techpowerup.com/gpu-specs/xe-dg1.c3718,,xedg1
NVIDIA,GeForce GT 630M,GF117,1.0,GDDR5,128,MXM-A (3.0),0.625,1.0,96,16,4,"Mar 22nd, 2012",2012-03-22,511,1871,,,https://www.techpowerup.com/gpu-specs/geforce-gt-630m.c353,https://www.videocardbenchmark.net/video_lookup.php?gpu=GeForce+GT+630M&id=77,geforcegt630m
Intel,Data Center GPU Max 1550,Ponte Vecchio,128.0,HBM2E,8192,PCIe 5.0 x16,1.6,1.6,16384,1024,0,"Jan 10th, 2023",2023-01-10,,,,,https://www.techpowerup.com/gpu-specs/data-center-gpu-max-1550.c4068,,datacentergpumax1550
NVIDIA,GeForce GT 730,GF108,1.0,DDR3,128,PCIe 2.0 x16,0.7,0.9,96,16,4,"Jun 18th, 2014",2014-06-18,821,1509,5.87,139.9,https://www.techpowerup.com/gpu-specs/geforce-gt-730.c3114,https://www.videocardbenchmark.net/video_lookup.php?gpu=GeForce+GT+730&id=2906,geforcegt730
AMD,Radeon Pro V420,Vega 20,32.0,HBM2,4096,PCIe 4.0 x16,1.7,0.8,4096,256,64,Never Released,,,,,,https://www.techpowerup.com/gpu-specs/radeon-pro-v420.c3955,,radeonprov420
NVIDIA,Riva TNT,NV4,0.0156,SDR,128,AGP 2x,0.09,0.11,2,0,2,"Mar 23rd, 1998",1998-03-23,,,,,https://www.techpowerup.com/gpu-specs/riva-tnt.c1308,,rivatnt
AMD,Radeon R7 265,Pitcairn,2.0,GDDR5,256,PCIe 3.0 x16,0.925,1.4,1024,64,32,"Feb 13th, 2014",2014-02-13,,,,,https://www.techpowerup.com/gpu-specs/radeon-r7-265.c2558,,radeonr7265
NVIDIA,GeForce GTX 1650 TU106,TU106,4.0,GDDR6,128,PCIe 3.0 x16,1.59,1.5,896,56,32,"Jun 18th, 2020",2020-06-18,,,,,https://www.techpowerup.com/gpu-specs/geforce-gtx-1650-tu106.c3585,,geforcegtx1650tu106
NVIDIA,Quadro NVS 295,G98S,0.25,GDDR3,64,PCIe 1.0 x16,0.54,0.695,8,4,4,"May 7th, 2009",2009-05-07,113,2366,1.8,63.0,https://www.techpowerup.com/gpu-specs/quadro-nvs-295.c1450,https://www.videocardbenchmark.net/video_lookup.php?gpu=Quadro+NVS+295&id=1636,quadronvs295
NVIDIA,Playstation 3 GPU 65nm,RSX-65nm,0.25,GDDR3,128,IGP,0.55,0.65,24,8,24,Aug 2008,2008-08-01,,,,,https://www.techpowerup.com/gpu-specs/playstation-3-gpu-65nm.c1682,,playstation3gpu65nm
NVIDIA,GeForce RTX 4060 AD106,AD106,8.0,GDDR6,128,PCIe 4.0 x8,2.46,2.125,3072,96,48,Apr 2024,2024-04-01,,,,,https://www.techpowerup.com/gpu-specs/geforce-rtx-4060-ad106.c3891,,geforcertx4060ad106
NVIDIA,GeForce 256 SDR,NV10,0.0312,SDR,64,AGP 4x,0.12,0.143,4,0,4,"Oct 11th, 1999",1999-10-11,,,,,https://www.techpowerup.com/gpu-specs/geforce-256-sdr.c731,,geforce256sdr
NVIDIA,Playstation 3 GPU 90nm,RSX-90nm,0.25,GDDR3,128,IGP,0.55,0.65,24,8,24,"Nov 11th, 2006",2006-11-11,,,,,https://www.techpowerup.com/gpu-specs/playstation-3-gpu-90nm.c3405,,playstation3gpu90nm
AMD,Radeon RX 6850M XT,Navi 22,12.0,GDDR6,192,PCIe 4.0 x16,2.581,2.25,2560,160,64,"Jan 4th, 2022",2022-01-04,17470,124,,,https://www.techpowerup.com/gpu-specs/radeon-rx-6850m-xt.c3862,https://www.videocardbenchmark.net/video_lookup.php?gpu=Radeon+RX+6850M+XT&id=4574,radeonrx6850mxt
ATI,Radeon 9600,RV350,0.0625,DDR,128,AGP 8x,0.324,0.189,4,2,4,"Oct 1st, 2003",2003-10-01,,,,,https://www.techpowerup.com/gpu-specs/radeon-9600.c469,,radeon9600
Intel,HD Graphics 4600 Mobile,Haswell GT2,,DDR3,3,Ring Bus,1.1,,160,20,2,"May 27th, 2013",2013-05-27,,,,,https://www.techpowerup.com/gpu-specs/hd-graphics-4600-mobile.c1953,,hdgraphics4600mobile
NVIDIA,Quadro K1100M,GK107,2.0,GDDR5,128,MXM-A (3.0),0.706,0.7,384,32,16,"Jul 23rd, 2013",2013-07-23,1086,1336,3.36,322.99,https://www.techpowerup.com/gpu-specs/quadro-k1100m.c2430,https://www.videocardbenchmark.net/video_lookup.php?gpu=Quadro+K1100M&id=2623,quadrok1100m
ATI,Radeon 9600 PRO,RV350,0.125,DDR,128,AGP 8x,0.4,0.3,4,2,4,"Oct 1st, 2003",2003-10-01,42,2571,,,https://www.techpowerup.com/gpu-specs/radeon-9600-pro.c31,https://www.videocardbenchmark.net/video_lookup.php?gpu=RADEON+9600+PRO&id=1717,radeon9600pro
AMD,Radeon RX Vega 10 Mobile,Raven-M,,DDR4,4,IGP,1.301,,640,40,8,"Oct 26th, 2017",2017-10-26,,,,,https://www.techpowerup.com/gpu-specs/radeon-rx-vega-10-mobile.c3053,,radeonrxvega10mobile
ATI,Radeon HD 4830,RV770,0.5,GDDR3,256,PCIe 2.0 x16,0.575,0.9,640,32,16,"Oct 21st, 2008",2008-10-21,865,1474,14.43,59.99,https://www.techpowerup.com/gpu-specs/radeon-hd-4830.c282,https://www.videocardbenchmark.net/video_lookup.php?gpu=Radeon+HD+4830&id=57,radeonhd4830
AMD,Radeon HD 7670M,Thames,1.0,DDR3,128,PCIe 2.0 x16,0.6,0.9,480,24,16,"Feb 17th, 2012",2012-02-17,497,1890,0.79,629.99,https://www.techpowerup.com/gpu-specs/radeon-hd-7670m.c380,https://www.videocardbenchmark.net/video_lookup.php?gpu=Radeon+HD+7670M&id=320,radeonhd7670m
NVIDIA,GeForce RTX 3060 3840SP,GA106,6.0,GDDR6,192,PCIe 4.0 x16,1.852,1.875,3840,120,48,"Feb 25th, 2021",2021-02-25,,,,,https://www.techpowerup.com/gpu-specs/geforce-rtx-3060-3840sp.c4080,,geforcertx30603840sp
NVIDIA,NVS 315,GF119S,1.0,DDR3,64,PCIe 2.0 x16,0.523,0.875,48,8,4,"Mar 10th, 2013",2013-03-10,336,2046,4.81,69.99,https://www.techpowerup.com/gpu-specs/nvs-315.c2147,https://www.videocardbenchmark.net/video_lookup.php?gpu=NVS+315&id=2808,nvs315
NVIDIA,GeForce2 Ultra,NV15,0.0625,DDR,128,AGP 4x,0.25,0.23,4,0,8,"Aug 14th, 2000",2000-08-14,6,2729,,,https://www.techpowerup.com/gpu-specs/geforce2-ultra.c736,https://www.videocardbenchmark.net/video_lookup.php?gpu=GeForce2+Ultra&id=1481,geforce2ultra
AMD,Radeon Pro V540,Navi 12,8.0,HBM2,2048,PCIe 4.0 x16,1.6,1.0,2304,144,64,Never Released,,,,,,https://www.techpowerup.com/gpu-specs/radeon-pro-v540.c4133,,radeonprov540
NVIDIA,GeForce GTX 760 Ti OEM,GK104,2.0,GDDR5,256,PCIe 3.0 x16,0.98,1.502,1344,112,32,"Sep 27th, 2013",2013-09-27,5474,503,,,https://www.techpowerup.com/gpu-specs/geforce-gtx-760-ti-oem.c2491,https://www.videocardbenchmark.net/video_lookup.php?gpu=GeForce+GTX+760+Ti+OEM&id=4108,geforcegtx760tioem
NVIDIA,GeForce 610M,GF119,1.0,DDR3,64,PCIe 2.0 x16,0.475,0.8,48,8,4,"Dec 1st, 2011",2011-12-01,291,2092,,,https://www.techpowerup.com/gpu-specs/geforce-610m.c355,https://www.videocardbenchmark.net/video_lookup.php?gpu=GeForce+610M&id=2125,geforce610m
NVIDIA,GeForce RTX 3060 Ti GA103,GA103,8.0,GDDR6,256,PCIe 4.0 x16,1.665,1.75,4864,152,80,"Feb 23rd, 2022",2022-02-23,,,,,https://www.techpowerup.com/gpu-specs/geforce-rtx-3060-ti-ga103.c3872,,geforcertx3060tiga103
AMD,Ryzen Z2 A GPU,Van Gogh,16.0,LPDDR5,128,IGP,1.6,0.8,512,32,16,2025,202501-01,,,,,https://www.techpowerup.com/gpu-specs/ryzen-z2-a-gpu.c4306,,ryzenz2agpu
Intel,UHD Graphics 710 Mobile,Raptor Lake,,DDR4,4,Ring Bus,1.2,,128,8,4,"Jan 4th, 2023",2023-01-04,,,,,https://www.techpowerup.com/gpu-specs/uhd-graphics-710-mobile.c4128,,uhdgraphics710mobile
NVIDIA,RTX 3000 Mobile Ada Generation,AD106,8.0,GDDR6,128,PCIe 4.0 x16,1.695,2.0,4608,144,48,"Mar 21st, 2023",2023-03-21,,,,,https://www.techpowerup.com/gpu-specs/rtx-3000-mobile-ada-generation.c4095,,rtx3000mobileadageneration
Intel,Arc Graphics 4 Xe Mobile,Panther Lake-U,,LPDDR5X,5,IGP,2.45,,512,32,16,"Jan 27th, 2026",2026-01-27,,,,,https://www.techpowerup.com/gpu-specs/arc-graphics-4-xe-mobile.c4399,,arcgraphics4xemobile
Intel,HD Graphics 630 Mobile,Kaby Lake GT2,,DDR4,4,Ring Bus,1.0,,192,24,3,"Aug 30th, 2016",2016-08-30,,,,,https://www.techpowerup.com/gpu-specs/hd-graphics-630-mobile.c2961,,hdgraphics630mobile
ATI,Radeon 9700,R300,0.125,DDR,256,AGP 8x,0.275,0.27,8,4,8,"Aug 19th, 2002",2002-08-19,,,,,https://www.techpowerup.com/gpu-specs/radeon-9700.c49,,radeon9700
Intel,UHD Graphics 620 Mobile,Whiskey Lake GT2,,DDR4,4,Ring Bus,1.0,,192,24,3,"Aug 28th, 2018",2018-08-28,,,,,https://www.techpowerup.com/gpu-specs/uhd-graphics-620-mobile.c3381,,uhdgraphics620mobile
ATI,Radeon 9250,RV280,0.0625,DDR,64,AGP 8x,0.24,0.2,4,1,4,"Mar 1st, 2004",2004-03-01,2,2834,0.01,194.0,https://www.techpowerup.com/gpu-specs/radeon-9250.c45,https://www.videocardbenchmark.net/video_lookup.php?gpu=RADEON+9250&id=1710,radeon9250
ATI,Radeon HD 5570,Redwood,1.0,GDDR3,128,PCIe 2.0 x16,0.65,0.8,400,20,8,"Feb 9th, 2010",2010-02-09,474,1918,2.92,162.35,https://www.techpowerup.com/gpu-specs/radeon-hd-5570.c247,https://www.videocardbenchmark.net/video_lookup.php?gpu=Radeon+HD+5570&id=80,radeonhd5570
NVIDIA,GeForce RTX 4070 10 GB,AD104,10.0,GDDR6X,160,PCIe 4.0 x16,2.52,1.313,7168,224,80,Never Released,,,,,,https://www.techpowerup.com/gpu-specs/geforce-rtx-4070-10-gb.c4226,,geforcertx407010gb
NVIDIA,H20 NVL16,GH100,96.0,HBM3,6144,PCIe 5.0 x16,1.98,1.313,9984,312,24,"Sep 2nd, 2025",2025-09-02,,,,,https://www.techpowerup.com/gpu-specs/h20-nvl16.c4419,,h20nvl16
AMD,Radeon R9 390 X2,Grenada,8.0,GDDR5,512,PCIe 3.0 x16,1.0,1.35,2560,160,64,"Sep 3rd, 2015",2015-09-03,,,,,https://www.techpowerup.com/gpu-specs/radeon-r9-390-x2.c2755,,radeonr9390x2
NVIDIA,GeForce G100 OEM,G98S,0.25,DDR2,64,PCIe 2.0 x16,0.54,0.4,8,4,4,"Mar 10th, 2009",2009-03-10,,,,,https://www.techpowerup.com/gpu-specs/geforce-g100-oem.c639,,geforceg100oem
NVIDIA,T600 Mobile,TU117,4.0,GDDR6,128,PCIe 3.0 x16,1.41,1.5,896,56,32,"Apr 12th, 2021",2021-04-12,,,,,https://www.techpowerup.com/gpu-specs/t600-mobile.c4151,,t600mobile
Intel,UHD Graphics 16EU Mobile,Tiger Lake GT1,,DDR4,4,Ring Bus,1.45,,128,8,4,2021,202101-01,,,,,https://www.techpowerup.com/gpu-specs/uhd-graphics-16eu-mobile.c4109,,uhdgraphics16eumobile
NVIDIA,Tesla P10,GP102,24.0,GDDR5X,384,PCIe 3.0 x16,1.493,1.808,3840,240,96,"Sep 13th, 2016",2016-09-13,,,,,https://www.techpowerup.com/gpu-specs/tesla-p10.c3750,,teslap10
AMD,Radeon Pro 5500 XT,Navi 14,8.0,GDDR6,128,PCIe 4.0 x8,1.757,1.75,1536,96,32,"Aug 4th, 2020",2020-08-04,7883,373,,,https://www.techpowerup.com/gpu-specs/radeon-pro-5500-xt.c3664,https://www.videocardbenchmark.net/video_lookup.php?gpu=Radeon+Pro+5500+XT&id=4264,radeonpro5500xt
NVIDIA,GeForce4 Ti 4200,NV25,0.0625,DDR,64,AGP 4x,0.25,0.25,4,2,8,"Feb 6th, 2002",2002-02-06,5,2745,,,https://www.techpowerup.com/gpu-specs/geforce4-ti-4200.c2134,https://www.videocardbenchmark.net/video_lookup.php?gpu=GeForce4+Ti+4200&id=1502,geforce4ti4200
NVIDIA,Jetson AGX Orin 64 GB,GA10B,64.0,LPDDR5,256,PCIe 4.0 x4,1.3,0.8,2048,64,32,Mar 2023,2023-03-01,,,,,https://www.techpowerup.com/gpu-specs/jetson-agx-orin-64-gb.c4085,,jetsonagxorin64gb
AMD,FirePro V3900,Turks,1.0,DDR3,128,PCIe 2.0 x16,0.65,0.9,480,24,8,"Feb 7th, 2012",2012-02-07,627,1717,2.63,238.44,https://www.techpowerup.com/gpu-specs/firepro-v3900.c579,https://www.videocardbenchmark.net/video_lookup.php?gpu=FirePro+V3900&id=240,fireprov3900
NVIDIA,GeForce 8600 GTS,G84,0.25,GDDR3,128,PCIe 1.0 x16,0.675,1.0,32,16,8,"Apr 17th, 2007",2007-04-17,185,2214,0.77,241.99,https://www.techpowerup.com/gpu-specs/geforce-8600-gts.c764,https://www.videocardbenchmark.net/video_lookup.php?gpu=GeForce+8600+GTS&id=118,geforce8600gts
NVIDIA,Quadro M3000M,GM204,4.0,GDDR5,256,PCIe 3.0 x16,0.924,1.253,1024,64,32,"Aug 18th, 2015",2015-08-18,5526,496,34.55,159.95,https://www.techpowerup.com/gpu-specs/quadro-m3000m.c2759,https://www.videocardbenchmark.net/video_lookup.php?gpu=Quadro+M3000M&id=3394,quadrom3000m
NVIDIA,Quadro M620 Mobile,GM107,2.0,GDDR5,128,MXM-A (3.0),1.018,1.253,512,32,16,"Jan 11th, 2017",2017-01-11,,,,,https://www.techpowerup.com/gpu-specs/quadro-m620-mobile.c2920,,quadrom620mobile
AMD,Radeon 550,Lexa,2.0,GDDR5,64,PCIe 3.0 x8,1.183,1.75,512,32,16,"Apr 20th, 2017",2017-04-20,2118,950,18.75,112.99,https://www.techpowerup.com/gpu-specs/radeon-550.c3407,https://www.videocardbenchmark.net/video_lookup.php?gpu=Radeon+550&id=4526,radeon550
ATI,Radeon HD 3650,RV635,0.25,GDDR3,128,PCIe 2.0 x16,0.725,0.8,120,8,4,"Jan 20th, 2008",2008-01-20,,,,,https://www.techpowerup.com/gpu-specs/radeon-hd-3650.c226,,radeonhd3650
NVIDIA,GeForce GTX 960 OEM,GM206,4.0,GDDR5,128,PCIe 3.0 x16,1.201,1.753,1024,64,32,"Nov 26th, 2015",2015-11-26,,,,,https://www.techpowerup.com/gpu-specs/geforce-gtx-960-oem.c2782,,geforcegtx960oem
NVIDIA,Tesla P100 SXM2,GP100,16.0,HBM2,4096,PCIe 3.0 x16,1.48,0.715,3584,224,96,"Apr 5th, 2016",2016-04-05,,,,,https://www.techpowerup.com/gpu-specs/tesla-p100-sxm2.c3183,,teslap100sxm2
AMD,Xbox Series X 6nm GPU,Scarlett 6nm,10.0,GDDR6,320,IGP,1.825,1.75,3328,208,64,"Oct 15th, 2024",2024-10-15,,,,,https://www.techpowerup.com/gpu-specs/xbox-series-x-6nm-gpu.c4240,,xboxseriesx6nmgpu
AMD,Radeon Pro 580X,Ellesmere,8.0,GDDR5,256,Apple MPX,1.2,1.71,2304,144,32,"Mar 18th, 2019",2019-03-18,7540,390,,,https://www.techpowerup.com/gpu-specs/radeon-pro-580x.c3398,https://www.videocardbenchmark.net/video_lookup.php?gpu=Radeon+Pro+580X&id=4138,radeonpro580x
AMD,Radeon RX Vega M GH,Polaris 22,4.0,HBM2,1024,IGP,1.19,0.8,1536,96,64,"Feb 1st, 2018",2018-02-01,6559,428,,,https://www.techpowerup.com/gpu-specs/radeon-rx-vega-m-gh.c3056,https://www.videocardbenchmark.net/video_lookup.php?gpu=Radeon+RX+Vega+M+GH&id=3915,radeonrxvegamgh
NVIDIA,GeForce FX 5800 Ultra,NV30,0.125,GDDR2,128,AGP 8x,0.5,0.5,4,3,8,"Mar 6th, 2003",2003-03-06,,,,,https://www.techpowerup.com/gpu-specs/geforce-fx-5800-ultra.c74,,geforcefx5800ultra
NVIDIA,RTX PRO 4000 Blackwell Mobile,GB203,16.0,GDDR7,256,PCIe 5.0 x16,1.702,1.75,7680,240,96,Unknown,,,,,,https://www.techpowerup.com/gpu-specs/rtx-pro-4000-blackwell-mobile.c4281,,rtxpro4000blackwellmobile
NVIDIA,GeForce RTX 2080 Max-Q,TU104,8.0,GDDR6,256,PCIe 3.0 x16,1.095,1.5,2944,184,64,"Jan 29th, 2019",2019-01-29,,,,,https://www.techpowerup.com/gpu-specs/geforce-rtx-2080-max-q.c3363,,geforcertx2080maxq
NVIDIA,RTX 4000 Mobile Ada Generation,AD104,12.0,GDDR6,192,PCIe 4.0 x16,1.665,2.25,7424,232,80,"Mar 21st, 2023",2023-03-21,,,,,https://www.techpowerup.com/gpu-specs/rtx-4000-mobile-ada-generation.c4096,,rtx4000mobileadageneration
Sony,Playstation Vita GPU,SGX543 MP4+,0.125,CDRAM,64,IGP,0.2,0.4,4,2,8,"Dec 11th, 2011",2011-12-11,,,,,https://www.techpowerup.com/gpu-specs/playstation-vita-gpu.c3711,,playstationvitagpu
AMD,FirePro V4900,Turks,1.0,GDDR5,128,PCIe 2.0 x16,0.8,1.0,480,24,8,"Nov 1st, 2011",2011-11-01,1013,1379,6.75,149.99,https://www.techpowerup.com/gpu-specs/firepro-v4900.c578,https://www.videocardbenchmark.net/video_lookup.php?gpu=FirePro+V4900&id=241,fireprov4900
NVIDIA,GeForce 6200,NV43,0.125,DDR,128,PCIe 1.0 x16,0.3,0.275,4,3,4,"Oct 11th, 2004",2004-10-11,37,2596,0.71,53.17,https://www.techpowerup.com/gpu-specs/geforce-6200.c53,https://www.videocardbenchmark.net/video_lookup.php?gpu=GeForce+6200&id=1191,geforce6200
NVIDIA,GeForce 9300 GE,G98,0.25,DDR2,64,PCIe 2.0 x16,0.54,0.4,8,4,4,"Jun 1st, 2008",2008-06-01,115,2357,5.0,22.99,https://www.techpowerup.com/gpu-specs/geforce-9300-ge.c1760,https://www.videocardbenchmark.net/video_lookup.php?gpu=GeForce+9300+GE&id=1293,geforce9300ge
NVIDIA,GeForce4 Ti 4200,NV25,0.0625,DDR,128,AGP 4x,0.25,0.25,4,2,8,"Feb 6th, 2002",2002-02-06,5,2745,,,https://www.techpowerup.com/gpu-specs/geforce4-ti-4200.c2133,https://www.videocardbenchmark.net/video_lookup.php?gpu=GeForce4+Ti+4200&id=1502,geforce4ti4200
AMD,Radeon 740M,Phoenix2,,DDR5,5,PCIe 4.0 x8,2.8,,256,16,8,"Jan 31st, 2024",2024-01-31,2934,774,,,https://www.techpowerup.com/gpu-specs/radeon-740m.c4297,https://www.videocardbenchmark.net/video_lookup.php?gpu=Radeon+740M&id=4926,radeon740m
Intel,Iris Xe Graphics G4 48EU Mobile,Tiger Lake GT2,,DDR4,4,Ring Bus,1.1,,384,24,12,"Sep 2nd, 2020",2020-09-02,,,,,https://www.techpowerup.com/gpu-specs/iris-xe-graphics-g4-48eu-mobile.c3679,,irisxegraphicsg448eumobile
NVIDIA,GeForce GT 1010 DDR4,GP108,2.0,DDR4,64,PCIe 3.0 x4,1.38,1.05,256,16,8,"Jan 13th, 2021",2021-01-13,,,,,https://www.techpowerup.com/gpu-specs/geforce-gt-1010-ddr4.c3874,,geforcegt1010ddr4
NVIDIA,Riva TNT2,NV5,0.0156,SDR,128,AGP 4x,0.125,0.15,2,0,2,"Oct 12th, 1999",1999-10-12,,,,,https://www.techpowerup.com/gpu-specs/riva-tnt2.c4130,,rivatnt2
AMD,Radeon RX 7800M,Navi 32,12.0,GDDR6,192,PCIe 4.0 x16,2.539,2.25,3840,240,96,"Sep 11th, 2024",2024-09-11,17562,123,,,https://www.techpowerup.com/gpu-specs/radeon-rx-7800m.c4257,https://www.videocardbenchmark.net/video_lookup.php?gpu=Radeon+RX+7800M&id=5646,radeonrx7800m
NVIDIA,GeForce GTX 1060 6 GB GDDR5X,GP104,6.0,GDDR5X,192,PCIe 3.0 x16,1.709,1.001,1280,80,48,"Oct 18th, 2018",2018-10-18,,,,,https://www.techpowerup.com/gpu-specs/geforce-gtx-1060-6-gb-gddr5x.c3328,,geforcegtx10606gbgddr5x
Intel,Arc Pro A40,DG2-128,6.0,GDDR6,96,PCIe 4.0 x8,1.7,2.0,1024,64,32,"Aug 8th, 2022",2022-08-08,,,,,https://www.techpowerup.com/gpu-specs/arc-pro-a40.c3925,,arcproa40
Intel,Iris Plus Graphics G7 64EU Mobile,Ice Lake GT2,,DDR4,4,Ring Bus,1.05,,512,32,8,"May 4th, 2020",2020-05-04,,,,,https://www.techpowerup.com/gpu-specs/iris-plus-graphics-g7-64eu-mobile.c3444,,irisplusgraphicsg764eumobile
AMD,FirePro W4300,Bonaire,4.0,GDDR5,128,PCIe 3.0 x16,0.93,1.5,768,48,16,"Dec 1st, 2015",2015-12-01,2674,816,11.15,239.99,https://www.techpowerup.com/gpu-specs/firepro-w4300.c2781,https://www.videocardbenchmark.net/video_lookup.php?gpu=FirePro+W4300&id=3425,fireprow4300
NVIDIA,GeForce RTX 5060 3584SP Mobile,GB206,8.0,GDDR7,128,PCIe 5.0 x16,2.452,1.5,3584,112,48,Unknown,,,,,,https://www.techpowerup.com/gpu-specs/geforce-rtx-5060-3584sp-mobile.c4331,,geforcertx50603584spmobile
NVIDIA,NVS 300,GT218S,0.5,DDR3,64,PCIe 2.0 x16,0.52,0.79,16,8,4,"Jan 8th, 2011",2011-01-08,118,2346,1.88,62.97,https://www.techpowerup.com/gpu-specs/nvs-300.c1452,https://www.videocardbenchmark.net/video_lookup.php?gpu=NVS+300&id=1538,nvs300
Intel,Arc G3 Extreme,Panther Lake-H,,LPDDR5X,5,IGP,2.5,,1536,48,24,"Jun 1st, 2026",2026-06-01,,,,,https://www.techpowerup.com/gpu-specs/arc-g3-extreme.c4412,,arcg3extreme
ATI,GameCube GPU,Flipper,0.0156,SDR,64,IGP,0.162,0.162,4,1,4,"Aug 24th, 2000",2000-08-24,,,,,https://www.techpowerup.com/gpu-specs/gamecube-gpu.c1918,,gamecubegpu
AMD,Radeon HD 7730,Cape Verde,1.0,GDDR5,128,PCIe 3.0 x16,0.8,1.125,384,24,8,"May 1st, 2013",2013-05-01,1163,1306,5.0,232.7,https://www.techpowerup.com/gpu-specs/radeon-hd-7730.c2127,https://www.videocardbenchmark.net/video_lookup.php?gpu=Radeon+HD+7730&id=3138,radeonhd7730
AMD,Radeon RX 7300 OEM,Navi 33,6.0,GDDR6,96,PCIe 4.0 x8,1.1,1.35,1792,112,64,Never Released,,,,,,https://www.techpowerup.com/gpu-specs/radeon-rx-7300-oem.c4427,,radeonrx7300oem
AMD,Radeon 680M,Rembrandt+,,DDR5,5,PCIe 4.0 x8,2.2,,768,48,32,"Jan 3rd, 2023",2023-01-03,4016,631,,,https://www.techpowerup.com/gpu-specs/radeon-680m.c4135,https://www.videocardbenchmark.net/video_lookup.php?gpu=Radeon+680M&id=5216,radeon680m
AMD,Radeon RX 6700S,Navi 23,8.0,GDDR6,128,PCIe 4.0 x8,2.0,1.75,1792,112,64,"Jan 4th, 2022",2022-01-04,14967,176,49.94,299.69,https://www.techpowerup.com/gpu-specs/radeon-rx-6700s.c3868,https://www.videocardbenchmark.net/video_lookup.php?gpu=Radeon+RX+6700S&id=4510,radeonrx6700s
ATI,Radeon 7500,RV200,0.0625,DDR,128,AGP 4x,0.29,0.23,2,1,6,"Aug 14th, 2001",2001-08-14,3,2815,0.02,177.25,https://www.techpowerup.com/gpu-specs/radeon-7500.c645,https://www.videocardbenchmark.net/video_lookup.php?gpu=RADEON+7500&id=556,radeon7500
AMD,Radeon Graphics 512SP Mobile,Barcelo,,DDR4,4,IGP,2.0,,512,32,8,"Jan 6th, 2022",2022-01-06,,,,,https://www.techpowerup.com/gpu-specs/radeon-graphics-512sp-mobile.c4056,,radeongraphics512spmobile
AMD,Radeon Pro W6800X Duo,Navi 21,32.0,GDDR6,256,Apple MPX,1.967,2.0,3840,240,96,"Aug 3rd, 2021",2021-08-03,14742,183,,,https://www.techpowerup.com/gpu-specs/radeon-pro-w6800x-duo.c3824,https://www.videocardbenchmark.net/video_lookup.php?gpu=Radeon+Pro+W6800X+Duo&id=5209,radeonprow6800xduo
Intel,HD Graphics 3000 Mobile,Sandy Bridge GT2,,DDR3,3,Ring Bus,1.0,,96,12,2,"Feb 1st, 2011",2011-02-01,,,,,https://www.techpowerup.com/gpu-specs/hd-graphics-3000-mobile.c1251,,hdgraphics3000mobile
ATI,Radeon 9800 PRO 256-bit,R350,0.125,DDR,256,AGP 8x,0.38,0.34,8,4,8,"Mar 1st, 2003",2003-03-01,,,,,https://www.techpowerup.com/gpu-specs/radeon-9800-pro-256-bit.c7,,radeon9800pro256bit
NVIDIA,GeForce GTX 1660 Ti Max-Q,TU116,6.0,GDDR6,192,PCIe 3.0 x16,1.335,1.5,1536,96,48,"Apr 23rd, 2019",2019-04-23,,,,,https://www.techpowerup.com/gpu-specs/geforce-gtx-1660-ti-max-q.c3382,,geforcegtx1660timaxq
NVIDIA,Quadro P620 Mobile,GP107,4.0,GDDR5,128,PCIe 3.0 x16,1.443,1.502,512,32,16,"Feb 1st, 2018",2018-02-01,,,,,https://www.techpowerup.com/gpu-specs/quadro-p620-mobile.c3456,,quadrop620mobile
NVIDIA,NVS 4200M,GF119S,1.0,DDR3,64,MXM,0.81,0.8,48,8,4,"Feb 22nd, 2011",2011-02-22,309,2079,0.78,399.0,https://www.techpowerup.com/gpu-specs/nvs-4200m.c1741,https://www.videocardbenchmark.net/video_lookup.php?gpu=NVS+4200M&id=117,nvs4200m
NVIDIA,Quadro K3100M,GK104,4.0,GDDR5,256,MXM-B (3.0),0.706,0.8,768,64,32,"Jul 23rd, 2013",2013-07-23,2313,892,5.79,399.95,https://www.techpowerup.com/gpu-specs/quadro-k3100m.c2428,https://www.videocardbenchmark.net/video_lookup.php?gpu=Quadro+K3100M&id=2684,quadrok3100m
NVIDIA,GeForce 7300 GT,G73B,0.125,DDR2,128,PCIe 1.0 x16,0.35,0.325,8,4,8,"May 15th, 2006",2006-05-15,122,2337,0.81,149.99,https://www.techpowerup.com/gpu-specs/geforce-7300-gt.c175,https://www.videocardbenchmark.net/video_lookup.php?gpu=GeForce+7300+GT&id=1233,geforce7300gt
NVIDIA,GeForce MX570 A,GA107SB,2.0,GDDR6,64,PCIe 4.0 x8,1.155,1.5,2048,64,32,"Dec 17th, 2021",2021-12-17,6221,446,,,https://www.techpowerup.com/gpu-specs/geforce-mx570-a.c3943,https://www.videocardbenchmark.net/video_lookup.php?gpu=GeForce+MX570+A&id=4595,geforcemx570a
AMD,Radeon R7 M360,Meso,2.0,DDR3,64,PCIe 3.0 x8,1.125,0.9,384,24,8,"May 5th, 2015",2015-05-05,593,1758,,,https://www.techpowerup.com/gpu-specs/radeon-r7-m360.c2686,https://www.videocardbenchmark.net/video_lookup.php?gpu=Radeon+R7+M360&id=3228,radeonr7m360
NVIDIA,GeForce 7200 GS,G72,0.125,DDR2,64,PCIe 1.0 x16,0.45,0.334,2,2,4,"Jan 18th, 2006",2006-01-18,23,2664,,,https://www.techpowerup.com/gpu-specs/geforce-7200-gs.c723,https://www.videocardbenchmark.net/video_lookup.php?gpu=GeForce+7200+GS&id=1231,geforce7200gs
AMD,Radeon RX 560D,Polaris 21,4.0,GDDR5,128,PCIe 3.0 x8,1.175,1.5,896,56,16,"Jul 4th, 2017",2017-07-04,,,,,https://www.techpowerup.com/gpu-specs/radeon-rx-560d.c2990,,radeonrx560d
3Dfx,Voodoo3 3000 AGP,Avenger,0.0156,SDR,128,AGP 2x,0.166,0.166,1,0,2,"Apr 3rd, 1999",1999-04-03,,,,,https://www.techpowerup.com/gpu-specs/voodoo3-3000-agp.c3555,,voodoo33000agp
AMD,Radeon 610M,Dragon Range,,GDDR6,6,PCIe 4.0 x8,2.2,,128,8,4,"Jan 3rd, 2023",2023-01-03,1273,1256,,,https://www.techpowerup.com/gpu-specs/radeon-610m.c4021,https://www.videocardbenchmark.net/video_lookup.php?gpu=Radeon+610M&id=4759,radeon610m
AMD,Radeon RX 5600M,Navi 10,6.0,GDDR6,192,PCIe 4.0 x16,1.265,1.5,2304,144,64,"Jul 7th, 2020",2020-07-07,8828,344,,,https://www.techpowerup.com/gpu-specs/radeon-rx-5600m.c3492,https://www.videocardbenchmark.net/video_lookup.php?gpu=Radeon+RX+5600M&id=4217,radeonrx5600m
NVIDIA,GeForce RTX 3050 Ti Mobile,GA106,4.0,GDDR6,128,PCIe 4.0 x16,1.035,1.5,2560,80,32,"May 11th, 2021",2021-05-11,,,,,https://www.techpowerup.com/gpu-specs/geforce-rtx-3050-ti-mobile.c3812,,geforcertx3050timobile
NVIDIA,RTX Spark N1X 5120-core,GB20B,128.0,LPDDR5X,256,PCIe 5.0 x16,2.346,1.067,5120,160,40,Oct 2026,2026-10-01,,,,,https://www.techpowerup.com/gpu-specs/rtx-spark-n1x-5120-core.c4413,,rtxsparkn1x5120core
NVIDIA,GeForce RTX 3070 TiM,GA104,8.0,GDDR6,256,PCIe 4.0 x16,1.41,1.75,5888,184,96,Nov 2022,2022-11-01,,,,,https://www.techpowerup.com/gpu-specs/geforce-rtx-3070-tim.c3951,,geforcertx3070tim
NVIDIA,Quadro 410,GK107,0.5,DDR3,64,PCIe 2.0 x16,0.706,0.891,192,16,8,"Aug 7th, 2012",2012-08-07,434,1960,3.37,129.0,https://www.techpowerup.com/gpu-specs/quadro-410.c1316,https://www.videocardbenchmark.net/video_lookup.php?gpu=Quadro+410&id=2291,quadro410
NVIDIA,Riva TNT2 Ultra,NV5,0.0312,SDR,128,AGP 4x,0.15,0.183,2,0,2,"Mar 15th, 1999",1999-03-15,,,,,https://www.techpowerup.com/gpu-specs/riva-tnt2-ultra.c1302,,rivatnt2ultra
AMD,FirePro D500,Tahiti,3.0,GDDR5,384,PCIe 3.0 x16,0.725,1.27,1536,96,32,"Jan 18th, 2014",2014-01-18,,,,,https://www.techpowerup.com/gpu-specs/firepro-d500.c2556,,fireprod500
AMD,Radeon Vega 8 Mobile,Raven-M,,DDR4,4,IGP,1.101,,512,32,8,"Oct 26th, 2017",2017-10-26,1437,1207,,,https://www.techpowerup.com/gpu-specs/radeon-vega-8-mobile.c3103,https://www.videocardbenchmark.net/video_lookup.php?gpu=Radeon+Vega+8+Mobile&id=3845,radeonvega8mobile
3Dfx,Voodoo5 6000,VSA-100,0.0312,SDR,128,AGP 4x,0.166,0.166,2,0,2,Never Released,,,,,,https://www.techpowerup.com/gpu-specs/voodoo5-6000.c3536,,voodoo56000
Intel,Data Center GPU Max 1100,Ponte Vecchio,48.0,HBM2E,8192,PCIe 5.0 x16,1.55,0.6,7168,448,0,"Jan 10th, 2023",2023-01-10,,,,,https://www.techpowerup.com/gpu-specs/data-center-gpu-max-1100.c4066,,datacentergpumax1100
NVIDIA,GeForce RTX 2070 SUPER Mobile,TU104,8.0,GDDR6,256,PCIe 3.0 x16,1.38,1.75,2560,160,64,"Apr 2nd, 2020",2020-04-02,,,,,https://www.techpowerup.com/gpu-specs/geforce-rtx-2070-super-mobile.c3514,,geforcertx2070supermobile
NVIDIA,Tesla V100 FHHL,GV100,16.0,HBM2,4096,PCIe 3.0 x16,1.29,0.808,5120,320,128,"Mar 27th, 2018",2018-03-27,,,,,https://www.techpowerup.com/gpu-specs/tesla-v100-fhhl.c3248,,teslav100fhhl
AMD,Radeon HD 8990 OEM,Malta,3.0,GDDR5,384,PCIe 3.0 x16,1.0,1.5,2048,128,32,"Apr 24th, 2013",2013-04-24,,,,,https://www.techpowerup.com/gpu-specs/radeon-hd-8990-oem.c2389,,radeonhd8990oem
AMD,Radeon RX Vega 64 Limited Edition,Vega 10,8.0,HBM2,2048,PCIe 3.0 x16,1.546,0.945,4096,256,64,"Aug 7th, 2017",2017-08-07,,,,,https://www.techpowerup.com/gpu-specs/radeon-rx-vega-64-limited-edition.c2995,,radeonrxvega64limitededition
NVIDIA,GeForce GTX 1060 Max-Q,GP106,6.0,GDDR5,192,PCIe 3.0 x16,1.48,2.002,1280,80,48,"Jun 27th, 2017",2017-06-27,,,,,https://www.techpowerup.com/gpu-specs/geforce-gtx-1060-max-q.c2976,,geforcegtx1060maxq
NVIDIA,GeForce 930M,GM108S,2.0,DDR3,64,PCIe 3.0 x8,0.941,0.9,384,24,8,"Mar 13th, 2015",2015-03-13,1015,1376,,,https://www.techpowerup.com/gpu-specs/geforce-930m.c2644,https://www.videocardbenchmark.net/video_lookup.php?gpu=GeForce+930M&id=3252,geforce930m
AMD,Radeon Graphics 448SP Mobile,Renoir-M,,DDR4,4,IGP,1.6,,448,28,8,"Jan 6th, 2020",2020-01-06,,,,,https://www.techpowerup.com/gpu-specs/radeon-graphics-448sp-mobile.c3510,,radeongraphics448spmobile
ATI,Radeon HD 2600 XT,RV630,0.25,GDDR3,128,PCIe 1.0 x16,0.8,0.7,120,8,4,"Jun 28th, 2007",2007-06-28,282,2100,1.78,159.0,https://www.techpowerup.com/gpu-specs/radeon-hd-2600-xt.c193,https://www.videocardbenchmark.net/video_lookup.php?gpu=Radeon+HD+2600+XT&id=574,radeonhd2600xt
ATI,Wii GPU,Hollywood,0.0625,GDDR3,64,IGP,0.243,0.243,4,1,4,"Nov 19th, 2006",2006-11-19,,,,,https://www.techpowerup.com/gpu-specs/wii-gpu.c1917,,wiigpu
NVIDIA,Quadro 400,GT216,0.5,DDR3,64,PCIe 2.0 x16,0.45,0.77,48,16,8,"Apr 5th, 2011",2011-04-05,148,2268,0.7,211.0,https://www.techpowerup.com/gpu-specs/quadro-400.c1317,https://www.videocardbenchmark.net/video_lookup.php?gpu=Quadro+400&id=1548,quadro400
3Dfx,Voodoo2 12 MB,SST2,0.0117,EDO,192,PCI,0.09,0.09,1,0,2,"Feb 2nd, 1998",1998-02-02,,,,,https://www.techpowerup.com/gpu-specs/voodoo2-12-mb.c3560,,voodoo212mb
NVIDIA,GeForce GT 720,GK208,2.0,DDR3,64,PCIe 2.0 x8,0.967,0.9,384,32,8,"Mar 27th, 2014",2014-03-27,661,1671,6.61,99.99,https://www.techpowerup.com/gpu-specs/geforce-gt-720.c1989,https://www.videocardbenchmark.net/video_lookup.php?gpu=GeForce+GT+720&id=2896,geforcegt720
AMD,Radeon Pro 560X,Polaris 21,4.0,GDDR5,128,PCIe 3.0 x8,1.004,1.47,1024,64,16,"Jul 16th, 2018",2018-07-16,3677,677,,,https://www.techpowerup.com/gpu-specs/radeon-pro-560x.c3282,https://www.videocardbenchmark.net/video_lookup.php?gpu=Radeon+Pro+560X&id=4021,radeonpro560x
AMD,Radeon RX 6800S,Navi 23,8.0,GDDR6,128,PCIe 4.0 x8,2.1,2.0,2048,128,64,"Jan 4th, 2022",2022-01-04,15593,162,,,https://www.techpowerup.com/gpu-specs/radeon-rx-6800s.c3867,https://www.videocardbenchmark.net/video_lookup.php?gpu=Radeon+RX+6800S&id=4542,radeonrx6800s
AMD,FirePro W8100,Hawaii,8.0,GDDR5,512,PCIe 3.0 x16,0.824,1.25,2560,160,64,"Jun 23rd, 2014",2014-06-23,6641,421,9.43,704.0,https://www.techpowerup.com/gpu-specs/firepro-w8100.c2588,https://www.videocardbenchmark.net/video_lookup.php?gpu=FirePro+W8100&id=2937,fireprow8100
NVIDIA,GeForce MX450 30.5W 10Gbps,TU117S,2.0,GDDR6,64,PCIe 4.0 x4,1.575,1.25,896,56,32,"Aug 25th, 2020",2020-08-25,,,,,https://www.techpowerup.com/gpu-specs/geforce-mx450-30-5w-10gbps.c3641,,geforcemx450305w10gbps
ATI,Radeon 8500,R200,0.0625,DDR,128,AGP 4x,0.275,0.275,4,2,8,"Aug 14th, 2001",2001-08-14,,,,,https://www.techpowerup.com/gpu-specs/radeon-8500.c93,,radeon8500
NVIDIA,GeForce GTX 870M,GK104,3.0,GDDR5,192,MXM-B (3.0),0.967,1.25,1344,112,24,"Mar 12th, 2014",2014-03-12,3565,687,,,https://www.techpowerup.com/gpu-specs/geforce-gtx-870m.c2535,https://www.videocardbenchmark.net/video_lookup.php?gpu=GeForce+GTX+870M&id=2833,geforcegtx870m
NVIDIA,GeForce GTX 950 Low Power,GM206,2.0,GDDR5,128,PCIe 3.0 x16,1.19,1.653,768,48,32,"Mar 1st, 2016",2016-03-01,,,,,https://www.techpowerup.com/gpu-specs/geforce-gtx-950-low-power.c2841,,geforcegtx950lowpower
AMD,Radeon HD 7870 XT,Tahiti,2.0,GDDR5,256,PCIe 3.0 x16,0.975,1.5,1536,96,32,"Nov 19th, 2012",2012-11-19,4469,593,,,https://www.techpowerup.com/gpu-specs/radeon-hd-7870-xt.c1860,https://www.videocardbenchmark.net/video_lookup.php?gpu=Radeon+HD+7870+XT&id=2557,radeonhd7870xt
NVIDIA,Quadro M5000M,GM204,8.0,GDDR5,256,MXM-B (3.0),1.051,1.253,1536,96,64,"Aug 18th, 2015",2015-08-18,7007,408,12.81,546.92,https://www.techpowerup.com/gpu-specs/quadro-m5000m.c2823,https://www.videocardbenchmark.net/video_lookup.php?gpu=Quadro+M5000M&id=3408,quadrom5000m
NVIDIA,Tesla V100 SXM2 16 GB,GV100,16.0,HBM2,4096,PCIe 3.0 x16,1.597,1.106,5120,320,128,"Nov 26th, 2019",2019-11-26,11265,272,,,https://www.techpowerup.com/gpu-specs/tesla-v100-sxm2-16-gb.c3471,https://www.videocardbenchmark.net/video_lookup.php?gpu=Tesla+V100-SXM2-16GB&id=4105,teslav100sxm216gb
NVIDIA,GeForce 7100 GS,NV44B,0.125,DDR2,64,PCIe 1.0 x16,0.35,0.266,4,3,4,"Aug 8th, 2006",2006-08-08,51,2538,,,https://www.techpowerup.com/gpu-specs/geforce-7100-gs.c721,https://www.videocardbenchmark.net/video_lookup.php?gpu=GeForce+7100+GS&id=1227,geforce7100gs
NVIDIA,GeForce GT 1030 GK107,GK107,2.0,GDDR5,128,PCIe 3.0 x16,1.058,1.25,384,32,16,"Sep 30th, 2018",2018-09-30,,,,,https://www.techpowerup.com/gpu-specs/geforce-gt-1030-gk107.c3454,,geforcegt1030gk107
NVIDIA,H100 SXM5 96 GB,GH100,96.0,HBM3,5120,PCIe 5.0 x16,1.98,1.313,16896,528,24,"Mar 21st, 2023",2023-03-21,,,,,https://www.techpowerup.com/gpu-specs/h100-sxm5-96-gb.c3974,,h100sxm596gb
NVIDIA,A10M,GA102,20.0,GDDR6,320,PCIe 4.0 x16,1.635,1.563,7168,224,80,"Feb 7th, 2022",2022-02-07,,,,,https://www.techpowerup.com/gpu-specs/a10m.c4200,,a10m
NVIDIA,GeForce4 Ti 4800,NV28,0.125,DDR,128,AGP 8x,0.3,0.325,4,2,8,"Mar 15th, 2003",2003-03-15,5,2737,,,https://www.techpowerup.com/gpu-specs/geforce4-ti-4800.c2139,https://www.videocardbenchmark.net/video_lookup.php?gpu=GeForce4+Ti+4800&id=1507,geforce4ti4800
NVIDIA,Quadro FX 5600,G80,1.5,GDDR3,384,PCIe 1.0 x16,0.6,0.8,128,32,24,"Mar 5th, 2007",2007-03-05,517,1862,1.76,295.0,https://www.techpowerup.com/gpu-specs/quadro-fx-5600.c1339,https://www.videocardbenchmark.net/video_lookup.php?gpu=Quadro+FX+5600&id=1605,quadrofx5600
Lisuan-Tech,LX ULTRA,7G105,24.0,GDDR6,192,PCIe 4.0 x16,2.0,2.25,6144,192,96,"Mar 17th, 2026",2026-03-17,,,,,https://www.techpowerup.com/gpu-specs/lx-ultra.c4407,,lxultra
ATI,Radeon X1900 XT,R580,0.25,GDDR3,256,PCIe 1.0 x16,0.625,0.725,48,8,16,"Jan 24th, 2006",2006-01-24,,,,,https://www.techpowerup.com/gpu-specs/radeon-x1900-xt.c454,,radeonx1900xt
NVIDIA,GeForce GT 530 OEM,GF108,1.0,DDR3,128,PCIe 2.0 x16,0.7,0.9,96,16,4,"May 14th, 2011",2011-05-14,,,,,https://www.techpowerup.com/gpu-specs/geforce-gt-530-oem.c630,,geforcegt530oem
NVIDIA,GeForce RTX 3070 Ti 8 GB GA102,GA102,8.0,GDDR6X,256,PCIe 4.0 x16,1.77,1.188,6144,192,96,"Oct 21st, 2022",2022-10-21,,,,,https://www.techpowerup.com/gpu-specs/geforce-rtx-3070-ti-8-gb-ga102.c3936,,geforcertx3070ti8gbga102
NVIDIA,GeForce 8300 GS,G86S,0.125,DDR2,64,PCIe 1.0 x16,0.459,0.4,8,8,4,"Apr 17th, 2007",2007-04-17,115,2356,,,https://www.techpowerup.com/gpu-specs/geforce-8300-gs.c755,https://www.videocardbenchmark.net/video_lookup.php?gpu=GeForce+8300+GS&id=1261,geforce8300gs
Moore-Threads,MTT S2000,Sudi,32.0,LPDDR4X,256,PCIe 3.0 x16,1.3,2.133,4096,256,256,"Jul 14th, 2022",2022-07-14,,,,,https://www.techpowerup.com/gpu-specs/mtt-s2000.c4263,,mtts2000
NVIDIA,GeForce FX 5600,NV31,0.125,DDR,128,AGP 8x,0.325,0.25,4,2,4,"Mar 6th, 2003",2003-03-06,12,2691,,,https://www.techpowerup.com/gpu-specs/geforce-fx-5600.c64,https://www.videocardbenchmark.net/video_lookup.php?gpu=GeForce+FX+5600&id=1336,geforcefx5600
NVIDIA,GeForce GT 545,GF116,1.5,DDR3,192,PCIe 2.0 x16,0.72,0.8,144,24,16,"May 14th, 2011",2011-05-14,1120,1322,20.15,55.59,https://www.techpowerup.com/gpu-specs/geforce-gt-545.c627,https://www.videocardbenchmark.net/video_lookup.php?gpu=GeForce+GT+545&id=112,geforcegt545
NVIDIA,Tesla P100 PCIe 12 GB,GP100,12.0,HBM2,3072,PCIe 3.0 x16,1.329,0.715,3584,224,96,"Jun 20th, 2016",2016-06-20,12887,226,,,https://www.techpowerup.com/gpu-specs/tesla-p100-pcie-12-gb.c2915,https://www.videocardbenchmark.net/video_lookup.php?gpu=Tesla+P100-PCIE-12GB&id=5008,teslap100pcie12gb
NVIDIA,GeForce RTX 4070 Max-Q,AD106,8.0,GDDR6,128,PCIe 4.0 x8,1.23,2.0,4608,144,48,"Feb 22nd, 2023",2023-02-22,,,,,https://www.techpowerup.com/gpu-specs/geforce-rtx-4070-max-q.c3954,,geforcertx4070maxq
NVIDIA,GeForce RTX 3070 Max-Q,GA104,8.0,GDDR6,256,PCIe 4.0 x16,1.29,1.5,5120,160,80,"Jan 26th, 2021",2021-01-26,,,,,https://www.techpowerup.com/gpu-specs/geforce-rtx-3070-max-q.c3685,,geforcertx3070maxq
NVIDIA,Tesla V100 DGXS 32 GB,GV100,32.0,HBM2,4096,PCIe 3.0 x16,1.53,0.876,5120,320,128,"Mar 27th, 2018",2018-03-27,,,,,https://www.techpowerup.com/gpu-specs/tesla-v100-dgxs-32-gb.c3186,,teslav100dgxs32gb
Moore-Threads,MTT S70,Chunxiao,7.0,GDDR6,224,PCIe 4.0 x16,1.6,1.75,3584,224,224,"May 31st, 2023",2023-05-31,,,,,https://www.techpowerup.com/gpu-specs/mtt-s70.c4260,,mtts70
NVIDIA,Jetson T4000,GB10B,64.0,LPDDR5X,256,PCIe 5.0 x8,1.53,1.067,1536,48,16,"Jan 5th, 2026",2026-01-05,,,,,https://www.techpowerup.com/gpu-specs/jetson-t4000.c4369,,jetsont4000
NVIDIA,GeForce GT 710,GK208,2.0,DDR3,64,PCIe 2.0 x8,0.954,0.9,192,16,8,"Mar 27th, 2014",2014-03-27,617,1728,2.47,249.99,https://www.techpowerup.com/gpu-specs/geforce-gt-710.c3027,https://www.videocardbenchmark.net/video_lookup.php?gpu=GeForce+GT+710&id=2910,geforcegt710
NVIDIA,GeForce GTX 780M,GK104,4.0,GDDR5,256,MXM-B (3.0),0.797,1.25,1536,128,32,"May 11th, 2013",2013-05-11,3932,639,7.88,499.0,https://www.techpowerup.com/gpu-specs/geforce-gtx-780m.c2128,https://www.videocardbenchmark.net/video_lookup.php?gpu=GeForce+GTX+780M&id=2536,geforcegtx780m
NVIDIA,GeForce GT 730M,GK107,2.0,DDR3,128,PCIe 3.0 x16,0.725,0.9,384,32,16,"Jan 20th, 2013",2013-01-20,809,1519,,,https://www.techpowerup.com/gpu-specs/geforce-gt-730m.c1914,https://www.videocardbenchmark.net/video_lookup.php?gpu=GeForce+GT+730M&id=2417,geforcegt730m
AMD,Radeon Graphics 448SP Mobile,Cezanne-M,,DDR4,4,IGP,1.8,,448,28,8,"Apr 13th, 2021",2021-04-13,,,,,https://www.techpowerup.com/gpu-specs/radeon-graphics-448sp-mobile.c3854,,radeongraphics448spmobile
NVIDIA,RTX A1000 Mobile 6 GB,GA107,6.0,GDDR6,96,PCIe 4.0 x8,1.14,1.375,2560,80,32,"Mar 30th, 2022",2022-03-30,,,,,https://www.techpowerup.com/gpu-specs/rtx-a1000-mobile-6-gb.c4137,,rtxa1000mobile6gb
NVIDIA,MediaTek Dimensity AX CX1 GPU,GB20C,128.0,LPDDR5X,256,PCIe 5.0 x16,1.992,1.067,2560,80,32,2026,202601-01,,,,,https://www.techpowerup.com/gpu-specs/mediatek-dimensity-ax-cx1-gpu.c4442,,dimensityaxcx1gpu
Intel,HD Graphics 530 Mobile,Skylake GT2,,DDR3,3,Ring Bus,0.95,,192,24,3,"Sep 1st, 2015",2015-09-01,,,,,https://www.techpowerup.com/gpu-specs/hd-graphics-530-mobile.c2785,,hdgraphics530mobile
NVIDIA,Riva TNT2 M64,NV6,0.0156,SDR,64,AGP 4x,0.125,0.143,2,0,2,"Oct 12th, 1999",1999-10-12,,,,,https://www.techpowerup.com/gpu-specs/riva-tnt2-m64.c1304,,rivatnt2m64
NVIDIA,GeForce RTX 2080 SUPER Max-Q,TU104,8.0,GDDR6,256,PCIe 3.0 x16,0.975,1.375,3072,192,64,"Apr 2nd, 2020",2020-04-02,,,,,https://www.techpowerup.com/gpu-specs/geforce-rtx-2080-super-max-q.c3566,,geforcertx2080supermaxq
NVIDIA,GeForce3 Ti200,NV20,0.0625,DDR,128,AGP 4x,0.175,0.2,4,1,8,"Oct 1st, 2001",2001-10-01,4,2786,,,https://www.techpowerup.com/gpu-specs/geforce3-ti200.c742,https://www.videocardbenchmark.net/video_lookup.php?gpu=GeForce3+Ti+200&id=1483,geforce3ti200
AMD,Radeon R7 M440,Meso,4.0,DDR3,64,PCIe 3.0 x8,0.891,0.9,320,20,8,"May 15th, 2016",2016-05-15,910,1443,,,https://www.techpowerup.com/gpu-specs/radeon-r7-m440.c2851,https://www.videocardbenchmark.net/video_lookup.php?gpu=Radeon+R7+M440&id=3562,radeonr7m440
ATI,Radeon 9200,RV280,0.125,DDR,128,AGP 8x,0.25,0.2,4,1,4,"May 1st, 2003",2003-05-01,3,2801,0.02,153.63,https://www.techpowerup.com/gpu-specs/radeon-9200.c471,https://www.videocardbenchmark.net/video_lookup.php?gpu=RADEON+9200&id=558,radeon9200
AMD,Radeon Pro V340 8 GB,Vega 10,8.0,HBM2,2048,PCIe 3.0 x16,1.5,0.945,3584,224,64,"Aug 26th, 2018",2018-08-26,,,,,https://www.techpowerup.com/gpu-specs/radeon-pro-v340-8-gb.c3977,,radeonprov3408gb
NVIDIA,GeForce GT 730 OEM,GK107,1.0,GDDR5,64,PCIe 3.0 x16,0.902,1.253,384,32,8,"Apr 9th, 2015",2015-04-09,,,,,https://www.techpowerup.com/gpu-specs/geforce-gt-730-oem.c2710,,geforcegt730oem
AMD,Radeon Vega 8 Mobile,Picasso-M,,DDR4,4,IGP,1.2,,512,32,8,"Jan 6th, 2019",2019-01-06,1437,1207,,,https://www.techpowerup.com/gpu-specs/radeon-vega-8-mobile.c3360,https://www.videocardbenchmark.net/video_lookup.php?gpu=Radeon+Vega+8+Mobile&id=3845,radeonvega8mobile
ATI,Radeon HD 3870 X2,R680,0.5,GDDR3,256,PCIe 2.0 x16,0.825,0.901,320,16,16,"Jan 26th, 2008",2008-01-26,586,1770,,,https://www.techpowerup.com/gpu-specs/radeon-hd-3870-x2.c209,https://www.videocardbenchmark.net/video_lookup.php?gpu=Radeon+HD+3870+X2&id=589,radeonhd3870x2
NVIDIA,GeForce 6200 AGP,NV44,0.25,DDR2,64,AGP 8x,0.35,0.266,4,3,4,"Apr 4th, 2005",2005-04-04,,,,,https://www.techpowerup.com/gpu-specs/geforce-6200-agp.c2419,,geforce6200agp
AMD,Radeon Pro W6900X,Navi 21,32.0,GDDR6,256,Apple MPX,2.171,2.0,5120,320,128,"Aug 3rd, 2021",2021-08-03,17413,,,,https://www.techpowerup.com/gpu-specs/radeon-pro-w6900x.c3825,https://www.videocardbenchmark.net/gpu.php?gpu=Radeon+Pro+W6900X&id=6001,radeonprow6900x
AMD,Radeon RX 6700M,Navi 22,10.0,GDDR6,160,PCIe 4.0 x16,2.4,2.0,2304,144,64,"May 31st, 2021",2021-05-31,13683,205,50.68,269.99,https://www.techpowerup.com/gpu-specs/radeon-rx-6700m.c3775,https://www.videocardbenchmark.net/video_lookup.php?gpu=Radeon+RX+6700M&id=4458,radeonrx6700m
NVIDIA,GeForce RTX 3050 Max-Q,GA107,4.0,GDDR6,128,PCIe 4.0 x8,1.057,1.375,2048,64,32,"May 11th, 2021",2021-05-11,,,,,https://www.techpowerup.com/gpu-specs/geforce-rtx-3050-max-q.c3972,,geforcertx3050maxq
NVIDIA,GeForce GTX 1060 3 GB GP104,GP104,3.0,GDDR5,192,PCIe 3.0 x16,1.708,2.002,1152,72,48,"Dec 25th, 2016",2016-12-25,,,,,https://www.techpowerup.com/gpu-specs/geforce-gtx-1060-3-gb-gp104.c2926,,geforcegtx10603gbgp104
NVIDIA,GeForce GTX 460,GF104,0.75,GDDR5,192,PCIe 2.0 x16,0.675,0.9,336,56,24,"Jul 12th, 2010",2010-07-12,2266,910,25.19,89.99,https://www.techpowerup.com/gpu-specs/geforce-gtx-460.c2125,https://www.videocardbenchmark.net/video_lookup.php?gpu=GeForce+GTX+460&id=31,geforcegtx460
AMD,Radeon Pro V320,Vega 10,8.0,HBM2,2048,PCIe 3.0 x16,1.5,0.945,3584,224,64,"Jun 29th, 2017",2017-06-29,,,,,https://www.techpowerup.com/gpu-specs/radeon-pro-v320.c3270,,radeonprov320
NVIDIA,Jetson Orin Nano 8 GB,GA10B,8.0,LPDDR5,128,PCIe 4.0 x4,0.625,0.533,1024,32,16,Mar 2023,2023-03-01,,,,,https://www.techpowerup.com/gpu-specs/jetson-orin-nano-8-gb.c4082,,jetsonorinnano8gb
Intel,UHD Graphics 710,Alder Lake,,DDR4,4,Ring Bus,1.3,,128,8,8,"Jan 4th, 2022",2022-01-04,1045,1364,,,https://www.techpowerup.com/gpu-specs/uhd-graphics-710.c3876,https://www.videocardbenchmark.net/video_lookup.php?gpu=Intel+UHD+Graphics+710&id=4505,uhdgraphics710
NVIDIA,GeForce 7900 GS,G71,0.25,GDDR3,256,PCIe 1.0 x16,0.45,0.66,20,7,20,"May 1st, 2006",2006-05-01,262,2124,,,https://www.techpowerup.com/gpu-specs/geforce-7900-gs.c184,https://www.videocardbenchmark.net/video_lookup.php?gpu=GeForce+7900+GS&id=1251,geforce7900gs
NVIDIA,GeForce FX 5700,NV36B,0.125,DDR,128,AGP 8x,0.425,0.25,4,3,4,"Oct 23rd, 2003",2003-10-23,40,2576,,,https://www.techpowerup.com/gpu-specs/geforce-fx-5700.c69,https://www.videocardbenchmark.net/video_lookup.php?gpu=GeForce+FX+5700&id=1340,geforcefx5700
NVIDIA,GeForce GTX 780 Ti 6 GB,GK110B,6.0,GDDR5,384,PCIe 3.0 x16,0.928,1.753,2880,240,48,Never Released,,,,,,https://www.techpowerup.com/gpu-specs/geforce-gtx-780-ti-6-gb.c3302,,geforcegtx780ti6gb
ATI,Radeon HD 3850 AGP,RV670,0.5,GDDR3,256,AGP 8x,0.668,0.828,320,16,16,"Jan 3rd, 2008",2008-01-03,432,1962,,,https://www.techpowerup.com/gpu-specs/radeon-hd-3850-agp.c312,https://www.videocardbenchmark.net/video_lookup.php?gpu=Radeon+HD+3850+AGP&id=44,radeonhd3850agp
Intel,HD Graphics 4400 Mobile,Haswell GT2,,DDR3,3,Ring Bus,0.95,,160,20,2,"Sep 3rd, 2013",2013-09-03,,,,,https://www.techpowerup.com/gpu-specs/hd-graphics-4400-mobile.c2471,,hdgraphics4400mobile
NVIDIA,GeForce RTX 2060 Mobile Refresh,TU106B,6.0,GDDR6,192,PCIe 3.0 x16,1.56,1.375,1920,120,48,"Jan 29th, 2019",2019-01-29,,,,,https://www.techpowerup.com/gpu-specs/geforce-rtx-2060-mobile-refresh.c3567,,geforcertx2060mobilerefresh
AMD,Radeon Pro W5700X,Navi 10,16.0,GDDR6,256,Apple MPX,1.86,1.75,2560,160,64,"Dec 11th, 2019",2019-12-11,15178,170,,,https://www.techpowerup.com/gpu-specs/radeon-pro-w5700x.c3583,https://www.videocardbenchmark.net/video_lookup.php?gpu=Radeon+Pro+W5700X&id=4641,radeonprow5700x
ATI,Radeon X1950 PRO,RV570,0.25,GDDR3,256,PCIe 1.0 x16,0.575,0.69,36,8,12,"Oct 1st, 2006",2006-10-01,112,2367,,,https://www.techpowerup.com/gpu-specs/radeon-x1950-pro.c969,https://www.videocardbenchmark.net/video_lookup.php?gpu=Radeon+X1950+Pro&id=1764,radeonx1950pro
AMD,Radeon RX Vega Nano,Vega 10,8.0,HBM2,2048,PCIe 3.0 x16,1.546,0.8,4096,256,64,Never Released,,,,,,https://www.techpowerup.com/gpu-specs/radeon-rx-vega-nano.c2997,,radeonrxveganano
Intel,Arc A780,DG2-512,16.0,GDDR6X,256,PCIe 4.0 x16,2.2,1.093,4096,256,128,Never Released,,,,,,https://www.techpowerup.com/gpu-specs/arc-a780.c3910,,arca780
AMD,Radeon RX 560 896SP,Polaris 21,4.0,GDDR5,128,PCIe 3.0 x8,1.175,1.75,896,56,16,"Jul 4th, 2017",2017-07-04,,,,,https://www.techpowerup.com/gpu-specs/radeon-rx-560-896sp.c3082,,radeonrx560896sp
NVIDIA,GeForce 9800 GT,G92B,0.5,GDDR3,256,PCIe 2.0 x16,0.6,0.9,112,56,16,"Jul 21st, 2008",2008-07-21,439,1952,2.58,169.99,https://www.techpowerup.com/gpu-specs/geforce-9800-gt.c3177,https://www.videocardbenchmark.net/video_lookup.php?gpu=GeForce+9800+GT&id=60,geforce9800gt
NVIDIA,GeForce 7950 GT,G71,0.5,GDDR3,256,PCIe 1.0 x16,0.55,0.7,24,8,24,"Aug 6th, 2006",2006-08-06,344,2036,1.44,239.42,https://www.techpowerup.com/gpu-specs/geforce-7950-gt.c183,https://www.videocardbenchmark.net/video_lookup.php?gpu=GeForce+7950+GT&id=1255,geforce7950gt
NVIDIA,A100X,GA100,80.0,HBM2E,5120,PCIe 4.0 x8,1.44,1.593,6912,432,160,"Jun 28th, 2021",2021-06-28,,,,,https://www.techpowerup.com/gpu-specs/a100x.c3958,,a100x
Intel,HD Graphics 510,Skylake GT1,,DDR3,3,Ring Bus,0.95,,96,12,2,"Sep 1st, 2015",2015-09-01,,,,,https://www.techpowerup.com/gpu-specs/hd-graphics-510.c2795,,hdgraphics510
NVIDIA,Quadro RTX 5000 Max-Q,TU104,16.0,GDDR6,256,PCIe 3.0 x16,1.35,1.5,3072,192,64,"May 27th, 2019",2019-05-27,,,,,https://www.techpowerup.com/gpu-specs/quadro-rtx-5000-max-q.c3432,,quadrortx5000maxq
NVIDIA,GeForce GT 525M,GF108,1.0,DDR3,128,PCIe 2.0 x16,0.6,0.9,96,16,4,"Jan 5th, 2011",2011-01-05,452,1941,,,https://www.techpowerup.com/gpu-specs/geforce-gt-525m.c1490,https://www.videocardbenchmark.net/video_lookup.php?gpu=GeForce+GT+525M&id=89,geforcegt525m
NVIDIA,GeForce GTX 1650 TU116,TU116,4.0,GDDR6,128,PCIe 3.0 x16,1.59,1.5,896,56,32,"Jul 7th, 2020",2020-07-07,,,,,https://www.techpowerup.com/gpu-specs/geforce-gtx-1650-tu116.c3586,,geforcegtx1650tu116
NVIDIA,Tesla T4G,TU104,16.0,GDDR6,256,PCIe 3.0 x16,1.59,1.25,2560,160,64,"Sep 13th, 2018",2018-09-13,,,,,https://www.techpowerup.com/gpu-specs/tesla-t4g.c4134,,teslat4g
AMD,Radeon HD 6350,Cedar,0.5,GDDR3,64,PCIe 2.0 x16,0.65,0.5,80,8,4,"Feb 7th, 2011",2011-02-07,140,2286,2.39,59.0,https://www.techpowerup.com/gpu-specs/radeon-hd-6350.c302,https://www.videocardbenchmark.net/video_lookup.php?gpu=RADEON+HD+6350&id=262,radeonhd6350
NVIDIA,Tesla PG503-216,GV100,32.0,HBM2,4096,PCIe 3.0 x16,1.53,1.107,4608,288,128,"Nov 26th, 2019",2019-11-26,,,,,https://www.techpowerup.com/gpu-specs/tesla-pg503-216.c3790,,teslapg503216
ATI,FirePro V4800,Redwood,1.0,GDDR5,128,PCIe 2.0 x16,0.775,0.9,400,20,8,"Apr 26th, 2010",2010-04-26,,,,,https://www.techpowerup.com/gpu-specs/firepro-v4800.c572,,fireprov4800
NVIDIA,GeForce 605 OEM,GF119S,0.5,DDR3,64,PCIe 2.0 x16,0.523,0.897,48,8,4,"Apr 2nd, 2012",2012-04-02,,,,,https://www.techpowerup.com/gpu-specs/geforce-605-oem.c359,,geforce605oem
NVIDIA,GeForce GTS 250,G92B,1.0,GDDR3,256,PCIe 2.0 x16,0.675,1.008,128,64,16,"Mar 4th, 2009",2009-03-04,562,1802,6.54,86.06,https://www.techpowerup.com/gpu-specs/geforce-gts-250.c3178,https://www.videocardbenchmark.net/video_lookup.php?gpu=GeForce+GTS+250&id=29,geforcegts250
NVIDIA,GeForce GTX 1650 Max-Q,TU117,4.0,GDDR6,128,PCIe 3.0 x16,1.125,1.25,1024,64,32,"Apr 15th, 2020",2020-04-15,,,,,https://www.techpowerup.com/gpu-specs/geforce-gtx-1650-max-q.c3620,,geforcegtx1650maxq
NVIDIA,GeForce RTX 3060 8 GB GA104,GA104,8.0,GDDR6,128,PCIe 4.0 x16,1.777,1.875,3584,112,64,Oct 2022,2022-10-01,,,,,https://www.techpowerup.com/gpu-specs/geforce-rtx-3060-8-gb-ga104.c4132,,geforcertx30608gbga104
NVIDIA,H800 SXM5,GH100,80.0,HBM3,5120,PCIe 5.0 x16,1.755,1.313,16896,528,24,"Mar 21st, 2023",2023-03-21,,,,,https://www.techpowerup.com/gpu-specs/h800-sxm5.c3975,,h800sxm5
NVIDIA,P102-101,GP102,10.0,GDDR5,320,PCIe 3.0 x4,1.67,2.002,3200,200,80,2018,201801-01,,,,,https://www.techpowerup.com/gpu-specs/p102-101.c3284,,p102101
NVIDIA,GeForce4 MX 4000,NV18,0.125,DDR,64,AGP 8x,0.25,0.166,2,0,4,"Dec 14th, 2003",2003-12-14,4,2776,,,https://www.techpowerup.com/gpu-specs/geforce4-mx-4000.c776,https://www.videocardbenchmark.net/video_lookup.php?gpu=GeForce4+MX+4000&id=1492,geforce4mx4000
NVIDIA,NVS 810,GM107,2.0,DDR3,64,PCIe 3.0 x16,1.033,0.9,512,32,16,"Nov 4th, 2015",2015-11-04,1146,1313,1.83,624.99,https://www.techpowerup.com/gpu-specs/nvs-810.c2772,https://www.videocardbenchmark.net/video_lookup.php?gpu=NVS+810&id=3428,nvs810
NVIDIA,GeForce GT 120 OEM,G96C,0.5,DDR2,128,PCIe 2.0 x16,0.738,0.504,32,16,8,"Mar 10th, 2009",2009-03-10,,,,,https://www.techpowerup.com/gpu-specs/geforce-gt-120-oem.c638,,geforcegt120oem
NVIDIA,GeForce GT 630 OEM,GK107,1.0,DDR3,128,PCIe 3.0 x16,0.875,0.891,192,16,16,"Apr 24th, 2012",2012-04-24,,,,,https://www.techpowerup.com/gpu-specs/geforce-gt-630-oem.c818,,geforcegt630oem
AMD,Radeon Pro 5700 XT,Navi 10,16.0,GDDR6,256,PCIe 4.0 x16,1.499,1.5,2560,160,64,"Aug 4th, 2020",2020-08-04,12447,242,,,https://www.techpowerup.com/gpu-specs/radeon-pro-5700-xt.c3662,https://www.videocardbenchmark.net/video_lookup.php?gpu=Radeon+Pro+5700+XT&id=4250,radeonpro5700xt
AMD,Radeon R9 FURY X2,Capsaicin,4.0,HBM,4096,PCIe 3.0 x16,1.05,0.5,4096,256,64,Never Released,,,,,,https://www.techpowerup.com/gpu-specs/radeon-r9-fury-x2.c2741,,radeonr9furyx2
NVIDIA,GeForce GTX 750 GM206,GM206,2.0,GDDR5,128,PCIe 3.0 x16,1.239,1.253,512,32,32,"Nov 17th, 2015",2015-11-17,,,,,https://www.techpowerup.com/gpu-specs/geforce-gtx-750-gm206.c2778,,geforcegtx750gm206
NVIDIA,GeForce2 MX 200,NV11,0.0312,SDR,64,AGP 4x,0.175,0.166,2,0,4,"Mar 3rd, 2001",2001-03-03,,,,,https://www.techpowerup.com/gpu-specs/geforce2-mx-200.c788,,geforce2mx200
AMD,Radeon HD 6570,Thames,1.0,GDDR3,128,PCIe 2.0 x16,0.65,0.5,480,24,8,"Feb 7th, 2011",2011-02-07,551,1814,9.68,56.99,https://www.techpowerup.com/gpu-specs/radeon-hd-6570.c3152,https://www.videocardbenchmark.net/video_lookup.php?gpu=Radeon+HD+6570&id=54,radeonhd6570
AMD,Radeon Pro 580,Ellesmere,8.0,GDDR5,256,PCIe 3.0 x16,1.2,1.695,2304,144,32,"Jun 5th, 2017",2017-06-05,7753,379,,,https://www.techpowerup.com/gpu-specs/radeon-pro-580.c2968,https://www.videocardbenchmark.net/video_lookup.php?gpu=Radeon+Pro+580&id=3933,radeonpro580
Moore-Threads,MTT S3000,Chunxiao,32.0,GDDR6,256,PCIe 5.0 x16,1.9,1.75,4096,256,256,"Dec 22nd, 2022",2022-12-22,,,,,https://www.techpowerup.com/gpu-specs/mtt-s3000.c4262,,mtts3000
NVIDIA,A800 SXM4 80 GB,GA100,80.0,HBM2E,5120,PCIe 4.0 x16,1.41,1.593,6912,432,160,"Aug 11th, 2022",2022-08-11,,,,,https://www.techpowerup.com/gpu-specs/a800-sxm4-80-gb.c3966,,a800sxm480gb
AMD,Radeon 8040S,Strix Halo,,GDDR6,6,PCIe 5.0 x16,2.8,,1024,64,32,"Jan 6th, 2025",2025-01-06,10578,285,,,https://www.techpowerup.com/gpu-specs/radeon-8040s.c4346,https://www.videocardbenchmark.net/video_lookup.php?gpu=Radeon+8040S&id=6942,radeon8040s
ATI,Radeon HD 2400 XT,RV610,0.25,GDDR3,64,PCIe 1.0 x16,0.65,0.5,40,4,4,"Jun 28th, 2007",2007-06-28,118,2344,,,https://www.techpowerup.com/gpu-specs/radeon-hd-2400-xt.c194,https://www.videocardbenchmark.net/video_lookup.php?gpu=Radeon+HD+2400+XT&id=571,radeonhd2400xt
NVIDIA,GeForce GTX 765M,GK106,2.0,GDDR5,128,MXM-B (3.0),0.863,1.002,768,64,16,"May 30th, 2013",2013-05-30,2004,985,10.76,186.3,https://www.techpowerup.com/gpu-specs/geforce-gtx-765m.c2306,https://www.videocardbenchmark.net/video_lookup.php?gpu=GeForce+GTX+765M&id=2537,geforcegtx765m
NVIDIA,Quadro P4200 Mobile,GP104,8.0,GDDR5,256,MXM-B (3.0),1.594,1.753,2304,144,64,"Feb 21st, 2018",2018-02-21,,,,,https://www.techpowerup.com/gpu-specs/quadro-p4200-mobile.c3199,,quadrop4200mobile
NVIDIA,Quadro RTX 6000 Mobile,TU102,24.0,GDDR6,384,PCIe 3.0 x16,1.455,1.75,4608,288,96,"Sep 4th, 2019",2019-09-04,,,,,https://www.techpowerup.com/gpu-specs/quadro-rtx-6000-mobile.c3497,,quadrortx6000mobile
NVIDIA,Tesla P6 Mobile,GP104,16.0,GDDR5,256,MXM-B (3.0),1.506,1.502,2048,128,64,"Mar 24th, 2017",2017-03-24,,,,,https://www.techpowerup.com/gpu-specs/tesla-p6-mobile.c3036,,teslap6mobile
NVIDIA,RTX 2000 Embedded Ada Generation,AD107,8.0,GDDR6,128,PCIe 4.0 x16,2.01,2.0,3072,96,48,"Mar 21st, 2023",2023-03-21,,,,,https://www.techpowerup.com/gpu-specs/rtx-2000-embedded-ada-generation.c4177,,rtx2000embeddedadageneration
NVIDIA,Tesla K20c,GK110,5.0,GDDR5,320,PCIe 2.0 x16,0.706,1.3,2496,208,40,"Nov 12th, 2012",2012-11-12,,,,,https://www.techpowerup.com/gpu-specs/tesla-k20c.c564,,teslak20c
NVIDIA,Quadro FX 1700,G84,0.5,DDR2,256,PCIe 1.0 x16,0.46,0.4,32,16,8,"Sep 12th, 2007",2007-09-12,229,2154,0.66,350.14,https://www.techpowerup.com/gpu-specs/quadro-fx-1700.c1345,https://www.videocardbenchmark.net/video_lookup.php?gpu=Quadro+FX+1700&id=1564,quadrofx1700
AMD,Radeon Graphics 448SP Mobile,Lucienne,,DDR4,4,IGP,1.8,,448,28,8,"Jan 12th, 2021",2021-01-12,,,,,https://www.techpowerup.com/gpu-specs/radeon-graphics-448sp-mobile.c3784,,radeongraphics448spmobile
AMD,Radeon RX 470D,Ellesmere,4.0,GDDR5,256,PCIe 3.0 x16,1.206,1.65,1792,112,32,"Oct 21st, 2016",2016-10-21,,,,,https://www.techpowerup.com/gpu-specs/radeon-rx-470d.c2896,,radeonrx470d
NVIDIA,A800 PCIe 40 GB,GA100,40.0,HBM2E,5120,PCIe 4.0 x16,1.41,1.215,6912,432,160,"Nov 8th, 2022",2022-11-08,,,,,https://www.techpowerup.com/gpu-specs/a800-pcie-40-gb.c3964,,a800pcie40gb
NVIDIA,GeForce 7600 GS,G73B,0.25,DDR2,128,PCIe 1.0 x16,0.4,0.4,12,5,12,"Mar 22nd, 2006",2006-03-22,166,2244,1.54,108.16,https://www.techpowerup.com/gpu-specs/geforce-7600-gs.c162,https://www.videocardbenchmark.net/video_lookup.php?gpu=GeForce+7600+GS&id=9,geforce7600gs
NVIDIA,GeForce GTX 295 Single PCB,GT200B,0.875,GDDR3,448,PCIe 2.0 x16,0.576,1.008,240,80,28,"Jun 16th, 2009",2009-06-16,,,,,https://www.techpowerup.com/gpu-specs/geforce-gtx-295-single-pcb.c4141,,geforcegtx295singlepcb
NVIDIA,Quadro RTX 3000 Max-Q,TU106,6.0,GDDR6,192,PCIe 3.0 x16,1.215,1.5,1920,120,64,"May 27th, 2019",2019-05-27,,,,,https://www.techpowerup.com/gpu-specs/quadro-rtx-3000-max-q.c3429,,quadrortx3000maxq
ATI,Rage 128 PRO,Rage 128 PRO,0.0312,SDR,128,AGP 4x,0.118,0.143,2,0,2,"Aug 1st, 1999",1999-08-01,1,2855,,,https://www.techpowerup.com/gpu-specs/rage-128-pro.c1716,https://www.videocardbenchmark.net/video_lookup.php?gpu=Rage+128+Pro&id=1788,rage128pro
AMD,Ryzen Z2 Go GPU,Rembrandt+,16.0,LPDDR5,128,IGP,2.7,0.8,768,48,32,2025,202501-01,,,,,https://www.techpowerup.com/gpu-specs/ryzen-z2-go-gpu.c4307,,ryzenz2gogpu
NVIDIA,RTX PRO 5000 Blackwell Embedded,GB203,24.0,GDDR7,256,PCIe 5.0 x16,1.74,1.75,10496,328,112,Unknown,,,,,,https://www.techpowerup.com/gpu-specs/rtx-pro-5000-blackwell-embedded.c4280,,rtxpro5000blackwellembedded
AMD,FirePro S9170,Hawaii,32.0,GDDR5,512,PCIe 3.0 x16,0.93,1.25,2816,176,64,"Jul 8th, 2015",2015-07-08,,,,,https://www.techpowerup.com/gpu-specs/firepro-s9170.c2744,,firepros9170
NVIDIA,GeForce 6800 Ultra,NV45,0.25,GDDR3,256,PCIe 1.0 x16,0.425,0.55,16,6,16,"Jul 26th, 2004",2004-07-26,138,2293,,,https://www.techpowerup.com/gpu-specs/geforce-6800-ultra.c720,https://www.videocardbenchmark.net/video_lookup.php?gpu=GeForce+6800+Ultra&id=1214,geforce6800ultra
Intel,GMA 950,Lakeport,,DDR2,2,FSB,0.4,,4,1,4,"Jun 1st, 2005",2005-06-01,,,,,https://www.techpowerup.com/gpu-specs/gma-950.c3127,,gma950
NVIDIA,GeForce 710M,GF117,1.0,DDR3,64,PCIe 2.0 x16,0.775,0.9,96,16,8,"Jan 9th, 2013",2013-01-09,436,1953,,,https://www.techpowerup.com/gpu-specs/geforce-710m.c2017,https://www.videocardbenchmark.net/video_lookup.php?gpu=GeForce+710M&id=2399,geforce710m
NVIDIA,Jetson Orin Nano Super,GA10B,8.0,LPDDR5,128,PCIe 4.0 x4,1.02,0.8,1024,32,16,"Dec 17th, 2024",2024-12-17,,,,,https://www.techpowerup.com/gpu-specs/jetson-orin-nano-super.c4377,,jetsonorinnanosuper
NVIDIA,STG-2000,NV1,0.001,FPM,64,PCI,0.075,0.05,1,0,1,"Sep 30th, 1995",1995-09-30,,,,,https://www.techpowerup.com/gpu-specs/stg-2000.c1312,,stg2000
NVIDIA,Quadro K1000M,GK107,2.0,DDR3,128,MXM-A (3.0),0.85,0.9,192,16,16,"Jun 1st, 2012",2012-06-01,743,1593,10.62,69.95,https://www.techpowerup.com/gpu-specs/quadro-k1000m.c1425,https://www.videocardbenchmark.net/video_lookup.php?gpu=Quadro+K1000M&id=1616,quadrok1000m
AMD,Radeon PRO W7900 Dual Slot,Navi 31,48.0,GDDR6,384,PCIe 4.0 x16,2.495,2.25,6144,384,192,"Jun 19th, 2024",2024-06-19,13182,,,,https://www.techpowerup.com/gpu-specs/radeon-pro-w7900-dual-slot.c4428,https://www.videocardbenchmark.net/gpu.php?gpu=Radeon+PRO+W7900+Dual+Slot&id=6835,radeonprow7900dualslot
Intel,UHD Graphics 610,Coffee Lake GT1,,DDR3,3,Ring Bus,1.05,,96,12,2,"Apr 3rd, 2018",2018-04-03,681,1654,,,https://www.techpowerup.com/gpu-specs/uhd-graphics-610.c3313,https://www.videocardbenchmark.net/video_lookup.php?gpu=Intel+UHD+Graphics+610&id=3910,uhdgraphics610
NVIDIA,Quadro K5100M,GK104,8.0,GDDR5,256,MXM-B (3.0),0.771,0.9,1536,128,32,"Jul 23rd, 2013",2013-07-23,3300,719,2.98,1108.84,https://www.techpowerup.com/gpu-specs/quadro-k5100m.c2425,https://www.videocardbenchmark.net/video_lookup.php?gpu=Quadro+K5100M&id=2798,quadrok5100m
NVIDIA,Riva 128,NV3,0.0039,SDR,128,AGP 2x,0.1,0.1,1,0,1,"Apr 1st, 1997",1997-04-01,,,,,https://www.techpowerup.com/gpu-specs/riva-128.c1306,,riva128
Sony,Playstation GPU 600nm,GTE,0.001,VRAM,32,IGP,0.053,0.033,2,1,3,"Dec 3rd, 1994",1994-12-03,,,,,https://www.techpowerup.com/gpu-specs/playstation-gpu-600nm.c3707,,playstationgpu600nm
NVIDIA,GeForce GT 640M,GK107,2.0,DDR3,128,PCIe 3.0 x16,0.709,0.9,384,32,16,"Mar 22nd, 2012",2012-03-22,886,1459,,,https://www.techpowerup.com/gpu-specs/geforce-gt-640m.c347,https://www.videocardbenchmark.net/video_lookup.php?gpu=GeForce+GT+640M&id=2147,geforcegt640m
NVIDIA,Quadro P5000 Mobile,GP104,16.0,GDDR5,256,MXM-B (3.0),1.506,1.5,2048,128,64,"Jan 11th, 2017",2017-01-11,,,,,https://www.techpowerup.com/gpu-specs/quadro-p5000-mobile.c2925,,quadrop5000mobile
NVIDIA,Quadro 1000M,GF108,2.0,DDR3,128,MXM-A (3.0),0.7,0.9,96,16,4,"Jan 13th, 2011",2011-01-13,551,1815,10.12,54.5,https://www.techpowerup.com/gpu-specs/quadro-1000m.c1431,https://www.videocardbenchmark.net/video_lookup.php?gpu=Quadro+1000M&id=87,quadro1000m
ATI,Radeon X1800 XT,R520,0.5,GDDR3,256,PCIe 1.0 x16,0.6,0.7,16,8,16,"Oct 1st, 2005",2005-10-01,,,,,https://www.techpowerup.com/gpu-specs/radeon-x1800-xt.c159,,radeonx1800xt
NVIDIA,GeForce 405 OEM,GT218S,0.5,DDR3,64,PCIe 2.0 x16,0.589,0.79,16,8,4,"Sep 3rd, 2010",2010-09-03,,,,,https://www.techpowerup.com/gpu-specs/geforce-405-oem.c2106,,geforce405oem
AMD,Radeon RX Vega M GL,Polaris 22,4.0,HBM2,1024,IGP,1.011,0.7,1280,80,32,"Feb 1st, 2018",2018-02-01,3942,637,,,https://www.techpowerup.com/gpu-specs/radeon-rx-vega-m-gl.c3061,https://www.videocardbenchmark.net/video_lookup.php?gpu=Radeon+RX+Vega+M+GL&id=3903,radeonrxvegamgl
ATI,Xbox 360 E GPU,Xenos Corona,0.5,GDDR3,128,IGP,0.5,0.7,240,16,8,"Jun 10th, 2013",2013-06-10,,,,,https://www.techpowerup.com/gpu-specs/xbox-360-e-gpu.c3649,,xbox360egpu
ATI,Radeon X1300,RV515,0.25,DDR,128,PCIe 1.0 x16,0.45,0.25,4,2,4,"Dec 1st, 2005",2005-12-01,58,2517,0.61,95.78,https://www.techpowerup.com/gpu-specs/radeon-x1300.c947,https://www.videocardbenchmark.net/video_lookup.php?gpu=Radeon+X1300&id=154,radeonx1300
NVIDIA,GeForce GT 330M,GT216,1.0,GDDR3,128,MXM-A (3.0),0.575,0.79,48,16,8,"Jan 10th, 2010",2010-01-10,219,2167,,,https://www.techpowerup.com/gpu-specs/geforce-gt-330m.c1505,https://www.videocardbenchmark.net/video_lookup.php?gpu=GeForce+GT+330M&id=108,geforcegt330m
AMD,Radeon RX 580G,Polaris 20,8.0,GDDR5,256,PCIe 3.0 x16,1.33,2.0,2304,144,32,"Oct 15th, 2018",2018-10-15,,,,,https://www.techpowerup.com/gpu-specs/radeon-rx-580g.c3323,,radeonrx580g
Intel,UHD Graphics G1 32EU Mobile,Ice Lake GT1,,DDR4,4,Ring Bus,0.9,,256,16,8,"May 29th, 2019",2019-05-29,,,,,https://www.techpowerup.com/gpu-specs/uhd-graphics-g1-32eu-mobile.c3447,,uhdgraphicsg132eumobile
NVIDIA,Quadro RTX 6000 Passive,TU102,24.0,GDDR6,384,PCIe 3.0 x16,1.62,1.625,4608,288,96,"Aug 13th, 2018",2018-08-13,,,,,https://www.techpowerup.com/gpu-specs/quadro-rtx-6000-passive.c3469,,quadrortx6000passive
NVIDIA,GeForce GT 610 PCI,GF119S,0.5,DDR3,64,PCI,0.81,0.667,48,8,4,"Apr 2nd, 2012",2012-04-02,,,,,https://www.techpowerup.com/gpu-specs/geforce-gt-610-pci.c914,,geforcegt610pci
NVIDIA,GeForce GTX 1060 6 GB GP104,GP104,6.0,GDDR5,192,PCIe 3.0 x16,1.708,2.002,1280,80,48,"Mar 8th, 2018",2018-03-08,,,,,https://www.techpowerup.com/gpu-specs/geforce-gtx-1060-6-gb-gp104.c3250,,geforcegtx10606gbgp104
NVIDIA,GeForce GTX 760 OEM,GK104,1.5,GDDR5,192,PCIe 3.0 x16,0.888,1.4,1152,96,24,"Jun 27th, 2013",2013-06-27,,,,,https://www.techpowerup.com/gpu-specs/geforce-gtx-760-oem.c2455,,geforcegtx760oem
Intel,Arc Pro A60,DG2-256,12.0,GDDR6,192,PCIe 4.0 x16,2.05,2.0,2048,128,64,"Jun 6th, 2023",2023-06-06,9797,302,,,https://www.techpowerup.com/gpu-specs/arc-pro-a60.c4160,https://www.videocardbenchmark.net/video_lookup.php?gpu=Intel+Arc+Pro+A60&id=4911,arcproa60
NVIDIA,GeForce RTX 3080 Max-Q,GA104,8.0,GDDR6,256,PCIe 4.0 x16,1.245,1.5,6144,192,96,"Jan 26th, 2021",2021-01-26,,,,,https://www.techpowerup.com/gpu-specs/geforce-rtx-3080-max-q.c3753,,geforcertx3080maxq
NVIDIA,Quadro FX 380,G96,0.25,GDDR3,128,PCIe 2.0 x16,0.45,0.7,16,8,8,"Mar 30th, 2009",2009-03-30,206,2184,0.99,209.27,https://www.techpowerup.com/gpu-specs/quadro-fx-380.c1327,https://www.videocardbenchmark.net/video_lookup.php?gpu=Quadro+FX+380&id=1588,quadrofx380
Intel,Iris Xe Graphics 96EU Mobile,Alder Lake,,DDR4,4,Ring Bus,1.4,,768,48,24,"Jan 4th, 2022",2022-01-04,,,,,https://www.techpowerup.com/gpu-specs/iris-xe-graphics-96eu-mobile.c3881,,irisxegraphics96eumobile
NVIDIA,GeForce FX 5900,NV35,0.125,DDR,256,AGP 8x,0.4,0.425,4,3,8,"May 12th, 2003",2003-05-12,34,2609,,,https://www.techpowerup.com/gpu-specs/geforce-fx-5900.c77,https://www.videocardbenchmark.net/video_lookup.php?gpu=GeForce+FX+5900&id=1346,geforcefx5900
AMD,Radeon Pro 560,Polaris 21,4.0,GDDR5,128,PCIe 3.0 x8,0.907,1.27,1024,64,16,"Apr 18th, 2017",2017-04-18,3475,696,,,https://www.techpowerup.com/gpu-specs/radeon-pro-560.c2971,https://www.videocardbenchmark.net/video_lookup.php?gpu=Radeon+Pro+560&id=3820,radeonpro560
Intel,HD Graphics 16EU Mobile,Ironlake,,UMA,,QPI,0.5,,96,16,2,"Jan 10th, 2010",2010-01-10,,,,,https://www.techpowerup.com/gpu-specs/hd-graphics-16eu-mobile.c1241,,hdgraphics16eumobile
NVIDIA,GeForce RTX 3050 Ti Max-Q,GA107,4.0,GDDR6,128,PCIe 4.0 x8,1.035,1.375,2560,80,32,"May 11th, 2021",2021-05-11,,,,,https://www.techpowerup.com/gpu-specs/geforce-rtx-3050-ti-max-q.c4149,,geforcertx3050timaxq
AMD,Radeon 660M,Rembrandt+,,DDR5,5,PCIe 4.0 x8,1.9,,384,24,16,"Jan 3rd, 2023",2023-01-03,3126,744,,,https://www.techpowerup.com/gpu-specs/radeon-660m.c4136,https://www.videocardbenchmark.net/video_lookup.php?gpu=Radeon+660M&id=5062,radeon660m
Intel,Iris Pro Graphics 6200,Broadwell GT3e,,DDR3,3,Ring Bus,1.1,,384,48,6,"Sep 5th, 2014",2014-09-05,1543,1169,,,https://www.techpowerup.com/gpu-specs/iris-pro-graphics-6200.c2790,https://www.videocardbenchmark.net/video_lookup.php?gpu=Intel+Iris+Pro+Graphics+6200&id=3258,irisprographics6200
NVIDIA,GeForce GTX 780 6 GB,GK110B,6.0,GDDR5,384,PCIe 3.0 x16,0.902,1.502,2304,192,48,"Sep 10th, 2013",2013-09-10,,,,,https://www.techpowerup.com/gpu-specs/geforce-gtx-780-6-gb.c2707,,geforcegtx7806gb
NVIDIA,Tesla K10,GK104,4.0,GDDR5,256,PCIe 3.0 x16,0.745,1.25,1536,128,32,"May 1st, 2012",2012-05-01,,,,,https://www.techpowerup.com/gpu-specs/tesla-k10.c918,,teslak10
NVIDIA,GeForce 7800 GTX 512,G70,0.5,GDDR3,256,PCIe 1.0 x16,0.5,0.8,24,8,24,"Nov 14th, 2005",2005-11-14,,,,,https://www.techpowerup.com/gpu-specs/geforce-7800-gtx-512.c144,,geforce7800gtx512
NVIDIA,GeForce 8800 GTS 320,G80,0.3125,GDDR3,320,PCIe 1.0 x16,0.513,0.792,96,24,20,"Feb 12th, 2007",2007-02-12,,,,,https://www.techpowerup.com/gpu-specs/geforce-8800-gts-320.c196,,geforce8800gts320
NVIDIA,GeForce GT 120 Mac Edition,G96C,0.5,GDDR3,128,PCIe 2.0 x16,0.55,0.8,32,16,8,"Jan 20th, 2009",2009-01-20,,,,,https://www.techpowerup.com/gpu-specs/geforce-gt-120-mac-edition.c2237,,geforcegt120macedition
NVIDIA,GeForce RTX 3050 Max-Q Refresh 6 GB,GA107,6.0,GDDR6,96,PCIe 4.0 x8,0.99,1.375,2560,80,32,"Jul 6th, 2022",2022-07-06,,,,,https://www.techpowerup.com/gpu-specs/geforce-rtx-3050-max-q-refresh-6-gb.c3970,,geforcertx3050maxqrefresh6gb
NVIDIA,Vanta LT,NV6S,0.0078,SDR,64,AGP 2x,0.105,0.1,2,0,2,"Mar 1st, 2000",2000-03-01,,,,,https://www.techpowerup.com/gpu-specs/vanta-lt.c1309,,vantalt
AMD,Radeon RX 7950 XT,Navi 31,20.0,GDDR6,320,PCIe 4.0 x16,3.0,2.5,5376,336,192,Never Released,,,,,,https://www.techpowerup.com/gpu-specs/radeon-rx-7950-xt.c3979,,radeonrx7950xt
NVIDIA,GeForce GTX 1050 Ti Max-Q,GP107,4.0,GDDR5,128,PCIe 3.0 x16,1.291,1.752,768,48,32,"Jan 3rd, 2018",2018-01-03,,,,,https://www.techpowerup.com/gpu-specs/geforce-gtx-1050-ti-max-q.c3075,,geforcegtx1050timaxq
NVIDIA,Quadro M4000M,GM204,4.0,GDDR5,256,PCIe 3.0 x16,1.013,1.253,1280,80,64,"Aug 18th, 2015",2015-08-18,6091,457,23.9,254.91,https://www.techpowerup.com/gpu-specs/quadro-m4000m.c2822,https://www.videocardbenchmark.net/video_lookup.php?gpu=Quadro+M4000M&id=3297,quadrom4000m
AMD,Radeon R7 340 OEM,Oland,2.0,GDDR5,128,PCIe 3.0 x8,0.78,1.0,384,24,8,"May 5th, 2015",2015-05-05,,,,,https://www.techpowerup.com/gpu-specs/radeon-r7-340-oem.c2946,,radeonr7340oem
NVIDIA,GeForce GTX 650,GK106,1.0,GDDR5,128,PCIe 3.0 x16,1.058,1.25,384,32,16,"Nov 27th, 2013",2013-11-27,1756,1080,7.68,228.88,https://www.techpowerup.com/gpu-specs/geforce-gtx-650.c2445,https://www.videocardbenchmark.net/video_lookup.php?gpu=GeForce+GTX+650&id=2155,geforcegtx650
Intel,Iris Xe Graphics 80EU Mobile,Raptor Lake,,DDR4,4,Ring Bus,1.45,,640,40,20,"Jan 4th, 2023",2023-01-04,,,,,https://www.techpowerup.com/gpu-specs/iris-xe-graphics-80eu-mobile.c4059,,irisxegraphics80eumobile
NVIDIA,GeForce 8800 GTS 640,G80,0.625,GDDR3,320,PCIe 1.0 x16,0.513,0.792,96,24,20,"Nov 8th, 2006",2006-11-08,,,,,https://www.techpowerup.com/gpu-specs/geforce-8800-gts-640.c757,,geforce8800gts640
NVIDIA,Quadro P500 Mobile,GP108,2.0,GDDR5,64,PCIe 3.0 x16,1.519,1.253,256,16,16,"Jan 5th, 2018",2018-01-05,,,,,https://www.techpowerup.com/gpu-specs/quadro-p500-mobile.c3261,,quadrop500mobile
NVIDIA,GeForce 7950 GT AGP,G71,0.5,GDDR3,256,AGP 8x,0.5,0.6,24,8,24,"Apr 2nd, 2007",2007-04-02,,,,,https://www.techpowerup.com/gpu-specs/geforce-7950-gt-agp.c754,,geforce7950gtagp
NVIDIA,Quadro FX 4600,G80,0.75,GDDR3,384,PCIe 1.0 x16,0.5,0.7,96,24,24,"Mar 5th, 2007",2007-03-05,395,1995,1.19,333.25,https://www.techpowerup.com/gpu-specs/quadro-fx-4600.c1338,https://www.videocardbenchmark.net/video_lookup.php?gpu=Quadro+FX+4600&id=1596,quadrofx4600
NVIDIA,Quadro NVS 290,G86S,0.25,DDR2,64,PCIe 1.0 x16,0.459,0.4,16,8,4,"Oct 4th, 2007",2007-10-04,228,2155,3.86,59.0,https://www.techpowerup.com/gpu-specs/quadro-nvs-290.c1453,https://www.videocardbenchmark.net/video_lookup.php?gpu=Quadro+NVS+290&id=1635,quadronvs290
Intel,Arc A350,DG2-128,4.0,GDDR6,64,PCIe 4.0 x8,2.0,1.937,768,48,24,2022,202201-01,,,,,https://www.techpowerup.com/gpu-specs/arc-a350.c3931,,arca350
NVIDIA,GeForce 510 OEM,GF119S,1.0,DDR3,64,PCIe 2.0 x16,0.523,0.898,48,8,4,"Sep 29th, 2011",2011-09-29,,,,,https://www.techpowerup.com/gpu-specs/geforce-510-oem.c360,,geforce510oem
NVIDIA,GeForce GT 740M,GK208,2.0,DDR3,64,PCIe 3.0 x8,1.033,0.9,384,32,8,"Jun 20th, 2013",2013-06-20,770,1557,,,https://www.techpowerup.com/gpu-specs/geforce-gt-740m.c2299,https://www.videocardbenchmark.net/video_lookup.php?gpu=GeForce+GT+740M&id=2461,geforcegt740m
NVIDIA,GRID RTX T10-16,TU102,16.0,GDDR6,384,PCIe 3.0 x16,1.395,1.575,3584,224,64,Unknown,,,,,,https://www.techpowerup.com/gpu-specs/grid-rtx-t10-16.c3502,,gridrtxt1016
AMD,Radeon R9 370X,Trinidad,2.0,GDDR5,256,PCIe 3.0 x16,1.03,1.4,1280,80,32,"Aug 27th, 2015",2015-08-27,,,,,https://www.techpowerup.com/gpu-specs/radeon-r9-370x.c2754,,radeonr9370x
AMD,FirePro D300,Pitcairn,2.0,GDDR5,256,PCIe 3.0 x16,0.85,1.27,1280,80,32,"Jan 18th, 2014",2014-01-18,,,,,https://www.techpowerup.com/gpu-specs/firepro-d300.c2557,,fireprod300
NVIDIA,GeForce 7900 GT,G71,0.25,GDDR3,256,PCIe 1.0 x16,0.45,0.66,24,8,24,"Mar 9th, 2006",2006-03-09,258,2130,1.3,199.0,https://www.techpowerup.com/gpu-specs/geforce-7900-gt.c153,https://www.videocardbenchmark.net/video_lookup.php?gpu=GeForce+7900+GT&id=1252,geforce7900gt
NVIDIA,Tesla C2075,GF110,6.0,GDDR5,384,PCIe 2.0 x16,0.574,0.783,448,56,48,"Jul 25th, 2011",2011-07-25,3016,762,4.67,646.0,https://www.techpowerup.com/gpu-specs/tesla-c2075.c563,https://www.videocardbenchmark.net/video_lookup.php?gpu=Tesla+C2075&id=1671,teslac2075
AMD,FirePro S9300 X2,Capsaicin,4.0,HBM,4096,PCIe 3.0 x16,0.975,0.5,4096,256,64,"Mar 31st, 2016",2016-03-31,,,,,https://www.techpowerup.com/gpu-specs/firepro-s9300-x2.c2833,,firepros9300x2
NVIDIA,GeForce 7800 GS AGP,G70,0.25,GDDR3,256,AGP 8x,0.375,0.6,16,6,16,"Feb 2nd, 2006",2006-02-02,,,,,https://www.techpowerup.com/gpu-specs/geforce-7800-gs-agp.c3732,,geforce7800gsagp
NVIDIA,Quadro P4000 Mobile,GP104,8.0,GDDR5,256,MXM-B (3.0),1.228,1.5,1792,112,64,"Jan 11th, 2017",2017-01-11,,,,,https://www.techpowerup.com/gpu-specs/quadro-p4000-mobile.c2924,,quadrop4000mobile
ATI,Radeon X1950 XT,R580+,0.25,GDDR3,256,PCIe 1.0 x16,0.625,0.9,48,8,16,"Oct 17th, 2006",2006-10-17,,,,,https://www.techpowerup.com/gpu-specs/radeon-x1950-xt.c190,,radeonx1950xt
Sony,Playstation 2 GPU 65nm,EE+GS-65nm,0.0039,EDRAM,2560,IGP,0.147,0.15,16,2,8,"Jul 1st, 2007",2007-07-01,,,,,https://www.techpowerup.com/gpu-specs/playstation-2-gpu-65nm.c3706,,playstation2gpu65nm
ATI,Radeon HD 5450 PCI,Cedar,0.5,DDR2,64,PCI,0.65,0.333,80,8,4,"Feb 4th, 2010",2010-02-04,,,,,https://www.techpowerup.com/gpu-specs/radeon-hd-5450-pci.c1937,,radeonhd5450pci
NVIDIA,GeForce GTX 660M,GK107,2.0,GDDR5,128,MXM-B (3.0),0.95,1.25,384,32,16,"Mar 22nd, 2012",2012-03-22,1440,1206,6.26,229.99,https://www.techpowerup.com/gpu-specs/geforce-gtx-660m.c345,https://www.videocardbenchmark.net/video_lookup.php?gpu=GeForce+GTX+660M&id=1458,geforcegtx660m
NVIDIA,GeForce RTX 2050 Max-Q,GA107,4.0,GDDR6,64,PCIe 3.0 x8,1.155,1.475,2048,64,32,"Dec 17th, 2021",2021-12-17,,,,,https://www.techpowerup.com/gpu-specs/geforce-rtx-2050-max-q.c4012,,geforcertx2050maxq
NVIDIA,Jetson Nano,GM20B,4.0,LPDDR4,64,PCIe 2.0 x4,0.921,1.6,128,16,16,Mar 2019,2019-03-01,,,,,https://www.techpowerup.com/gpu-specs/jetson-nano.c3643,,jetsonnano
NVIDIA,Playstation 3 GPU 40nm,RSX-40nm,0.25,GDDR3,128,IGP,0.55,0.65,24,8,24,"Oct 4th, 2012",2012-10-04,,,,,https://www.techpowerup.com/gpu-specs/playstation-3-gpu-40nm.c2554,,playstation3gpu40nm
NVIDIA,Quadro RTX 8000 Passive,TU102,48.0,GDDR6,384,PCIe 3.0 x16,1.62,1.625,4608,288,96,"Aug 13th, 2018",2018-08-13,,,,,https://www.techpowerup.com/gpu-specs/quadro-rtx-8000-passive.c3470,,quadrortx8000passive
NVIDIA,Tesla M4,GM206,4.0,GDDR5,128,PCIe 3.0 x16,1.072,1.375,1024,64,32,"Nov 10th, 2015",2015-11-10,,,,,https://www.techpowerup.com/gpu-specs/tesla-m4.c2770,,teslam4
AMD,Radeon Pro 555,Polaris 21,2.0,GDDR5,128,PCIe 3.0 x8,0.85,1.275,768,48,16,"Jun 5th, 2017",2017-06-05,3140,743,2.99,1049.0,https://www.techpowerup.com/gpu-specs/radeon-pro-555.c2972,https://www.videocardbenchmark.net/video_lookup.php?gpu=Radeon+Pro+555&id=3763,radeonpro555
AMD,Radeon PRO W7900D,Navi 31,48.0,GDDR6,384,PCIe 4.0 x16,2.156,2.25,6144,384,192,"Nov 28th, 2025",2025-11-28,,,,,https://www.techpowerup.com/gpu-specs/radeon-pro-w7900d.c4361,,radeonprow7900d
Intel,UHD Graphics P630,Coffee Lake GT2,,DDR3,3,Ring Bus,1.1,,192,24,3,"May 24th, 2018",2018-05-24,1722,1091,,,https://www.techpowerup.com/gpu-specs/uhd-graphics-p630.c3605,https://www.videocardbenchmark.net/video_lookup.php?gpu=Intel+UHD+Graphics+P630&id=3924,uhdgraphicsp630
NVIDIA,GeForce 310 OEM,GT218S,0.5,DDR2,64,PCIe 2.0 x16,0.589,0.333,16,8,4,"Nov 27th, 2009",2009-11-27,,,,,https://www.techpowerup.com/gpu-specs/geforce-310-oem.c610,,geforce310oem
NVIDIA,GeForce GTX 770M,GK106,3.0,GDDR5,192,MXM-B (3.0),0.797,1.002,960,80,24,"May 30th, 2013",2013-05-30,2798,792,20.28,138.0,https://www.techpowerup.com/gpu-specs/geforce-gtx-770m.c2129,https://www.videocardbenchmark.net/video_lookup.php?gpu=GeForce+GTX+770M&id=2534,geforcegtx770m
NVIDIA,GeForce RTX 2070 SUPER Max-Q,TU104,8.0,GDDR6,256,PCIe 3.0 x16,1.155,1.375,2560,160,64,"Apr 2nd, 2020",2020-04-02,,,,,https://www.techpowerup.com/gpu-specs/geforce-rtx-2070-super-max-q.c3563,,geforcertx2070supermaxq
NVIDIA,GeForce2 Ti,NV15,0.0625,DDR,128,AGP 4x,0.25,0.2,4,0,8,"Oct 1st, 2001",2001-10-01,4,2770,,,https://www.techpowerup.com/gpu-specs/geforce2-ti.c794,https://www.videocardbenchmark.net/video_lookup.php?gpu=GeForce2+Ti&id=1480,geforce2ti
NVIDIA,Tesla K20X,GK110,6.0,GDDR5,384,PCIe 3.0 x16,0.732,1.3,2688,224,48,"Nov 12th, 2012",2012-11-12,,,,,https://www.techpowerup.com/gpu-specs/tesla-k20x.c2315,,teslak20x
AMD,Radeon RX 550 640SP,Baffin,2.0,GDDR5,128,PCIe 3.0 x8,1.071,1.5,640,40,16,"Oct 13th, 2017",2017-10-13,,,,,https://www.techpowerup.com/gpu-specs/radeon-rx-550-640sp.c3083,,radeonrx550640sp
ATI,Color Emulation Card,CW16800-A,0.0,DRAM,32,ISA 8-bit,0.01,0.005,0,0,0,"Aug 4th, 1986",1986-08-04,,,,,https://www.techpowerup.com/gpu-specs/color-emulation-card.c3760,,coloremulationcard
Intel,UHD Graphics 630,Comet Lake GT2,,DDR3,3,Ring Bus,1.2,,192,24,3,"Apr 30th, 2020",2020-04-30,1224,1277,,,https://www.techpowerup.com/gpu-specs/uhd-graphics-630.c3600,https://www.videocardbenchmark.net/video_lookup.php?gpu=Intel+UHD+Graphics+630&id=3826,uhdgraphics630
NVIDIA,GeForce FX 5800,NV30,0.125,GDDR2,128,AGP 8x,0.4,0.4,4,3,8,"Mar 6th, 2003",2003-03-06,,,,,https://www.techpowerup.com/gpu-specs/geforce-fx-5800.c703,,geforcefx5800
NVIDIA,GeForce GT 635 OEM,GK208,1.0,DDR3,64,PCIe 3.0 x8,0.967,0.9,384,32,8,"Oct 1st, 2013",2013-10-01,,,,,https://www.techpowerup.com/gpu-specs/geforce-gt-635-oem.c2041,,geforcegt635oem
NVIDIA,Quadro T1000 Max-Q,TU117,4.0,GDDR5,128,PCIe 3.0 x16,1.35,1.25,896,56,32,"May 27th, 2019",2019-05-27,,,,,https://www.techpowerup.com/gpu-specs/quadro-t1000-max-q.c3807,,quadrot1000maxq
ATI,Radeon 9200 SE,RV280,0.0625,DDR,64,AGP 8x,0.2,0.166,4,1,4,"Mar 1st, 2003",2003-03-01,2,2836,,,https://www.techpowerup.com/gpu-specs/radeon-9200-se.c48,https://www.videocardbenchmark.net/video_lookup.php?gpu=RADEON+9200+SE&id=1707,radeon9200se
AMD,FirePro S10000,Tahiti,3.0,GDDR5,384,PCIe 3.0 x16,0.95,1.25,1792,112,32,"Nov 12th, 2012",2012-11-12,4537,585,,,https://www.techpowerup.com/gpu-specs/firepro-s10000.c802,https://www.videocardbenchmark.net/video_lookup.php?gpu=FirePro+S10000&id=3330,firepros10000
AMD,FirePro S7150,Tonga,8.0,GDDR5,256,PCIe 3.0 x16,0.92,1.25,2048,128,32,"Feb 1st, 2016",2016-02-01,3770,663,2.22,1697.99,https://www.techpowerup.com/gpu-specs/firepro-s7150.c2751,https://www.videocardbenchmark.net/video_lookup.php?gpu=FirePro+S7150&id=3604,firepros7150
AMD,Radeon HD 6470M,Seymour,0.5,DDR3,64,PCIe 2.0 x16,0.7,0.8,160,8,4,"Jan 4th, 2011",2011-01-04,225,2158,0.4,569.99,https://www.techpowerup.com/gpu-specs/radeon-hd-6470m.c332,https://www.videocardbenchmark.net/video_lookup.php?gpu=Radeon+HD+6470M&id=107,radeonhd6470m
Intel,Arc A770M,DG2-512,16.0,GDDR6,256,PCIe 4.0 x16,2.05,2.0,4096,256,128,2022,202201-01,11911,253,,,https://www.techpowerup.com/gpu-specs/arc-a770m.c3909,https://www.videocardbenchmark.net/video_lookup.php?gpu=Intel+Arc+A770M&id=4620,arca770m
Moore-Threads,MTT S3000E,Chunxiao,32.0,GDDR6,256,PCIe 5.0 x16,1.9,1.75,4096,256,256,"Dec 22nd, 2022",2022-12-22,,,,,https://www.techpowerup.com/gpu-specs/mtt-s3000e.c4446,,mtts3000e
NVIDIA,GeForce 7025 + nForce 630a,C68,,DDR2,2,PCI,0.425,,2,1,2,"Feb 1st, 2006",2006-02-01,32,2621,,,https://www.techpowerup.com/gpu-specs/geforce-7025-nforce-630a.c1958,https://www.videocardbenchmark.net/video_lookup.php?gpu=GeForce+7025+%2F+nForce+630a&id=1220,geforce7025nforce630a
NVIDIA,GeForce RTX 3070 6144SP,GA104,8.0,GDDR6,256,PCIe 4.0 x16,1.77,1.75,6144,192,96,Never Released,,,,,,https://www.techpowerup.com/gpu-specs/geforce-rtx-3070-6144sp.c4242,,geforcertx30706144sp
ATI,FirePro V5800,Juniper,1.0,GDDR5,128,PCIe 2.0 x16,0.69,1.0,800,40,16,"Apr 26th, 2010",2010-04-26,1184,1295,22.35,53.0,https://www.techpowerup.com/gpu-specs/firepro-v5800.c2441,https://www.videocardbenchmark.net/video_lookup.php?gpu=FirePro+V5800&id=3427,fireprov5800
ATI,Radeon 9000,RV250,0.0625,DDR,128,AGP 4x,0.25,0.2,4,1,4,"Jul 1st, 2002",2002-07-01,4,2769,,,https://www.techpowerup.com/gpu-specs/radeon-9000.c72,https://www.videocardbenchmark.net/video_lookup.php?gpu=RADEON+9000&id=1699,radeon9000
ATI,Mobility Radeon HD 5470,Park,0.5,GDDR5,64,PCIe 2.0 x16,0.75,0.8,80,8,4,"Jan 7th, 2010",2010-01-07,236,2148,,,https://www.techpowerup.com/gpu-specs/mobility-radeon-hd-5470.c1646,https://www.videocardbenchmark.net/video_lookup.php?gpu=Mobility+Radeon+HD+5470&id=58,mobilityradeonhd5470
NVIDIA,GeForce GTX 750 Ti OEM,GK106,2.0,GDDR5,256,PCIe 3.0 x16,1.098,1.502,960,80,24,Unknown,,,,,,https://www.techpowerup.com/gpu-specs/geforce-gtx-750-ti-oem.c2462,,geforcegtx750tioem
NVIDIA,GeForce RTX 4060 Ti AD104,AD104,8.0,GDDR6,128,PCIe 4.0 x8,2.535,2.25,4352,136,48,Apr 2024,2024-04-01,,,,,https://www.techpowerup.com/gpu-specs/geforce-rtx-4060-ti-ad104.c4204,,geforcertx4060tiad104
NVIDIA,Quadro P600 Mobile,GP107,4.0,GDDR5,128,PCIe 3.0 x16,1.62,1.252,384,24,16,"Feb 7th, 2017",2017-02-07,,,,,https://www.techpowerup.com/gpu-specs/quadro-p600-mobile.c3200,,quadrop600mobile
ATI,Radeon X300,RV370,0.0625,DDR,128,PCIe 1.0 x16,0.375,0.2,4,2,4,"Sep 1st, 2004",2004-09-01,,,,,https://www.techpowerup.com/gpu-specs/radeon-x300.c511,,radeonx300
Intel,HD Graphics P4000,Ivy Bridge GT2,,DDR3,3,Ring Bus,1.25,,128,16,1,"May 14th, 2012",2012-05-14,,,,,https://www.techpowerup.com/gpu-specs/hd-graphics-p4000.c2027,,hdgraphicsp4000
NVIDIA,GeForce GTX 465,GF100,1.0,GDDR5,256,PCIe 2.0 x16,0.608,0.802,352,44,32,"May 31st, 2010",2010-05-31,2645,820,13.57,195.0,https://www.techpowerup.com/gpu-specs/geforce-gtx-465.c266,https://www.videocardbenchmark.net/video_lookup.php?gpu=GeForce+GTX+465&id=82,geforcegtx465
NVIDIA,RTX PRO 6000D Blackwell Workstation,GB202,96.0,GDDR7,512,PCIe 5.0 x16,2.288,1.75,24064,752,192,Never Released,,,,,,https://www.techpowerup.com/gpu-specs/rtx-pro-6000d-blackwell-workstation.c4450,,rtxpro6000dblackwellworkstation
ATI,Radeon 9500,R300,0.0625,DDR,256,AGP 8x,0.275,0.27,4,4,4,"Mar 1st, 2003",2003-03-01,36,2601,0.9,40.5,https://www.techpowerup.com/gpu-specs/radeon-9500.c481,https://www.videocardbenchmark.net/video_lookup.php?gpu=RADEON+9500&id=1711,radeon9500
Intel,HD Graphics 400 Mobile,Braswell GT1,,DDR3,3,Ring Bus,0.6,,96,12,2,"Apr 1st, 2015",2015-04-01,,,,,https://www.techpowerup.com/gpu-specs/hd-graphics-400-mobile.c2900,,hdgraphics400mobile
Intel,Iris Pro Graphics 5200,Haswell GT3e,,DDR3,3,Ring Bus,1.15,,320,40,4,"Jun 3rd, 2013",2013-06-03,,,,,https://www.techpowerup.com/gpu-specs/iris-pro-graphics-5200.c2472,,irisprographics5200
NVIDIA,GeForce GTX 1650 Ti Max-Q,TU117,4.0,GDDR6,128,PCIe 3.0 x16,1.2,1.25,1024,64,32,"Apr 2nd, 2020",2020-04-02,,,,,https://www.techpowerup.com/gpu-specs/geforce-gtx-1650-ti-max-q.c3619,,geforcegtx1650timaxq
AMD,Radeon R7 250 OEM,Oland,2.0,DDR3,128,PCIe 3.0 x8,1.05,1.0,384,24,8,"Oct 8th, 2013",2013-10-08,,,,,https://www.techpowerup.com/gpu-specs/radeon-r7-250-oem.c2731,,radeonr7250oem
ATI,Radeon X1600 PRO,RV530,0.25,GDDR3,128,PCIe 1.0 x16,0.5,0.39,12,5,4,"Oct 1st, 2005",2005-10-01,98,2405,,,https://www.techpowerup.com/gpu-specs/radeon-x1600-pro.c139,https://www.videocardbenchmark.net/video_lookup.php?gpu=Radeon+X1600+Pro&id=2494,radeonx1600pro
Intel,HD Graphics 610,Kaby Lake GT1,,DDR3,3,Ring Bus,1.05,,96,12,2,"Aug 30th, 2016",2016-08-30,,,,,https://www.techpowerup.com/gpu-specs/hd-graphics-610.c3021,,hdgraphics610
NVIDIA,GeForce 310M,GT218S,0.5,GDDR3,64,PCIe 2.0 x16,0.625,0.79,16,8,4,"Jan 10th, 2010",2010-01-10,130,2315,,,https://www.techpowerup.com/gpu-specs/geforce-310m.c1482,https://www.videocardbenchmark.net/video_lookup.php?gpu=GeForce+310M&id=102,geforce310m
NVIDIA,Quadro FX 3700,G92,0.5,GDDR3,256,PCIe 2.0 x16,0.5,0.8,112,56,16,"Jan 8th, 2008",2008-01-08,371,2016,1.74,213.27,https://www.techpowerup.com/gpu-specs/quadro-fx-3700.c1344,https://www.videocardbenchmark.net/video_lookup.php?gpu=Quadro+FX+3700&id=1585,quadrofx3700
AMD,Radeon Graphics 384SP,Cezanne,,DDR4,4,IGP,1.7,,384,24,8,"Apr 13th, 2021",2021-04-13,,,,,https://www.techpowerup.com/gpu-specs/radeon-graphics-384sp.c3855,,radeongraphics384sp
NVIDIA,Quadro FX 4500,G70,0.5,GDDR3,256,PCIe 1.0 x16,0.43,0.525,24,8,24,"Jul 28th, 2005",2005-07-28,227,2156,1.34,169.0,https://www.techpowerup.com/gpu-specs/quadro-fx-4500.c1342,https://www.videocardbenchmark.net/video_lookup.php?gpu=Quadro+FX+4500&id=1594,quadrofx4500
NVIDIA,GeForce 9600 GSO,G92,0.375,GDDR3,192,PCIe 2.0 x16,0.55,0.8,96,48,12,"Apr 28th, 2008",2008-04-28,319,2070,2.98,107.39,https://www.techpowerup.com/gpu-specs/geforce-9600-gso.c215,https://www.videocardbenchmark.net/video_lookup.php?gpu=GeForce+9600+GSO&id=1309,geforce9600gso
NVIDIA,GeForce RTX 3080 Ti Max-Q,GA103,16.0,GDDR6,256,PCIe 4.0 x16,1.125,1.5,7424,232,96,"Feb 1st, 2022",2022-02-01,,,,,https://www.techpowerup.com/gpu-specs/geforce-rtx-3080-ti-max-q.c3841,,geforcertx3080timaxq
ATI,Radeon X850 XT,R480,0.25,GDDR3,256,PCIe 1.0 x16,0.52,0.54,16,6,16,"Dec 1st, 2004",2004-12-01,81,2461,,,https://www.techpowerup.com/gpu-specs/radeon-x850-xt.c966,https://www.videocardbenchmark.net/video_lookup.php?gpu=RADEON+X850+XT&id=1784,radeonx850xt
NVIDIA,GeForce GT 520M,GF108,1.0,DDR3,64,PCIe 2.0 x16,0.672,0.8,48,8,4,"Jan 5th, 2011",2011-01-05,286,2096,9.57,29.95,https://www.techpowerup.com/gpu-specs/geforce-gt-520m.c1844,https://www.videocardbenchmark.net/video_lookup.php?gpu=GeForce+GT+520M&id=70,geforcegt520m
NVIDIA,GeForce GTX 1050 Mobile 3 GB,GP107,3.0,GDDR5,96,PCIe 3.0 x16,1.442,1.752,768,48,24,"Feb 1st, 2019",2019-02-01,,,,,https://www.techpowerup.com/gpu-specs/geforce-gtx-1050-mobile-3-gb.c3408,,geforcegtx1050mobile3gb
NVIDIA,GeForce GTX 965M,GM204,2.0,GDDR5,128,MXM-B (3.0),0.95,1.253,1024,64,32,"Jan 9th, 2015",2015-01-09,3884,647,,,https://www.techpowerup.com/gpu-specs/geforce-gtx-965m.c2634,https://www.videocardbenchmark.net/video_lookup.php?gpu=GeForce+GTX+965M&id=3113,geforcegtx965m
NVIDIA,GeForce GTS 450 Rev. 2,GF116,1.0,GDDR5,128,PCIe 2.0 x16,0.783,0.902,192,32,16,"Mar 15th, 2011",2011-03-15,,,,,https://www.techpowerup.com/gpu-specs/geforce-gts-450-rev-2.c595,,geforcegts450rev2
Intel,HD Graphics 6000 Mobile,Broadwell GT3,,DDR3,3,Ring Bus,0.95,,384,48,6,"Sep 5th, 2014",2014-09-05,,,,,https://www.techpowerup.com/gpu-specs/hd-graphics-6000-mobile.c2626,,hdgraphics6000mobile
NVIDIA,ION,C79,,DDR,,PCI,0.45,,16,8,4,"Jun 18th, 2008",2008-06-18,114,2362,0.5,229.99,https://www.techpowerup.com/gpu-specs/ion.c2164,https://www.videocardbenchmark.net/video_lookup.php?gpu=ION&id=1515,ion
NVIDIA,RTX PRO 500 Blackwell Embedded,GB207,6.0,GDDR7,96,PCIe 5.0 x16,2.565,1.5,1792,56,24,Unknown,,,,,,https://www.techpowerup.com/gpu-specs/rtx-pro-500-blackwell-embedded.c4362,,rtxpro500blackwellembedded
NVIDIA,GeForce GTX 1070 GDDR5X,GP104,8.0,GDDR5X,256,PCIe 3.0 x16,1.683,1.001,1920,120,64,"Dec 4th, 2018",2018-12-04,,,,,https://www.techpowerup.com/gpu-specs/geforce-gtx-1070-gddr5x.c3343,,geforcegtx1070gddr5x
NVIDIA,GeForce GTX 285 X2,GT200B,2.0,GDDR3,512,PCIe 2.0 x16,0.648,1.152,240,80,32,"Jun 17th, 2009",2009-06-17,,,,,https://www.techpowerup.com/gpu-specs/geforce-gtx-285-x2.c4140,,geforcegtx285x2
NVIDIA,GeForce GTX 980 Mobile,GM204,8.0,GDDR5,256,MXM-B (3.0),1.14,1.753,2048,128,64,"Sep 21st, 2015",2015-09-21,,,,,https://www.techpowerup.com/gpu-specs/geforce-gtx-980-mobile.c2763,,geforcegtx980mobile
NVIDIA,RTX A3000 Mobile 12 GB,GA104,12.0,GDDR6,192,PCIe 4.0 x16,1.17,1.75,4096,128,64,"Apr 12th, 2021",2021-04-12,,,,,https://www.techpowerup.com/gpu-specs/rtx-a3000-mobile-12-gb.c3904,,rtxa3000mobile12gb
ATI,Radeon 9800 PRO,R360,0.25,DDR,256,AGP 8x,0.38,0.34,8,4,8,"Oct 1st, 2003",2003-10-01,59,2512,,,https://www.techpowerup.com/gpu-specs/radeon-9800-pro.c1818,https://www.videocardbenchmark.net/video_lookup.php?gpu=RADEON+9800+PRO&id=1731,radeon9800pro
ATI,Rage XL PCI,Mach64 GM,0.0078,SDR,64,PCI,0.125,0.083,1,0,1,"Aug 1st, 1998",1998-08-01,,,,,https://www.techpowerup.com/gpu-specs/rage-xl-pci.c931,,ragexlpci
NVIDIA,GeForce MX150,GP108,2.0,GDDR5,64,PCIe 3.0 x4,1.038,1.253,384,24,16,"May 17th, 2017",2017-05-17,2246,916,37.89,59.29,https://www.techpowerup.com/gpu-specs/geforce-mx150.c2984,https://www.videocardbenchmark.net/video_lookup.php?gpu=GeForce+MX150&id=3789,geforcemx150
Intel,HD Graphics 500 Mobile,Apollo Lake GT1,,DDR3,3,Ring Bus,0.65,,96,12,2,"Sep 1st, 2015",2015-09-01,,,,,https://www.techpowerup.com/gpu-specs/hd-graphics-500-mobile.c2902,,hdgraphics500mobile
AMD,FirePro V7900,Cayman,2.0,GDDR5,256,PCIe 2.0 x16,0.725,1.25,1280,80,32,"May 24th, 2011",2011-05-24,2260,911,11.9,190.0,https://www.techpowerup.com/gpu-specs/firepro-v7900.c580,https://www.videocardbenchmark.net/video_lookup.php?gpu=FirePro+V7900&id=245,fireprov7900
AMD,FirePro W5170M,Tropo,2.0,GDDR5,128,MXM-A (3.0),0.925,1.125,640,40,16,"Aug 25th, 2014",2014-08-25,1820,1056,,,https://www.techpowerup.com/gpu-specs/firepro-w5170m.c2705,https://www.videocardbenchmark.net/video_lookup.php?gpu=Firepro+W5170M&id=3470,fireprow5170m
AMD,Radeon HD 8470 OEM,Caicos,1.0,GDDR5,64,PCIe 2.0 x16,0.775,0.8,160,8,4,"Jan 8th, 2013",2013-01-08,,,,,https://www.techpowerup.com/gpu-specs/radeon-hd-8470-oem.c1978,,radeonhd8470oem
NVIDIA,GeForce MX250,GP108B,2.0,GDDR5,64,PCIe 3.0 x4,1.038,1.502,384,24,16,"Feb 20th, 2019",2019-02-20,2373,875,,,https://www.techpowerup.com/gpu-specs/geforce-mx250.c3354,https://www.videocardbenchmark.net/video_lookup.php?gpu=GeForce+MX250&id=4076,geforcemx250
AMD,Radeon R5 235 OEM,Caicos,1.0,DDR3,64,PCIe 2.0 x16,0.775,0.9,160,8,4,"Dec 21st, 2013",2013-12-21,,,,,https://www.techpowerup.com/gpu-specs/radeon-r5-235-oem.c2502,,radeonr5235oem
Intel,Arc Pro A50,DG2-128,6.0,GDDR6,96,PCIe 4.0 x8,2.35,2.0,1024,64,32,"Aug 8th, 2022",2022-08-08,,,,,https://www.techpowerup.com/gpu-specs/arc-pro-a50.c3926,,arcproa50
NVIDIA,GeForce4 MX 460,NV17,0.0625,DDR,128,AGP 4x,0.3,0.225,2,0,4,"Feb 6th, 2002",2002-02-06,4,2782,,,https://www.techpowerup.com/gpu-specs/geforce4-mx-460.c786,https://www.videocardbenchmark.net/video_lookup.php?gpu=GeForce4+MX+460&id=1499,geforce4mx460
AMD,Radeon Pro W6800X,Navi 21,32.0,GDDR6,256,Apple MPX,2.087,2.0,3840,240,96,"Aug 3rd, 2021",2021-08-03,16619,140,,,https://www.techpowerup.com/gpu-specs/radeon-pro-w6800x.c3826,https://www.videocardbenchmark.net/video_lookup.php?gpu=Radeon+Pro+W6800X&id=7802,radeonprow6800x
AMD,Radeon RX 540 Mobile,Lexa,2.0,GDDR5,128,PCIe 3.0 x8,1.046,1.25,512,32,16,"Nov 11th, 2017",2017-11-11,,,,,https://www.techpowerup.com/gpu-specs/radeon-rx-540-mobile.c3048,,radeonrx540mobile
AMD,Radeon RX 570X,Polaris 20,8.0,GDDR5,256,PCIe 3.0 x16,1.244,1.75,2048,128,32,"Apr 11th, 2018",2018-04-11,1923,1014,6.92,278.02,https://www.techpowerup.com/gpu-specs/radeon-rx-570x.c3192,https://www.videocardbenchmark.net/video_lookup.php?gpu=Radeon+RX+570X&id=4179,radeonrx570x
Intel,Arc A310E,DG2-128,4.0,GDDR6,64,PCIe 4.0 x8,2.0,1.937,768,32,16,Apr 2024,2024-04-01,,,,,https://www.techpowerup.com/gpu-specs/arc-a310e.c4395,,arca310e
NVIDIA,NVS 3100M,GT218S,0.5,GDDR3,64,PCIe 2.0 x16,0.606,0.79,16,8,4,"Jan 7th, 2010",2010-01-07,125,2329,,,https://www.techpowerup.com/gpu-specs/nvs-3100m.c1468,https://www.videocardbenchmark.net/video_lookup.php?gpu=NVS+3100M&id=1539,nvs3100m
ATI,Xbox 360 S GPU,Xenos Vejle,0.5,GDDR3,128,IGP,0.5,0.7,240,16,8,"Jun 19th, 2010",2010-06-19,,,,,https://www.techpowerup.com/gpu-specs/xbox-360-s-gpu.c3509,,xbox360sgpu
Intel,Arc Graphics 64EU Mobile,Meteor Lake-U,,DDR4,4,IGP,1.75,,512,32,16,"Dec 14th, 2023",2023-12-14,,,,,https://www.techpowerup.com/gpu-specs/arc-graphics-64eu-mobile.c4194,,arcgraphics64eumobile
Intel,Iris Plus Graphics 655 Mobile,Coffee Lake GT3e,,DDR3,3,Ring Bus,1.05,,384,48,6,"Apr 3rd, 2018",2018-04-03,,,,,https://www.techpowerup.com/gpu-specs/iris-plus-graphics-655-mobile.c3221,,irisplusgraphics655mobile
AMD,Radeon HD 8790M,Mars,2.0,GDDR5,128,MXM-A (3.0),0.9,1.0,384,24,8,"Apr 1st, 2013",2013-04-01,1305,1246,,,https://www.techpowerup.com/gpu-specs/radeon-hd-8790m.c1798,https://www.videocardbenchmark.net/video_lookup.php?gpu=Radeon+HD+8790M&id=2993,radeonhd8790m
AMD,Radeon HD 8350 OEM,Cedar,1.0,DDR3,64,PCIe 2.0 x16,0.65,0.667,80,8,4,"Jan 8th, 2013",2013-01-08,,,,,https://www.techpowerup.com/gpu-specs/radeon-hd-8350-oem.c1976,,radeonhd8350oem
AMD,Radeon R7 M460,Meso,2.0,GDDR5,64,PCIe 3.0 x8,1.024,1.125,384,24,8,"May 15th, 2016",2016-05-15,1061,1351,,,https://www.techpowerup.com/gpu-specs/radeon-r7-m460.c2853,https://www.videocardbenchmark.net/video_lookup.php?gpu=Radeon+R7+M460&id=3551,radeonr7m460
AMD,Ryzen Z1 GPU,Phoenix,16.0,LPDDR5,64,PCIe 4.0 x4,2.5,0.8,256,16,8,"Sep 18th, 2023",2023-09-18,,,,,https://www.techpowerup.com/gpu-specs/ryzen-z1-gpu.c4158,,ryzenz1gpu
AMD,Radeon Graphics 448SP,Renoir,,DDR4,4,IGP,1.9,,448,28,8,"Jan 6th, 2020",2020-01-06,,,,,https://www.techpowerup.com/gpu-specs/radeon-graphics-448sp.c4024,,radeongraphics448sp
AMD,Radeon R5 Graphics,Spectre SL,,DDR3,3,IGP,0.497,,256,16,4,"Sep 17th, 2014",2014-09-17,,,,,https://www.techpowerup.com/gpu-specs/radeon-r5-graphics.c3637,,radeonr5graphics
NVIDIA,GeForce GT 320 OEM,GT215,1.0,GDDR3,128,PCIe 2.0 x16,0.54,0.79,72,24,8,"Feb 2nd, 2010",2010-02-02,,,,,https://www.techpowerup.com/gpu-specs/geforce-gt-320-oem.c294,,geforcegt320oem
NVIDIA,GeForce GT 755M,GK107,2.0,GDDR5,128,PCIe 3.0 x16,1.02,1.35,384,32,16,"Jun 25th, 2013",2013-06-25,1729,1087,,,https://www.techpowerup.com/gpu-specs/geforce-gt-755m.c2420,https://www.videocardbenchmark.net/video_lookup.php?gpu=GeForce+GT+755M&id=2646,geforcegt755m
NVIDIA,Quadro,NV10,0.0312,SDR,128,AGP 4x,0.135,0.166,4,0,4,1999,199901-01,,,,,https://www.techpowerup.com/gpu-specs/quadro.c1374,,quadro
AMD,Radeon Pro WX 8100,Vega 10,8.0,HBM2,2048,PCIe 3.0 x16,1.5,1.0,3584,224,64,"Dec 3rd, 2017",2017-12-03,,,,,https://www.techpowerup.com/gpu-specs/radeon-pro-wx-8100.c3271,,radeonprowx8100
ATI,Radeon X1650 PRO,RV535,0.25,GDDR3,128,PCIe 1.0 x16,0.6,0.7,12,5,4,"Aug 23rd, 2006",2006-08-23,84,2441,0.53,160.89,https://www.techpowerup.com/gpu-specs/radeon-x1650-pro.c449,https://www.videocardbenchmark.net/video_lookup.php?gpu=Radeon+X1650+Pro&id=614,radeonx1650pro
ATI,Radeon X1900 XTX,R580,0.5,GDDR3,256,PCIe 1.0 x16,0.65,0.775,48,8,16,"Jan 24th, 2006",2006-01-24,,,,,https://www.techpowerup.com/gpu-specs/radeon-x1900-xtx.c147,,radeonx1900xtx
NVIDIA,GeForce GT 635M,GF116S,2.0,DDR3,128,PCIe 2.0 x16,0.65,0.9,144,24,16,"Mar 22nd, 2012",2012-03-22,528,1851,,,https://www.techpowerup.com/gpu-specs/geforce-gt-635m.c352,https://www.videocardbenchmark.net/video_lookup.php?gpu=GeForce+GT+635M&id=2136,geforcegt635m
NVIDIA,P106M,GP106,4.0,GDDR5,128,PCIe 3.0 x16,1.291,1.502,1152,72,32,"Jan 23rd, 2019",2019-01-23,,,,,https://www.techpowerup.com/gpu-specs/p106m.c3773,,p106m
NVIDIA,Quadro T1000 Mobile GDDR6,TU117,4.0,GDDR6,128,PCIe 3.0 x16,1.65,1.5,896,56,32,"Jun 8th, 2020",2020-06-08,,,,,https://www.techpowerup.com/gpu-specs/quadro-t1000-mobile-gddr6.c3624,,quadrot1000mobilegddr6
AMD,Radeon Pro WX 4150 Mobile,Baffin,4.0,GDDR5,128,PCIe 3.0 x8,1.053,1.5,896,56,16,"Mar 1st, 2017",2017-03-01,,,,,https://www.techpowerup.com/gpu-specs/radeon-pro-wx-4150-mobile.c3092,,radeonprowx4150mobile
AMD,Radeon R7 350 OEM,Oland,2.0,GDDR5,128,PCIe 3.0 x8,1.05,1.15,384,24,8,"May 5th, 2015",2015-05-05,,,,,https://www.techpowerup.com/gpu-specs/radeon-r7-350-oem.c2682,,radeonr7350oem
Intel,Arc A370M,DG2-128,4.0,GDDR6,64,PCIe 4.0 x8,2.05,1.75,1024,64,32,"Mar 30th, 2022",2022-03-30,5115,536,,,https://www.techpowerup.com/gpu-specs/arc-a370m.c3906,https://www.videocardbenchmark.net/video_lookup.php?gpu=Intel+Arc+A370M&id=4748,arca370m
Intel,HD Graphics 3000 Mobile,Sandy Bridge GT2+,,DDR3,3,Ring Bus,1.3,,96,12,2,"Feb 1st, 2011",2011-02-01,,,,,https://www.techpowerup.com/gpu-specs/hd-graphics-3000-mobile.c3195,,hdgraphics3000mobile
NVIDIA,GeForce FX 5900 XT,NV35,0.125,DDR,256,AGP 8x,0.4,0.35,4,3,8,"May 12th, 2003",2003-05-12,40,2580,,,https://www.techpowerup.com/gpu-specs/geforce-fx-5900-xt.c76,https://www.videocardbenchmark.net/video_lookup.php?gpu=GeForce+FX+5900XT&id=1348,geforcefx5900xt
AMD,FirePro M5100,Venus,2.0,GDDR5,128,MXM-A (3.0),0.775,1.125,640,40,16,"Oct 16th, 2013",2013-10-16,1874,1035,,,https://www.techpowerup.com/gpu-specs/firepro-m5100.c2517,https://www.videocardbenchmark.net/video_lookup.php?gpu=FirePro+M5100&id=2818,fireprom5100
AMD,Radeon R7 M260,Topaz,2.0,DDR3,64,PCIe 3.0 x8,0.98,0.9,384,24,8,"Jun 11th, 2014",2014-06-11,536,1839,0.67,799.0,https://www.techpowerup.com/gpu-specs/radeon-r7-m260.c2591,https://www.videocardbenchmark.net/video_lookup.php?gpu=Radeon+R7+M260&id=3030,radeonr7m260
NVIDIA,Jetson AGX Orin 32 GB,GA10B,32.0,LPDDR5,256,PCIe 4.0 x4,0.93,0.8,1792,56,24,Feb 2023,2023-02-01,,,,,https://www.techpowerup.com/gpu-specs/jetson-agx-orin-32-gb.c4084,,jetsonagxorin32gb
Matrox,Millennium G200,Eclipse,0.0078,SGR,64,PCI,0.084,0.143,1,1,1,1998,199801-01,,,,,https://www.techpowerup.com/gpu-specs/millennium-g200.c3729,,millenniumg200
NVIDIA,A30X,GA100,24.0,HBM2E,3072,PCIe 4.0 x8,1.44,1.593,3584,224,96,"Feb 7th, 2022",2022-02-07,,,,,https://www.techpowerup.com/gpu-specs/a30x.c3968,,a30x
NVIDIA,Jetson TX2,GP10B,8.0,LPDDR4,128,PCIe 2.0 x4,1.3,1.866,256,16,16,2016,201601-01,,,,,https://www.techpowerup.com/gpu-specs/jetson-tx2.c3231,,jetsontx2
AMD,Radeon R9 290X2,Hawaii,4.0,GDDR5,512,PCIe 3.0 x16,1.0,1.35,2816,176,64,"Jun 24th, 2014",2014-06-24,,,,,https://www.techpowerup.com/gpu-specs/radeon-r9-290x2.c2583,,radeonr9290x2
Moore-Threads,MTT S50,Sudi,8.0,LPDDR4X,256,PCIe 3.0 x16,1.2,2.133,2048,128,128,"Aug 10th, 2022",2022-08-10,,,,,https://www.techpowerup.com/gpu-specs/mtt-s50.c4264,,mtts50
ATI,Radeon X550,RV370,0.125,DDR,128,PCIe 1.0 x16,0.4,0.25,4,2,4,"Jul 1st, 2005",2005-07-01,50,2540,,,https://www.techpowerup.com/gpu-specs/radeon-x550.c120,https://www.videocardbenchmark.net/video_lookup.php?gpu=RADEON+X550&id=1766,radeonx550
NVIDIA,GeForce GTX 260 OEM,GT200,1.75,GDDR3,448,PCIe 2.0 x16,0.518,1.008,192,64,28,"Dec 8th, 2009",2009-12-08,,,,,https://www.techpowerup.com/gpu-specs/geforce-gtx-260-oem.c2423,,geforcegtx260oem
AMD,Radeon Graphics 512SP Mobile,Lucienne,,DDR4,4,IGP,1.9,,512,32,8,"Jan 12th, 2021",2021-01-12,,,,,https://www.techpowerup.com/gpu-specs/radeon-graphics-512sp-mobile.c4065,,radeongraphics512spmobile
ATI,Radeon HD 2400,RV610,0.25,DDR2,64,PCIe 1.0 x16,0.398,0.495,40,4,4,"Feb 19th, 2008",2008-02-19,120,2341,1.37,88.2,https://www.techpowerup.com/gpu-specs/radeon-hd-2400.c2087,https://www.videocardbenchmark.net/video_lookup.php?gpu=Radeon+HD+2400&id=567,radeonhd2400
ATI,Radeon 9800,R350,0.125,DDR,256,AGP 8x,0.325,0.29,8,4,8,"Mar 1st, 2003",2003-03-01,57,2520,0.18,325.0,https://www.techpowerup.com/gpu-specs/radeon-9800.c1816,https://www.videocardbenchmark.net/video_lookup.php?gpu=RADEON+9800&id=1729,radeon9800
Intel,Data Center GPU Flex 170,DG2-512,16.0,GDDR6,256,PCIe 4.0 x16,2.05,2.0,4096,256,128,"Aug 24th, 2022",2022-08-24,,,,,https://www.techpowerup.com/gpu-specs/data-center-gpu-flex-170.c4071,,datacentergpuflex170
NVIDIA,N1 16SM,GB20B,128.0,LPDDR5X,256,PCIe 5.0 x16,2.346,1.067,2048,64,24,"Jun 1st, 2026",2026-06-01,,,,,https://www.techpowerup.com/gpu-specs/n1-16sm.c4414,,n116sm
NVIDIA,Quadro K2000D,GK107,2.0,GDDR5,128,PCIe 2.0 x16,0.954,1.0,384,32,16,"Mar 1st, 2013",2013-03-01,1610,1137,4.74,339.99,https://www.techpowerup.com/gpu-specs/quadro-k2000d.c2021,https://www.videocardbenchmark.net/video_lookup.php?gpu=Quadro+K2000D&id=2497,quadrok2000d
ATI,Radeon HD 5550,Redwood,0.5,GDDR5,128,PCIe 2.0 x16,0.55,0.8,320,16,8,"Feb 9th, 2010",2010-02-09,384,2004,7.0,54.99,https://www.techpowerup.com/gpu-specs/radeon-hd-5550.c1034,https://www.videocardbenchmark.net/video_lookup.php?gpu=Radeon+HD+5550&id=603,radeonhd5550
NVIDIA,GeForce RTX 3050 Mobile Refresh 4 GB,GA107,4.0,GDDR6,128,PCIe 4.0 x8,1.207,1.75,2560,80,32,"Jul 6th, 2022",2022-07-06,,,,,https://www.techpowerup.com/gpu-specs/geforce-rtx-3050-mobile-refresh-4-gb.c4156,,geforcertx3050mobilerefresh4gb
3Dfx,Voodoo5 5500 AGP,VSA-100,0.0312,SDR,128,AGP 2x,0.166,0.166,2,0,2,"Jun 22nd, 2000",2000-06-22,,,,,https://www.techpowerup.com/gpu-specs/voodoo5-5500-agp.c3531,,voodoo55500agp
AMD,Radeon RX 640 Mobile,Polaris 23,2.0,GDDR5,64,PCIe 3.0 x8,1.218,1.5,640,40,16,"May 13th, 2019",2019-05-13,,,,,https://www.techpowerup.com/gpu-specs/radeon-rx-640-mobile.c3413,,radeonrx640mobile
Intel,Arc Graphics 2 Xe,Nova Lake-S,,LPDDR5X,5,IGP,2.3,,256,16,8,2027,202701-01,,,,,https://www.techpowerup.com/gpu-specs/arc-graphics-2-xe.c4444,,arcgraphics2xe
3Dfx,Voodoo Banshee PCI 16 MB,Banshee,0.0156,SDR,128,PCI,0.1,0.1,1,0,1,"Jun 22nd, 1998",1998-06-22,,,,,https://www.techpowerup.com/gpu-specs/voodoo-banshee-pci-16-mb.c3562,,voodoobansheepci16mb
ATI,Radeon HD 4670 AGP,RV730,1.0,GDDR3,128,AGP 8x,0.75,0.8,320,32,8,"Jul 17th, 2009",2009-07-17,,,,,https://www.techpowerup.com/gpu-specs/radeon-hd-4670-agp.c292,,radeonhd4670agp
AMD,Radeon Pro Vega 20,Vega 12,4.0,HBM2,1024,PCIe 3.0 x16,1.283,0.74,1280,80,32,"Nov 14th, 2018",2018-11-14,5218,525,,,https://www.techpowerup.com/gpu-specs/radeon-pro-vega-20.c3263,https://www.videocardbenchmark.net/video_lookup.php?gpu=Radeon+Pro+Vega+20&id=4016,radeonprovega20
AMD,Radeon R7 250,Cape Verde,1.0,DDR3,128,PCIe 3.0 x16,0.7,0.9,512,32,16,"Oct 8th, 2013",2013-10-08,1046,1361,10.36,101.05,https://www.techpowerup.com/gpu-specs/radeon-r7-250.c2955,https://www.videocardbenchmark.net/video_lookup.php?gpu=Radeon+R7+250&id=2768,radeonr7250
Intel,GMA 3100,Bearlake,,DDR2,2,FSB,0.4,,4,0,4,"May 9th, 2007",2007-05-09,,,,,https://www.techpowerup.com/gpu-specs/gma-3100.c1793,,gma3100
AMD,Xclipse 940 GPU,Magellan,,LPDDR5X,5,IGP,1.095,,768,48,32,"Jan 31st, 2024",2024-01-31,,,,,https://www.techpowerup.com/gpu-specs/xclipse-940-gpu.c4437,,xclipse940gpu
NVIDIA,GeForce 7300 GS,G72,0.25,DDR2,64,PCIe 1.0 x16,0.45,0.266,4,3,4,"Jan 18th, 2006",2006-01-18,80,2463,,,https://www.techpowerup.com/gpu-specs/geforce-7300-gs.c725,https://www.videocardbenchmark.net/video_lookup.php?gpu=GeForce+7300+GS&id=1232,geforce7300gs
NVIDIA,GeForce GTX 950 OEM,GM206S,4.0,GDDR5,128,PCIe 3.0 x16,1.203,1.253,1024,64,32,2016,201601-01,,,,,https://www.techpowerup.com/gpu-specs/geforce-gtx-950-oem.c2817,,geforcegtx950oem
NVIDIA,GeForce RTX 3070 Ti Max-Q,GA104,8.0,GDDR6,256,PCIe 4.0 x16,1.035,1.5,5888,184,96,"Feb 1st, 2022",2022-02-01,,,,,https://www.techpowerup.com/gpu-specs/geforce-rtx-3070-ti-max-q.c3923,,geforcertx3070timaxq
AMD,FirePro S9150,Hawaii,16.0,GDDR5,512,PCIe 3.0 x16,0.9,1.25,2816,176,64,"Aug 7th, 2014",2014-08-07,,,,,https://www.techpowerup.com/gpu-specs/firepro-s9150.c2608,,firepros9150
AMD,Radeon HD 7470M,Seymour,1.0,DDR3,64,PCIe 2.0 x16,0.8,0.9,160,8,4,"Jan 7th, 2012",2012-01-07,407,1982,,,https://www.techpowerup.com/gpu-specs/radeon-hd-7470m.c370,https://www.videocardbenchmark.net/video_lookup.php?gpu=Radeon+HD+7470M&id=299,radeonhd7470m
AMD,Radeon R9 M370X Mac Edition,Tropo,2.0,GDDR5,128,PCIe 3.0 x16,0.8,1.125,640,40,16,"May 5th, 2015",2015-05-05,,,,,https://www.techpowerup.com/gpu-specs/radeon-r9-m370x-mac-edition.c2730,,radeonr9m370xmacedition
ATI,Radeon HD 2400 PRO,RV610,0.25,DDR2,64,PCIe 1.0 x16,0.525,0.4,40,4,4,"Jun 28th, 2007",2007-06-28,114,2361,,,https://www.techpowerup.com/gpu-specs/radeon-hd-2400-pro.c997,https://www.videocardbenchmark.net/video_lookup.php?gpu=Radeon+HD+2400+Pro&id=569,radeonhd2400pro
Intel,UHD Graphics 730,Raptor Lake,,DDR4,4,Ring Bus,1.55,,192,12,6,"Jan 3rd, 2023",2023-01-03,1543,1168,,,https://www.techpowerup.com/gpu-specs/uhd-graphics-730.c4144,https://www.videocardbenchmark.net/video_lookup.php?gpu=Intel+UHD+Graphics+730&id=4379,uhdgraphics730
NVIDIA,GeForce 6800,NV41,0.25,DDR,256,PCIe 1.0 x16,0.325,0.3,12,5,12,"Nov 8th, 2004",2004-11-08,112,2369,0.2,559.29,https://www.techpowerup.com/gpu-specs/geforce-6800.c12,https://www.videocardbenchmark.net/video_lookup.php?gpu=GeForce+6800&id=1205,geforce6800
AMD,Radeon R7 M340,Meso,2.0,DDR3,64,PCIe 3.0 x8,1.021,1.0,320,20,8,"May 5th, 2015",2015-05-05,643,1695,,,https://www.techpowerup.com/gpu-specs/radeon-r7-m340.c2687,https://www.videocardbenchmark.net/video_lookup.php?gpu=Radeon+R7+M340&id=3376,radeonr7m340
NVIDIA,GeForce GT 710 PCIe x1,GK208B,1.0,DDR3,64,PCIe 2.0 x1,0.954,0.8,192,16,8,"Mar 27th, 2014",2014-03-27,,,,,https://www.techpowerup.com/gpu-specs/geforce-gt-710-pcie-x1.c3739,,geforcegt710pciex1
AMD,Radeon Graphics 384SP Mobile,Renoir-M,,DDR4,4,IGP,1.5,,384,24,8,"Jan 6th, 2020",2020-01-06,,,,,https://www.techpowerup.com/gpu-specs/radeon-graphics-384sp-mobile.c3511,,radeongraphics384spmobile
Intel,Arc Graphics 112EU Mobile,Meteor Lake-H,,DDR4,4,IGP,2.2,,896,56,24,"Dec 14th, 2023",2023-12-14,,,,,https://www.techpowerup.com/gpu-specs/arc-graphics-112eu-mobile.c4196,,arcgraphics112eumobile
Intel,i740,Auburn,0.0039,SDR,64,AGP 2x,0.066,0.1,2,0,1,"Feb 12th, 1998",1998-02-12,,,,,https://www.techpowerup.com/gpu-specs/i740.c1288,,i740
ATI,Mobility Radeon HD 5650,Madison,1.0,GDDR3,128,PCIe 2.0 x16,0.45,0.8,400,20,8,"Jan 7th, 2010",2010-01-07,439,1951,,,https://www.techpowerup.com/gpu-specs/mobility-radeon-hd-5650.c1647,https://www.videocardbenchmark.net/video_lookup.php?gpu=Mobility+Radeon+HD+5650&id=521,mobilityradeonhd5650
AMD,Radeon HD 6310 IGP,Loveland,,DDR3,3,IGP,0.488,,80,8,4,"Nov 9th, 2010",2010-11-09,,,,,https://www.techpowerup.com/gpu-specs/radeon-hd-6310-igp.c2286,,radeonhd6310igp
NVIDIA,GeForce GT 340 OEM,GT215,1.0,GDDR3,128,PCIe 2.0 x16,0.55,0.85,96,32,8,"Feb 2nd, 2010",2010-02-02,,,,,https://www.techpowerup.com/gpu-specs/geforce-gt-340-oem.c293,,geforcegt340oem
AMD,Radeon R7 M370,Litho,2.0,GDDR5,128,PCIe 3.0 x8,0.96,0.9,384,24,8,"May 5th, 2015",2015-05-05,1417,1216,,,https://www.techpowerup.com/gpu-specs/radeon-r7-m370.c2695,https://www.videocardbenchmark.net/video_lookup.php?gpu=Radeon+R7+M370&id=3416,radeonr7m370
Intel,Iris Plus Graphics 640 Mobile,Kaby Lake GT3e,,DDR3,3,Ring Bus,1.1,,384,48,6,"Jan 3rd, 2017",2017-01-03,,,,,https://www.techpowerup.com/gpu-specs/iris-plus-graphics-640-mobile.c2963,,irisplusgraphics640mobile
NVIDIA,GeForce GTX 1650 Ti Mobile,TU116,4.0,GDDR6,128,PCIe 3.0 x16,1.485,1.5,1024,64,32,"Apr 23rd, 2020",2020-04-23,,,,,https://www.techpowerup.com/gpu-specs/geforce-gtx-1650-ti-mobile.c3517,,geforcegtx1650timobile
NVIDIA,Quadro K2000M,GK107,2.0,DDR3,128,MXM-A (3.0),0.745,0.9,384,32,16,"Jun 1st, 2012",2012-06-01,993,1389,6.9,144.04,https://www.techpowerup.com/gpu-specs/quadro-k2000m.c1424,https://www.videocardbenchmark.net/video_lookup.php?gpu=Quadro+K2000M&id=1617,quadrok2000m
NVIDIA,Quadro K4100M,GK104,4.0,GDDR5,256,MXM-B (3.0),0.706,0.8,1152,96,32,"Jul 23rd, 2013",2013-07-23,2782,794,10.65,261.29,https://www.techpowerup.com/gpu-specs/quadro-k4100m.c2427,https://www.videocardbenchmark.net/video_lookup.php?gpu=Quadro+K4100M&id=2736,quadrok4100m
NVIDIA,GeForce 6150 SE + nForce 430,C61,,DDR2,2,PCI,0.425,,2,1,1,"Oct 11th, 2004",2004-10-11,31,2629,,,https://www.techpowerup.com/gpu-specs/geforce-6150-se-nforce-430.c2154,https://www.videocardbenchmark.net/video_lookup.php?gpu=GeForce+6150SE+nForce+430&id=74,geforce6150senforce430
NVIDIA,GeForce FX 5900 Ultra,NV35,0.25,DDR,256,AGP 8x,0.45,0.425,4,3,8,"Oct 23rd, 2003",2003-10-23,41,2575,,,https://www.techpowerup.com/gpu-specs/geforce-fx-5900-ultra.c704,https://www.videocardbenchmark.net/video_lookup.php?gpu=GeForce+FX+5900+Ultra&id=1347,geforcefx5900ultra
NVIDIA,GeForce GTX 1050 Max-Q,GP107,4.0,GDDR5,128,PCIe 3.0 x16,1.139,1.752,640,40,16,"Jan 3rd, 2018",2018-01-03,,,,,https://www.techpowerup.com/gpu-specs/geforce-gtx-1050-max-q.c3074,,geforcegtx1050maxq
ATI,FirePro V9800,Cypress,4.0,GDDR5,256,PCIe 2.0 x16,0.85,1.15,1600,80,32,"Sep 9th, 2010",2010-09-09,2726,804,5.75,474.0,https://www.techpowerup.com/gpu-specs/firepro-v9800.c569,https://www.videocardbenchmark.net/video_lookup.php?gpu=FirePro+V9800&id=3423,fireprov9800
Intel,HD Graphics 12EU,Ironlake,,UMA,,QPI,0.533,,96,12,2,"Jan 10th, 2010",2010-01-10,,,,,https://www.techpowerup.com/gpu-specs/hd-graphics-12eu.c2028,,hdgraphics12eu
NVIDIA,GeForce FX 5700 Ultra,NV36B,0.125,GDDR2,128,AGP 8x,0.475,0.453,4,3,4,"Oct 23rd, 2003",2003-10-23,34,2612,,,https://www.techpowerup.com/gpu-specs/geforce-fx-5700-ultra.c70,https://www.videocardbenchmark.net/video_lookup.php?gpu=GeForce+FX+5700+Ultra&id=1341,geforcefx5700ultra
NVIDIA,GeForce GT 620 OEM,GF119S,0.5,DDR3,64,PCIe 2.0 x16,0.81,0.898,48,8,4,"Apr 2nd, 2012",2012-04-02,,,,,https://www.techpowerup.com/gpu-specs/geforce-gt-620-oem.c358,,geforcegt620oem
NVIDIA,GeForce4 MX 420,NV17,0.0625,SDR,128,AGP 4x,0.25,0.166,2,0,4,"Feb 6th, 2002",2002-02-06,4,2763,,,https://www.techpowerup.com/gpu-specs/geforce4-mx-420.c777,https://www.videocardbenchmark.net/video_lookup.php?gpu=GeForce4+MX+420&id=1493,geforce4mx420
ATI,Radeon HD 4250,RV620,0.5,DDR2,64,PCIe 2.0 x16,0.594,0.396,40,4,4,"Feb 25th, 2009",2009-02-25,122,2335,,,https://www.techpowerup.com/gpu-specs/radeon-hd-4250.c2074,https://www.videocardbenchmark.net/video_lookup.php?gpu=Radeon+HD+4250&id=590,radeonhd4250
NVIDIA,GeForce GTX 560M,GF116,1.5,GDDR5,192,MXM-B (3.0),0.775,0.625,192,32,24,"May 30th, 2011",2011-05-30,1286,1251,,,https://www.techpowerup.com/gpu-specs/geforce-gtx-560m.c936,https://www.videocardbenchmark.net/video_lookup.php?gpu=GeForce+GTX+560M&id=1452,geforcegtx560m
AMD,Radeon 860M,Gorgon Point,,DDR5,5,PCIe 4.0 x8,2.8,,512,32,16,"Jan 5th, 2026",2026-01-05,4869,558,,,https://www.techpowerup.com/gpu-specs/radeon-860m.c4430,https://www.videocardbenchmark.net/video_lookup.php?gpu=Radeon+860M&id=5320,radeon860m
NVIDIA,NVS 5400M,GF108,2.0,GDDR3,128,MXM,0.66,0.9,96,16,4,"Jun 1st, 2012",2012-06-01,607,1741,,,https://www.techpowerup.com/gpu-specs/nvs-5400m.c1742,https://www.videocardbenchmark.net/video_lookup.php?gpu=NVS+5400M&id=1541,nvs5400m
AMD,Radeon 550X,Lexa,2.0,GDDR5,128,PCIe 3.0 x8,1.218,1.75,512,32,16,"Mar 27th, 2019",2019-03-27,1481,1189,,,https://www.techpowerup.com/gpu-specs/radeon-550x.c3420,https://www.videocardbenchmark.net/video_lookup.php?gpu=Radeon+550X&id=4137,radeon550x
AMD,Radeon R7 240 OEM,Oland,2.0,DDR3,128,PCIe 3.0 x8,0.78,0.9,320,20,8,"Nov 1st, 2013",2013-11-01,,,,,https://www.techpowerup.com/gpu-specs/radeon-r7-240-oem.c2542,,radeonr7240oem
ATI,Radeon X800,R430,0.25,DDR,256,PCIe 1.0 x16,0.4,0.35,12,6,12,"Dec 1st, 2004",2004-12-01,,,,,https://www.techpowerup.com/gpu-specs/radeon-x800.c107,,radeonx800
Moore-Threads,MTT S60,Sudi,8.0,LPDDR4X,256,PCIe 3.0 x16,1.5,2.133,2048,128,128,"Jun 10th, 2022",2022-06-10,,,,,https://www.techpowerup.com/gpu-specs/mtt-s60.c4447,,mtts60
NVIDIA,GeForce 205 OEM,GT218S,0.5,DDR2,64,PCIe 2.0 x16,0.589,0.4,16,8,4,"Nov 26th, 2009",2009-11-26,,,,,https://www.techpowerup.com/gpu-specs/geforce-205-oem.c611,,geforce205oem
NVIDIA,GeForce GT 230,G94B,0.5,GDDR3,256,PCIe 2.0 x16,0.65,0.9,48,24,16,"Oct 12th, 2009",2009-10-12,323,2064,7.35,43.99,https://www.techpowerup.com/gpu-specs/geforce-gt-230.c617,https://www.videocardbenchmark.net/video_lookup.php?gpu=GeForce+GT+230&id=1409,geforcegt230
AMD,Radeon HD 7650M,Thames,1.0,DDR3,128,PCIe 2.0 x16,0.5,0.8,480,24,16,"Jan 7th, 2012",2012-01-07,416,1976,,,https://www.techpowerup.com/gpu-specs/radeon-hd-7650m.c1210,https://www.videocardbenchmark.net/video_lookup.php?gpu=Radeon+HD+7650M&id=314,radeonhd7650m
AMD,Radeon HD 8670M,Mars,1.0,DDR3,64,PCIe 3.0 x8,0.825,0.9,384,24,8,"Mar 1st, 2013",2013-03-01,520,1859,,,https://www.techpowerup.com/gpu-specs/radeon-hd-8670m.c2391,https://www.videocardbenchmark.net/video_lookup.php?gpu=Radeon+HD+8670M&id=3002,radeonhd8670m
AMD,Radeon RX 570 X2,Polaris 20,8.0,GDDR5,256,PCIe 3.0 x16,1.206,2.1,2048,128,32,Unknown,,,,,,https://www.techpowerup.com/gpu-specs/radeon-rx-570-x2.c3828,,radeonrx570x2
Matrox,Millennium G450,Condor,0.0312,DDR,64,PCI,0.125,0.166,2,1,2,Apr 2000,2000-04-01,,,,,https://www.techpowerup.com/gpu-specs/millennium-g450.c1922,,millenniumg450
NVIDIA,Quadro 2000D,GF106,1.0,GDDR5,128,PCIe 2.0 x16,0.625,0.65,192,32,16,"Oct 5th, 2011",2011-10-05,1239,1270,1.73,566.12,https://www.techpowerup.com/gpu-specs/quadro-2000d.c901,https://www.videocardbenchmark.net/video_lookup.php?gpu=Quadro+2000+D&id=1544,quadro2000d
NVIDIA,Quadro FX 3500,G71,0.25,GDDR3,256,PCIe 1.0 x16,0.45,0.66,20,7,20,"May 22nd, 2006",2006-05-22,265,2121,3.84,68.98,https://www.techpowerup.com/gpu-specs/quadro-fx-3500.c1347,https://www.videocardbenchmark.net/video_lookup.php?gpu=Quadro+FX+3500&id=1577,quadrofx3500
NVIDIA,GeForce 6200 LE,NV44,0.125,DDR,64,PCIe 1.0 x16,0.35,0.266,2,1,2,"Apr 4th, 2005",2005-04-04,32,2623,0.8,41.24,https://www.techpowerup.com/gpu-specs/geforce-6200-le.c1297,https://www.videocardbenchmark.net/video_lookup.php?gpu=GeForce+6200+LE&id=125,geforce6200le
NVIDIA,GeForce GTX 1060 6 GB 9Gbps,GP106,6.0,GDDR5,192,PCIe 3.0 x16,1.709,2.257,1280,80,48,"Apr 20th, 2017",2017-04-20,,,,,https://www.techpowerup.com/gpu-specs/geforce-gtx-1060-6-gb-9gbps.c2952,,geforcegtx10606gb9gbps
AMD,Radeon 740M,Hawk Point,,DDR5,5,PCIe 4.0 x8,2.8,,256,16,8,"Dec 6th, 2023",2023-12-06,2934,774,,,https://www.techpowerup.com/gpu-specs/radeon-740m.c4298,https://www.videocardbenchmark.net/video_lookup.php?gpu=Radeon+740M&id=4926,radeon740m
AMD,Radeon 880M,Gorgon Point,,DDR5,5,PCIe 4.0 x8,2.9,,768,48,16,"Jan 5th, 2026",2026-01-05,7594,389,,,https://www.techpowerup.com/gpu-specs/radeon-880m.c4432,https://www.videocardbenchmark.net/video_lookup.php?gpu=Radeon+880M&id=5123,radeon880m
AMD,Xclipse 950 GPU,Galileo,,LPDDR5X,5,IGP,0.999,,1024,64,64,"Jul 25th, 2025",2025-07-25,,,,,https://www.techpowerup.com/gpu-specs/xclipse-950-gpu.c4436,,xclipse950gpu
NVIDIA,GeForce 830M,GM108,2.0,DDR3,64,PCIe 3.0 x8,1.15,0.9,256,16,8,"Mar 12th, 2014",2014-03-12,994,1388,,,https://www.techpowerup.com/gpu-specs/geforce-830m.c2560,https://www.videocardbenchmark.net/video_lookup.php?gpu=GeForce+830M&id=2982,geforce830m
AMD,Radeon Graphics 512SP,Renoir,,DDR4,4,IGP,2.1,,512,32,8,"Mar 7th, 2020",2020-03-07,,,,,https://www.techpowerup.com/gpu-specs/radeon-graphics-512sp.c4023,,radeongraphics512sp
ATI,Radeon X1600,RV516,0.5,DDR2,128,PCIe 1.0 x16,0.635,0.4,4,2,4,2007,200701-01,49,2546,,,https://www.techpowerup.com/gpu-specs/radeon-x1600.c1807,https://www.videocardbenchmark.net/video_lookup.php?gpu=Radeon+X1600&id=1753,radeonx1600
NVIDIA,GeForce G210 OEM,G96C,0.5,DDR2,64,PCIe 1.0 x16,0.55,0.504,16,8,4,"May 26th, 2009",2009-05-26,,,,,https://www.techpowerup.com/gpu-specs/geforce-g210-oem.c2169,,geforceg210oem
NVIDIA,Quadro FX 1500,G71,0.25,GDDR3,256,PCIe 1.0 x16,0.325,0.625,16,6,16,"Apr 20th, 2006",2006-04-20,169,2237,0.36,474.32,https://www.techpowerup.com/gpu-specs/quadro-fx-1500.c1346,https://www.videocardbenchmark.net/video_lookup.php?gpu=Quadro+FX+1500&id=1561,quadrofx1500
NVIDIA,Quadro FX 3450,NV41,0.25,GDDR3,256,PCIe 1.0 x16,0.425,0.5,12,5,12,"Jul 28th, 2005",2005-07-28,148,2266,1.24,119.99,https://www.techpowerup.com/gpu-specs/quadro-fx-3450.c1368,https://www.videocardbenchmark.net/video_lookup.php?gpu=Quadro+FX+3450&id=1574,quadrofx3450
Sony,Playstation Portable GPU 65nm,RE+SE-65nm,0.002,EDRAM,512,IGP,0.133,0.083,2,1,5,"Aug 30th, 2007",2007-08-30,,,,,https://www.techpowerup.com/gpu-specs/playstation-portable-gpu-65nm.c3710,,playstationportablegpu65nm
AMD,Radeon 535 Mobile,Polaris 24,2.0,GDDR5,64,PCIe 3.0 x8,0.984,1.125,384,24,8,"Apr 18th, 2017",2017-04-18,,,,,https://www.techpowerup.com/gpu-specs/radeon-535-mobile.c3209,,radeon535mobile
NVIDIA,GeForce 9400 GT,G96C,0.5,DDR2,128,PCIe 2.0 x16,0.55,0.4,16,8,4,"Aug 27th, 2008",2008-08-27,194,2202,3.2,60.73,https://www.techpowerup.com/gpu-specs/geforce-9400-gt.c3159,https://www.videocardbenchmark.net/video_lookup.php?gpu=GeForce+9400+GT&id=11,geforce9400gt
NVIDIA,GeForce RTX 4070 AD103,AD103,12.0,GDDR6X,192,PCIe 4.0 x16,2.475,1.313,5888,184,64,Mar 2024,2024-03-01,,,,,https://www.techpowerup.com/gpu-specs/geforce-rtx-4070-ad103.c4205,,geforcertx4070ad103
NVIDIA,Quadro RTX 4000 Max-Q,TU104,8.0,GDDR6,256,PCIe 3.0 x16,1.38,1.5,2560,160,64,"May 27th, 2019",2019-05-27,,,,,https://www.techpowerup.com/gpu-specs/quadro-rtx-4000-max-q.c3427,,quadrortx4000maxq
AMD,Radeon Graphics 448SP Mobile,Barcelo,,DDR4,4,IGP,1.8,,448,28,8,"Jan 6th, 2022",2022-01-06,,,,,https://www.techpowerup.com/gpu-specs/radeon-graphics-448sp-mobile.c4057,,radeongraphics448spmobile
AMD,Radeon RX 6650M,Navi 23,8.0,GDDR6,128,PCIe 4.0 x8,2.416,1.75,1792,112,64,"Jan 4th, 2022",2022-01-04,15222,168,,,https://www.techpowerup.com/gpu-specs/radeon-rx-6650m.c3863,https://www.videocardbenchmark.net/video_lookup.php?gpu=Radeon+RX+6650M&id=4557,radeonrx6650m
Intel,Arc Graphics 32EU,Arrow Lake-S,,DDR4,4,Ring Bus,1.95,,256,16,8,"Oct 24th, 2024",2024-10-24,,,,,https://www.techpowerup.com/gpu-specs/arc-graphics-32eu.c4300,,arcgraphics32eu
AMD,FirePro W9000,Tahiti,6.0,GDDR5,384,PCIe 3.0 x16,0.975,1.375,2048,128,32,"Jun 14th, 2012",2012-06-14,6098,456,7.22,845.0,https://www.techpowerup.com/gpu-specs/firepro-w9000.c585,https://www.videocardbenchmark.net/video_lookup.php?gpu=FirePro+W9000&id=2281,fireprow9000
AMD,Radeon R5 330 OEM,Exo,2.0,DDR3,64,PCIe 3.0 x8,0.855,0.9,320,20,8,"May 5th, 2015",2015-05-05,,,,,https://www.techpowerup.com/gpu-specs/radeon-r5-330-oem.c2727,,radeonr5330oem
ATI,Radeon HD 4200 IGP,RS880,,DDR2,2,PCIe 1.0 x16,0.5,,40,4,4,"Aug 1st, 2009",2009-08-01,,,,,https://www.techpowerup.com/gpu-specs/radeon-hd-4200-igp.c775,,radeonhd4200igp
Lisuan-Tech,LX PRO,7G105,24.0,GDDR6,192,PCIe 4.0 x16,2.0,2.25,6144,192,96,"Mar 17th, 2026",2026-03-17,,,,,https://www.techpowerup.com/gpu-specs/lx-pro.c4408,,lxpro
Moore-Threads,MTT S10,Sudi,2.0,LPDDR4,64,PCIe 3.0 x8,1.0,2.133,1024,64,64,"Oct 4th, 2022",2022-10-04,,,,,https://www.techpowerup.com/gpu-specs/mtt-s10.c4267,,mtts10
NVIDIA,Tesla M2090,GF110,6.0,GDDR5,384,PCIe 2.0 x16,0.651,0.924,512,64,48,"Jul 25th, 2011",2011-07-25,,,,,https://www.techpowerup.com/gpu-specs/tesla-m2090.c1537,,teslam2090
AMD,Radeon HD 7350 OEM,Cedar,0.5,GDDR3,64,PCIe 2.0 x16,0.65,0.8,80,8,4,"Jan 5th, 2012",2012-01-05,,,,,https://www.techpowerup.com/gpu-specs/radeon-hd-7350-oem.c632,,radeonhd7350oem
AMD,Radeon RX 6550S,Navi 24,4.0,GDDR6,64,PCIe 4.0 x4,2.4,2.0,1024,64,32,"Jan 4th, 2023",2023-01-04,,,,,https://www.techpowerup.com/gpu-specs/radeon-rx-6550s.c3981,,radeonrx6550s
Intel,Arc Graphics 24EU,Arrow Lake-S,,DDR4,4,Ring Bus,2.0,,192,12,6,"Oct 24th, 2024",2024-10-24,,,,,https://www.techpowerup.com/gpu-specs/arc-graphics-24eu.c4301,,arcgraphics24eu
NVIDIA,GeForce 8600M GT,G84,0.5,GDDR3,128,MXM-II,0.475,0.7,32,16,8,"May 1st, 2007",2007-05-01,163,2252,1.51,108.1,https://www.techpowerup.com/gpu-specs/geforce-8600m-gt.c938,https://www.videocardbenchmark.net/video_lookup.php?gpu=GeForce+8600M+GT&id=1275,geforce8600mgt
Intel,Arc Graphics 2 Xe Mobile,Panther Lake-U,,LPDDR5X,5,IGP,2.3,,256,16,8,"Jan 27th, 2026",2026-01-27,,,,,https://www.techpowerup.com/gpu-specs/arc-graphics-2-xe-mobile.c4398,,arcgraphics2xemobile
NVIDIA,GeForce 8800 GS,G92,0.375,GDDR3,192,PCIe 2.0 x16,0.55,0.8,96,48,12,"Jan 31st, 2008",2008-01-31,330,2056,,,https://www.techpowerup.com/gpu-specs/geforce-8800-gs.c210,https://www.videocardbenchmark.net/video_lookup.php?gpu=GeForce+8800+GS&id=1277,geforce8800gs
NVIDIA,Quadro FX 570,G84,0.25,DDR2,128,PCIe 1.0 x16,0.46,0.4,16,8,8,"Sep 12th, 2007",2007-09-12,257,2132,2.24,115.0,https://www.techpowerup.com/gpu-specs/quadro-fx-570.c1331,https://www.videocardbenchmark.net/video_lookup.php?gpu=Quadro+FX+570&id=1606,quadrofx570
Intel,Arc Graphics 4 Xe Mobile,Panther Lake-H,,LPDDR5X,5,IGP,2.3,,512,32,16,"Jan 27th, 2026",2026-01-27,,,,,https://www.techpowerup.com/gpu-specs/arc-graphics-4-xe-mobile.c4443,,arcgraphics4xemobile
NVIDIA,GeForce GTX 560 Ti 448,GF110,1.25,GDDR5,320,PCIe 2.0 x16,0.732,0.95,448,56,40,"Nov 29th, 2011",2011-11-29,,,,,https://www.techpowerup.com/gpu-specs/geforce-gtx-560-ti-448.c289,,geforcegtx560ti448
AMD,Radeon HD 8860 OEM,Curacao,2.0,GDDR5,256,PCIe 3.0 x16,0.925,1.4,1280,80,32,"Jan 8th, 2013",2013-01-08,,,,,https://www.techpowerup.com/gpu-specs/radeon-hd-8860-oem.c2390,,radeonhd8860oem
AMD,Radeon Instinct MI6,Ellesmere,8.0,GDDR5,256,PCIe 3.0 x16,1.233,1.75,2304,144,32,"Dec 12th, 2016",2016-12-12,,,,,https://www.techpowerup.com/gpu-specs/radeon-instinct-mi6.c2927,,radeoninstinctmi6
AMD,Radeon Pro 5300,Navi 14,4.0,GDDR6,128,PCIe 4.0 x8,1.65,1.75,1280,80,32,"Aug 4th, 2020",2020-08-04,7079,403,,,https://www.techpowerup.com/gpu-specs/radeon-pro-5300.c3665,https://www.videocardbenchmark.net/video_lookup.php?gpu=Radeon+Pro+5300&id=4315,radeonpro5300
AMD,Radeon R4 Mobile Graphics,Beema,,DDR3,3,IGP,0.8,,128,8,4,"Jun 11th, 2014",2014-06-11,,,,,https://www.techpowerup.com/gpu-specs/radeon-r4-mobile-graphics.c2496,,radeonr4mobilegraphics
NVIDIA,GRID K520,GK104,4.0,GDDR5,256,PCIe 3.0 x16,0.745,1.25,1536,128,32,"Jul 23rd, 2013",2013-07-23,3516,693,26.05,134.99,https://www.techpowerup.com/gpu-specs/grid-k520.c2312,https://www.videocardbenchmark.net/video_lookup.php?gpu=GRID+K520&id=2742,gridk520
AMD,Radeon 840M,Gorgon Point,,DDR5,5,PCIe 4.0 x8,2.8,,256,16,8,"Jan 5th, 2026",2026-01-05,3673,678,,,https://www.techpowerup.com/gpu-specs/radeon-840m.c4431,https://www.videocardbenchmark.net/video_lookup.php?gpu=Radeon+840M&id=6105,radeon840m
AMD,Radeon RX 5300 XT OEM,Navi 14,4.0,GDDR5,128,PCIe 4.0 x8,1.845,1.75,1408,88,32,"Oct 8th, 2019",2019-10-08,,,,,https://www.techpowerup.com/gpu-specs/radeon-rx-5300-xt-oem.c3465,,radeonrx5300xtoem
NVIDIA,GeForce GTS 150 OEM,G92,1.0,GDDR3,256,PCIe 2.0 x16,0.738,1.0,128,64,16,"Mar 10th, 2009",2009-03-10,,,,,https://www.techpowerup.com/gpu-specs/geforce-gts-150-oem.c637,,geforcegts150oem
AMD,Radeon 760M,Hawk Point,,DDR5,5,PCIe 4.0 x8,2.599,,512,32,16,"Dec 6th, 2023",2023-12-06,5302,516,,,https://www.techpowerup.com/gpu-specs/radeon-760m.c4222,https://www.videocardbenchmark.net/video_lookup.php?gpu=Radeon+760M&id=4902,radeon760m
AMD,Radeon HD 8970 OEM,Tahiti,3.0,GDDR5,384,PCIe 3.0 x16,0.925,1.375,2048,128,32,"Jan 8th, 2013",2013-01-08,,,,,https://www.techpowerup.com/gpu-specs/radeon-hd-8970-oem.c1972,,radeonhd8970oem
ATI,Radeon X1550,RV505,0.125,DDR2,64,PCIe 1.0 x16,0.5,0.333,4,2,4,2007,200701-01,66,2498,0.43,155.0,https://www.techpowerup.com/gpu-specs/radeon-x1550.c1805,https://www.videocardbenchmark.net/video_lookup.php?gpu=Radeon+X1550&id=613,radeonx1550
Intel,GMA X4500MHD,Cantiga,,UMA,,FSB,0.533,,80,10,1,"Sep 1st, 2008",2008-09-01,,,,,https://www.techpowerup.com/gpu-specs/gma-x4500mhd.c3125,,gmax4500mhd
NVIDIA,GeForce RTX 4080 Max-Q,AD104,12.0,GDDR6,192,PCIe 4.0 x16,1.35,2.25,7424,232,80,"Feb 8th, 2023",2023-02-08,,,,,https://www.techpowerup.com/gpu-specs/geforce-rtx-4080-max-q.c3948,,geforcertx4080maxq
AMD,Radeon E9260 PCIe,Baffin,4.0,GDDR5,128,PCIe 3.0 x8,1.2,1.75,896,48,16,"Sep 27th, 2016",2016-09-27,,,,,https://www.techpowerup.com/gpu-specs/radeon-e9260-pcie.c2884,,radeone9260pcie
AMD,Radeon HD 6750M,Whistler,1.0,GDDR3,128,MXM-A (3.0),0.6,0.8,480,24,8,"Jan 4th, 2011",2011-01-04,937,1429,,,https://www.techpowerup.com/gpu-specs/radeon-hd-6750m.c324,https://www.videocardbenchmark.net/video_lookup.php?gpu=Radeon+HD+6750M&id=283,radeonhd6750m
AMD,Radeon Pro 570,Ellesmere,4.0,GDDR5,256,PCIe 3.0 x16,1.105,1.695,1792,112,32,"Jun 5th, 2017",2017-06-05,6336,438,,,https://www.techpowerup.com/gpu-specs/radeon-pro-570.c2970,https://www.videocardbenchmark.net/video_lookup.php?gpu=Radeon+Pro+570&id=4099,radeonpro570
AMD,Radeon HD 6770M,Whistler,1.0,GDDR5,128,MXM-A (3.0),0.725,0.9,480,24,8,"Jan 4th, 2011",2011-01-04,964,1408,,,https://www.techpowerup.com/gpu-specs/radeon-hd-6770m.c323,https://www.videocardbenchmark.net/video_lookup.php?gpu=Radeon+HD+6770M&id=285,radeonhd6770m
AMD,Radeon RX 550 Mobile,Lexa,2.0,GDDR5,128,PCIe 3.0 x8,1.287,1.5,640,40,16,"Jul 2nd, 2017",2017-07-02,,,,,https://www.techpowerup.com/gpu-specs/radeon-rx-550-mobile.c3049,,radeonrx550mobile
Intel,UHD Graphics 16EU Mobile,Jasper Lake GT1,,DDR4,4,Ring Bus,0.75,,128,8,4,"Jan 11th, 2021",2021-01-11,,,,,https://www.techpowerup.com/gpu-specs/uhd-graphics-16eu-mobile.c3922,,uhdgraphics16eumobile
NVIDIA,GeForce 7300 LE,G72,0.125,DDR2,64,PCIe 1.0 x16,0.45,0.324,4,3,4,"Mar 22nd, 2006",2006-03-22,81,2455,2.55,32.0,https://www.techpowerup.com/gpu-specs/geforce-7300-le.c727,https://www.videocardbenchmark.net/video_lookup.php?gpu=GeForce+7300+LE&id=1235,geforce7300le
NVIDIA,GeForce4 Ti 4400,NV25,0.125,DDR,128,AGP 4x,0.275,0.275,4,2,8,"Feb 6th, 2002",2002-02-06,7,2719,,,https://www.techpowerup.com/gpu-specs/geforce4-ti-4400.c180,https://www.videocardbenchmark.net/video_lookup.php?gpu=GeForce4+Ti+4400&id=1505,geforce4ti4400
AMD,Radeon R7 250E,Cape Verde,1.0,GDDR5,128,PCIe 3.0 x16,0.8,1.125,512,32,16,"Dec 20th, 2013",2013-12-20,,,,,https://www.techpowerup.com/gpu-specs/radeon-r7-250e.c2559,,radeonr7250e
ATI,3D Rage,Mach64 GT,0.002,EDO,64,PCI,0.044,0.057,1,0,1,"Apr 1st, 1996",1996-04-01,,,,,https://www.techpowerup.com/gpu-specs/3d-rage.c3166,,3drage
Intel,Arc Graphics 2 Xe Mobile,Wildcat Lake,,LPDDR5X,5,IGP,2.5,,256,16,8,"Apr 16th, 2026",2026-04-16,,,,,https://www.techpowerup.com/gpu-specs/arc-graphics-2-xe-mobile.c4421,,arcgraphics2xemobile
NVIDIA,GeForce 210 PCI,GT216,0.5,DDR2,64,PCI,0.475,0.4,16,8,4,"Oct 12th, 2009",2009-10-12,,,,,https://www.techpowerup.com/gpu-specs/geforce-210-pci.c612,,geforce210pci
NVIDIA,GeForce 6600 GT AGP,NV43,0.125,GDDR3,128,AGP 8x,0.5,0.475,8,3,8,"Nov 14th, 2004",2004-11-14,,,,,https://www.techpowerup.com/gpu-specs/geforce-6600-gt-agp.c115,,geforce6600gtagp
NVIDIA,GeForce 820M,GK107,2.0,DDR3,128,PCIe 3.0 x16,0.81,0.901,384,32,16,"Mar 21st, 2015",2015-03-21,477,1911,,,https://www.techpowerup.com/gpu-specs/geforce-820m.c2701,https://www.videocardbenchmark.net/video_lookup.php?gpu=GeForce+820M&id=2785,geforce820m
3Dfx,Voodoo3 3500 TV AGP,Avenger,0.0156,SDR,128,AGP 2x,0.183,0.183,1,0,2,Jun 1999,1999-06-01,,,,,https://www.techpowerup.com/gpu-specs/voodoo3-3500-tv-agp.c3557,,voodoo33500tvagp
AMD,Radeon RX 580 Mobile,Polaris 20,8.0,GDDR5,256,MXM-B (3.0),1.077,2.0,2304,144,32,"Apr 18th, 2017",2017-04-18,,,,,https://www.techpowerup.com/gpu-specs/radeon-rx-580-mobile.c3067,,radeonrx580mobile
Intel,UHD Graphics 770 Mobile,Alder Lake,,DDR4,4,Ring Bus,1.5,,256,16,8,"Jan 4th, 2022",2022-01-04,,,,,https://www.techpowerup.com/gpu-specs/uhd-graphics-770-mobile.c4079,,uhdgraphics770mobile
Intel,UHD Graphics P750,Rocket Lake,,DDR4,4,Ring Bus,1.3,,256,64,32,2021,202101-01,1668,1109,,,https://www.techpowerup.com/gpu-specs/uhd-graphics-p750.c3767,https://www.videocardbenchmark.net/video_lookup.php?gpu=Intel+UHD+Graphics+P750&id=4410,uhdgraphicsp750
NVIDIA,GeForce GTX 1060 6 GB Rev. 2,GP106,6.0,GDDR5,192,PCIe 3.0 x16,1.709,2.002,1280,80,48,"Jan 5th, 2018",2018-01-05,,,,,https://www.techpowerup.com/gpu-specs/geforce-gtx-1060-6-gb-rev-2.c3063,,geforcegtx10606gbrev2
NVIDIA,GeForce GTX 970M,GM204,6.0,GDDR5,192,MXM-B (3.0),1.038,1.253,1280,80,48,"Oct 7th, 2014",2014-10-07,5719,480,27.24,209.99,https://www.techpowerup.com/gpu-specs/geforce-gtx-970m.c2881,https://www.videocardbenchmark.net/video_lookup.php?gpu=GeForce+GTX+970M&id=2981,geforcegtx970m
NVIDIA,GRID RTX T10-8,TU102,8.0,GDDR6,384,PCIe 3.0 x16,1.395,1.75,3584,224,64,Unknown,,,,,,https://www.techpowerup.com/gpu-specs/grid-rtx-t10-8.c3501,,gridrtxt108
NVIDIA,Tesla V100 DGXS 16 GB,GV100,16.0,HBM2,4096,PCIe 3.0 x16,1.582,0.876,5120,320,128,"Mar 27th, 2018",2018-03-27,,,,,https://www.techpowerup.com/gpu-specs/tesla-v100-dgxs-16-gb.c3763,,teslav100dgxs16gb
ATI,Radeon X600,RV370,0.25,DDR,128,PCIe 1.0 x16,0.4,0.25,4,2,4,"Sep 1st, 2004",2004-09-01,,,,,https://www.techpowerup.com/gpu-specs/radeon-x600.c1814,,radeonx600
AMD,Ryzen Z2 GPU,Hawk Point,16.0,LPDDR5X,128,PCIe 4.0 x4,2.7,0.937,768,48,32,2025,202501-01,,,,,https://www.techpowerup.com/gpu-specs/ryzen-z2-gpu.c4303,,ryzenz2gpu
NVIDIA,GeForce 6800 XT,NV40,0.25,DDR,256,AGP 8x,0.3,0.35,8,4,8,"Sep 30th, 2005",2005-09-30,120,2339,,,https://www.techpowerup.com/gpu-specs/geforce-6800-xt.c176,https://www.videocardbenchmark.net/video_lookup.php?gpu=GeForce+6800+XT&id=1216,geforce6800xt
ATI,Radeon X800 XT,R423,0.25,GDDR3,256,PCIe 1.0 x16,0.5,0.5,16,6,16,"Dec 1st, 2004",2004-12-01,97,2412,,,https://www.techpowerup.com/gpu-specs/radeon-x800-xt.c22,https://www.videocardbenchmark.net/video_lookup.php?gpu=RADEON+X800+XT&id=81,radeonx800xt
AMD,Radeon R7 250,Cape Verde,1.0,DDR3,128,PCIe 3.0 x16,0.925,0.9,512,32,16,"Oct 8th, 2013",2013-10-08,1046,1361,10.36,101.05,https://www.techpowerup.com/gpu-specs/radeon-r7-250.c2956,https://www.videocardbenchmark.net/video_lookup.php?gpu=Radeon+R7+250&id=2768,radeonr7250
NVIDIA,GeForce GT 620M,GF117,1.0,DDR3,64,PCIe 2.0 x16,0.625,0.9,96,16,8,"Mar 22nd, 2012",2012-03-22,423,1968,,,https://www.techpowerup.com/gpu-specs/geforce-gt-620m.c354,https://www.videocardbenchmark.net/video_lookup.php?gpu=GeForce+GT+620M&id=1430,geforcegt620m
AMD,Radeon Pro Vega 64,Vega 10,16.0,HBM2,2048,PCIe 3.0 x16,1.35,0.786,4096,256,64,"Jun 27th, 2017",2017-06-27,12886,227,,,https://www.techpowerup.com/gpu-specs/radeon-pro-vega-64.c3098,https://www.videocardbenchmark.net/video_lookup.php?gpu=Radeon+Pro+Vega+64&id=3879,radeonprovega64
Intel,HD Graphics P4600,Haswell GT2,,DDR3,3,Ring Bus,1.2,,160,20,2,"Jun 1st, 2013",2013-06-01,,,,,https://www.techpowerup.com/gpu-specs/hd-graphics-p4600.c2369,,hdgraphicsp4600
AMD,Radeon HD 8670 OEM,Oland,2.0,GDDR5,128,PCIe 3.0 x8,1.05,1.15,384,24,8,"Jan 8th, 2013",2013-01-08,,,,,https://www.techpowerup.com/gpu-specs/radeon-hd-8670-oem.c1853,,radeonhd8670oem
AMD,Radeon Instinct MI8,Fiji,4.0,HBM,4096,PCIe 3.0 x16,1.0,0.5,4096,256,64,"Dec 12th, 2016",2016-12-12,,,,,https://www.techpowerup.com/gpu-specs/radeon-instinct-mi8.c2928,,radeoninstinctmi8
NVIDIA,GeForce4 Ti 4800,NV28,0.125,DDR,128,AGP 8x,0.3,0.325,4,2,8,"Mar 15th, 2003",2003-03-15,5,2737,,,https://www.techpowerup.com/gpu-specs/geforce4-ti-4800.c177,https://www.videocardbenchmark.net/video_lookup.php?gpu=GeForce4+Ti+4800&id=1507,geforce4ti4800
AMD,Radeon HD 8750M,Mars,1.0,DDR3,128,PCIe 3.0 x8,0.825,0.9,384,24,8,"Feb 26th, 2013",2013-02-26,1073,1344,,,https://www.techpowerup.com/gpu-specs/radeon-hd-8750m.c1968,https://www.videocardbenchmark.net/video_lookup.php?gpu=Radeon+HD+8750M&id=2909,radeonhd8750m
ATI,Radeon HD 2600 XT,RV630,0.25,GDDR4,128,PCIe 1.0 x16,0.8,1.1,120,8,4,"Jun 28th, 2007",2007-06-28,282,2100,1.78,159.0,https://www.techpowerup.com/gpu-specs/radeon-hd-2600-xt.c1007,https://www.videocardbenchmark.net/video_lookup.php?gpu=Radeon+HD+2600+XT&id=574,radeonhd2600xt
Intel,Arc A530M,DG2-256,8.0,GDDR6,128,PCIe 4.0 x8,1.3,1.75,1536,96,48,"Aug 1st, 2023",2023-08-01,7983,368,,,https://www.techpowerup.com/gpu-specs/arc-a530m.c4167,https://www.videocardbenchmark.net/video_lookup.php?gpu=Intel+Arc+A530M&id=4981,arca530m
Matrox,Productiva G100,Twister,0.002,SGR,64,AGP 2x,0.041,0.062,1,1,1,1998,199801-01,,,,,https://www.techpowerup.com/gpu-specs/productiva-g100.c3727,,productivag100
NVIDIA,GeForce GTX 560 SE,GF114,1.0,GDDR5,192,PCIe 2.0 x16,0.736,0.957,288,48,24,"Feb 20th, 2012",2012-02-20,1874,1034,20.83,89.99,https://www.techpowerup.com/gpu-specs/geforce-gtx-560-se.c341,https://www.videocardbenchmark.net/video_lookup.php?gpu=GeForce+GTX+560+SE&id=106,geforcegtx560se
NVIDIA,Riva TNT2 PRO,NV5,0.0312,SDR,128,AGP 4x,0.143,0.167,2,0,2,"Oct 12th, 1999",1999-10-12,,,,,https://www.techpowerup.com/gpu-specs/riva-tnt2-pro.c1303,,rivatnt2pro
AMD,Radeon HD 7660D IGP,Devastator,,DDR3,3,IGP,0.76,,384,24,8,"Oct 2nd, 2012",2012-10-02,,,,,https://www.techpowerup.com/gpu-specs/radeon-hd-7660d-igp.c825,,radeonhd7660digp
NVIDIA,GeForce GT 320M,GT216,1.0,DDR3,128,PCIe 2.0 x16,0.5,0.79,24,8,8,"Mar 3rd, 2010",2010-03-03,113,2365,,,https://www.techpowerup.com/gpu-specs/geforce-gt-320m.c2272,https://www.videocardbenchmark.net/video_lookup.php?gpu=GeForce+GT+320M&id=1414,geforcegt320m
AMD,Radeon R5 310 OEM,Caicos,2.0,DDR3,64,PCIe 2.0 x16,0.775,0.805,160,8,4,"May 5th, 2015",2015-05-05,,,,,https://www.techpowerup.com/gpu-specs/radeon-r5-310-oem.c2680,,radeonr5310oem
NVIDIA,GeForce 9400M,C79,,DDR,,PCIe 2.0 x16,0.58,,16,8,4,"Oct 15th, 2008",2008-10-15,101,2400,,,https://www.techpowerup.com/gpu-specs/geforce-9400m.c2055,https://www.videocardbenchmark.net/video_lookup.php?gpu=GeForce+9400M&id=1299,geforce9400m
AMD,Radeon Pro W5500X,Navi 14,8.0,GDDR6,128,Apple MPX,1.757,1.75,1536,96,32,"Dec 11th, 2019",2019-12-11,7350,396,,,https://www.techpowerup.com/gpu-specs/radeon-pro-w5500x.c4105,https://www.videocardbenchmark.net/video_lookup.php?gpu=Radeon+Pro+W5500X&id=4909,radeonprow5500x
NVIDIA,GeForce GT 630 Rev. 2,GK208,2.0,DDR3,64,PCIe 2.0 x8,0.902,0.9,384,32,8,"May 29th, 2013",2013-05-29,,,,,https://www.techpowerup.com/gpu-specs/geforce-gt-630-rev-2.c2376,,geforcegt630rev2
NVIDIA,GeForce RTX 4090 Max-Q,AD103,16.0,GDDR6,256,PCIe 4.0 x16,1.455,2.25,9728,304,112,"Feb 8th, 2023",2023-02-08,,,,,https://www.techpowerup.com/gpu-specs/geforce-rtx-4090-max-q.c3988,,geforcertx4090maxq
NVIDIA,Riva 128 PCI,NV3,0.0039,SDR,128,PCI,0.1,0.1,1,0,1,"Apr 1st, 1997",1997-04-01,,,,,https://www.techpowerup.com/gpu-specs/riva-128-pci.c1307,,riva128pci
AMD,Radeon Vega Frontier Edition Watercooled,Vega 10,16.0,HBM2,2048,PCIe 3.0 x16,1.6,0.945,4096,256,64,"Jul 13th, 2017",2017-07-13,,,,,https://www.techpowerup.com/gpu-specs/radeon-vega-frontier-edition-watercooled.c2982,,radeonvegafrontiereditionwatercooled
NVIDIA,GeForce FX 5600 XT,NV31,0.125,DDR,128,AGP 8x,0.235,0.2,4,2,4,"Mar 17th, 2003",2003-03-17,9,2705,,,https://www.techpowerup.com/gpu-specs/geforce-fx-5600-xt.c589,https://www.videocardbenchmark.net/video_lookup.php?gpu=GeForce+FX+5600XT&id=1339,geforcefx5600xt
NVIDIA,NVS 5200M,GF108,1.0,GDDR5,64,MXM,0.672,0.785,96,16,4,"Sep 17th, 2012",2012-09-17,488,1900,,,https://www.techpowerup.com/gpu-specs/nvs-5200m.c2099,https://www.videocardbenchmark.net/video_lookup.php?gpu=NVS+5200M&id=2158,nvs5200m
NVIDIA,Quadro NVS 450,G98,0.25,GDDR3,64,PCIe 1.0 x16,0.48,0.7,8,4,4,"Nov 11th, 2008",2008-11-11,66,2496,0.14,490.93,https://www.techpowerup.com/gpu-specs/quadro-nvs-450.c1449,https://www.videocardbenchmark.net/video_lookup.php?gpu=Quadro+NVS+450&id=1642,quadronvs450
Sony,Playstation 2 GPU 180nm,GS-180nm,0.0039,EDRAM,2560,IGP,0.147,0.15,16,2,8,"Apr 18th, 2001",2001-04-18,,,,,https://www.techpowerup.com/gpu-specs/playstation-2-gpu-180nm.c3705,,playstation2gpu180nm
AMD,Radeon R3 Mobile Graphics,Beema,,DDR3,3,IGP,0.6,,128,8,4,"Jan 28th, 2015",2015-01-28,,,,,https://www.techpowerup.com/gpu-specs/radeon-r3-mobile-graphics.c2494,,radeonr3mobilegraphics
AMD,Radeon R9 370 1024SP,Trinidad,2.0,GDDR5,256,PCIe 3.0 x16,0.975,1.4,1024,64,32,"Jun 12th, 2015",2015-06-12,,,,,https://www.techpowerup.com/gpu-specs/radeon-r9-370-1024sp.c2800,,radeonr93701024sp
AMD,Radeon RX 455 OEM,Tobago,2.0,GDDR5,128,PCIe 3.0 x16,1.05,1.625,768,48,16,"Jun 30th, 2016",2016-06-30,,,,,https://www.techpowerup.com/gpu-specs/radeon-rx-455-oem.c2889,,radeonrx455oem
AMD,Xclipse 920 GPU,Van Gogh Lite,,LPDDR5,5,IGP,1.306,,384,24,24,"Feb 25th, 2022",2022-02-25,,,,,https://www.techpowerup.com/gpu-specs/xclipse-920-gpu.c4429,,xclipse920gpu
ATI,FirePro V3800,Redwood,0.5,DDR3,64,PCIe 2.0 x16,0.65,0.9,400,20,8,"Apr 26th, 2010",2010-04-26,320,2066,2.57,124.99,https://www.techpowerup.com/gpu-specs/firepro-v3800.c571,https://www.videocardbenchmark.net/video_lookup.php?gpu=FirePro+V3800&id=3518,fireprov3800
NVIDIA,GeForce 8400 GS Rev. 2,G98S,0.5,DDR2,64,PCIe 2.0 x16,0.567,0.4,8,4,4,"Dec 4th, 2007",2007-12-04,,,,,https://www.techpowerup.com/gpu-specs/geforce-8400-gs-rev-2.c770,,geforce8400gsrev2
NVIDIA,GeForce GTX 260 Core 216,GT200,0.875,GDDR3,448,PCIe 2.0 x16,0.576,0.999,216,72,28,"Sep 16th, 2008",2008-09-16,,,,,https://www.techpowerup.com/gpu-specs/geforce-gtx-260-core-216.c2422,,geforcegtx260core216
AMD,Radeon Vega 11,Picasso,,DDR4,4,IGP,1.4,,704,44,8,"Sep 30th, 2019",2019-09-30,1868,1038,,,https://www.techpowerup.com/gpu-specs/radeon-vega-11.c3595,https://www.videocardbenchmark.net/video_lookup.php?gpu=Radeon+Vega+11&id=4136,radeonvega11
ATI,3D Rage II,Mach64 GT-B,0.0039,SDR,64,PCI,0.06,0.083,1,0,1,"Sep 5th, 1996",1996-09-05,,,,,https://www.techpowerup.com/gpu-specs/3d-rage-ii.c873,,3drageii
NVIDIA,GeForce GTX 660 OEM,GK104,1.5,GDDR5,192,PCIe 3.0 x16,0.888,1.4,1152,96,24,"Aug 22nd, 2012",2012-08-22,,,,,https://www.techpowerup.com/gpu-specs/geforce-gtx-660-oem.c807,,geforcegtx660oem
Intel,UHD Graphics 48EU Mobile,Alder Lake,,DDR4,4,Ring Bus,1.15,,384,24,12,"Jan 4th, 2022",2022-01-04,,,,,https://www.techpowerup.com/gpu-specs/uhd-graphics-48eu-mobile.c3883,,uhdgraphics48eumobile
NVIDIA,GeForce 6800 Ultra DDL,NV40,0.25,GDDR3,256,AGP Pro 8x,0.4,0.55,16,6,16,"Apr 14th, 2004",2004-04-14,,,,,https://www.techpowerup.com/gpu-specs/geforce-6800-ultra-ddl.c1299,,geforce6800ultraddl
AMD,FirePro M4000,Chelsea,1.0,GDDR5,128,MXM-A (3.0),0.675,1.0,512,32,16,"Jun 27th, 2012",2012-06-27,1591,1147,21.86,72.83,https://www.techpowerup.com/gpu-specs/firepro-m4000.c1677,https://www.videocardbenchmark.net/video_lookup.php?gpu=FirePro+M4000&id=238,fireprom4000
NVIDIA,GeForce 8400,G98S,0.25,DDR2,64,PCIe 2.0 x16,0.54,0.5,8,4,4,"Dec 4th, 2007",2007-12-04,81,2458,0.14,589.99,https://www.techpowerup.com/gpu-specs/geforce-8400.c2045,https://www.videocardbenchmark.net/video_lookup.php?gpu=GeForce+8400&id=1262,geforce8400
NVIDIA,GeForce GT 520MX,GF119,1.0,DDR3,64,PCIe 2.0 x16,0.9,0.9,48,8,4,"May 30th, 2011",2011-05-30,285,2098,,,https://www.techpowerup.com/gpu-specs/geforce-gt-520mx.c1489,https://www.videocardbenchmark.net/video_lookup.php?gpu=GeForce+GT+520MX&id=2144,geforcegt520mx
NVIDIA,GeForce GT 555M,GF106,1.0,DDR3,128,PCIe 2.0 x16,0.525,0.9,144,24,16,"Oct 27th, 2011",2011-10-27,646,1692,3.65,177.2,https://www.techpowerup.com/gpu-specs/geforce-gt-555m.c1494,https://www.videocardbenchmark.net/video_lookup.php?gpu=GeForce+GT+555M&id=1428,geforcegt555m
NVIDIA,GeForce RTX 2060 SUPER Mobile,TU106,8.0,GDDR6,256,PCIe 3.0 x16,1.53,1.75,2176,136,64,"Jul 9th, 2019",2019-07-09,,,,,https://www.techpowerup.com/gpu-specs/geforce-rtx-2060-super-mobile.c4150,,geforcertx2060supermobile
NVIDIA,Tesla K40m,GK110B,12.0,GDDR5,384,PCIe 3.0 x16,0.876,1.502,2880,240,48,"Nov 22nd, 2013",2013-11-22,3143,742,,,https://www.techpowerup.com/gpu-specs/tesla-k40m.c2529,https://www.videocardbenchmark.net/video_lookup.php?gpu=Tesla+K40m&id=4476,teslak40m
Intel,Arctic Sound-M,Arctic Sound,16.0,HBM2E,4096,PCIe 4.0 x16,0.9,1.2,8192,256,128,2022,202201-01,,,,,https://www.techpowerup.com/gpu-specs/arctic-sound-m.c3885,,arcticsoundm
NVIDIA,GeForce 8400 GS PCI,G98S,0.5,DDR2,64,PCI,0.567,0.333,8,4,4,"Dec 4th, 2007",2007-12-04,,,,,https://www.techpowerup.com/gpu-specs/geforce-8400-gs-pci.c3320,,geforce8400gspci
NVIDIA,GeForce GTX 680M,GK104,4.0,GDDR5,256,MXM-B (3.0),0.758,0.9,1344,112,32,"Jun 4th, 2012",2012-06-04,3287,720,24.18,135.99,https://www.techpowerup.com/gpu-specs/geforce-gtx-680m.c344,https://www.videocardbenchmark.net/video_lookup.php?gpu=GeForce+GTX+680M&id=1461,geforcegtx680m
NVIDIA,Quadro 2000M,GF106,2.0,DDR3,128,MXM-A (3.0),0.55,0.9,192,32,16,"Jan 13th, 2011",2011-01-13,760,1569,3.31,229.74,https://www.techpowerup.com/gpu-specs/quadro-2000m.c1430,https://www.videocardbenchmark.net/video_lookup.php?gpu=Quadro+2000M&id=49,quadro2000m
NVIDIA,GeForce GTX 1070 Max-Q,GP104B,8.0,GDDR5,256,PCIe 3.0 x16,1.379,2.002,2048,128,64,"Jun 27th, 2017",2017-06-27,,,,,https://www.techpowerup.com/gpu-specs/geforce-gtx-1070-max-q.c2974,,geforcegtx1070maxq
AMD,FirePro W600,Cape Verde,2.0,GDDR5,128,PCIe 3.0 x16,0.75,1.0,512,32,16,"Jun 13th, 2012",2012-06-13,1694,1099,4.08,414.99,https://www.techpowerup.com/gpu-specs/firepro-w600.c562,https://www.videocardbenchmark.net/video_lookup.php?gpu=FirePro+W600&id=2371,fireprow600
AMD,Radeon 520 Mobile GDDR5,Banks,2.0,GDDR5,64,PCIe 3.0 x8,1.03,1.125,320,20,8,"Apr 18th, 2017",2017-04-18,,,,,https://www.techpowerup.com/gpu-specs/radeon-520-mobile-gddr5.c3236,,radeon520mobilegddr5
AMD,Radeon HD 8550M,Sun,1.0,DDR3,64,PCIe 3.0 x8,0.85,0.9,320,20,8,"Jul 13th, 2014",2014-07-13,,,,,https://www.techpowerup.com/gpu-specs/radeon-hd-8550m.c1905,,radeonhd8550m
AMD,Radeon HD 8950 OEM,Tahiti,3.0,GDDR5,384,PCIe 3.0 x16,0.925,1.25,1792,112,32,"Jan 8th, 2013",2013-01-08,,,,,https://www.techpowerup.com/gpu-specs/radeon-hd-8950-oem.c1971,,radeonhd8950oem
NVIDIA,GeForce GT 640 Rev. 2,GK208,1.0,GDDR5,64,PCIe 2.0 x8,1.046,1.252,384,32,8,"May 29th, 2013",2013-05-29,,,,,https://www.techpowerup.com/gpu-specs/geforce-gt-640-rev-2.c2377,,geforcegt640rev2
NVIDIA,GeForce RTX 2060 Max-Q Refresh,TU106B,6.0,GDDR6,192,PCIe 3.0 x16,1.2,1.353,1920,120,48,"Jan 29th, 2019",2019-01-29,,,,,https://www.techpowerup.com/gpu-specs/geforce-rtx-2060-max-q-refresh.c3628,,geforcertx2060maxqrefresh
NVIDIA,GeForce 410M,GF119S,1.0,DDR3,64,PCIe 2.0 x16,0.574,0.8,48,8,4,"Jan 5th, 2011",2011-01-05,271,2110,,,https://www.techpowerup.com/gpu-specs/geforce-410m.c1485,https://www.videocardbenchmark.net/video_lookup.php?gpu=GeForce+410M&id=1178,geforce410m
NVIDIA,GeForce GTX 460 SE,GF104,1.0,GDDR5,256,PCIe 2.0 x16,0.65,0.85,288,48,32,"Nov 15th, 2010",2010-11-15,1990,992,12.44,159.99,https://www.techpowerup.com/gpu-specs/geforce-gtx-460-se.c357,https://www.videocardbenchmark.net/video_lookup.php?gpu=GeForce+GTX+460+SE&id=123,geforcegtx460se
NVIDIA,Jetson AGX Xavier 32 GB,GV11B,32.0,LPDDR4X,256,PCIe 4.0 x4,1.377,2.133,512,32,16,Oct 2018,2018-10-01,,,,,https://www.techpowerup.com/gpu-specs/jetson-agx-xavier-32-gb.c4088,,jetsonagxxavier32gb
NVIDIA,RTX 3500 Embedded Ada Generation,AD104,12.0,GDDR6,192,PCIe 4.0 x16,2.25,2.25,5120,160,64,"Oct 4th, 2023",2023-10-04,,,,,https://www.techpowerup.com/gpu-specs/rtx-3500-embedded-ada-generation.c4201,,rtx3500embeddedadageneration
AMD,FirePro M6100,Saturn,2.0,GDDR5,128,MXM-B (3.0),1.075,1.375,768,48,16,"Oct 16th, 2013",2013-10-16,2526,854,,,https://www.techpowerup.com/gpu-specs/firepro-m6100.c2516,https://www.videocardbenchmark.net/video_lookup.php?gpu=FirePro+M6100&id=2657,fireprom6100
Intel,GMA X3100,Crestline,,UMA,,FSB,0.5,,8,1,8,"May 9th, 2007",2007-05-09,,,,,https://www.techpowerup.com/gpu-specs/gma-x3100.c3124,,gmax3100
Intel,UHD Graphics 605 Mobile,Gemini Lake GT1.5,,DDR4,4,Ring Bus,0.75,,144,18,3,"Dec 11th, 2017",2017-12-11,,,,,https://www.techpowerup.com/gpu-specs/uhd-graphics-605-mobile.c3101,,uhdgraphics605mobile
NVIDIA,GeForce GTX 760 X2,GK104,2.0,GDDR5,256,PCIe 3.0 x16,1.072,1.502,1152,96,32,"Nov 19th, 2013",2013-11-19,,,,,https://www.techpowerup.com/gpu-specs/geforce-gtx-760-x2.c2521,,geforcegtx760x2
NVIDIA,Jetson TX1,GM20B,4.0,LPDDR4,64,PCIe 2.0 x4,0.998,0.6,256,16,16,"Jan 4th, 2015",2015-01-04,,,,,https://www.techpowerup.com/gpu-specs/jetson-tx1.c3230,,jetsontx1
NVIDIA,PG506-242,GA100,24.0,HBM2,3072,PCIe 4.0 x16,1.44,1.215,3584,224,96,"Jul 19th, 2021",2021-07-19,,,,,https://www.techpowerup.com/gpu-specs/pg506-242.c3823,,pg506242
NVIDIA,Quadro FX 5500,G71,1.0,DDR2,256,PCIe 1.0 x16,0.65,0.505,24,8,24,"Apr 20th, 2006",2006-04-20,242,2144,0.12,1999.0,https://www.techpowerup.com/gpu-specs/quadro-fx-5500.c1335,https://www.videocardbenchmark.net/video_lookup.php?gpu=Quadro+FX+5500&id=1603,quadrofx5500
ATI,Radeon HD 5870 Eyefinity 6,Cypress,2.0,GDDR5,256,PCIe 2.0 x16,0.85,1.2,1600,80,32,"Mar 11th, 2010",2010-03-11,,,,,https://www.techpowerup.com/gpu-specs/radeon-hd-5870-eyefinity-6.c497,,radeonhd5870eyefinity6
NVIDIA,Jetson Orin NX 8 GB,GA10B,8.0,LPDDR5,128,PCIe 4.0 x4,0.765,0.8,1024,32,16,Mar 2023,2023-03-01,,,,,https://www.techpowerup.com/gpu-specs/jetson-orin-nx-8-gb.c4081,,jetsonorinnx8gb
NVIDIA,N1 20SM,GB20B,128.0,LPDDR5X,256,PCIe 5.0 x16,2.346,1.067,2560,80,24,"Jun 1st, 2026",2026-06-01,,,,,https://www.techpowerup.com/gpu-specs/n1-20sm.c4415,,n120sm
AMD,Radeon HD 7560D IGP,Devastator Lite,,DDR3,3,IGP,0.76,,256,16,8,"Oct 2nd, 2012",2012-10-02,,,,,https://www.techpowerup.com/gpu-specs/radeon-hd-7560d-igp.c824,,radeonhd7560digp
AMD,Radeon R5 435 OEM,Banks,2.0,DDR3,64,PCIe 3.0 x8,1.03,1.125,320,20,8,"Jun 30th, 2016",2016-06-30,,,,,https://www.techpowerup.com/gpu-specs/radeon-r5-435-oem.c2894,,radeonr5435oem
ATI,ES1000,ES1000,,DDR,,PCI,0.2,,0,0,3,"Oct 18th, 2007",2007-10-18,,,,,https://www.techpowerup.com/gpu-specs/es1000.c2102,,es1000
Intel,Arc Graphics 48EU Mobile,Meteor Lake-U,,DDR4,4,IGP,1.8,,384,24,8,"Dec 14th, 2023",2023-12-14,,,,,https://www.techpowerup.com/gpu-specs/arc-graphics-48eu-mobile.c4198,,arcgraphics48eumobile
NVIDIA,H100 SXM5 94 GB,GH100,94.0,HBM3,5120,PCIe 5.0 x16,1.98,1.313,16896,528,24,"Mar 21st, 2023",2023-03-21,,,,,https://www.techpowerup.com/gpu-specs/h100-sxm5-94-gb.c4294,,h100sxm594gb
NVIDIA,L40G,AD102,24.0,GDDR6,384,PCIe 4.0 x16,2.475,2.25,18176,568,192,"Jan 19th, 2023",2023-01-19,,,,,https://www.techpowerup.com/gpu-specs/l40g.c3960,,l40g
AMD,FirePro 2270,Cedar,0.5,GDDR3,64,PCIe 2.0 x16,0.6,0.6,80,8,4,"Jan 31st, 2011",2011-01-31,142,2284,1.06,134.0,https://www.techpowerup.com/gpu-specs/firepro-2270.c1183,https://www.videocardbenchmark.net/video_lookup.php?gpu=FirePro+2270&id=115,firepro2270
AMD,Radeon R9 M290X,Neptune,4.0,GDDR5,256,PCIe 3.0 x16,0.9,1.2,1280,80,32,"Jan 9th, 2014",2014-01-09,3200,732,,,https://www.techpowerup.com/gpu-specs/radeon-r9-m290x.c2546,https://www.videocardbenchmark.net/video_lookup.php?gpu=Radeon+R9+M290X&id=2918,radeonr9m290x
AMD,Radeon RX 6800 3456SP,Navi 21,16.0,GDDR6,256,PCIe 4.0 x16,2.25,2.0,3456,216,96,Unknown,,,,,,https://www.techpowerup.com/gpu-specs/radeon-rx-6800-3456sp.c4347,,radeonrx68003456sp
ATI,Radeon X300 SE,RV370,0.0625,DDR,64,PCIe 1.0 x16,0.325,0.2,4,2,4,"Sep 1st, 2004",2004-09-01,38,2592,,,https://www.techpowerup.com/gpu-specs/radeon-x300-se.c512,https://www.videocardbenchmark.net/video_lookup.php?gpu=RADEON+X300SE&id=1765,radeonx300se
Intel,Arc A380E,DG2-128,6.0,GDDR6,96,PCIe 4.0 x8,2.0,1.937,1024,64,32,Apr 2024,2024-04-01,6290,441,,,https://www.techpowerup.com/gpu-specs/arc-a380e.c4393,https://www.videocardbenchmark.net/video_lookup.php?gpu=Intel+Arc+A380E&id=5936,arca380e
Intel,Arc A730M,DG2-512,12.0,GDDR6,192,PCIe 4.0 x16,2.05,1.75,3072,192,96,2022,202201-01,9808,301,,,https://www.techpowerup.com/gpu-specs/arc-a730m.c3908,https://www.videocardbenchmark.net/video_lookup.php?gpu=Intel+Arc+A730M&id=4928,arca730m
Moore-Threads,MTT S1000M,Sudi,4.0,LPDDR4,128,PCIe 3.0 x8,1.0,2.133,1024,64,64,"Aug 22nd, 2022",2022-08-22,,,,,https://www.techpowerup.com/gpu-specs/mtt-s1000m.c4265,,mtts1000m
NVIDIA,GeForce 210 Rev. 2,GT218S,1.0,DDR3,64,PCIe 2.0 x16,0.52,0.4,16,8,4,"Oct 12th, 2009",2009-10-12,,,,,https://www.techpowerup.com/gpu-specs/geforce-210-rev-2.c3279,,geforce210rev2
NVIDIA,Jetson T2000,GB10B,16.0,LPDDR5X,128,PCIe 5.0 x8,0.763,1.067,1024,32,16,2027,202701-01,,,,,https://www.techpowerup.com/gpu-specs/jetson-t2000.c4435,,jetsont2000
NVIDIA,Jetson T3000,GB10B,32.0,LPDDR5X,256,PCIe 5.0 x8,1.1,1.067,1536,48,16,2027,202701-01,,,,,https://www.techpowerup.com/gpu-specs/jetson-t3000.c4434,,jetsont3000
AMD,Radeon Pro SSG,Fiji,4.0,HBM,4096,PCIe 3.0 x16,1.05,0.5,4096,256,64,"Jul 26th, 2016",2016-07-26,10971,278,4.55,2410.15,https://www.techpowerup.com/gpu-specs/radeon-pro-ssg.c3978,https://www.videocardbenchmark.net/video_lookup.php?gpu=Radeon+Pro+SSG&id=3985,radeonprossg
AMD,Radeon R5 M430,Jet,2.0,DDR3,64,PCIe 3.0 x8,1.03,1.125,320,20,8,"May 15th, 2016",2016-05-15,648,1688,,,https://www.techpowerup.com/gpu-specs/radeon-r5-m430.c2945,https://www.videocardbenchmark.net/video_lookup.php?gpu=Radeon+R5+M430&id=3552,radeonr5m430
ATI,Radeon X1950 PRO AGP,RV570,0.5,GDDR3,256,AGP 8x,0.575,0.69,36,8,12,"Oct 25th, 2006",2006-10-25,,,,,https://www.techpowerup.com/gpu-specs/radeon-x1950-pro-agp.c191,,radeonx1950proagp
Intel,UHD Graphics 16EU,Rocket Lake,,DDR4,4,Ring Bus,0.9,,128,8,8,2021,202101-01,,,,,https://www.techpowerup.com/gpu-specs/uhd-graphics-16eu.c3764,,uhdgraphics16eu
NVIDIA,GeForce GTX 460M,GF106,1.5,GDDR5,192,PCIe 2.0 x16,0.675,0.625,192,32,24,"Sep 3rd, 2010",2010-09-03,1223,1278,,,https://www.techpowerup.com/gpu-specs/geforce-gtx-460m.c1502,https://www.videocardbenchmark.net/video_lookup.php?gpu=GeForce+GTX+460M&id=93,geforcegtx460m
NVIDIA,Riva TNT2 Vanta-16,NV6,0.0156,SDR,64,AGP 4x,0.1,0.133,2,0,2,"Mar 22nd, 1999",1999-03-22,,,,,https://www.techpowerup.com/gpu-specs/riva-tnt2-vanta-16.c1305,,rivatnt2vanta16
AMD,Radeon R5 M230,Jet,4.0,DDR3,64,PCIe 3.0 x8,0.855,1.0,320,20,8,"Jan 7th, 2014",2014-01-07,435,1959,,,https://www.techpowerup.com/gpu-specs/radeon-r5-m230.c2415,https://www.videocardbenchmark.net/video_lookup.php?gpu=Radeon+R5+M230&id=3025,radeonr5m230
AMD,Radeon R7 Mobile Graphics,Wani-M,,DDR3,3,IGP,0.72,,512,32,8,"Nov 15th, 2015",2015-11-15,,,,,https://www.techpowerup.com/gpu-specs/radeon-r7-mobile-graphics.c2779,,radeonr7mobilegraphics
NVIDIA,GeForce 505 OEM,GT218S,0.5,DDR3,64,PCIe 1.0 x16,0.589,0.6,16,8,4,"Jan 6th, 2013",2013-01-06,,,,,https://www.techpowerup.com/gpu-specs/geforce-505-oem.c1998,,geforce505oem
NVIDIA,GeForce 9600 GTX,G92,0.5,GDDR3,256,PCIe 2.0 x16,0.58,0.7,96,48,16,"May 27th, 2009",2009-05-27,,,,,https://www.techpowerup.com/gpu-specs/geforce-9600-gtx.c1942,,geforce9600gtx
NVIDIA,H100 SXM5 64 GB,GH100,64.0,HBM3,3072,PCIe 5.0 x16,1.98,1.313,16896,528,24,"Mar 21st, 2023",2023-03-21,,,,,https://www.techpowerup.com/gpu-specs/h100-sxm5-64-gb.c4165,,h100sxm564gb
AMD,Radeon Pro 5700,Navi 10,8.0,GDDR6,256,PCIe 4.0 x16,1.35,1.5,2304,144,64,"Aug 4th, 2020",2020-08-04,11456,265,,,https://www.techpowerup.com/gpu-specs/radeon-pro-5700.c3663,https://www.videocardbenchmark.net/video_lookup.php?gpu=Radeon+Pro+5700&id=4252,radeonpro5700
AMD,Radeon R5 M335,Exo,2.0,DDR3,64,PCIe 3.0 x8,1.03,0.9,320,20,8,"Oct 21st, 2015",2015-10-21,548,1820,,,https://www.techpowerup.com/gpu-specs/radeon-r5-m335.c2692,https://www.videocardbenchmark.net/video_lookup.php?gpu=Radeon+R5+M335&id=3332,radeonr5m335
AMD,Radeon RX 550 512SP,Baffin,2.0,GDDR5,128,PCIe 3.0 x8,1.071,1.5,512,32,16,"Oct 13th, 2017",2017-10-13,,,,,https://www.techpowerup.com/gpu-specs/radeon-rx-550-512sp.c3740,,radeonrx550512sp
NVIDIA,GeForce GTX 580 Rev. 2,GF110,1.5,GDDR5,384,PCIe 2.0 x16,0.772,1.002,512,64,48,"Jun 6th, 2011",2011-06-06,,,,,https://www.techpowerup.com/gpu-specs/geforce-gtx-580-rev-2.c3009,,geforcegtx580rev2
NVIDIA,GRID A100A,GA100,32.0,HBM2E,6144,PCIe 4.0 x16,1.41,1.215,6912,432,192,"May 14th, 2020",2020-05-14,,,,,https://www.techpowerup.com/gpu-specs/grid-a100a.c3579,,grida100a
NVIDIA,H100 CNX,GH100,80.0,HBM2E,5120,PCIe 5.0 x16,1.845,1.593,14592,456,24,"Mar 21st, 2023",2023-03-21,,,,,https://www.techpowerup.com/gpu-specs/h100-cnx.c4131,,h100cnx
NVIDIA,Quadro K3000M,GK104,2.0,GDDR5,256,MXM-B (3.0),0.654,0.7,576,48,32,"Jun 1st, 2012",2012-06-01,1614,1135,3.96,407.56,https://www.techpowerup.com/gpu-specs/quadro-k3000m.c1423,https://www.videocardbenchmark.net/video_lookup.php?gpu=Quadro+K3000M&id=2213,quadrok3000m
NVIDIA,Tesla M6 Mobile,GM204,8.0,GDDR5,256,PCIe 3.0 x16,1.18,1.253,1536,96,64,"Aug 30th, 2015",2015-08-30,,,,,https://www.techpowerup.com/gpu-specs/tesla-m6-mobile.c2818,,teslam6mobile
3Dfx,Voodoo4 4500 AGP,VSA-100,0.0312,SDR,128,AGP 4x,0.166,0.166,2,0,2,"Oct 13th, 2000",2000-10-13,,,,,https://www.techpowerup.com/gpu-specs/voodoo4-4500-agp.c3548,,voodoo44500agp
Intel,Arc Pro B370,Panther Lake-H,,LPDDR5X,5,IGP,2.4,,1280,40,20,"Jan 27th, 2026",2026-01-27,,,,,https://www.techpowerup.com/gpu-specs/arc-pro-b370.c4397,,arcprob370
AMD,FirePro W8000,Tahiti,4.0,GDDR5,256,PCIe 3.0 x16,0.9,1.375,1792,112,32,"Jun 14th, 2012",2012-06-14,4091,623,7.14,573.0,https://www.techpowerup.com/gpu-specs/firepro-w8000.c586,https://www.videocardbenchmark.net/video_lookup.php?gpu=FirePro+W8000&id=2427,fireprow8000
NVIDIA,GeForce GT 440 OEM,GF106,1.5,DDR3,192,PCIe 2.0 x16,0.81,0.9,144,24,24,"Oct 11th, 2010",2010-10-11,,,,,https://www.techpowerup.com/gpu-specs/geforce-gt-440-oem.c261,,geforcegt440oem
NVIDIA,Tesla C1060,GT200B,1.0,GDDR3,512,PCIe 2.0 x16,0.61,0.8,240,80,32,"Apr 9th, 2009",2009-04-09,,,,,https://www.techpowerup.com/gpu-specs/tesla-c1060.c1539,,teslac1060
NVIDIA,Tesla P100 DGXS,GP100,16.0,HBM2,4096,PCIe 3.0 x16,1.48,0.715,3584,224,96,"Apr 5th, 2016",2016-04-05,,,,,https://www.techpowerup.com/gpu-specs/tesla-p100-dgxs.c3285,,teslap100dgxs
AMD,Radeon RX 570 Mobile,Ellesmere,8.0,GDDR5,256,MXM-B (3.0),1.206,1.65,2048,128,32,"Dec 10th, 2017",2017-12-10,,,,,https://www.techpowerup.com/gpu-specs/radeon-rx-570-mobile.c3068,,radeonrx570mobile
Intel,UHD Graphics 24EU Mobile,Alder Lake,,DDR4,4,Ring Bus,1.2,,192,12,6,"Jan 4th, 2022",2022-01-04,,,,,https://www.techpowerup.com/gpu-specs/uhd-graphics-24eu-mobile.c4146,,uhdgraphics24eumobile
NVIDIA,GeForce GTX 670M,GF114,1.5,GDDR5,192,MXM-B (3.0),0.598,0.75,336,56,24,"Mar 22nd, 2012",2012-03-22,1712,1095,,,https://www.techpowerup.com/gpu-specs/geforce-gtx-670m.c548,https://www.videocardbenchmark.net/video_lookup.php?gpu=GeForce+GTX+670M&id=1459,geforcegtx670m
AMD,Radeon RX 5700M,Navi 10,8.0,GDDR6,256,PCIe 4.0 x16,1.72,1.5,2304,144,64,"Mar 1st, 2020",2020-03-01,,,,,https://www.techpowerup.com/gpu-specs/radeon-rx-5700m.c3476,,radeonrx5700m
NVIDIA,GeForce4 MX 420 PCI,NV17,0.0625,SDR,64,PCI,0.25,0.166,2,0,4,"Feb 6th, 2002",2002-02-06,,,,,https://www.techpowerup.com/gpu-specs/geforce4-mx-420-pci.c778,,geforce4mx420pci
AMD,Radeon HD 7650A,Onega,1.0,DDR3,128,MXM-A (3.0),0.6,0.9,480,24,8,"Jan 5th, 2012",2012-01-05,555,1810,2.12,262.0,https://www.techpowerup.com/gpu-specs/radeon-hd-7650a.c1694,https://www.videocardbenchmark.net/video_lookup.php?gpu=Radeon+HD+7650A&id=332,radeonhd7650a
AMD,Radeon HD 8970M,Neptune,4.0,GDDR5,256,PCIe 3.0 x16,0.9,1.2,1280,80,32,"May 14th, 2013",2013-05-14,3876,649,27.69,139.99,https://www.techpowerup.com/gpu-specs/radeon-hd-8970m.c1966,https://www.videocardbenchmark.net/video_lookup.php?gpu=Radeon+HD+8970M&id=2865,radeonhd8970m
Lisuan-Tech,LX MAX,7G106,12.0,GDDR6,192,PCIe 4.0 x16,2.0,2.25,6144,192,96,"Mar 17th, 2026",2026-03-17,,,,,https://www.techpowerup.com/gpu-specs/lx-max.c4409,,lxmax
NVIDIA,GeForce GTX 555 OEM,GF114,1.0,GDDR5,192,PCIe 2.0 x16,0.736,0.957,288,48,24,"May 14th, 2011",2011-05-14,,,,,https://www.techpowerup.com/gpu-specs/geforce-gtx-555-oem.c882,,geforcegtx555oem
ATI,Radeon 9000 PRO,RV250,0.125,DDR,128,AGP 4x,0.275,0.275,4,1,4,"Jul 18th, 2002",2002-07-18,,,,,https://www.techpowerup.com/gpu-specs/radeon-9000-pro.c80,,radeon9000pro
Intel,HD Graphics P530,Skylake GT2,,DDR4,4,Ring Bus,1.0,,192,16,3,"Sep 1st, 2015",2015-09-01,,,,,https://www.techpowerup.com/gpu-specs/hd-graphics-p530.c2793,,hdgraphicsp530
NVIDIA,GeForce 8600 GS,G84,0.5,DDR2,128,PCIe 1.0 x16,0.54,0.4,16,8,8,"Apr 17th, 2007",2007-04-17,179,2221,,,https://www.techpowerup.com/gpu-specs/geforce-8600-gs.c1767,https://www.videocardbenchmark.net/video_lookup.php?gpu=GeForce+8600+GS&id=1272,geforce8600gs
NVIDIA,Quadro FX 880M,GT216,1.0,GDDR3,128,MXM-A (3.0),0.55,0.79,48,16,8,"Jan 7th, 2010",2010-01-07,244,2142,,,https://www.techpowerup.com/gpu-specs/quadro-fx-880m.c1394,https://www.videocardbenchmark.net/video_lookup.php?gpu=Quadro+FX+880M&id=1612,quadrofx880m
NVIDIA,RTX A2000 Embedded,GA107,4.0,GDDR6,128,PCIe 4.0 x8,1.177,1.5,2560,80,32,"Mar 30th, 2022",2022-03-30,,,,,https://www.techpowerup.com/gpu-specs/rtx-a2000-embedded.c3861,,rtxa2000embedded
AMD,Radeon 540X Mobile,Polaris 23,2.0,GDDR5,64,PCIe 3.0 x8,1.095,1.0,512,32,16,"Feb 11th, 2019",2019-02-11,,,,,https://www.techpowerup.com/gpu-specs/radeon-540x-mobile.c3415,,radeon540xmobile
ATI,Radeon 7200,R100,0.0312,DDR,128,AGP 4x,0.166,0.166,2,1,6,"Apr 1st, 2000",2000-04-01,2,2825,0.0,599.99,https://www.techpowerup.com/gpu-specs/radeon-7200.c1154,https://www.videocardbenchmark.net/video_lookup.php?gpu=RADEON+7200&id=1693,radeon7200
NVIDIA,GeForce 7900 GX2,G71,0.5,GDDR3,256,PCIe 1.0 x16,0.5,0.6,24,8,24,"Apr 30th, 2006",2006-04-30,,,,,https://www.techpowerup.com/gpu-specs/geforce-7900-gx2.c172,,geforce7900gx2
NVIDIA,Quadro4 980 XGL,NV28,0.125,DDR,128,AGP 8x,0.3,0.325,4,2,8,"Nov 12th, 2002",2002-11-12,5,2755,0.01,341.43,https://www.techpowerup.com/gpu-specs/quadro4-980-xgl.c1357,https://www.videocardbenchmark.net/video_lookup.php?gpu=Quadro4+980+XGL&id=1658,quadro4980xgl
NVIDIA,RTX 5000 Embedded Ada Generation,AD103,16.0,GDDR6,256,PCIe 4.0 x16,1.68,2.25,9728,304,112,"Mar 21st, 2023",2023-03-21,,,,,https://www.techpowerup.com/gpu-specs/rtx-5000-embedded-ada-generation.c4176,,rtx5000embeddedadageneration
NVIDIA,Tegra 3 GPU,Kal-El,0.25,DDR3,32,IGP,0.52,0.667,8,4,8,"Nov 9th, 2011",2011-11-09,,,,,https://www.techpowerup.com/gpu-specs/tegra-3-gpu.c3226,,tegra3gpu
AMD,Radeon Graphics 512SP Mobile,Renoir-M,,DDR4,4,IGP,1.75,,512,32,8,"Mar 7th, 2020",2020-03-07,,,,,https://www.techpowerup.com/gpu-specs/radeon-graphics-512sp-mobile.c3587,,radeongraphics512spmobile
AMD,Radeon R9 255 OEM,Cape Verde,2.0,GDDR5,128,PCIe 3.0 x16,0.93,1.15,512,32,16,"Dec 21st, 2013",2013-12-21,,,,,https://www.techpowerup.com/gpu-specs/radeon-r9-255-oem.c2464,,radeonr9255oem
AMD,Radeon RX 560X Mobile,Polaris 31,4.0,GDDR5,128,PCIe 3.0 x16,1.223,1.75,896,56,16,"Jan 9th, 2019",2019-01-09,,,,,https://www.techpowerup.com/gpu-specs/radeon-rx-560x-mobile.c3357,,radeonrx560xmobile
Intel,UHD Graphics 710 Mobile,Raptor Lake,,DDR4,4,Ring Bus,1.45,,128,8,4,"Jan 4th, 2023",2023-01-04,,,,,https://www.techpowerup.com/gpu-specs/uhd-graphics-710-mobile.c4129,,uhdgraphics710mobile
AMD,Radeon Pro Vega 48,Vega 10,8.0,HBM2,2048,PCIe 3.0 x16,1.2,0.786,3072,192,64,"Mar 19th, 2019",2019-03-19,11256,273,,,https://www.techpowerup.com/gpu-specs/radeon-pro-vega-48.c3395,https://www.videocardbenchmark.net/video_lookup.php?gpu=Radeon+Pro+Vega+48&id=4127,radeonprovega48
NVIDIA,GeForce4 MX 440-8x,NV18,0.0312,DDR,32,AGP 8x,0.275,0.25,2,0,4,"Sep 25th, 2002",2002-09-25,,,,,https://www.techpowerup.com/gpu-specs/geforce4-mx-440-8x.c2132,,geforce4mx4408x
NVIDIA,Riva 128ZX,NV3,0.0078,SDR,128,AGP 2x,0.1,0.1,1,0,1,"Feb 23rd, 1998",1998-02-23,,,,,https://www.techpowerup.com/gpu-specs/riva-128zx.c1311,,riva128zx
NVIDIA,GeForce FX 5700 LE,NV36,0.125,DDR,64,AGP 8x,0.25,0.2,4,3,4,"Mar 1st, 2004",2004-03-01,24,2657,,,https://www.techpowerup.com/gpu-specs/geforce-fx-5700-le.c747,https://www.videocardbenchmark.net/video_lookup.php?gpu=GeForce+FX+5700LE&id=1342,geforcefx5700le
NVIDIA,ION 2,GT218S,,DDR3,3,PCIe 2.0 x16,0.5,,16,8,4,"Jun 3rd, 2008",2008-06-03,,,,,https://www.techpowerup.com/gpu-specs/ion-2.c2168,,ion2
AMD,Radeon RX Vega 56 Mobile,Vega 10,8.0,HBM2,2048,PCIe 3.0 x16,1.301,0.8,3584,224,64,"Jun 1st, 2018",2018-06-01,,,,,https://www.techpowerup.com/gpu-specs/radeon-rx-vega-56-mobile.c3333,,radeonrxvega56mobile
Intel,Iris Pro Graphics 580 Mobile,Skylake GT4e,,DDR4,4,Ring Bus,0.95,,576,72,9,"Sep 1st, 2015",2015-09-01,,,,,https://www.techpowerup.com/gpu-specs/iris-pro-graphics-580-mobile.c2788,,irisprographics580mobile
Intel,Xeon Phi 7120P,Knights Corner,16.0,GDDR5,512,PCIe 3.0 x16,1.333,1.375,976,32,0,"Jun 17th, 2013",2013-06-17,,,,,https://www.techpowerup.com/gpu-specs/xeon-phi-7120p.c1885,,xeonphi7120p
NVIDIA,GeForce 8400M GS,G86S,0.25,DDR2,64,MXM-I,0.4,0.4,16,8,4,"May 9th, 2007",2007-05-09,117,2348,1.5,78.2,https://www.techpowerup.com/gpu-specs/geforce-8400m-gs.c1696,https://www.videocardbenchmark.net/video_lookup.php?gpu=GeForce+8400M+GS&id=1266,geforce8400mgs
AMD,Radeon E9390 PCIe,Ellesmere,8.0,GDDR5,256,PCIe 3.0 x16,1.089,1.25,1792,112,32,"Oct 15th, 2019",2019-10-15,,,,,https://www.techpowerup.com/gpu-specs/radeon-e9390-pcie.c3617,,radeone9390pcie
AMD,Radeon HD 6320 IGP,Loveland,,DDR3,3,IGP,0.508,,80,8,4,"Aug 15th, 2011",2011-08-15,,,,,https://www.techpowerup.com/gpu-specs/radeon-hd-6320-igp.c675,,radeonhd6320igp
AMD,Radeon HD 6630M,Whistler,1.0,DDR3,128,PCIe 2.0 x16,0.5,0.8,480,24,8,"Jan 4th, 2011",2011-01-04,684,1648,,,https://www.techpowerup.com/gpu-specs/radeon-hd-6630m.c327,https://www.videocardbenchmark.net/video_lookup.php?gpu=Radeon+HD+6630M&id=277,radeonhd6630m
AMD,Radeon HD 7970 X2,New Zealand,3.0,GDDR5,384,PCIe 3.0 x16,0.925,1.375,2048,128,32,"Aug 31st, 2012",2012-08-31,,,,,https://www.techpowerup.com/gpu-specs/radeon-hd-7970-x2.c730,,radeonhd7970x2
AMD,Radeon R5 Graphics,Wani,,DDR4,4,IGP,0.9,,384,24,8,"Sep 5th, 2017",2017-09-05,,,,,https://www.techpowerup.com/gpu-specs/radeon-r5-graphics.c3241,,radeonr5graphics
ATI,Radeon X1650,RV530,0.25,DDR2,128,PCIe 1.0 x16,0.5,0.4,12,5,4,"Feb 1st, 2007",2007-02-01,,,,,https://www.techpowerup.com/gpu-specs/radeon-x1650.c446,,radeonx1650
ATI,Radeon X850 XT Platinum,R480,0.25,GDDR3,256,PCIe 1.0 x16,0.54,0.59,16,6,16,"Dec 21st, 2004",2004-12-21,,,,,https://www.techpowerup.com/gpu-specs/radeon-x850-xt-platinum.c103,,radeonx850xtplatinum
NVIDIA,GeForce 9500 GS,G96,0.5,DDR2,128,PCIe 2.0 x16,0.55,0.504,32,16,8,"Jul 29th, 2008",2008-07-29,215,2171,,,https://www.techpowerup.com/gpu-specs/geforce-9500-gs.c3372,https://www.videocardbenchmark.net/video_lookup.php?gpu=GeForce+9500+GS&id=78,geforce9500gs
NVIDIA,Quadro FX 1400,NV41,0.125,DDR,256,PCIe 1.0 x16,0.35,0.3,12,5,12,"Aug 9th, 2004",2004-08-09,124,2332,0.51,245.01,https://www.techpowerup.com/gpu-specs/quadro-fx-1400.c1356,https://www.videocardbenchmark.net/video_lookup.php?gpu=Quadro+FX+1400&id=1560,quadrofx1400
AMD,Radeon HD 6250,Cedar,0.5,GDDR3,64,PCIe 2.0 x16,0.65,0.5,80,8,4,"Jan 31st, 2011",2011-01-31,94,2418,,,https://www.techpowerup.com/gpu-specs/radeon-hd-6250.c2066,https://www.videocardbenchmark.net/video_lookup.php?gpu=Radeon+HD+6250&id=252,radeonhd6250
AMD,Radeon Pro WX 4130 Mobile,Baffin,2.0,GDDR5,128,PCIe 3.0 x8,1.053,1.5,640,40,16,"Mar 1st, 2017",2017-03-01,,,,,https://www.techpowerup.com/gpu-specs/radeon-pro-wx-4130-mobile.c3093,,radeonprowx4130mobile
AMD,Radeon R7 350 Fake Card,Opal,2.0,GDDR5,64,PCIe 3.0 x8,1.05,1.15,384,24,8,2015,201501-01,,,,,https://www.techpowerup.com/gpu-specs/radeon-r7-350-fake-card.c2696,,radeonr7350fakecard
AMD,Radeon RX 460 1024SP,Baffin,2.0,GDDR5,128,PCIe 3.0 x8,1.2,1.75,1024,64,16,"Jan 17th, 2017",2017-01-17,,,,,https://www.techpowerup.com/gpu-specs/radeon-rx-460-1024sp.c2918,,radeonrx4601024sp
AMD,Radeon Vega 10 Mobile,Picasso-M,,DDR4,4,IGP,1.4,,640,40,8,"Jan 6th, 2019",2019-01-06,1536,1175,,,https://www.techpowerup.com/gpu-specs/radeon-vega-10-mobile.c3591,https://www.videocardbenchmark.net/video_lookup.php?gpu=Radeon+Vega+10+Mobile&id=3857,radeonvega10mobile
Intel,Arc G3,Panther Lake-H,,LPDDR5X,5,IGP,2.4,,1280,40,20,"Jun 1st, 2026",2026-06-01,,,,,https://www.techpowerup.com/gpu-specs/arc-g3.c4411,,arcg3
Matrox,Parhelia 256 MB,Parhelia-512,0.25,DDR,256,AGP 4x,0.2,0.25,4,4,16,"Jun 25th, 2002",2002-06-25,,,,,https://www.techpowerup.com/gpu-specs/parhelia-256-mb.c98,,parhelia256mb
NVIDIA,GeForce 6800 GS,NV41,0.25,GDDR3,256,PCIe 1.0 x16,0.425,0.5,12,5,12,"Nov 7th, 2005",2005-11-07,191,2209,,,https://www.techpowerup.com/gpu-specs/geforce-6800-gs.c143,https://www.videocardbenchmark.net/video_lookup.php?gpu=GeForce+6800+GS&id=1207,geforce6800gs
NVIDIA,GeForce PCX 5900,NV35,0.125,DDR,256,PCIe 1.0 x16,0.35,0.275,4,3,8,"Mar 17th, 2003",2003-03-17,34,2613,,,https://www.techpowerup.com/gpu-specs/geforce-pcx-5900.c56,https://www.videocardbenchmark.net/video_lookup.php?gpu=GeForce+PCX+5900&id=1465,geforcepcx5900
NVIDIA,Quadro K6000 SDI,GK110B,12.0,GDDR5,384,PCIe 3.0 x16,0.902,1.502,2880,240,48,"Jul 23rd, 2013",2013-07-23,,,,,https://www.techpowerup.com/gpu-specs/quadro-k6000-sdi.c2436,,quadrok6000sdi
NVIDIA,Quadro NVS 285,NV44,0.125,DDR2,64,PCIe 1.0 x16,0.275,0.3,4,3,4,"Jun 6th, 2006",2006-06-06,44,2567,0.26,169.86,https://www.techpowerup.com/gpu-specs/quadro-nvs-285.c1454,https://www.videocardbenchmark.net/video_lookup.php?gpu=Quadro+NVS+285&id=1633,quadronvs285
AMD,Radeon Pro Vega 16,Vega 12,4.0,HBM2,1024,PCIe 3.0 x16,1.19,1.2,1024,64,32,"Nov 14th, 2018",2018-11-14,4809,562,,,https://www.techpowerup.com/gpu-specs/radeon-pro-vega-16.c3331,https://www.videocardbenchmark.net/video_lookup.php?gpu=Radeon+Pro+Vega+16&id=4098,radeonprovega16
ATI,Radeon X1050,RV410,0.125,DDR,64,PCIe 1.0 x16,0.4,0.2,8,6,8,"Jan 25th, 2008",2008-01-25,49,2548,,,https://www.techpowerup.com/gpu-specs/radeon-x1050.c1812,https://www.videocardbenchmark.net/video_lookup.php?gpu=Radeon+X1050&id=609,radeonx1050
NVIDIA,GeForce GT 625 OEM,GF119S,1.0,DDR3,64,PCIe 2.0 x16,0.874,0.825,48,8,4,"Feb 18th, 2013",2013-02-18,,,,,https://www.techpowerup.com/gpu-specs/geforce-gt-625-oem.c2058,,geforcegt625oem
NVIDIA,GeForce GTX 275 PhysX Edition,GT200B,0.875,GDDR3,448,PCIe 2.0 x16,0.633,1.134,240,80,28,"Feb 16th, 2010",2010-02-16,,,,,https://www.techpowerup.com/gpu-specs/geforce-gtx-275-physx-edition.c1951,,geforcegtx275physxedition
NVIDIA,GeForce GTX 580M,GF114,2.0,GDDR5,256,MXM-B (3.0),0.62,0.75,384,64,32,"Jun 28th, 2011",2011-06-28,1850,1045,7.44,248.68,https://www.techpowerup.com/gpu-specs/geforce-gtx-580m.c940,https://www.videocardbenchmark.net/video_lookup.php?gpu=GeForce+GTX+580M&id=1455,geforcegtx580m
NVIDIA,GeForce GTX 760M,GK106S,2.0,GDDR5,128,PCIe 3.0 x16,0.719,1.002,768,64,16,"May 30th, 2013",2013-05-30,1744,1082,,,https://www.techpowerup.com/gpu-specs/geforce-gtx-760m.c2305,https://www.videocardbenchmark.net/video_lookup.php?gpu=GeForce+GTX+760M&id=2597,geforcegtx760m
NVIDIA,GeForce PCX 4300,NV18C,0.0625,DDR,64,PCIe 1.0 x16,0.25,0.166,2,0,2,"Feb 19th, 2004",2004-02-19,,,,,https://www.techpowerup.com/gpu-specs/geforce-pcx-4300.c743,,geforcepcx4300
NVIDIA,RTX A4000H,GA104,16.0,GDDR6,256,PCIe 4.0 x16,1.56,1.75,6144,192,96,"Apr 12th, 2021",2021-04-12,16768,136,,,https://www.techpowerup.com/gpu-specs/rtx-a4000h.c3969,https://www.videocardbenchmark.net/video_lookup.php?gpu=RTX+A4000H&id=7178,rtxa4000h
Sony,Playstation 2 GPU 90nm,EE+GS-90nm,0.0039,EDRAM,2560,IGP,0.147,0.15,16,2,8,"May 26th, 2005",2005-05-26,,,,,https://www.techpowerup.com/gpu-specs/playstation-2-gpu-90nm.c3704,,playstation2gpu90nm
Intel,Arc A380E x2,DG2-128,6.0,GDDR6,96,PCIe 4.0 x8,2.0,1.937,1024,64,32,Apr 2024,2024-04-01,,,,,https://www.techpowerup.com/gpu-specs/arc-a380e-x2.c4394,,arca380ex2
NVIDIA,GeForce FX 5200 PCI,NV34B,0.25,DDR,128,PCI,0.25,0.2,4,2,4,"Mar 6th, 2003",2003-03-06,,,,,https://www.techpowerup.com/gpu-specs/geforce-fx-5200-pci.c1906,,geforcefx5200pci
NVIDIA,Tesla C2070,GF100,6.0,GDDR5,384,PCIe 2.0 x16,0.574,0.747,448,56,48,"Jul 25th, 2011",2011-07-25,3120,746,5.17,604.0,https://www.techpowerup.com/gpu-specs/tesla-c2070.c924,https://www.videocardbenchmark.net/video_lookup.php?gpu=Tesla+C2070&id=1670,teslac2070
AMD,Radeon Pro Vega 64X,Vega 10,16.0,HBM2,2048,PCIe 3.0 x16,1.468,1.0,4096,256,64,"Mar 19th, 2019",2019-03-19,13369,217,,,https://www.techpowerup.com/gpu-specs/radeon-pro-vega-64x.c3404,https://www.videocardbenchmark.net/video_lookup.php?gpu=Radeon+Pro+Vega+64X&id=4417,radeonprovega64x
AMD,Radeon R9 280X2,Tahiti,3.0,GDDR5,384,PCIe 3.0 x16,1.0,1.5,2048,128,32,Unknown,,,,,,https://www.techpowerup.com/gpu-specs/radeon-r9-280x2.c3473,,radeonr9280x2
Intel,Iris Graphics 6100 Mobile,Broadwell GT3,,DDR3,3,Ring Bus,1.0,,384,48,6,"Sep 5th, 2014",2014-09-05,,,,,https://www.techpowerup.com/gpu-specs/iris-graphics-6100-mobile.c2627,,irisgraphics6100mobile
NVIDIA,GeForce GTX 960 OEM,GM204,3.0,GDDR5,192,PCIe 3.0 x16,1.038,1.253,1280,80,48,"Nov 26th, 2015",2015-11-26,,,,,https://www.techpowerup.com/gpu-specs/geforce-gtx-960-oem.c3034,,geforcegtx960oem
NVIDIA,Quadro 3000M,GF104,2.0,GDDR5,256,MXM-B (3.0),0.45,0.625,240,40,32,"Feb 22nd, 2011",2011-02-22,1004,1383,14.35,69.99,https://www.techpowerup.com/gpu-specs/quadro-3000m.c1429,https://www.videocardbenchmark.net/video_lookup.php?gpu=Quadro+3000M&id=1547,quadro3000m
AMD,Radeon R9 285X,Tonga,3.0,GDDR5,384,PCIe 3.0 x16,1.002,1.375,2048,128,32,Never Released,,,,,,https://www.techpowerup.com/gpu-specs/radeon-r9-285x.c2913,,radeonr9285x
AMD,Radeon R9 M390 Mac Edition,Pitcairn,2.0,GDDR5,256,PCIe 3.0 x16,0.958,1.365,1024,64,32,"May 5th, 2015",2015-05-05,,,,,https://www.techpowerup.com/gpu-specs/radeon-r9-m390-mac-edition.c3769,,radeonr9m390macedition
Matrox,Millennium G550,Condor,0.0312,DDR,64,AGP 4x,0.125,0.166,2,1,2,"Nov 26th, 2001",2001-11-26,,,,,https://www.techpowerup.com/gpu-specs/millennium-g550.c1920,,millenniumg550
ATI,Radeon 9100,R200,0.0625,DDR,128,AGP 4x,0.25,0.25,4,2,8,"Apr 1st, 2003",2003-04-01,,,,,https://www.techpowerup.com/gpu-specs/radeon-9100.c804,,radeon9100
IBM,Fire GL4,RC1000,0.125,DDR,256,AGP Pro 8x,0.15,0.205,2,1,4,"Mar 14th, 2001",2001-03-14,,,,,https://www.techpowerup.com/gpu-specs/fire-gl4.c3660,,firegl4
NVIDIA,GeForce 315 OEM,GT216,0.5,DDR3,64,PCIe 2.0 x16,0.475,0.79,48,16,8,"Mar 31st, 2010",2010-03-31,,,,,https://www.techpowerup.com/gpu-specs/geforce-315-oem.c609,,geforce315oem
NVIDIA,GeForce 6800 GT,NV48,0.25,GDDR3,256,AGP 8x,0.35,0.5,16,6,16,"Apr 14th, 2004",2004-04-14,142,2285,,,https://www.techpowerup.com/gpu-specs/geforce-6800-gt.c1774,https://www.videocardbenchmark.net/video_lookup.php?gpu=GeForce+6800+GT&id=1210,geforce6800gt
NVIDIA,GeForce FX 5100,NV34,0.0625,DDR,64,AGP 8x,0.2,0.166,4,2,4,"Mar 6th, 2003",2003-03-06,7,2714,,,https://www.techpowerup.com/gpu-specs/geforce-fx-5100.c1834,https://www.videocardbenchmark.net/video_lookup.php?gpu=GeForce+FX+5100&id=1329,geforcefx5100
ATI,Radeon HD 5950,Hemlock,1.0,GDDR5,256,PCIe 2.0 x16,0.725,1.0,1440,72,32,Never Released,,,,,,https://www.techpowerup.com/gpu-specs/radeon-hd-5950.c1925,,radeonhd5950
Matrox,Millennium G400,Toucan,0.0312,SDR,128,PCI,0.125,0.166,2,1,2,"May 20th, 1999",1999-05-20,,,,,https://www.techpowerup.com/gpu-specs/millennium-g400.c3720,,millenniumg400
NVIDIA,GeForce 6200 TurboCache,NV44B,0.0625,DDR,64,AGP 4x,0.35,0.25,4,3,4,"Dec 15th, 2004",2004-12-15,52,2530,,,https://www.techpowerup.com/gpu-specs/geforce-6200-turbocache.c909,https://www.videocardbenchmark.net/video_lookup.php?gpu=GeForce+6200+TurboCache&id=1194,geforce6200turbocache
NVIDIA,GeForce GTX 980MX,GM204,8.0,GDDR5,256,PCIe 3.0 x16,1.178,1.5,1664,104,64,"Jun 1st, 2016",2016-06-01,,,,,https://www.techpowerup.com/gpu-specs/geforce-gtx-980mx.c2808,,geforcegtx980mx
NVIDIA,Quadro FX 3400,NV45,0.25,GDDR3,256,PCIe 1.0 x16,0.35,0.45,12,5,12,"Jun 28th, 2004",2004-06-28,,,,,https://www.techpowerup.com/gpu-specs/quadro-fx-3400.c1367,,quadrofx3400
AMD,Radeon Pro Vega 56,Vega 10,8.0,HBM2,2048,PCIe 3.0 x16,1.25,0.786,3584,224,64,"Aug 14th, 2017",2017-08-14,12060,250,,,https://www.techpowerup.com/gpu-specs/radeon-pro-vega-56.c3099,https://www.videocardbenchmark.net/video_lookup.php?gpu=Radeon+Pro+Vega+56&id=3912,radeonprovega56
ATI,Radeon X1300 PRO,RV516,0.25,DDR2,128,PCIe 1.0 x16,0.6,0.4,4,2,4,"Nov 1st, 2006",2006-11-01,84,2444,,,https://www.techpowerup.com/gpu-specs/radeon-x1300-pro.c543,https://www.videocardbenchmark.net/video_lookup.php?gpu=Radeon+X1300+PRO&id=159,radeonx1300pro
NVIDIA,GeForce 7600 GT AGP,G73B,0.25,GDDR3,128,AGP 8x,0.56,0.7,12,5,12,"Jan 8th, 2007",2007-01-08,,,,,https://www.techpowerup.com/gpu-specs/geforce-7600-gt-agp.c729,,geforce7600gtagp
NVIDIA,GeForce GT 130 OEM,G94B,0.5,DDR2,192,PCIe 2.0 x16,0.5,0.5,48,24,12,"Mar 10th, 2009",2009-03-10,,,,,https://www.techpowerup.com/gpu-specs/geforce-gt-130-oem.c640,,geforcegt130oem
NVIDIA,GeForce4 MX 4000 Rev. 2,NV18C,0.125,DDR,64,AGP 8x,0.25,0.166,2,0,4,"Dec 14th, 2003",2003-12-14,,,,,https://www.techpowerup.com/gpu-specs/geforce4-mx-4000-rev-2.c2350,,geforce4mx4000rev2
NVIDIA,NVS 5200M,GF117,1.0,DDR3,64,MXM,0.625,0.9,96,16,4,"Jun 1st, 2012",2012-06-01,488,1900,,,https://www.techpowerup.com/gpu-specs/nvs-5200m.c1743,https://www.videocardbenchmark.net/video_lookup.php?gpu=NVS+5200M&id=2158,nvs5200m
AMD,Radeon R5 M435,Jet,2.0,GDDR5,64,PCIe 3.0 x8,1.03,1.125,320,20,8,"May 15th, 2016",2016-05-15,870,1467,,,https://www.techpowerup.com/gpu-specs/radeon-r5-m435.c2850,https://www.videocardbenchmark.net/video_lookup.php?gpu=Radeon+R5+M435&id=3956,radeonr5m435
AMD,Radeon Vega 8 Embedded,Raven-E,,DDR4,4,IGP,1.1,,512,32,8,"Feb 13th, 2018",2018-02-13,,,,,https://www.techpowerup.com/gpu-specs/radeon-vega-8-embedded.c3212,,radeonvega8embedded
AMD,Radeon Vega 8 Mobile,Picasso-M,,DDR4,4,IGP,1.2,,512,32,8,"Apr 8th, 2019",2019-04-08,1437,1207,,,https://www.techpowerup.com/gpu-specs/radeon-vega-8-mobile.c3596,https://www.videocardbenchmark.net/video_lookup.php?gpu=Radeon+Vega+8+Mobile&id=3845,radeonvega8mobile
ATI,Mobility Radeon 7500,M7,0.0312,DDR,64,AGP 4x,0.28,0.2,2,0,2,"Dec 1st, 2001",2001-12-01,3,2802,,,https://www.techpowerup.com/gpu-specs/mobility-radeon-7500.c1218,https://www.videocardbenchmark.net/video_lookup.php?gpu=MOBILITY+RADEON+7500&id=464,mobilityradeon7500
NVIDIA,GeForce 8200,C78,,DDR,,PCI,0.5,,16,8,4,"May 6th, 2008",2008-05-06,163,2251,,,https://www.techpowerup.com/gpu-specs/geforce-8200.c2047,https://www.videocardbenchmark.net/video_lookup.php?gpu=GeForce+8200&id=1258,geforce8200
NVIDIA,Tesla C2050,GF100,3.0,GDDR5,384,PCIe 2.0 x16,0.574,0.75,448,56,48,"Jul 25th, 2011",2011-07-25,3175,735,11.76,269.99,https://www.techpowerup.com/gpu-specs/tesla-c2050.c923,https://www.videocardbenchmark.net/video_lookup.php?gpu=Tesla+C2050&id=1669,teslac2050
AMD,Radeon R5 235X OEM,Caicos,1.0,DDR3,64,PCIe 2.0 x16,0.875,0.9,160,8,4,"Dec 21st, 2013",2013-12-21,,,,,https://www.techpowerup.com/gpu-specs/radeon-r5-235x-oem.c2503,,radeonr5235xoem
NVIDIA,RTX PRO 2000 Blackwell Embedded,GB206,8.0,GDDR7,128,PCIe 5.0 x16,2.662,1.5,3328,104,32,Unknown,,,,,,https://www.techpowerup.com/gpu-specs/rtx-pro-2000-blackwell-embedded.c4366,,rtxpro2000blackwellembedded
3Dfx,Voodoo3 2000 PCI,Avenger,0.0156,SDR,128,PCI,0.143,0.143,1,0,2,"Apr 3rd, 1999",1999-04-03,,,,,https://www.techpowerup.com/gpu-specs/voodoo3-2000-pci.c3556,,voodoo32000pci
ATI,Radeon X800 GTO,R480,0.25,GDDR3,256,PCIe 1.0 x16,0.4,0.4,12,6,12,"Nov 1st, 2005",2005-11-01,114,2358,,,https://www.techpowerup.com/gpu-specs/radeon-x800-gto.c136,https://www.videocardbenchmark.net/video_lookup.php?gpu=RADEON+X800+GTO&id=1777,radeonx800gto
AMD,Radeon HD 6970M,Blackcomb,1.0,GDDR5,256,MXM-B (3.0),0.68,0.9,960,48,32,"Jan 4th, 2011",2011-01-04,2270,907,10.51,215.99,https://www.techpowerup.com/gpu-specs/radeon-hd-6970m.c318,https://www.videocardbenchmark.net/video_lookup.php?gpu=Radeon+HD+6970M&id=291,radeonhd6970m
AMD,Radeon PRO W6300,Navi 24,2.0,GDDR6,32,PCIe 4.0 x4,2.04,2.0,768,48,32,"Jan 19th, 2022",2022-01-19,5559,492,,,https://www.techpowerup.com/gpu-specs/radeon-pro-w6300.c3982,https://www.videocardbenchmark.net/video_lookup.php?gpu=Radeon+PRO+W6300&id=4831,radeonprow6300
ATI,Radeon X700,RV410,0.125,DDR,128,PCIe 1.0 x16,0.4,0.25,8,6,8,"Sep 1st, 2004",2004-09-01,72,2476,,,https://www.techpowerup.com/gpu-specs/radeon-x700.c21,https://www.videocardbenchmark.net/video_lookup.php?gpu=RADEON+X700&id=1773,radeonx700
Intel,HD Graphics 32EU Mobile,Bay Trail GT1,,DDR3,3,Ring Bus,0.646,,32,4,1,"Sep 2nd, 2013",2013-09-02,,,,,https://www.techpowerup.com/gpu-specs/hd-graphics-32eu-mobile.c2469,,hdgraphics32eumobile
NVIDIA,GeForce 910M,GK208B,2.0,DDR3,64,PCIe 3.0 x8,0.641,1.001,384,32,8,"Mar 13th, 2015",2015-03-13,602,1747,,,https://www.techpowerup.com/gpu-specs/geforce-910m.c2764,https://www.videocardbenchmark.net/video_lookup.php?gpu=GeForce+910M&id=3285,geforce910m
NVIDIA,GeForce GTS 450 OEM,GF106,0.5,GDDR5,128,PCIe 2.0 x16,0.783,0.902,144,24,16,"Sep 13th, 2010",2010-09-13,,,,,https://www.techpowerup.com/gpu-specs/geforce-gts-450-oem.c3011,,geforcegts450oem
NVIDIA,GeForce GTX 965M,GM206S,2.0,GDDR5,128,MXM-A (3.0),1.15,1.253,1024,64,32,2016,201601-01,3884,647,,,https://www.techpowerup.com/gpu-specs/geforce-gtx-965m.c2796,https://www.videocardbenchmark.net/video_lookup.php?gpu=GeForce+GTX+965M&id=3113,geforcegtx965m
AMD,Radeon 610 Mobile,Banks,2.0,GDDR5,64,PCIe 3.0 x8,1.03,1.0,320,20,8,"May 23rd, 2019",2019-05-23,,,,,https://www.techpowerup.com/gpu-specs/radeon-610-mobile.c3423,,radeon610mobile
ATI,Radeon HD 2900 GT,R600,0.25,GDDR3,256,PCIe 1.0 x16,0.601,0.8,240,12,12,"Nov 6th, 2007",2007-11-06,292,2090,,,https://www.techpowerup.com/gpu-specs/radeon-hd-2900-gt.c220,https://www.videocardbenchmark.net/video_lookup.php?gpu=Radeon+HD+2900+GT&id=576,radeonhd2900gt
Intel,HD Graphics 5000 Mobile,Haswell GT3,,DDR3,3,Ring Bus,1.0,,320,40,4,"May 27th, 2013",2013-05-27,,,,,https://www.techpowerup.com/gpu-specs/hd-graphics-5000-mobile.c2468,,hdgraphics5000mobile
NVIDIA,GeForce 8400 GS Rev. 3,GT218S,0.5,DDR2,64,PCIe 2.0 x16,0.52,0.4,16,8,4,"Jul 12th, 2010",2010-07-12,,,,,https://www.techpowerup.com/gpu-specs/geforce-8400-gs-rev-3.c1993,,geforce8400gsrev3
AMD,Radeon R7 M265,Opal,2.0,DDR3,128,PCIe 3.0 x8,0.825,0.9,384,24,8,"Jan 9th, 2014",2014-01-09,580,1777,,,https://www.techpowerup.com/gpu-specs/radeon-r7-m265.c2484,https://www.videocardbenchmark.net/video_lookup.php?gpu=Radeon+R7+M265&id=2994,radeonr7m265
NVIDIA,GeForce FX 5200 Ultra,NV34,0.125,DDR,128,AGP 8x,0.325,0.325,4,2,4,"Mar 6th, 2003",2003-03-06,12,2693,,,https://www.techpowerup.com/gpu-specs/geforce-fx-5200-ultra.c61,https://www.videocardbenchmark.net/video_lookup.php?gpu=GeForce+FX+5200+Ultra&id=1333,geforcefx5200ultra
NVIDIA,GeForce GTX 675MX,GK104,2.0,GDDR5,256,MXM-B (3.0),0.654,0.9,960,80,32,"Oct 1st, 2012",2012-10-01,3155,741,,,https://www.techpowerup.com/gpu-specs/geforce-gtx-675mx.c1414,https://www.videocardbenchmark.net/video_lookup.php?gpu=GeForce+GTX+675MX&id=2349,geforcegtx675mx
NVIDIA,GeForce4 MX 440-SE,NV18,0.0625,DDR,64,AGP 8x,0.25,0.2,2,0,4,"Feb 6th, 2002",2002-02-06,4,2772,,,https://www.techpowerup.com/gpu-specs/geforce4-mx-440-se.c2269,https://www.videocardbenchmark.net/video_lookup.php?gpu=GeForce4+MX+440SE&id=1497,geforce4mx440se
NVIDIA,Quadro FX 4000,NV40,0.25,GDDR3,256,AGP 8x,0.375,0.5,16,6,16,"Apr 1st, 2004",2004-04-01,101,2401,,,https://www.techpowerup.com/gpu-specs/quadro-fx-4000.c1365,https://www.videocardbenchmark.net/video_lookup.php?gpu=Quadro+FX+4000&id=1593,quadrofx4000
AMD,Radeon HD 7570M,Thames,1.0,GDDR5,64,PCIe 2.0 x16,0.5,0.8,480,24,16,"Jan 7th, 2012",2012-01-07,416,1975,,,https://www.techpowerup.com/gpu-specs/radeon-hd-7570m.c399,https://www.videocardbenchmark.net/video_lookup.php?gpu=Radeon+HD+7570M&id=307,radeonhd7570m
AMD,Radeon Pro WX 3200 Mobile,Polaris 23,4.0,GDDR5,128,PCIe 3.0 x8,1.082,1.0,640,32,16,"Jul 2nd, 2019",2019-07-02,,,,,https://www.techpowerup.com/gpu-specs/radeon-pro-wx-3200-mobile.c3461,,radeonprowx3200mobile
ATI,Radeon X1600 XT,RV530,0.25,GDDR3,128,PCIe 1.0 x16,0.59,0.69,12,5,4,"Oct 1st, 2005",2005-10-01,115,2355,,,https://www.techpowerup.com/gpu-specs/radeon-x1600-xt.c140,https://www.videocardbenchmark.net/video_lookup.php?gpu=Radeon+X1600+XT&id=2493,radeonx1600xt
NVIDIA,GeForce 6100,C51,,DDR,,PCI,0.425,,2,1,1,"Oct 11th, 2004",2004-10-11,27,2642,,,https://www.techpowerup.com/gpu-specs/geforce-6100.c2160,https://www.videocardbenchmark.net/video_lookup.php?gpu=GeForce+6100&id=1181,geforce6100
NVIDIA,GeForce 9300 GS,G98S,0.5,DDR2,64,PCIe 2.0 x16,0.567,0.333,8,4,4,"Jun 1st, 2008",2008-06-01,102,2396,1.71,59.95,https://www.techpowerup.com/gpu-specs/geforce-9300-gs.c668,https://www.videocardbenchmark.net/video_lookup.php?gpu=GeForce+9300+GS&id=1294,geforce9300gs
NVIDIA,GeForce GTX 675M,GF114,2.0,GDDR5,256,MXM-B (3.0),0.62,0.75,384,64,32,"Mar 22nd, 2012",2012-03-22,1832,1053,,,https://www.techpowerup.com/gpu-specs/geforce-gtx-675m.c343,https://www.videocardbenchmark.net/video_lookup.php?gpu=GeForce+GTX+675M&id=1460,geforcegtx675m
AMD,Radeon HD 6230,Park,0.5,DDR2,64,PCIe 2.0 x16,0.65,0.667,80,8,4,"Jul 2nd, 2011",2011-07-02,179,2222,,,https://www.techpowerup.com/gpu-specs/radeon-hd-6230.c2070,https://www.videocardbenchmark.net/video_lookup.php?gpu=Radeon+HD+6230&id=2715,radeonhd6230
AMD,Radeon HD 6970 X2,Antilles,2.0,GDDR5,256,PCIe 2.0 x16,0.88,1.375,1536,96,32,Never Released,,,,,,https://www.techpowerup.com/gpu-specs/radeon-hd-6970-x2.c3037,,radeonhd6970x2
AMD,Radeon RX 560 Mobile,Baffin,4.0,GDDR5,128,MXM-B (3.0),1.053,1.5,896,56,16,"Jan 5th, 2017",2017-01-05,,,,,https://www.techpowerup.com/gpu-specs/radeon-rx-560-mobile.c3071,,radeonrx560mobile
AMD,Radeon RX 6300M,Navi 24,2.0,GDDR6,32,PCIe 4.0 x4,2.04,2.0,768,48,32,Never Released,,5363,510,,,https://www.techpowerup.com/gpu-specs/radeon-rx-6300m.c3866,https://www.videocardbenchmark.net/video_lookup.php?gpu=Radeon+RX+6300M&id=5214,radeonrx6300m
NVIDIA,GeForce GTX 1080 Max-Q,GP104B,8.0,GDDR5X,256,PCIe 3.0 x16,1.366,1.251,2560,160,64,"Jun 27th, 2017",2017-06-27,,,,,https://www.techpowerup.com/gpu-specs/geforce-gtx-1080-max-q.c2975,,geforcegtx1080maxq
NVIDIA,GeForce RTX 2070 Max-Q Refresh,TU106B,8.0,GDDR6,256,PCIe 3.0 x16,1.125,1.375,2304,144,64,"Mar 4th, 2020",2020-03-04,,,,,https://www.techpowerup.com/gpu-specs/geforce-rtx-2070-max-q-refresh.c3574,,geforcertx2070maxqrefresh
NVIDIA,Riva TNT2 Vanta,NV6,0.0078,SDR,64,AGP 4x,0.1,0.133,2,0,2,"Mar 22nd, 1999",1999-03-22,,,,,https://www.techpowerup.com/gpu-specs/riva-tnt2-vanta.c1310,,rivatnt2vanta
ATI,Radeon X1950 GT,RV570,0.25,GDDR3,256,PCIe 1.0 x16,0.5,0.6,36,8,12,"Jan 29th, 2007",2007-01-29,106,2382,,,https://www.techpowerup.com/gpu-specs/radeon-x1950-gt.c458,https://www.videocardbenchmark.net/video_lookup.php?gpu=Radeon+X1950+GT&id=615,radeonx1950gt
ATI,Radeon X800 XT Platinum AGP,R420,0.25,GDDR3,256,AGP 8x,0.52,0.56,16,6,16,"May 1st, 2004",2004-05-01,,,,,https://www.techpowerup.com/gpu-specs/radeon-x800-xt-platinum-agp.c1,,radeonx800xtplatinumagp
Intel,Data Center GPU Max Subsystem,Ponte Vecchio,128.0,HBM2E,8192,PCIe 5.0 x16,1.6,1.565,16384,1024,0,"Jan 10th, 2023",2023-01-10,,,,,https://www.techpowerup.com/gpu-specs/data-center-gpu-max-subsystem.c4070,,datacentergpumaxsubsystem
NVIDIA,GeForce GT 610 OEM,GF108,2.0,DDR3,64,PCIe 2.0 x16,0.701,0.5,48,8,2,"Apr 2nd, 2016",2016-04-02,,,,,https://www.techpowerup.com/gpu-specs/geforce-gt-610-oem.c2842,,geforcegt610oem
NVIDIA,GeForce GTX 680 Mac Edition,GK104,2.0,GDDR5,256,PCIe 2.0 x16,1.058,1.502,1536,128,32,"Apr 3rd, 2013",2013-04-03,,,,,https://www.techpowerup.com/gpu-specs/geforce-gtx-680-mac-edition.c2323,,geforcegtx680macedition
AMD,Radeon E9171 MCM,Lexa,4.0,GDDR5,128,PCIe 3.0 x8,1.219,1.5,512,32,16,"Oct 3rd, 2017",2017-10-03,,,,,https://www.techpowerup.com/gpu-specs/radeon-e9171-mcm.c3028,,radeone9171mcm
AMD,Radeon HD 7970M,Wimbledon,2.0,GDDR5,256,MXM-B (3.0),0.85,1.2,1280,80,32,"Apr 24th, 2012",2012-04-24,3413,703,,,https://www.techpowerup.com/gpu-specs/radeon-hd-7970m.c388,https://www.videocardbenchmark.net/video_lookup.php?gpu=Radeon+HD+7970M&id=326,radeonhd7970m
AMD,Radeon HD 8670D IGP,Devastator,,DDR3,3,IGP,0.844,,384,24,8,"Mar 12th, 2013",2013-03-12,,,,,https://www.techpowerup.com/gpu-specs/radeon-hd-8670d-igp.c2003,,radeonhd8670digp
ATI,Radeon 9500 PRO,R300,0.125,DDR,128,AGP 8x,0.275,0.27,8,4,8,"Oct 1st, 2002",2002-10-01,,,,,https://www.techpowerup.com/gpu-specs/radeon-9500-pro.c52,,radeon9500pro
ATI,Radeon HD 3650 AGP,RV635,0.5,DDR2,128,AGP 8x,0.725,0.5,120,8,4,"Jan 23rd, 2008",2008-01-23,150,2263,0.81,185.0,https://www.techpowerup.com/gpu-specs/radeon-hd-3650-agp.c313,https://www.videocardbenchmark.net/video_lookup.php?gpu=Radeon+HD+3650+AGP&id=585,radeonhd3650agp
NVIDIA,GeForce 6600 LE,NV43,0.125,DDR,128,PCIe 1.0 x16,0.3,0.25,4,3,4,2005,200501-01,51,2537,,,https://www.techpowerup.com/gpu-specs/geforce-6600-le.c715,https://www.videocardbenchmark.net/video_lookup.php?gpu=GeForce+6600+LE&id=1201,geforce6600le
NVIDIA,GeForce FX 5200,NV18C,0.125,DDR,128,AGP 8x,0.25,0.2,2,0,4,"Mar 6th, 2003",2003-03-06,7,2717,0.06,129.0,https://www.techpowerup.com/gpu-specs/geforce-fx-5200.c2351,https://www.videocardbenchmark.net/video_lookup.php?gpu=GeForce+FX+5200&id=1330,geforcefx5200
NVIDIA,GeForce RTX 2080 Ti Engineering Sample,TU102,12.0,GDDR6,384,PCIe 3.0 x16,1.635,1.75,4480,280,96,Never Released,,,,,,https://www.techpowerup.com/gpu-specs/geforce-rtx-2080-ti-engineering-sample.c4353,,geforcertx2080tiengineeringsample
NVIDIA,GeForce2 PRO,NV15,0.0625,DDR,128,AGP 4x,0.2,0.2,4,0,8,"Dec 5th, 2000",2000-12-05,,,,,https://www.techpowerup.com/gpu-specs/geforce2-pro.c795,,geforce2pro
NVIDIA,GeForce FX 5500 PCI,NV34B,0.25,DDR,128,PCI,0.27,0.2,4,2,4,"Mar 17th, 2004",2004-03-17,,,,,https://www.techpowerup.com/gpu-specs/geforce-fx-5500-pci.c62,,geforcefx5500pci
NVIDIA,L40 CNX,AD102,24.0,GDDR6,384,PCIe 4.0 x16,2.475,2.25,18176,568,192,"Oct 13th, 2022",2022-10-13,,,,,https://www.techpowerup.com/gpu-specs/l40-cnx.c3961,,l40cnx
NVIDIA,GeForce GT 430 PCI,GF108,0.5,DDR3,64,PCI,0.7,0.6,96,16,4,"Oct 11th, 2010",2010-10-11,,,,,https://www.techpowerup.com/gpu-specs/geforce-gt-430-pci.c3327,,geforcegt430pci
AMD,Radeon Pro 570X,Ellesmere,4.0,GDDR5,256,PCIe 3.0 x16,1.105,1.695,1792,112,32,"Mar 18th, 2019",2019-03-18,,,,,https://www.techpowerup.com/gpu-specs/radeon-pro-570x.c3396,,radeonpro570x
ATI,Radeon HD 4650 AGP,RV730,0.5,DDR2,128,AGP 8x,0.6,0.4,320,32,8,"Sep 10th, 2008",2008-09-10,207,2183,,,https://www.techpowerup.com/gpu-specs/radeon-hd-4650-agp.c491,https://www.videocardbenchmark.net/video_lookup.php?gpu=Radeon+HD+4650+AGP&id=597,radeonhd4650agp
ATI,Radeon HD 5770 Mac Edition,Juniper,1.0,GDDR5,128,PCIe 2.0 x16,0.85,1.195,800,40,16,"Jul 4th, 2010",2010-07-04,,,,,https://www.techpowerup.com/gpu-specs/radeon-hd-5770-mac-edition.c2234,,radeonhd5770macedition
NVIDIA,GeForce 7600 GS AGP,G73B,0.25,DDR2,128,AGP 8x,0.4,0.4,12,5,12,"Jul 1st, 2006",2006-07-01,,,,,https://www.techpowerup.com/gpu-specs/geforce-7600-gs-agp.c751,,geforce7600gsagp
NVIDIA,GeForce 7900 GS AGP,G71,0.25,GDDR3,256,AGP 8x,0.45,0.66,20,7,20,"Apr 2nd, 2006",2006-04-02,,,,,https://www.techpowerup.com/gpu-specs/geforce-7900-gs-agp.c753,,geforce7900gsagp
NVIDIA,GeForce GT 330 OEM,G92B,0.25,DDR2,128,PCIe 2.0 x16,0.5,0.51,96,48,16,"Feb 2nd, 2010",2010-02-02,,,,,https://www.techpowerup.com/gpu-specs/geforce-gt-330-oem.c1757,,geforcegt330oem
NVIDIA,Quadro M500M,GM108S,2.0,DDR3,64,MXM-A (3.0),1.124,0.9,384,16,8,"Apr 27th, 2016",2016-04-27,1184,1294,,,https://www.techpowerup.com/gpu-specs/quadro-m500m.c2843,https://www.videocardbenchmark.net/video_lookup.php?gpu=Quadro+M500M&id=3449,quadrom500m
NVIDIA,Quadro NVS 420,G98S,0.25,GDDR3,64,PCIe 2.0 x16,0.55,0.7,8,4,4,"Jan 20th, 2009",2009-01-20,137,2297,0.91,150.0,https://www.techpowerup.com/gpu-specs/quadro-nvs-420.c1448,https://www.videocardbenchmark.net/video_lookup.php?gpu=Quadro+NVS+420&id=1640,quadronvs420
AMD,Radeon HD 8400 IGP,Kalindi,,DDR3,3,IGP,0.6,,128,8,4,"Nov 23rd, 2013",2013-11-23,,,,,https://www.techpowerup.com/gpu-specs/radeon-hd-8400-igp.c2206,,radeonhd8400igp
AMD,Radeon HD 8770 OEM,Bonaire,1.0,GDDR5,128,PCIe 3.0 x16,1.05,1.5,896,56,16,"Sep 2nd, 2013",2013-09-02,,,,,https://www.techpowerup.com/gpu-specs/radeon-hd-8770-oem.c1979,,radeonhd8770oem
AMD,Radeon R7E Mobile Graphics,Wani-M,,DDR4,4,IGP,0.626,,384,24,8,2016,201601-01,,,,,https://www.techpowerup.com/gpu-specs/radeon-r7e-mobile-graphics.c4041,,radeonr7emobilegraphics
Intel,Data Center GPU Flex 140,DG2-128,6.0,GDDR6,96,PCIe 4.0 x8,1.95,1.937,1024,64,32,"Aug 24th, 2022",2022-08-24,,,,,https://www.techpowerup.com/gpu-specs/data-center-gpu-flex-140.c4072,,datacentergpuflex140
NVIDIA,GeForce 6600 AGP,NV43,0.125,DDR,128,AGP 8x,0.3,0.25,8,3,8,"Aug 12th, 2004",2004-08-12,,,,,https://www.techpowerup.com/gpu-specs/geforce-6600-agp.c3640,,geforce6600agp
NVIDIA,GeForce GTS 240 OEM,G92B,1.0,GDDR3,256,PCIe 2.0 x16,0.675,1.1,112,56,16,"Jul 1st, 2009",2009-07-01,,,,,https://www.techpowerup.com/gpu-specs/geforce-gts-240-oem.c242,,geforcegts240oem
NVIDIA,Quadro FX 1100,NV36B,0.125,DDR2,128,AGP 8x,0.425,0.325,4,3,4,"Apr 1st, 2004",2004-04-01,35,2604,0.17,212.99,https://www.techpowerup.com/gpu-specs/quadro-fx-1100.c1354,https://www.videocardbenchmark.net/video_lookup.php?gpu=Quadro+FX+1100&id=1558,quadrofx1100
AMD,AeroBox GPU,Kryptos,8.0,DDR3,256,IGP,0.985,1.066,896,56,16,"Mar 13th, 2020",2020-03-13,,,,,https://www.techpowerup.com/gpu-specs/aerobox-gpu.c3648,,aeroboxgpu
AMD,Radeon R7 M445,Meso,4.0,GDDR5,64,PCIe 3.0 x8,0.92,1.0,320,20,8,"May 15th, 2016",2016-05-15,940,1425,1.26,744.0,https://www.techpowerup.com/gpu-specs/radeon-r7-m445.c2852,https://www.videocardbenchmark.net/video_lookup.php?gpu=Radeon+R7+M445&id=3598,radeonr7m445
ATI,FirePro V7800,Cypress,2.0,GDDR5,256,PCIe 2.0 x16,0.7,1.0,1440,72,32,"Apr 26th, 2010",2010-04-26,2028,979,10.68,190.0,https://www.techpowerup.com/gpu-specs/firepro-v7800.c568,https://www.videocardbenchmark.net/video_lookup.php?gpu=FirePro+V7800&id=3907,fireprov7800
NVIDIA,GeForce4 MX 440-8x,NV18,0.0625,DDR,128,AGP 8x,0.275,0.25,2,0,4,"Sep 25th, 2002",2002-09-25,,,,,https://www.techpowerup.com/gpu-specs/geforce4-mx-440-8x.c783,,geforce4mx4408x
AMD,Radeon HD 7500G IGP,Devastator Lite-M,,DDR3,3,IGP,0.424,,256,16,8,"May 15th, 2012",2012-05-15,,,,,https://www.techpowerup.com/gpu-specs/radeon-hd-7500g-igp.c684,,radeonhd7500gigp
NVIDIA,GeForce GTX 570 Rev. 2,GF110,1.25,GDDR5,320,PCIe 2.0 x16,0.732,0.95,480,60,40,"Dec 7th, 2010",2010-12-07,,,,,https://www.techpowerup.com/gpu-specs/geforce-gtx-570-rev-2.c3189,,geforcegtx570rev2
NVIDIA,Quadro P2000 Mobile,GP106,3.75,GDDR5,128,PCIe 3.0 x16,1.291,1.502,1152,72,32,"Feb 15th, 2019",2019-02-15,,,,,https://www.techpowerup.com/gpu-specs/quadro-p2000-mobile.c3772,,quadrop2000mobile
AMD,FirePro S9050,Tahiti,12.0,GDDR5,384,PCIe 3.0 x16,0.9,1.375,1792,112,32,"Aug 7th, 2014",2014-08-07,4901,554,,,https://www.techpowerup.com/gpu-specs/firepro-s9050.c2607,https://www.videocardbenchmark.net/video_lookup.php?gpu=FirePro+S9050&id=4287,firepros9050
AMD,Radeon HD 6370M,Robson,1.0,GDDR3,64,PCIe 2.0 x16,0.75,0.8,80,8,4,"Nov 26th, 2010",2010-11-26,275,2107,,,https://www.techpowerup.com/gpu-specs/radeon-hd-6370m.c335,https://www.videocardbenchmark.net/video_lookup.php?gpu=Radeon+HD+6370M&id=264,radeonhd6370m
Intel,Iris Pro Graphics P580,Skylake GT4e,,DDR4,4,Ring Bus,1.0,,576,72,9,"Sep 1st, 2015",2015-09-01,,,,,https://www.techpowerup.com/gpu-specs/iris-pro-graphics-p580.c2794,,irisprographicsp580
NVIDIA,GeForce GT 520 PCI,GF119S,1.0,DDR3,64,PCI,0.81,0.9,48,8,4,"Apr 13th, 2011",2011-04-13,,,,,https://www.techpowerup.com/gpu-specs/geforce-gt-520-pci.c913,,geforcegt520pci
AMD,Radeon E8860,Venus,2.0,GDDR5,128,PCIe 3.0 x16,0.625,1.125,640,40,16,"Jan 25th, 2014",2014-01-25,1680,1107,,,https://www.techpowerup.com/gpu-specs/radeon-e8860.c2550,https://www.videocardbenchmark.net/video_lookup.php?gpu=Radeon+E8860&id=3150,radeone8860
AMD,Radeon RX 6450M,Navi 24,4.0,GDDR6,64,PCIe 4.0 x4,2.46,2.0,768,48,32,"Jan 4th, 2023",2023-01-04,6601,423,,,https://www.techpowerup.com/gpu-specs/radeon-rx-6450m.c4018,https://www.videocardbenchmark.net/video_lookup.php?gpu=Radeon+RX+6450M&id=7803,radeonrx6450m
ATI,All-In-Wonder X1800 XL,R520,0.25,GDDR3,256,PCIe 1.0 x16,0.5,0.5,16,8,16,"Oct 27th, 2005",2005-10-27,30,2635,,,https://www.techpowerup.com/gpu-specs/all-in-wonder-x1800-xl.c160,https://www.videocardbenchmark.net/video_lookup.php?gpu=All-in-Wonder+X1800XL&id=228,allinwonderx1800xl
ATI,Radeon HD 3200 IGP,RS780,,DDR2,2,PCIe 1.0 x16,0.5,,40,4,4,"Mar 4th, 2008",2008-03-04,,,,,https://www.techpowerup.com/gpu-specs/radeon-hd-3200-igp.c230,,radeonhd3200igp
ATI,Xbox 360 GPU 65nm,Xenos Jasper,0.5,GDDR3,128,IGP,0.5,0.7,240,16,8,"Aug 1st, 2008",2008-08-01,,,,,https://www.techpowerup.com/gpu-specs/xbox-360-gpu-65nm.c3508,,xbox360gpu65nm
NVIDIA,GeForce 320M Mac Edition,C89,,DDR2,2,PCIe 2.0 x16,0.45,,48,16,8,"Apr 1st, 2010",2010-04-01,,,,,https://www.techpowerup.com/gpu-specs/geforce-320m-mac-edition.c1852,,geforce320mmacedition
NVIDIA,GeForce 6200 PCI,NV44,0.25,DDR2,64,PCI,0.28,0.2,4,3,4,"Jan 16th, 2008",2008-01-16,,,,,https://www.techpowerup.com/gpu-specs/geforce-6200-pci.c718,,geforce6200pci
NVIDIA,GeForce 6800 LE,NV40,0.125,DDR,256,AGP 8x,0.3,0.35,8,4,8,"Jul 21st, 2004",2004-07-21,109,2378,,,https://www.techpowerup.com/gpu-specs/geforce-6800-le.c13,https://www.videocardbenchmark.net/video_lookup.php?gpu=GeForce+6800+LE&id=1213,geforce6800le
NVIDIA,GeForce GTX 670MX,GK104,3.0,GDDR5,192,PCIe 3.0 x16,0.601,0.7,960,80,24,"Oct 1st, 2012",2012-10-01,1986,994,,,https://www.techpowerup.com/gpu-specs/geforce-gtx-670mx.c1413,https://www.videocardbenchmark.net/video_lookup.php?gpu=GeForce+GTX+670MX&id=2296,geforcegtx670mx
NVIDIA,GeForce MX350,GP107S,2.0,GDDR5,64,PCIe 3.0 x4,0.937,1.752,640,32,16,"Feb 10th, 2020",2020-02-10,2814,788,,,https://www.techpowerup.com/gpu-specs/geforce-mx350.c3582,https://www.videocardbenchmark.net/video_lookup.php?gpu=GeForce+MX350&id=4194,geforcemx350
NVIDIA,RTX A500 Embedded,GA107S,4.0,GDDR6,64,PCIe 4.0 x8,1.335,1.5,2048,64,32,"Mar 30th, 2022",2022-03-30,,,,,https://www.techpowerup.com/gpu-specs/rtx-a500-embedded.c3896,,rtxa500embedded
AMD,FirePro M5950,Whistler,1.0,GDDR5,128,MXM-A (3.0),0.725,0.9,480,24,8,"Jan 4th, 2011",2011-01-04,1314,1242,,,https://www.techpowerup.com/gpu-specs/firepro-m5950.c1398,https://www.videocardbenchmark.net/video_lookup.php?gpu=FirePro+M5950&id=233,fireprom5950
AMD,Radeon 625 OEM,Polaris 24,2.0,GDDR5,64,PCIe 3.0 x8,1.024,1.125,384,24,8,"May 13th, 2019",2019-05-13,,,,,https://www.techpowerup.com/gpu-specs/radeon-625-oem.c4111,,radeon625oem
AMD,Radeon Pro WX Vega M GL,Polaris 22,4.0,HBM2,1024,IGP,1.011,0.7,1280,80,32,"Apr 24th, 2018",2018-04-24,4617,580,,,https://www.techpowerup.com/gpu-specs/radeon-pro-wx-vega-m-gl.c3352,https://www.videocardbenchmark.net/video_lookup.php?gpu=Radeon+Pro+WX+Vega+M+GL&id=4019,radeonprowxvegamgl
ATI,Radeon DDR,Rage 6,0.0312,DDR,128,AGP 4x,0.166,0.166,2,1,6,"Apr 1st, 2000",2000-04-01,,,,,https://www.techpowerup.com/gpu-specs/radeon-ddr.c1155,,radeonddr
NVIDIA,Jetson AGX Xavier 16 GB,GV11B,16.0,LPDDR4X,256,PCIe 4.0 x4,1.377,2.133,512,32,16,Oct 2018,2018-10-01,,,,,https://www.techpowerup.com/gpu-specs/jetson-agx-xavier-16-gb.c3232,,jetsonagxxavier16gb
AMD,Radeon R2 Mobile Graphics,Beema,,DDR3,3,IGP,0.3,,128,8,4,"Jan 28th, 2015",2015-01-28,,,,,https://www.techpowerup.com/gpu-specs/radeon-r2-mobile-graphics.c2500,,radeonr2mobilegraphics
ATI,Graphics Solution,CW16800-A,0.0001,DRAM,32,ISA 8-bit,0.01,0.005,0,0,0,"Sep 22nd, 1986",1986-09-22,,,,,https://www.techpowerup.com/gpu-specs/graphics-solution.c3176,,graphicssolution
NVIDIA,GeForce 9300M GS,G98S,0.25,DDR2,64,MXM-I,0.58,0.4,8,4,4,"Jun 4th, 2008",2008-06-04,153,2259,3.52,43.42,https://www.techpowerup.com/gpu-specs/geforce-9300m-gs.c1523,https://www.videocardbenchmark.net/video_lookup.php?gpu=GeForce+9300M+GS&id=1297,geforce9300mgs
NVIDIA,GeForce GT 710 OEM,GK208B,1.0,DDR3,64,PCIe 2.0 x8,0.797,0.9,192,16,8,"Apr 9th, 2015",2015-04-09,,,,,https://www.techpowerup.com/gpu-specs/geforce-gt-710-oem.c2711,,geforcegt710oem
NVIDIA,GeForce MX450 30.5W 8Gbps,TU117S,2.0,GDDR5,64,PCIe 4.0 x4,1.275,2.0,896,56,32,"Aug 25th, 2020",2020-08-25,,,,,https://www.techpowerup.com/gpu-specs/geforce-mx450-30-5w-8gbps.c3717,,geforcemx450305w8gbps
ATI,Rage PRO Turbo AGP,Mach64 GT3U,0.0039,SDR,64,AGP 1x,0.075,0.075,1,0,1,"Mar 1st, 1997",1997-03-01,,,,,https://www.techpowerup.com/gpu-specs/rage-pro-turbo-agp.c876,,rageproturboagp
Intel,UHD Graphics 610,Comet Lake GT1,,DDR3,3,Ring Bus,1.05,,96,12,2,"Apr 30th, 2020",2020-04-30,681,1654,,,https://www.techpowerup.com/gpu-specs/uhd-graphics-610.c3602,https://www.videocardbenchmark.net/video_lookup.php?gpu=Intel+UHD+Graphics+610&id=3910,uhdgraphics610
NVIDIA,GeForce 6800,NV40,0.125,DDR,256,AGP 8x,0.325,0.35,12,5,12,"Apr 14th, 2004",2004-04-14,112,2369,0.2,559.29,https://www.techpowerup.com/gpu-specs/geforce-6800.c131,https://www.videocardbenchmark.net/video_lookup.php?gpu=GeForce+6800&id=1205,geforce6800
NVIDIA,GeForce GTX 480 Core 512,GF100,1.5,GDDR5,384,PCIe 2.0 x16,0.527,0.7,512,64,48,Never Released,,,,,,https://www.techpowerup.com/gpu-specs/geforce-gtx-480-core-512.c1930,,geforcegtx480core512
NVIDIA,GRID A100B,GA100,48.0,HBM2E,6144,PCIe 4.0 x16,1.005,1.215,6912,432,192,"May 14th, 2020",2020-05-14,,,,,https://www.techpowerup.com/gpu-specs/grid-a100b.c3578,,grida100b
NVIDIA,PG506-207,GA100,24.0,HBM2,3072,PCIe 4.0 x16,1.44,1.215,3584,224,96,"Jun 22nd, 2021",2021-06-22,,,,,https://www.techpowerup.com/gpu-specs/pg506-207.c3962,,pg506207
AMD,Radeon HD 6930,Cayman,1.0,GDDR5,256,PCIe 2.0 x16,0.75,1.2,1280,80,32,"Dec 1st, 2011",2011-12-01,,,,,https://www.techpowerup.com/gpu-specs/radeon-hd-6930.c306,,radeonhd6930
ATI,Radeon X800 PRO AGP,R420,0.25,GDDR3,256,AGP 8x,0.475,0.45,12,6,12,"May 1st, 2004",2004-05-01,,,,,https://www.techpowerup.com/gpu-specs/radeon-x800-pro-agp.c2,,radeonx800proagp
ATI,Rage Fury MAXX,Rage 128 PRO,0.0312,SDR,128,AGP 4x,0.125,0.143,2,0,2,"Oct 1st, 1999",1999-10-01,,,,,https://www.techpowerup.com/gpu-specs/rage-fury-maxx.c644,,ragefurymaxx
Intel,GMA 3150,Pineview,,DDR2,2,PCI,0.4,,16,2,1,"May 9th, 2007",2007-05-09,,,,,https://www.techpowerup.com/gpu-specs/gma-3150.c1794,,gma3150
NVIDIA,GeForce 7500 LE,G72,0.0625,DDR2,64,PCIe 1.0 x16,0.475,0.405,8,5,8,"Mar 22nd, 2006",2006-03-22,91,2430,,,https://www.techpowerup.com/gpu-specs/geforce-7500-le.c1772,https://www.videocardbenchmark.net/video_lookup.php?gpu=GeForce+7500+LE&id=39,geforce7500le
NVIDIA,GeForce PCX 5950,NV38,0.25,GDDR3,256,PCIe 1.0 x16,0.475,0.425,4,3,8,Never Released,,,,,,https://www.techpowerup.com/gpu-specs/geforce-pcx-5950.c54,,geforcepcx5950
NVIDIA,Quadro FX 1300,NV38,0.125,DDR,256,PCIe 1.0 x16,0.35,0.275,4,3,8,"Aug 9th, 2004",2004-08-09,34,2610,,,https://www.techpowerup.com/gpu-specs/quadro-fx-1300.c1355,https://www.videocardbenchmark.net/video_lookup.php?gpu=Quadro+FX+1300&id=1559,quadrofx1300
AMD,Radeon HD 6620G IGP,Sumo-M,,DDR3,3,IGP,0.444,,400,20,8,"Dec 7th, 2011",2011-12-07,,,,,https://www.techpowerup.com/gpu-specs/radeon-hd-6620g-igp.c830,,radeonhd6620gigp
AMD,Radeon Pro W6600M,Navi 23,8.0,GDDR6,128,PCIe 4.0 x16,2.034,1.75,1792,112,64,"Jun 8th, 2021",2021-06-08,11997,251,,,https://www.techpowerup.com/gpu-specs/radeon-pro-w6600m.c3819,https://www.videocardbenchmark.net/video_lookup.php?gpu=Radeon+PRO+W6600M&id=4995,radeonprow6600m
ATI,Radeon X1600 PRO AGP,RV530,0.25,GDDR3,128,AGP 8x,0.5,0.39,12,5,4,"Oct 1st, 2007",2007-10-01,,,,,https://www.techpowerup.com/gpu-specs/radeon-x1600-pro-agp.c157,,radeonx1600proagp
NVIDIA,GeForce GTX 860M,GK104,2.0,GDDR5,128,PCIe 3.0 x16,0.915,1.25,1152,96,16,"Mar 10th, 2014",2014-03-10,3088,752,27.09,114.0,https://www.techpowerup.com/gpu-specs/geforce-gtx-860m.c2537,https://www.videocardbenchmark.net/video_lookup.php?gpu=GeForce+GTX+860M&id=2866,geforcegtx860m
AMD,Zhongshan Subor Z+ GPU,Fenghuang,8.0,GDDR5,256,IGP,1.3,1.2,1536,96,32,"Aug 3rd, 2018",2018-08-03,,,,,https://www.techpowerup.com/gpu-specs/zhongshan-subor-z-gpu.c3301,,zhongshansuborzgpu
ATI,3D Rage IIC AGP,Rage IIC,0.0039,SDR,64,AGP 2x,0.06,0.083,1,0,1,"Apr 1st, 1997",1997-04-01,,,,,https://www.techpowerup.com/gpu-specs/3d-rage-iic-agp.c1719,,3drageiicagp
NVIDIA,GeForce GTS 360M,GT215,1.0,GDDR5,128,MXM-II,0.55,0.9,96,32,8,"Jan 7th, 2010",2010-01-07,636,1704,,,https://www.techpowerup.com/gpu-specs/geforce-gts-360m.c939,https://www.videocardbenchmark.net/video_lookup.php?gpu=GeForce+GTS+360M&id=1439,geforcegts360m
AMD,Radeon HD 7870M,Heathrow,2.0,GDDR5,128,PCIe 3.0 x16,0.8,1.0,640,40,16,"Apr 24th, 2012",2012-04-24,1507,1180,,,https://www.techpowerup.com/gpu-specs/radeon-hd-7870m.c387,https://www.videocardbenchmark.net/video_lookup.php?gpu=Radeon+HD+7870M&id=2308,radeonhd7870m
AMD,Radeon RX 5300M,Navi 14,3.0,GDDR6,96,PCIe 4.0 x8,1.445,1.75,1408,88,32,"Nov 13th, 2019",2019-11-13,5396,507,,,https://www.techpowerup.com/gpu-specs/radeon-rx-5300m.c3462,https://www.videocardbenchmark.net/video_lookup.php?gpu=Radeon+RX+5300M&id=4325,radeonrx5300m
Intel,Arc A380M,DG2-128,6.0,GDDR6,96,MXM-A (3.1),2.0,1.937,1024,64,32,"Jan 24th, 2023",2023-01-24,,,,,https://www.techpowerup.com/gpu-specs/arc-a380m.c4060,,arca380m
NVIDIA,GeForce 6700 XL,NV43,0.125,GDDR3,128,PCIe 1.0 x16,0.525,0.55,8,3,8,"Nov 14th, 2004",2004-11-14,95,2416,,,https://www.techpowerup.com/gpu-specs/geforce-6700-xl.c1837,https://www.videocardbenchmark.net/video_lookup.php?gpu=GeForce+6700+XL&id=1204,geforce6700xl
NVIDIA,RTX A4500 Embedded,GA104,16.0,GDDR6,256,PCIe 4.0 x16,1.215,1.5,5888,184,96,"Mar 30th, 2022",2022-03-30,,,,,https://www.techpowerup.com/gpu-specs/rtx-a4500-embedded.c3893,,rtxa4500embedded
3Dfx,Spectre 3000,Rampage,0.0625,DDR,128,AGP 4x,0.2,0.2,4,1,4,Never Released,,,,,,https://www.techpowerup.com/gpu-specs/spectre-3000.c3539,,spectre3000
AMD,Radeon HD 8690M,Sun,2.0,GDDR5,64,PCIe 3.0 x8,0.975,1.0,320,20,8,"Mar 1st, 2013",2013-03-01,984,1396,,,https://www.techpowerup.com/gpu-specs/radeon-hd-8690m.c1949,https://www.videocardbenchmark.net/video_lookup.php?gpu=Radeon+HD+8690M&id=3141,radeonhd8690m
Intel,UHD Graphics 32EU Mobile,Jasper Lake GT1,,DDR4,4,Ring Bus,0.85,,256,16,8,"Jan 11th, 2021",2021-01-11,,,,,https://www.techpowerup.com/gpu-specs/uhd-graphics-32eu-mobile.c3814,,uhdgraphics32eumobile
NVIDIA,GeForce GTX 560 Ti X2,GF114,1.0,GDDR5,256,PCIe 2.0 x16,0.85,1.002,384,64,32,"Jan 25th, 2011",2011-01-25,,,,,https://www.techpowerup.com/gpu-specs/geforce-gtx-560-ti-x2.c1927,,geforcegtx560tix2
NVIDIA,Quadro FX 370,G84,0.25,DDR2,64,PCIe 1.0 x16,0.36,0.5,16,8,4,"Sep 12th, 2007",2007-09-12,83,2447,0.67,125.0,https://www.techpowerup.com/gpu-specs/quadro-fx-370.c1330,https://www.videocardbenchmark.net/video_lookup.php?gpu=Quadro+FX+370&id=1582,quadrofx370
AMD,Radeon HD 8650G IGP,Devastator-M,,DDR3,3,IGP,0.72,,384,24,8,"May 23rd, 2013",2013-05-23,,,,,https://www.techpowerup.com/gpu-specs/radeon-hd-8650g-igp.c2185,,radeonhd8650gigp
AMD,Radeon R5 M420,Jet,4.0,DDR3,64,PCIe 3.0 x8,0.85,1.0,320,20,8,"May 15th, 2016",2016-05-15,508,1878,,,https://www.techpowerup.com/gpu-specs/radeon-r5-m420.c2859,https://www.videocardbenchmark.net/video_lookup.php?gpu=Radeon+R5+M420&id=3585,radeonr5m420
AMD,Radeon R9 260 OEM,Bonaire,1.0,GDDR5,128,PCIe 3.0 x16,1.1,1.625,896,56,16,"Dec 21st, 2013",2013-12-21,,,,,https://www.techpowerup.com/gpu-specs/radeon-r9-260-oem.c2543,,radeonr9260oem
ATI,Radeon X1950 XTX Uber Edition,R580+,0.5,GDDR4,256,PCIe 1.0 x16,0.67,1.05,48,8,16,"Jan 19th, 2007",2007-01-19,,,,,https://www.techpowerup.com/gpu-specs/radeon-x1950-xtx-uber-edition.c3345,,radeonx1950xtxuberedition
Intel,Extreme Graphics 2,Springdale,,DDR,,FSB,0.266,,2,0,2,"Dec 3rd, 2003",2003-12-03,,,,,https://www.techpowerup.com/gpu-specs/extreme-graphics-2.c1221,,extremegraphics2
AMD,Radeon HD 8330 Mobile IGP,Kalindi,,DDR3,3,IGP,0.497,,128,8,4,"Aug 13th, 2013",2013-08-13,,,,,https://www.techpowerup.com/gpu-specs/radeon-hd-8330-mobile-igp.c2205,,radeonhd8330mobileigp
AMD,Radeon HD 8550 OEM,Turks,1.0,GDDR3,128,PCIe 2.0 x16,0.65,0.8,480,24,8,"Oct 25th, 2013",2013-10-25,,,,,https://www.techpowerup.com/gpu-specs/radeon-hd-8550-oem.c2515,,radeonhd8550oem
NVIDIA,GeForce 8800 GTS Core 112,G80,0.625,GDDR3,320,PCIe 1.0 x16,0.5,0.8,112,28,20,"Nov 19th, 2007",2007-11-19,,,,,https://www.techpowerup.com/gpu-specs/geforce-8800-gts-core-112.c188,,geforce8800gtscore112
NVIDIA,GeForce 9500 GT Rev. 2,G96B,0.5,GDDR3,128,PCIe 2.0 x16,0.6,0.9,32,16,8,"Jul 29th, 2008",2008-07-29,,,,,https://www.techpowerup.com/gpu-specs/geforce-9500-gt-rev-2.c3787,,geforce9500gtrev2
NVIDIA,GeForce GT 240M,GT216,1.0,GDDR3,128,PCIe 2.0 x16,0.55,0.79,48,16,8,"Jun 15th, 2009",2009-06-15,211,2176,,,https://www.techpowerup.com/gpu-specs/geforce-gt-240m.c1508,https://www.videocardbenchmark.net/video_lookup.php?gpu=GeForce+GT+240M&id=1411,geforcegt240m
3Dfx,Voodoo Banshee AGP 16 MB,Banshee,0.0156,SDR,128,AGP 1x,0.1,0.1,1,0,1,"Jun 22nd, 1998",1998-06-22,,,,,https://www.techpowerup.com/gpu-specs/voodoo-banshee-agp-16-mb.c3561,,voodoobansheeagp16mb
AMD,Radeon HD 8870 OEM,Pitcairn,2.0,GDDR5,256,PCIe 3.0 x16,1.0,1.2,1280,80,32,"Jan 8th, 2013",2013-01-08,,,,,https://www.techpowerup.com/gpu-specs/radeon-hd-8870-oem.c2461,,radeonhd8870oem
AMD,Radeon RX Vega 11,Raven,,DDR4,4,IGP,1.251,,704,44,8,"May 10th, 2018",2018-05-10,2086,963,2.08,1002.0,https://www.techpowerup.com/gpu-specs/radeon-rx-vega-11.c3300,https://www.videocardbenchmark.net/video_lookup.php?gpu=Radeon+RX+Vega+11&id=3893,radeonrxvega11
AMD,Radeon Vega 6 Embedded,Raven,,DDR3,3,IGP,1.28,,384,24,8,"May 10th, 2018",2018-05-10,,,,,https://www.techpowerup.com/gpu-specs/radeon-vega-6-embedded.c3291,,radeonvega6embedded
Intel,Arctic Sound 1T,Arctic Sound,16.0,HBM2E,4096,PCIe 4.0 x16,0.9,1.2,6144,192,96,2021,202101-01,,,,,https://www.techpowerup.com/gpu-specs/arctic-sound-1t.c3886,,arcticsound1t
Intel,HD Graphics 6EU Mobile,Sandy Bridge GT1,,DDR3,3,Ring Bus,0.8,,48,6,1,"May 1st, 2011",2011-05-01,,,,,https://www.techpowerup.com/gpu-specs/hd-graphics-6eu-mobile.c1246,,hdgraphics6eumobile
NVIDIA,GeForce FX 5600 Ultra,NV31,0.125,DDR,128,AGP 8x,0.4,0.4,4,2,4,"Mar 17th, 2003",2003-03-17,17,2682,,,https://www.techpowerup.com/gpu-specs/geforce-fx-5600-ultra.c65,https://www.videocardbenchmark.net/video_lookup.php?gpu=GeForce+FX+5600+Ultra&id=1337,geforcefx5600ultra
NVIDIA,GeForce GT 640 OEM,GK107,2.0,DDR3,128,PCIe 3.0 x16,0.797,0.891,384,32,16,"Apr 24th, 2012",2012-04-24,,,,,https://www.techpowerup.com/gpu-specs/geforce-gt-640-oem.c812,,geforcegt640oem
AMD,Radeon R9 380 OEM,Antigua,4.0,GDDR5,256,PCIe 3.0 x16,0.918,1.375,1792,112,32,"May 5th, 2015",2015-05-05,,,,,https://www.techpowerup.com/gpu-specs/radeon-r9-380-oem.c2725,,radeonr9380oem
NVIDIA,GeForce 6500,NV44,0.125,DDR2,128,PCIe 1.0 x16,0.4,0.266,4,3,4,"Oct 1st, 2005",2005-10-01,38,2590,,,https://www.techpowerup.com/gpu-specs/geforce-6500.c713,https://www.videocardbenchmark.net/video_lookup.php?gpu=GeForce+6500&id=1197,geforce6500
NVIDIA,GeForce 7300 GT AGP,G73B,0.125,DDR2,128,AGP 8x,0.35,0.325,8,4,8,"May 15th, 2006",2006-05-15,,,,,https://www.techpowerup.com/gpu-specs/geforce-7300-gt-agp.c3672,,geforce7300gtagp
NVIDIA,GeForce RTX 2080 Engineering Sample,TU104,8.0,GDDR6,256,PCIe 3.0 x16,1.71,1.75,3072,192,64,Never Released,,,,,,https://www.techpowerup.com/gpu-specs/geforce-rtx-2080-engineering-sample.c3976,,geforcertx2080engineeringsample
NVIDIA,Jetson Xavier NX 8 GB,GV11B,8.0,LPDDR4X,128,PCIe 4.0 x4,1.1,1.866,384,24,16,"May 14th, 2020",2020-05-14,,,,,https://www.techpowerup.com/gpu-specs/jetson-xavier-nx-8-gb.c3642,,jetsonxaviernx8gb
AMD,Radeon HD 6290,Cedar,1.0,GDDR3,64,PCIe 2.0 x16,0.65,0.8,80,8,4,"Dec 4th, 2011",2011-12-04,104,2388,,,https://www.techpowerup.com/gpu-specs/radeon-hd-6290.c2069,https://www.videocardbenchmark.net/video_lookup.php?gpu=Radeon+HD+6290&id=254,radeonhd6290
AMD,Radeon R7 350 640SP,Cape Verde,2.0,GDDR5,128,PCIe 3.0 x16,0.925,1.125,640,40,16,"Jan 7th, 2019",2019-01-07,,,,,https://www.techpowerup.com/gpu-specs/radeon-r7-350-640sp.c3736,,radeonr7350640sp
Intel,GMA 3150,Pineview,,DDR2,2,FSB,0.4,,16,2,1,"May 9th, 2007",2007-05-09,,,,,https://www.techpowerup.com/gpu-specs/gma-3150.c3375,,gma3150
Intel,Iris Plus Graphics 650 Mobile,Kaby Lake GT3e,,DDR4,4,Ring Bus,1.15,,384,48,6,"Jan 3rd, 2017",2017-01-03,,,,,https://www.techpowerup.com/gpu-specs/iris-plus-graphics-650-mobile.c2964,,irisplusgraphics650mobile
NVIDIA,GeForce 9600 GS OEM,G94,0.75,DDR2,192,PCIe 2.0 x16,0.5,1.0,48,24,12,"Jul 29th, 2008",2008-07-29,,,,,https://www.techpowerup.com/gpu-specs/geforce-9600-gs-oem.c660,,geforce9600gsoem
AMD,Radeon 540 Mobile,Lexa,2.0,GDDR5,64,PCIe 3.0 x8,1.046,1.3,512,32,16,"Mar 26th, 2019",2019-03-26,,,,,https://www.techpowerup.com/gpu-specs/radeon-540-mobile.c3419,,radeon540mobile
AMD,Radeon R5 M320,Jet,4.0,DDR3,64,PCIe 3.0 x8,0.855,1.0,320,20,8,"May 5th, 2015",2015-05-05,482,1905,,,https://www.techpowerup.com/gpu-specs/radeon-r5-m320.c2693,https://www.videocardbenchmark.net/video_lookup.php?gpu=Radeon+R5+M320&id=3313,radeonr5m320
Intel,HD Graphics 10EU,Haswell GT1,,DDR3,3,Ring Bus,1.0,,80,10,1,"Apr 29th, 2013",2013-04-29,,,,,https://www.techpowerup.com/gpu-specs/hd-graphics-10eu.c2467,,hdgraphics10eu
NVIDIA,GeForce 9800M GTX,G92,1.0,GDDR3,256,PCIe 2.0 x16,0.5,0.8,112,56,16,"Jul 15th, 2008",2008-07-15,454,1936,1.38,328.5,https://www.techpowerup.com/gpu-specs/geforce-9800m-gtx.c941,https://www.videocardbenchmark.net/video_lookup.php?gpu=GeForce+9800M+GTX&id=1327,geforce9800mgtx
NVIDIA,GeForce GT 630 Rev. 2 PCIe x8,GK208,2.0,DDR3,64,PCIe 2.0 x8,0.902,0.9,384,32,8,"May 29th, 2013",2013-05-29,,,,,https://www.techpowerup.com/gpu-specs/geforce-gt-630-rev-2-pcie-x8.c2396,,geforcegt630rev2pciex8
NVIDIA,Quadro FX 500,NV34,0.125,DDR,128,AGP 8x,0.27,0.24,4,2,4,"May 21st, 2003",2003-05-21,,,,,https://www.techpowerup.com/gpu-specs/quadro-fx-500.c1350,,quadrofx500
NVIDIA,Quadro M520 Mobile,GM108,2.0,GDDR5,64,MXM-A (3.0),1.176,1.253,384,16,8,"Jan 11th, 2017",2017-01-11,,,,,https://www.techpowerup.com/gpu-specs/quadro-m520-mobile.c2919,,quadrom520mobile
AMD,Radeon E9550 MXM,Ellesmere,8.0,GDDR5,256,MXM-B (3.0),1.244,1.25,2304,144,32,"Sep 27th, 2016",2016-09-27,,,,,https://www.techpowerup.com/gpu-specs/radeon-e9550-mxm.c2882,,radeone9550mxm
AMD,Radeon Pro 450,Baffin,2.0,GDDR5,128,PCIe 3.0 x8,0.8,1.27,640,40,16,"Oct 30th, 2016",2016-10-30,2722,805,,,https://www.techpowerup.com/gpu-specs/radeon-pro-450.c2899,https://www.videocardbenchmark.net/video_lookup.php?gpu=Radeon+Pro+450&id=3683,radeonpro450
ATI,Mobility Radeon HD 4570,M92,0.5,GDDR3,64,MXM-II,0.68,0.8,80,8,4,"Jan 9th, 2009",2009-01-09,149,2265,1.97,75.9,https://www.techpowerup.com/gpu-specs/mobility-radeon-hd-4570.c1630,https://www.videocardbenchmark.net/video_lookup.php?gpu=Mobility+Radeon+HD+4570&id=503,mobilityradeonhd4570
ATI,Radeon 7000 PCI,RV100,0.0312,DDR,64,PCI,0.133,0.133,1,0,3,"Feb 19th, 2001",2001-02-19,,,,,https://www.techpowerup.com/gpu-specs/radeon-7000-pci.c649,,radeon7000pci
ATI,Radeon X1950 XT AGP,R580+,0.25,GDDR3,256,AGP 8x,0.625,0.703,48,8,16,"Oct 17th, 2006",2006-10-17,,,,,https://www.techpowerup.com/gpu-specs/radeon-x1950-xt-agp.c1935,,radeonx1950xtagp
NVIDIA,GeForce 6800 GS,NV40,0.25,GDDR3,256,AGP 8x,0.35,0.5,12,5,12,"Dec 8th, 2005",2005-12-08,191,2209,,,https://www.techpowerup.com/gpu-specs/geforce-6800-gs.c145,https://www.videocardbenchmark.net/video_lookup.php?gpu=GeForce+6800+GS&id=1207,geforce6800gs
AMD,Radeon HD 7570 OEM,Redwood,1.0,GDDR3,128,PCIe 2.0 x16,0.65,0.8,400,20,8,"Mar 20th, 2013",2013-03-20,,,,,https://www.techpowerup.com/gpu-specs/radeon-hd-7570-oem.c2393,,radeonhd7570oem
AMD,Radeon Pro 575X,Ellesmere,4.0,GDDR5,256,PCIe 3.0 x16,1.096,1.695,2048,128,32,"Mar 18th, 2019",2019-03-18,,,,,https://www.techpowerup.com/gpu-specs/radeon-pro-575x.c3397,,radeonpro575x
AMD,Radeon Pro WX 7100 Mobile,Ellesmere,8.0,GDDR5,256,PCIe 3.0 x16,1.243,1.25,2304,144,32,"Mar 1st, 2017",2017-03-01,,,,,https://www.techpowerup.com/gpu-specs/radeon-pro-wx-7100-mobile.c3091,,radeonprowx7100mobile
ATI,Mobility Radeon HD 4330,M92,0.5,GDDR3,64,PCIe 2.0 x16,0.45,0.6,80,8,4,"Jan 9th, 2009",2009-01-09,135,2303,,,https://www.techpowerup.com/gpu-specs/mobility-radeon-hd-4330.c1627,https://www.videocardbenchmark.net/video_lookup.php?gpu=Mobility+Radeon+HD+4330&id=497,mobilityradeonhd4330
ATI,Mobility Radeon X1400,M54,0.125,DDR2,128,PCIe 1.0 x16,0.445,0.25,4,2,4,"Jan 19th, 2006",2006-01-19,42,2570,,,https://www.techpowerup.com/gpu-specs/mobility-radeon-x1400.c1609,https://www.videocardbenchmark.net/video_lookup.php?gpu=Mobility+Radeon+X1400&id=533,mobilityradeonx1400
NVIDIA,GeForce 940M,GM107,2.0,DDR3,64,MXM-B (3.0),1.098,0.9,512,32,16,"Mar 13th, 2015",2015-03-13,1134,1315,,,https://www.techpowerup.com/gpu-specs/geforce-940m.c2648,https://www.videocardbenchmark.net/video_lookup.php?gpu=GeForce+940M&id=3155,geforce940m
NVIDIA,GeForce 9600 GT Green Edition,G94,0.5,GDDR3,256,PCIe 2.0 x16,0.6,0.7,64,32,16,"Feb 21st, 2008",2008-02-21,,,,,https://www.techpowerup.com/gpu-specs/geforce-9600-gt-green-edition.c3687,,geforce9600gtgreenedition
NVIDIA,Quadro FX 2800M,G92B,1.0,GDDR3,256,MXM-B (3.0),0.6,1.0,96,48,16,"Dec 1st, 2009",2009-12-01,412,1979,2.17,190.0,https://www.techpowerup.com/gpu-specs/quadro-fx-2800m.c1393,https://www.videocardbenchmark.net/video_lookup.php?gpu=Quadro+FX+2800M&id=1571,quadrofx2800m
AMD,Radeon HD 7480D IGP,Scrapper Lite,,DDR3,3,IGP,0.72,,128,8,4,"Oct 2nd, 2012",2012-10-02,,,,,https://www.techpowerup.com/gpu-specs/radeon-hd-7480d-igp.c822,,radeonhd7480digp
AMD,Radeon R9 M375,Tropo,2.0,DDR3,128,PCIe 3.0 x16,1.015,0.9,640,40,16,"May 5th, 2015",2015-05-05,1006,1382,,,https://www.techpowerup.com/gpu-specs/radeon-r9-m375.c2690,https://www.videocardbenchmark.net/video_lookup.php?gpu=Radeon+R9+M375&id=3263,radeonr9m375
ATI,Rage 128 PRO Ultra,Rage 128 PRO,0.0312,SDR,64,AGP 4x,0.13,0.13,2,0,2,"Aug 1st, 1999",1999-08-01,,,,,https://www.techpowerup.com/gpu-specs/rage-128-pro-ultra.c2034,,rage128proultra
NVIDIA,GeForce GT 610 OEM,GF119S,1.0,DDR3,64,PCIe 2.0 x16,0.55,0.5,48,8,4,"Sep 9th, 2012",2012-09-09,,,,,https://www.techpowerup.com/gpu-specs/geforce-gt-610-oem.c2282,,geforcegt610oem
NVIDIA,Tesla C870,G80,1.5,GDDR3,384,PCIe 1.0 x16,0.6,0.8,128,32,24,"May 2nd, 2007",2007-05-02,,,,,https://www.techpowerup.com/gpu-specs/tesla-c870.c1542,,teslac870
AMD,Radeon HD 8570D IGP,Devastator Lite,,DDR3,3,IGP,0.8,,256,16,8,"Jul 10th, 2013",2013-07-10,,,,,https://www.techpowerup.com/gpu-specs/radeon-hd-8570d-igp.c2002,,radeonhd8570digp
ATI,Radeon 9700 PRO X4,R300,0.125,DDR,256,PCI,0.325,0.31,8,4,8,"Aug 19th, 2002",2002-08-19,,,,,https://www.techpowerup.com/gpu-specs/radeon-9700-pro-x4.c1946,,radeon9700prox4
NVIDIA,GeForce4 MX 4000 PCI,NV18C,0.125,DDR,64,PCI,0.25,0.166,2,0,4,"Dec 14th, 2003",2003-12-14,,,,,https://www.techpowerup.com/gpu-specs/geforce4-mx-4000-pci.c1189,,geforce4mx4000pci
NVIDIA,Quadro FX 3000,NV35,0.25,DDR,256,AGP 8x,0.4,0.425,4,3,8,"Jul 22nd, 2003",2003-07-22,69,2490,0.41,166.61,https://www.techpowerup.com/gpu-specs/quadro-fx-3000.c1363,https://www.videocardbenchmark.net/video_lookup.php?gpu=Quadro+FX+3000&id=1572,quadrofx3000
3Dfx,Voodoo3 3000 PCI,Avenger,0.0156,SDR,128,PCI,0.166,0.166,1,0,2,"Apr 3rd, 1999",1999-04-03,,,,,https://www.techpowerup.com/gpu-specs/voodoo3-3000-pci.c3553,,voodoo33000pci
3Dfx,Voodoo5 5500 PCI,VSA-100,0.0312,SDR,128,PCI,0.166,0.166,2,0,2,"Jun 22nd, 2000",2000-06-22,,,,,https://www.techpowerup.com/gpu-specs/voodoo5-5500-pci.c3532,,voodoo55500pci
AMD,Radeon HD 6650M,Whistler,1.0,DDR3,128,PCIe 2.0 x16,0.6,0.8,480,24,8,"Jan 4th, 2011",2011-01-04,778,1542,,,https://www.techpowerup.com/gpu-specs/radeon-hd-6650m.c326,https://www.videocardbenchmark.net/video_lookup.php?gpu=Radeon+HD+6650M&id=279,radeonhd6650m
Intel,Arc A550M,DG2-512,8.0,GDDR6,128,PCIe 4.0 x16,2.05,1.75,2048,128,64,2022,202201-01,,,,,https://www.techpowerup.com/gpu-specs/arc-a550m.c3907,,arca550m
Intel,Data Center GPU Max 1350,Ponte Vecchio,96.0,HBM2E,8192,PCIe 5.0 x16,1.55,1.2,14336,896,0,"Jan 10th, 2023",2023-01-10,,,,,https://www.techpowerup.com/gpu-specs/data-center-gpu-max-1350.c4067,,datacentergpumax1350
NVIDIA,GeForce GTS 450 Rev. 3,GF116,1.0,DDR3,128,PCIe 2.0 x16,0.783,0.7,144,24,16,"Jul 11th, 2012",2012-07-11,,,,,https://www.techpowerup.com/gpu-specs/geforce-gts-450-rev-3.c2043,,geforcegts450rev3
AMD,FirePro S7100X,Amethyst,8.0,GDDR5,256,PCIe 3.0 x16,0.725,1.25,2048,128,32,"May 25th, 2016",2016-05-25,,,,,https://www.techpowerup.com/gpu-specs/firepro-s7100x.c2860,,firepros7100x
AMD,Radeon R9 M375X,Tropo,2.0,GDDR5,128,PCIe 3.0 x16,1.015,1.125,640,40,16,"May 5th, 2015",2015-05-05,1772,1077,,,https://www.techpowerup.com/gpu-specs/radeon-r9-m375x.c2689,https://www.videocardbenchmark.net/video_lookup.php?gpu=Radeon+R9+M375X&id=3337,radeonr9m375x
NVIDIA,GeForce Go 7300,G72B,0.0625,GDDR3,64,PCIe 1.0 x16,0.35,0.35,4,3,4,"Feb 1st, 2006",2006-02-01,52,2533,,,https://www.techpowerup.com/gpu-specs/geforce-go-7300.c1579,https://www.videocardbenchmark.net/video_lookup.php?gpu=GeForce+Go+7300&id=59,geforcego7300
NVIDIA,RTX 5000 Embedded Ada Generation X2,AD103,16.0,GDDR6,256,PCIe 4.0 x16,1.68,2.25,9728,304,112,"Mar 21st, 2023",2023-03-21,,,,,https://www.techpowerup.com/gpu-specs/rtx-5000-embedded-ada-generation-x2.c4256,,rtx5000embeddedadagenerationx2
AMD,Radeon HD 7950 Mac Edition,Tahiti,3.0,GDDR5,384,PCIe 3.0 x16,0.8,1.25,1792,112,32,"Mar 7th, 2013",2013-03-07,,,,,https://www.techpowerup.com/gpu-specs/radeon-hd-7950-mac-edition.c2142,,radeonhd7950macedition
ATI,Mobility Radeon HD 4650,M96,1.0,GDDR3,128,PCIe 2.0 x16,0.55,0.667,320,32,8,"Jan 9th, 2009",2009-01-09,401,1988,,,https://www.techpowerup.com/gpu-specs/mobility-radeon-hd-4650.c1632,https://www.videocardbenchmark.net/video_lookup.php?gpu=Mobility+Radeon+HD+4650&id=504,mobilityradeonhd4650
ATI,Radeon 9250 PCI,RV280,0.125,DDR,64,PCI,0.24,0.2,4,1,4,"Mar 1st, 2004",2004-03-01,,,,,https://www.techpowerup.com/gpu-specs/radeon-9250-pci.c1162,,radeon9250pci
ATI,Radeon HD 5470,Cedar,0.5,GDDR3,64,PCIe 2.0 x16,0.65,0.4,80,8,4,"Feb 13th, 2012",2012-02-13,268,2114,,,https://www.techpowerup.com/gpu-specs/radeon-hd-5470.c2062,https://www.videocardbenchmark.net/video_lookup.php?gpu=Radeon+HD+5470&id=3055,radeonhd5470
Intel,UHD Graphics 24EU Mobile,Jasper Lake GT1,,DDR4,4,Ring Bus,0.8,,192,12,6,"Jan 11th, 2021",2021-01-11,,,,,https://www.techpowerup.com/gpu-specs/uhd-graphics-24eu-mobile.c3921,,uhdgraphics24eumobile
NVIDIA,GeForce GT 645 OEM,GF114,1.0,GDDR5,192,PCIe 2.0 x16,0.776,0.957,288,48,24,"Apr 24th, 2012",2012-04-24,,,,,https://www.techpowerup.com/gpu-specs/geforce-gt-645-oem.c363,,geforcegt645oem
NVIDIA,GeForce GTX 660 Rev. 2,GK104,2.0,GDDR5,192,PCIe 3.0 x16,1.032,1.502,960,80,24,"Sep 13th, 2014",2014-09-13,,,,,https://www.techpowerup.com/gpu-specs/geforce-gtx-660-rev-2.c2631,,geforcegtx660rev2
NVIDIA,GeForce RTX 2080 Ti Engineering Sample,TU102,12.0,GDDR6,384,PCIe 3.0 x16,1.635,1.75,4608,288,96,Never Released,,,,,,https://www.techpowerup.com/gpu-specs/geforce-rtx-2080-ti-engineering-sample.c4416,,geforcertx2080tiengineeringsample
NVIDIA,Jetson Xavier NX 16 GB,GV11B,16.0,LPDDR4X,128,PCIe 4.0 x4,1.1,1.866,384,24,16,"May 14th, 2020",2020-05-14,,,,,https://www.techpowerup.com/gpu-specs/jetson-xavier-nx-16-gb.c4087,,jetsonxaviernx16gb
AMD,Radeon R9 M395X,Amethyst,8.0,GDDR5,256,PCIe 3.0 x16,0.723,1.25,2048,128,32,"May 5th, 2015",2015-05-05,5096,537,,,https://www.techpowerup.com/gpu-specs/radeon-r9-m395x.c3577,https://www.videocardbenchmark.net/video_lookup.php?gpu=Radeon+R9+M395X&id=3340,radeonr9m395x
AMD,Radeon Vega 3 Mobile,Picasso-M,,DDR4,4,IGP,1.001,,192,12,4,"Jan 6th, 2019",2019-01-06,1052,1358,,,https://www.techpowerup.com/gpu-specs/radeon-vega-3-mobile.c3655,https://www.videocardbenchmark.net/video_lookup.php?gpu=Radeon+Vega+3+Mobile&id=3871,radeonvega3mobile
ATI,Mobility Radeon HD 3650,M86,0.5,GDDR3,128,MXM-II,0.5,0.7,120,8,4,"Jan 7th, 2008",2008-01-07,140,2291,1.91,73.53,https://www.techpowerup.com/gpu-specs/mobility-radeon-hd-3650.c1406,https://www.videocardbenchmark.net/video_lookup.php?gpu=Mobility+Radeon+HD+3650&id=487,mobilityradeonhd3650
ATI,Radeon HD 2900 XTX,R600,0.5,GDDR3,512,PCIe 1.0 x16,0.743,0.828,320,16,16,Never Released,,,,,,https://www.techpowerup.com/gpu-specs/radeon-hd-2900-xtx.c2140,,radeonhd2900xtx
ATI,Radeon X850 XT Platinum AGP,R481,0.25,GDDR3,256,AGP 8x,0.54,0.59,16,6,16,"Feb 28th, 2005",2005-02-28,,,,,https://www.techpowerup.com/gpu-specs/radeon-x850-xt-platinum-agp.c116,,radeonx850xtplatinumagp
IBM,Fire GL1,GXT2000,0.0312,SDR,256,AGP 2x,0.1,0.1,2,0,1,"Mar 1st, 1999",1999-03-01,,,,,https://www.techpowerup.com/gpu-specs/fire-gl1.c3661,,firegl1
NVIDIA,GeForce G105M,G98S,0.5,GDDR3,64,PCIe 2.0 x16,0.64,0.7,8,4,4,"Jan 8th, 2009",2009-01-08,99,2404,,,https://www.techpowerup.com/gpu-specs/geforce-g105m.c1476,https://www.videocardbenchmark.net/video_lookup.php?gpu=GeForce+G+105M&id=1364,geforceg105m
NVIDIA,Quadro K610M,GK208,1.0,GDDR5,64,MXM-A (3.0),0.954,0.65,192,16,8,"Jul 23rd, 2013",2013-07-23,715,1624,2.98,240.0,https://www.techpowerup.com/gpu-specs/quadro-k610m.c2431,https://www.videocardbenchmark.net/video_lookup.php?gpu=Quadro+K610M&id=2703,quadrok610m
NVIDIA,Quadro2 Pro,NV15,0.0625,DDR,128,AGP 4x,0.2,0.25,4,0,8,"Mar 22nd, 2001",2001-03-22,1,2858,,,https://www.techpowerup.com/gpu-specs/quadro2-pro.c2372,https://www.videocardbenchmark.net/video_lookup.php?gpu=Quadro2+Pro&id=1648,quadro2pro
AMD,Stream Processor,R580,1.0,GDDR3,256,PCIe 1.0 x16,0.594,0.648,48,8,16,2006,200601-01,,,,,https://www.techpowerup.com/gpu-specs/stream-processor.c1186,,streamprocessor
ATI,Radeon X1800 GTO,R520,0.25,GDDR3,256,PCIe 1.0 x16,0.5,0.495,12,8,12,"Mar 1st, 2006",2006-03-01,140,2288,,,https://www.techpowerup.com/gpu-specs/radeon-x1800-gto.c151,https://www.videocardbenchmark.net/video_lookup.php?gpu=Radeon+X1800+GTO&id=1760,radeonx1800gto
ATI,Radeon X1900 GT,R580,0.25,GDDR3,256,PCIe 1.0 x16,0.575,0.6,36,8,12,"May 1st, 2006",2006-05-01,145,2275,,,https://www.techpowerup.com/gpu-specs/radeon-x1900-gt.c173,https://www.videocardbenchmark.net/video_lookup.php?gpu=Radeon+X1900+GT&id=1762,radeonx1900gt
Intel,Arc A570M,DG2-256,8.0,GDDR6,128,PCIe 4.0 x8,1.3,1.75,2048,128,64,"Aug 1st, 2023",2023-08-01,,,,,https://www.techpowerup.com/gpu-specs/arc-a570m.c4168,,arca570m
Intel,Arc Graphics 1 Xe Mobile,Wildcat Lake,,LPDDR5X,5,IGP,2.3,,128,8,4,"Apr 16th, 2026",2026-04-16,,,,,https://www.techpowerup.com/gpu-specs/arc-graphics-1-xe-mobile.c4422,,arcgraphics1xemobile
Intel,Xeon Phi 5110P,Knights Corner,8.0,GDDR5,512,PCIe 3.0 x16,1.053,1.25,960,32,0,"Nov 12th, 2012",2012-11-12,,,,,https://www.techpowerup.com/gpu-specs/xeon-phi-5110p.c2480,,xeonphi5110p
NVIDIA,GeForce 7300 GT Mac Edition,G73,0.125,GDDR3,128,PCIe 1.0 x16,0.35,0.5,8,4,8,"Aug 26th, 2006",2006-08-26,,,,,https://www.techpowerup.com/gpu-specs/geforce-7300-gt-mac-edition.c2240,,geforce7300gtmacedition
NVIDIA,GeForce4 Ti 4800 SE,NV28,0.125,DDR,128,AGP 8x,0.275,0.275,4,2,8,"Feb 16th, 2003",2003-02-16,6,2722,,,https://www.techpowerup.com/gpu-specs/geforce4-ti-4800-se.c179,https://www.videocardbenchmark.net/video_lookup.php?gpu=GeForce4+Ti+4800+SE&id=1508,geforce4ti4800se
NVIDIA,PG506-232,GA100,24.0,HBM2,3072,PCIe 4.0 x16,1.44,1.215,3584,224,96,"Apr 14th, 2021",2021-04-14,,,,,https://www.techpowerup.com/gpu-specs/pg506-232.c3799,,pg506232
NVIDIA,Quadro NVS 140M,G86S,0.5,GDDR3,64,PCIe 2.0 x16,0.4,0.6,16,8,4,"May 9th, 2007",2007-05-09,91,2428,,,https://www.techpowerup.com/gpu-specs/quadro-nvs-140m.c1473,https://www.videocardbenchmark.net/video_lookup.php?gpu=Quadro+NVS+140M&id=1624,quadronvs140m
NVIDIA,GeForce 8400 GS PCI Rev. 2,GT218S,0.5,DDR3,64,PCI,0.52,0.5,16,8,4,"Apr 17th, 2007",2007-04-17,,,,,https://www.techpowerup.com/gpu-specs/geforce-8400-gs-pci-rev-2.c1929,,geforce8400gspcirev2
NVIDIA,GeForce GTX 775M Mac Edition,GK104,2.0,GDDR5,256,MXM-B (3.0),0.797,1.25,1344,112,32,"Nov 8th, 2013",2013-11-08,,,,,https://www.techpowerup.com/gpu-specs/geforce-gtx-775m-mac-edition.c2381,,geforcegtx775mmacedition
NVIDIA,RTX A2000 Max-Q 8 GB,GA107,8.0,GDDR6,128,PCIe 4.0 x16,1.177,1.375,2560,80,48,"Apr 12th, 2021",2021-04-12,,,,,https://www.techpowerup.com/gpu-specs/rtx-a2000-max-q-8-gb.c4288,,rtxa2000maxq8gb
AMD,Radeon HD 7350 OEM PCI,Cedar,0.5,GDDR3,64,PCI,0.65,0.5,80,8,4,"Jan 5th, 2012",2012-01-05,,,,,https://www.techpowerup.com/gpu-specs/radeon-hd-7350-oem-pci.c2365,,radeonhd7350oempci
AMD,Radeon R9 M395 Mac Edition,Amethyst,2.0,GDDR5,256,MXM-B (3.0),0.834,1.365,1792,112,32,"May 5th, 2015",2015-05-05,,,,,https://www.techpowerup.com/gpu-specs/radeon-r9-m395-mac-edition.c2960,,radeonr9m395macedition
AMD,Radeon RX 6600S,Navi 23,4.0,GDDR6,128,PCIe 4.0 x8,2.0,1.75,1792,112,64,"Jan 4th, 2022",2022-01-04,13569,211,,,https://www.techpowerup.com/gpu-specs/radeon-rx-6600s.c3869,https://www.videocardbenchmark.net/video_lookup.php?gpu=Radeon+RX+6600S&id=4755,radeonrx6600s
Intel,GMA X3100,Broadwater,,UMA,,FSB,0.5,,8,1,8,"May 9th, 2007",2007-05-09,,,,,https://www.techpowerup.com/gpu-specs/gma-x3100.c1233,,gmax3100
NVIDIA,GeForce 615 OEM,GF108,1.0,DDR3,128,PCIe 2.0 x16,0.66,0.9,48,8,4,"May 15th, 2012",2012-05-15,,,,,https://www.techpowerup.com/gpu-specs/geforce-615-oem.c2145,,geforce615oem
NVIDIA,GeForce GT 640M LE,GF108,2.0,GDDR5,128,PCIe 2.0 x16,0.753,0.785,96,16,4,"May 4th, 2012",2012-05-04,690,1643,0.81,849.99,https://www.techpowerup.com/gpu-specs/geforce-gt-640m-le.c349,https://www.videocardbenchmark.net/video_lookup.php?gpu=GeForce+GT+640M+LE&id=2135,geforcegt640mle
NVIDIA,GeForce4 Ti 4200-8X,NV28,0.0625,SDR,128,AGP 8x,0.25,0.25,4,2,8,"Feb 6th, 2002",2002-02-06,,,,,https://www.techpowerup.com/gpu-specs/geforce4-ti-4200-8x.c182,,geforce4ti42008x
NVIDIA,GRID K200,GK104,0.25,GDDR5,256,PCIe 3.0 x16,0.745,1.25,1536,128,32,"Jun 28th, 2013",2013-06-28,,,,,https://www.techpowerup.com/gpu-specs/grid-k200.c2490,,gridk200
Intel,Data Center GPU Max NEXT,Rialto Bridge,128.0,HBM2E,8192,PCIe 5.0 x16,1.6,1.565,20480,1280,0,Unknown,,,,,,https://www.techpowerup.com/gpu-specs/data-center-gpu-max-next.c4069,,datacentergpumaxnext
NVIDIA,GeForce 800M,GF117,1.0,DDR3,64,PCIe 2.0 x16,0.738,0.9,48,8,8,"Mar 17th, 2014",2014-03-17,491,1897,,,https://www.techpowerup.com/gpu-specs/geforce-800m.c2567,https://www.videocardbenchmark.net/video_lookup.php?gpu=GeForce+800M&id=3015,geforce800m
NVIDIA,GeForce GT 335M,GT215,1.0,GDDR3,128,PCIe 2.0 x16,0.45,0.79,72,24,8,"Jan 7th, 2010",2010-01-07,359,2027,,,https://www.techpowerup.com/gpu-specs/geforce-gt-335m.c1506,https://www.videocardbenchmark.net/video_lookup.php?gpu=GeForce+GT+335M&id=1417,geforcegt335m
NVIDIA,GeForce2 Go,NV11,0.0625,DDR,64,AGP 4x,0.143,0.166,2,0,4,"Nov 11th, 2000",2000-11-11,4,2783,,,https://www.techpowerup.com/gpu-specs/geforce2-go.c1554,https://www.videocardbenchmark.net/video_lookup.php?gpu=GeForce2+Go&id=1467,geforce2go
AMD,FirePro W9000 X2,Tahiti,3.0,GDDR5,384,PCIe 3.0 x16,0.95,1.25,1792,112,32,Never Released,,,,,,https://www.techpowerup.com/gpu-specs/firepro-w9000-x2.c3956,,fireprow9000x2
AMD,Radeon Graphics 320SP Mobile,Renoir-M,,DDR4,4,IGP,1.4,,320,20,8,"Jan 6th, 2020",2020-01-06,,,,,https://www.techpowerup.com/gpu-specs/radeon-graphics-320sp-mobile.c3613,,radeongraphics320spmobile
ATI,3D Rage PRO PCI,Rage PRO PCI,0.0078,SDR,64,PCI,0.075,0.075,1,0,1,"Mar 1st, 1997",1997-03-01,,,,,https://www.techpowerup.com/gpu-specs/3d-rage-pro-pci.c1717,,3dragepropci
Intel,Xe DG1-SDV,DG1,8.0,LPDDR4X,128,PCIe 4.0 x8,1.5,2.133,768,48,24,Never Released,,,,,,https://www.techpowerup.com/gpu-specs/xe-dg1-sdv.c3483,,xedg1sdv
NVIDIA,GeForce 6200 AGP,NV18C,0.125,DDR,64,AGP 8x,0.23,0.066,2,0,4,"Dec 14th, 2003",2003-12-14,,,,,https://www.techpowerup.com/gpu-specs/geforce-6200-agp.c2510,,geforce6200agp
NVIDIA,GeForce 810M,GF117,1.0,DDR3,64,PCIe 2.0 x16,0.888,0.9,48,8,8,"Mar 24th, 2014",2014-03-24,421,1972,,,https://www.techpowerup.com/gpu-specs/geforce-810m.c2584,https://www.videocardbenchmark.net/video_lookup.php?gpu=GeForce+810M&id=3005,geforce810m
NVIDIA,GeForce GTX 260M,G92,1.0,GDDR3,256,PCIe 2.0 x16,0.55,0.95,112,56,16,"Mar 3rd, 2009",2009-03-03,384,2003,,,https://www.techpowerup.com/gpu-specs/geforce-gtx-260m.c1510,https://www.videocardbenchmark.net/video_lookup.php?gpu=GeForce+GTX+260M&id=83,geforcegtx260m
NVIDIA,P104-101,GP104,4.0,GDDR5,256,PCIe 1.0 x4,1.683,2.002,2560,160,64,"Jan 5th, 2018",2018-01-05,,,,,https://www.techpowerup.com/gpu-specs/p104-101.c3064,,p104101
Sony,Playstation GPU 350nm,GTE-2,0.001,SGRAM,32,IGP,0.053,0.033,2,1,3,"Nov 13th, 1997",1997-11-13,,,,,https://www.techpowerup.com/gpu-specs/playstation-gpu-350nm.c3708,,playstationgpu350nm
AMD,Radeon R9 270 1024SP,Pitcairn,2.0,GDDR5,256,PCIe 3.0 x16,0.925,1.2,1024,64,32,"Mar 13th, 2015",2015-03-13,,,,,https://www.techpowerup.com/gpu-specs/radeon-r9-270-1024sp.c2679,,radeonr92701024sp
ATI,Radeon X1650 XT,RV560,0.25,GDDR3,128,PCIe 1.0 x16,0.525,0.7,24,8,8,"Oct 30th, 2006",2006-10-30,,,,,https://www.techpowerup.com/gpu-specs/radeon-x1650-xt.c451,,radeonx1650xt
Intel,HD Graphics 3000,Sandy Bridge GT2+,,DDR3,3,Ring Bus,1.35,,96,12,2,"Feb 1st, 2011",2011-02-01,,,,,https://www.techpowerup.com/gpu-specs/hd-graphics-3000.c3196,,hdgraphics3000
NVIDIA,GeForce GT 430 OEM,GF108,2.0,DDR3,128,PCIe 2.0 x16,0.7,0.8,96,16,4,"Oct 11th, 2010",2010-10-11,,,,,https://www.techpowerup.com/gpu-specs/geforce-gt-430-oem.c1957,,geforcegt430oem
NVIDIA,GeForce GT 520M,GF119,1.0,DDR3,64,PCIe 2.0 x16,0.74,0.8,48,8,4,"Jan 5th, 2011",2011-01-05,286,2096,9.57,29.95,https://www.techpowerup.com/gpu-specs/geforce-gt-520m.c1488,https://www.videocardbenchmark.net/video_lookup.php?gpu=GeForce+GT+520M&id=70,geforcegt520m
NVIDIA,GeForce GT 550M,GF108,1.0,DDR3,128,PCIe 2.0 x16,0.74,0.9,96,16,4,"Jan 5th, 2011",2011-01-05,544,1831,,,https://www.techpowerup.com/gpu-specs/geforce-gt-550m.c1491,https://www.videocardbenchmark.net/video_lookup.php?gpu=GeForce+GT+550M&id=1427,geforcegt550m
NVIDIA,Quadro K4000M,GK104,4.0,GDDR5,256,MXM-B (3.0),0.601,0.7,960,80,32,"Jun 1st, 2012",2012-06-01,2081,964,8.19,254.0,https://www.techpowerup.com/gpu-specs/quadro-k4000m.c1422,https://www.videocardbenchmark.net/video_lookup.php?gpu=Quadro+K4000M&id=2159,quadrok4000m
NVIDIA,Quadro M3000 SE,GM204,4.0,GDDR5,256,PCIe 3.0 x16,0.924,1.253,1024,64,32,"Oct 2nd, 2016",2016-10-02,,,,,https://www.techpowerup.com/gpu-specs/quadro-m3000-se.c2886,,quadrom3000se
NVIDIA,RTX PRO 4000 Blackwell Embedded,GB203,16.0,GDDR7,256,PCIe 5.0 x16,1.702,1.75,7680,240,96,Unknown,,,,,,https://www.techpowerup.com/gpu-specs/rtx-pro-4000-blackwell-embedded.c4368,,rtxpro4000blackwellembedded
Sony,Playstation Portable GPU 90nm,RE+SE-90nm,0.002,EDRAM,512,IGP,0.133,0.083,2,1,5,"Dec 12th, 2004",2004-12-12,,,,,https://www.techpowerup.com/gpu-specs/playstation-portable-gpu-90nm.c3709,,playstationportablegpu90nm
AMD,FirePro M8900,Blackcomb,2.0,GDDR5,256,MXM-B (3.0),0.68,0.9,960,48,32,"Apr 12th, 2011",2011-04-12,,,,,https://www.techpowerup.com/gpu-specs/firepro-m8900.c1674,,fireprom8900
AMD,Radeon HD 6520G IGP,Sumo-M,,DDR3,3,IGP,0.4,,320,16,8,"Dec 7th, 2011",2011-12-07,,,,,https://www.techpowerup.com/gpu-specs/radeon-hd-6520g-igp.c829,,radeonhd6520gigp
ATI,Mobility Radeon 9700,M11,0.0625,DDR,128,AGP 8x,0.45,0.275,4,2,4,"Jun 1st, 2004",2004-06-01,27,2639,,,https://www.techpowerup.com/gpu-specs/mobility-radeon-9700.c1600,https://www.videocardbenchmark.net/video_lookup.php?gpu=MOBILITY+RADEON+9700&id=474,mobilityradeon9700
ATI,Radeon X1650 PRO AGP,RV535,0.25,GDDR3,128,AGP 8x,0.6,0.7,12,5,4,"Oct 15th, 2006",2006-10-15,,,,,https://www.techpowerup.com/gpu-specs/radeon-x1650-pro-agp.c976,,radeonx1650proagp
NVIDIA,GeForce 6200 LE AGP 512 MB,NV44,0.5,DDR2,128,AGP 8x,0.3,0.275,4,3,4,"Oct 11th, 2004",2004-10-11,,,,,https://www.techpowerup.com/gpu-specs/geforce-6200-le-agp-512-mb.c165,,geforce6200leagp512mb
NVIDIA,GeForce 9600 GSO 512,G94,0.5,GDDR3,256,PCIe 2.0 x16,0.65,0.9,48,24,16,"Oct 23rd, 2008",2008-10-23,329,2057,,,https://www.techpowerup.com/gpu-specs/geforce-9600-gso-512.c657,https://www.videocardbenchmark.net/video_lookup.php?gpu=GeForce+9600+GSO+512&id=1310,geforce9600gso512
NVIDIA,GeForce GT 610 PCIe x1,GF119S,0.5,DDR3,64,PCIe 2.0 x1,0.81,0.5,48,8,4,"Apr 2nd, 2012",2012-04-02,,,,,https://www.techpowerup.com/gpu-specs/geforce-gt-610-pcie-x1.c925,,geforcegt610pciex1
NVIDIA,Quadro M600M,GM107,2.0,GDDR5,128,MXM-A (3.0),0.876,1.253,384,16,8,"Aug 18th, 2015",2015-08-18,2247,915,8.92,251.99,https://www.techpowerup.com/gpu-specs/quadro-m600m.c2738,https://www.videocardbenchmark.net/video_lookup.php?gpu=Quadro+M600M&id=3397,quadrom600m
NVIDIA,RTX A1000 Embedded,GA107S,4.0,GDDR6,128,PCIe 4.0 x8,1.14,1.75,2048,64,32,"Mar 30th, 2022",2022-03-30,,,,,https://www.techpowerup.com/gpu-specs/rtx-a1000-embedded.c3895,,rtxa1000embedded
AMD,FirePro W4190M,Opal,2.0,GDDR5,128,PCIe 3.0 x8,0.9,1.0,384,24,8,"Nov 12th, 2015",2015-11-12,1170,1303,,,https://www.techpowerup.com/gpu-specs/firepro-w4190m.c2799,https://www.videocardbenchmark.net/video_lookup.php?gpu=Firepro+W4190M&id=3491,fireprow4190m
AMD,Radeon RX 6650M XT,Navi 23,8.0,GDDR6,128,PCIe 4.0 x8,2.416,2.0,2048,128,64,"Jan 4th, 2022",2022-01-04,16081,152,,,https://www.techpowerup.com/gpu-specs/radeon-rx-6650m-xt.c3864,https://www.videocardbenchmark.net/video_lookup.php?gpu=Radeon+RX+6650M+XT&id=5157,radeonrx6650mxt
ATI,Radeon 9800 XXL,R360,0.125,DDR,256,AGP 8x,0.39,0.338,8,4,8,"Oct 1st, 2003",2003-10-01,,,,,https://www.techpowerup.com/gpu-specs/radeon-9800-xxl.c443,,radeon9800xxl
ATI,Radeon HD 3870 AGP,RV670,0.5,GDDR4,256,AGP 8x,0.777,1.126,320,16,16,Never Released,,,,,,https://www.techpowerup.com/gpu-specs/radeon-hd-3870-agp.c3326,,radeonhd3870agp
3Dfx,Voodoo3 2000 AGP,Avenger,0.0156,SDR,128,AGP 2x,0.143,0.143,1,0,2,"Apr 3rd, 1999",1999-04-03,,,,,https://www.techpowerup.com/gpu-specs/voodoo3-2000-agp.c3568,,voodoo32000agp
AMD,Radeon HD 8760 OEM,Cape Verde,2.0,GDDR5,128,PCIe 3.0 x16,1.0,1.125,640,40,16,"Jan 8th, 2013",2013-01-08,,,,,https://www.techpowerup.com/gpu-specs/radeon-hd-8760-oem.c1964,,radeonhd8760oem
ATI,Radeon HD 2600 PRO AGP,RV630,0.5,DDR2,128,AGP 8x,0.594,0.396,120,8,4,"Jun 28th, 2007",2007-06-28,110,2376,,,https://www.techpowerup.com/gpu-specs/radeon-hd-2600-pro-agp.c1001,https://www.videocardbenchmark.net/video_lookup.php?gpu=Radeon+HD+2600+Pro+AGP&id=573,radeonhd2600proagp
NVIDIA,GeForce 9800 GT Rebrand,G92,0.5,GDDR3,256,PCIe 2.0 x16,0.725,1.0,128,64,16,"Jul 21st, 2008",2008-07-21,,,,,https://www.techpowerup.com/gpu-specs/geforce-9800-gt-rebrand.c2916,,geforce9800gtrebrand
NVIDIA,GeForce Go 7950 GTX,G71,0.5,GDDR3,256,MXM-III,0.575,0.7,24,8,24,"Oct 12th, 2006",2006-10-12,263,2123,,,https://www.techpowerup.com/gpu-specs/geforce-go-7950-gtx.c943,https://www.videocardbenchmark.net/video_lookup.php?gpu=GeForce+Go+7950+GTX&id=1399,geforcego7950gtx
NVIDIA,GeForce GTX 460 v2,GF114,1.0,GDDR5,192,PCIe 2.0 x16,0.779,1.002,336,56,24,"Sep 24th, 2011",2011-09-24,2048,972,10.25,199.99,https://www.techpowerup.com/gpu-specs/geforce-gtx-460-v2.c356,https://www.videocardbenchmark.net/video_lookup.php?gpu=GeForce+GTX+460+v2&id=1447,geforcegtx460v2
AMD,Radeon 520 Mobile DDR3,Banks,2.0,DDR3,64,PCIe 3.0 x8,1.03,1.0,320,20,8,"Apr 18th, 2017",2017-04-18,,,,,https://www.techpowerup.com/gpu-specs/radeon-520-mobile-ddr3.c3003,,radeon520mobileddr3
ATI,Radeon 9600 SE,RV350,0.0625,DDR,64,AGP 8x,0.325,0.2,4,2,4,"Oct 1st, 2003",2003-10-01,27,2641,,,https://www.techpowerup.com/gpu-specs/radeon-9600-se.c466,https://www.videocardbenchmark.net/video_lookup.php?gpu=RADEON+9600SE&id=1724,radeon9600se
ATI,Radeon 9600 TX,R300,0.125,DDR,128,AGP 8x,0.297,0.27,8,4,8,"Oct 7th, 2003",2003-10-07,,,,,https://www.techpowerup.com/gpu-specs/radeon-9600-tx.c2104,,radeon9600tx
Intel,GMA X4500M,Eaglelake,,UMA,,FSB,0.4,,80,10,1,"Oct 1st, 2008",2008-10-01,,,,,https://www.techpowerup.com/gpu-specs/gma-x4500m.c1236,,gmax4500m
NVIDIA,GeForce GT 720 OEM,GK107,1.0,DDR3,128,PCIe 3.0 x16,0.993,0.891,192,16,16,"Oct 29th, 2017",2017-10-29,,,,,https://www.techpowerup.com/gpu-specs/geforce-gt-720-oem.c3572,,geforcegt720oem
NVIDIA,GeForce RTX 2070 Mobile Refresh,TU106B,8.0,GDDR6,256,PCIe 3.0 x16,1.455,1.375,2304,144,64,"Mar 4th, 2020",2020-03-04,,,,,https://www.techpowerup.com/gpu-specs/geforce-rtx-2070-mobile-refresh.c3573,,geforcertx2070mobilerefresh
NVIDIA,Quadro T1200 Max-Q,TU117,4.0,GDDR6,128,PCIe 3.0 x16,1.425,1.25,1024,64,32,"Apr 12th, 2021",2021-04-12,,,,,https://www.techpowerup.com/gpu-specs/quadro-t1200-max-q.c4006,,quadrot1200maxq
NVIDIA,RTX A5000 Max-Q,GA104,16.0,GDDR6,256,PCIe 4.0 x16,1.35,1.5,6144,192,96,"Apr 12th, 2021",2021-04-12,,,,,https://www.techpowerup.com/gpu-specs/rtx-a5000-max-q.c4010,,rtxa5000maxq
3Dfx,Voodoo2 8 MB,SST2,0.0078,EDO,192,PCI,0.09,0.09,1,0,2,"Feb 2nd, 1998",1998-02-02,,,,,https://www.techpowerup.com/gpu-specs/voodoo2-8-mb.c3569,,voodoo28mb
AMD,Radeon HD 7400G IGP,Scrapper-M,,DDR3,3,IGP,0.424,,192,12,4,"Oct 2nd, 2012",2012-10-02,,,,,https://www.techpowerup.com/gpu-specs/radeon-hd-7400g-igp.c1399,,radeonhd7400gigp
AMD,Radeon R7 360 896SP,Tobago,2.0,GDDR5,128,PCIe 3.0 x16,1.1,1.5,896,56,16,"Jun 18th, 2015",2015-06-18,,,,,https://www.techpowerup.com/gpu-specs/radeon-r7-360-896sp.c2811,,radeonr7360896sp
AMD,Radeon Sky 900,Tahiti,3.0,GDDR5,384,PCIe 3.0 x16,0.95,1.25,1792,112,32,"Mar 27th, 2013",2013-03-27,,,,,https://www.techpowerup.com/gpu-specs/radeon-sky-900.c2278,,radeonsky900
ATI,Mobility Radeon 9600,M10,0.125,DDR,64,AGP 8x,0.3,0.2,4,2,4,"Jun 1st, 2004",2004-06-01,36,2603,,,https://www.techpowerup.com/gpu-specs/mobility-radeon-9600.c1598,https://www.videocardbenchmark.net/video_lookup.php?gpu=MOBILITY+RADEON+9600&id=471,mobilityradeon9600
ATI,Mobility Radeon X300,M22,0.125,DDR,64,PCIe 1.0 x16,0.35,0.25,4,2,4,"Nov 1st, 2005",2005-11-01,33,2615,,,https://www.techpowerup.com/gpu-specs/mobility-radeon-x300.c1410,https://www.videocardbenchmark.net/video_lookup.php?gpu=MOBILITY+RADEON+X300&id=542,mobilityradeonx300
Intel,GMA 900,Alviso,,UMA,,FSB,0.333,,4,0,4,2005,200501-01,,,,,https://www.techpowerup.com/gpu-specs/gma-900.c1226,,gma900
NVIDIA,GeForce 6800 GT,NV40,0.125,DDR,256,AGP 8x,0.35,0.25,16,6,16,"Apr 14th, 2004",2004-04-14,142,2285,,,https://www.techpowerup.com/gpu-specs/geforce-6800-gt.c11,https://www.videocardbenchmark.net/video_lookup.php?gpu=GeForce+6800+GT&id=1210,geforce6800gt
AMD,Radeon 625 Mobile,Polaris 24,2.0,GDDR5,64,PCIe 3.0 x8,1.024,1.125,384,24,8,"May 13th, 2019",2019-05-13,,,,,https://www.techpowerup.com/gpu-specs/radeon-625-mobile.c3422,,radeon625mobile
AMD,Radeon HD 6550D IGP,Sumo,,DDR3,3,IGP,0.6,,400,20,8,"Jun 20th, 2011",2011-06-20,,,,,https://www.techpowerup.com/gpu-specs/radeon-hd-6550d-igp.c836,,radeonhd6550digp
AMD,Radeon HD 7610M,Whistler,1.0,GDDR3,128,PCIe 2.0 x16,0.5,0.8,400,20,8,"Jan 7th, 2012",2012-01-07,632,1709,,,https://www.techpowerup.com/gpu-specs/radeon-hd-7610m.c377,https://www.videocardbenchmark.net/video_lookup.php?gpu=Radeon+HD+7610M&id=308,radeonhd7610m
AMD,Radeon R7 M350 2GB,Litho,2.0,GDDR5,128,PCIe 3.0 x8,0.825,1.0,384,24,8,"May 5th, 2015",2015-05-05,,,,,https://www.techpowerup.com/gpu-specs/radeon-r7-m350-2gb.c4241,,radeonr7m3502gb
ATI,Mobility Radeon HD 545v,M92,0.5,GDDR3,64,MXM-A (3.0),0.72,0.8,80,8,4,"May 5th, 2010",2010-05-05,199,2193,,,https://www.techpowerup.com/gpu-specs/mobility-radeon-hd-545v.c1728,https://www.videocardbenchmark.net/video_lookup.php?gpu=Mobility+Radeon+HD+545v&id=517,mobilityradeonhd545v
NVIDIA,GeForce 9400 GT PCI,G96C,0.25,DDR2,128,PCI,0.55,0.4,16,8,4,"Aug 27th, 2008",2008-08-27,,,,,https://www.techpowerup.com/gpu-specs/geforce-9400-gt-pci.c664,,geforce9400gtpci
NVIDIA,GeForce GTX 260 Core 216 Rev. 2,GT200B,0.875,GDDR3,448,PCIe 2.0 x16,0.576,0.999,216,72,28,"Nov 27th, 2008",2008-11-27,,,,,https://www.techpowerup.com/gpu-specs/geforce-gtx-260-core-216-rev-2.c593,,geforcegtx260core216rev2
NVIDIA,Quadro NVS 280 PCI,NV34B,0.0625,DDR,64,PCI,0.25,0.2,4,2,4,"Oct 28th, 2003",2003-10-28,8,2711,0.06,130.0,https://www.techpowerup.com/gpu-specs/quadro-nvs-280-pci.c1455,https://www.videocardbenchmark.net/video_lookup.php?gpu=Quadro+NVS+280+PCI&id=1631,quadronvs280pci
AMD,Radeon 620 Mobile,Polaris 24,2.0,GDDR5,64,PCIe 3.0 x8,0.92,1.0,384,24,8,"May 13th, 2019",2019-05-13,,,,,https://www.techpowerup.com/gpu-specs/radeon-620-mobile.c3421,,radeon620mobile
AMD,Radeon R6 Mobile Graphics,Spectre Lite-M,,DDR3,3,IGP,0.533,,384,24,8,"Sep 17th, 2014",2014-09-17,,,,,https://www.techpowerup.com/gpu-specs/radeon-r6-mobile-graphics.c2630,,radeonr6mobilegraphics
ATI,Mobility Radeon HD 5870,Broadway,1.0,GDDR5,128,MXM-B (3.0),0.7,1.0,800,40,16,"Jan 7th, 2010",2010-01-07,1080,1338,,,https://www.techpowerup.com/gpu-specs/mobility-radeon-hd-5870.c338,https://www.videocardbenchmark.net/video_lookup.php?gpu=Mobility+Radeon+HD+5870&id=526,mobilityradeonhd5870
ATI,Radeon HD 4850 X2,R700,0.5,GDDR3,256,PCIe 2.0 x16,0.625,0.995,800,40,16,"Nov 7th, 2008",2008-11-07,1132,1316,,,https://www.techpowerup.com/gpu-specs/radeon-hd-4850-x2.c1026,https://www.videocardbenchmark.net/video_lookup.php?gpu=Radeon+HD+4850+X2&id=602,radeonhd4850x2
NVIDIA,GeForce 940MX,GM108,1.0,GDDR5,64,PCIe 3.0 x8,0.993,1.253,384,24,8,2016,201601-01,1510,1179,,,https://www.techpowerup.com/gpu-specs/geforce-940mx.c3113,https://www.videocardbenchmark.net/video_lookup.php?gpu=GeForce+940MX&id=3453,geforce940mx
NVIDIA,Quadro RTX 3000 Mobile Refresh,TU106,6.0,GDDR6,192,PCIe 3.0 x16,1.38,1.75,1920,120,64,"May 27th, 2019",2019-05-27,,,,,https://www.techpowerup.com/gpu-specs/quadro-rtx-3000-mobile-refresh.c3697,,quadrortx3000mobilerefresh
3Dfx,Velocity 100,Avenger,0.0078,SDR,128,AGP 2x,0.143,0.143,1,0,2,"Jul 26th, 1999",1999-07-26,,,,,https://www.techpowerup.com/gpu-specs/velocity-100.c3552,,velocity100
3Dfx,Voodoo3 1000 AGP,Avenger,0.0156,SGR,128,AGP 2x,0.125,0.125,1,0,2,Mar 1999,1999-03-01,,,,,https://www.techpowerup.com/gpu-specs/voodoo3-1000-agp.c3554,,voodoo31000agp
AMD,Radeon E9560 PCIe,Ellesmere,8.0,GDDR5,256,PCIe 3.0 x16,1.237,1.75,2304,144,32,"Oct 15th, 2019",2019-10-15,,,,,https://www.techpowerup.com/gpu-specs/radeon-e9560-pcie.c3616,,radeone9560pcie
AMD,Radeon HD 7640G IGP,Devastator Lite-M,,DDR3,3,IGP,0.655,,256,16,8,"May 15th, 2012",2012-05-15,,,,,https://www.techpowerup.com/gpu-specs/radeon-hd-7640g-igp.c701,,radeonhd7640gigp
AMD,Radeon HD 8570M,Sun,1.0,DDR3,64,PCIe 3.0 x8,0.825,1.0,320,20,8,"Mar 1st, 2013",2013-03-01,446,1946,,,https://www.techpowerup.com/gpu-specs/radeon-hd-8570m.c1948,https://www.videocardbenchmark.net/video_lookup.php?gpu=Radeon+HD+8570M&id=3009,radeonhd8570m
AMD,Radeon R5 M255,Topaz,2.0,DDR3,128,PCIe 3.0 x8,0.94,1.0,384,24,8,"Oct 12th, 2014",2014-10-12,545,1827,,,https://www.techpowerup.com/gpu-specs/radeon-r5-m255.c2573,https://www.videocardbenchmark.net/video_lookup.php?gpu=Radeon+R5+M255&id=3041,radeonr5m255
NVIDIA,GeForce 9500 GT Rev. 3,G96C,0.5,GDDR3,128,PCIe 2.0 x16,0.55,0.8,32,16,8,"Jul 29th, 2008",2008-07-29,,,,,https://www.techpowerup.com/gpu-specs/geforce-9500-gt-rev-3.c662,,geforce9500gtrev3
NVIDIA,RTX A5000-8Q,GA102,8.0,GDDR6,384,PCIe 4.0 x16,1.695,2.0,8192,256,96,"Apr 12th, 2021",2021-04-12,4916,,,,https://www.techpowerup.com/gpu-specs/rtx-a5000-8q.c3990,https://www.videocardbenchmark.net/gpu.php?gpu=RTXA5000-8Q&id=5640,rtxa50008q
AMD,P30PH,Polaris 20,4.0,GDDR5,256,PCIe 3.0 x16,1.206,2.1,2048,128,32,Unknown,,,,,,https://www.techpowerup.com/gpu-specs/p30ph.c3984,,p30ph
AMD,Radeon RX 480 Mobile,Ellesmere,8.0,GDDR5,256,MXM-B (3.0),1.077,2.0,2304,144,32,"Aug 4th, 2016",2016-08-04,,,,,https://www.techpowerup.com/gpu-specs/radeon-rx-480-mobile.c3073,,radeonrx480mobile
NVIDIA,GeForce 210 OEM,GT216,1.0,DDR2,64,PCIe 2.0 x16,0.475,0.4,16,8,4,"Sep 4th, 2009",2009-09-04,,,,,https://www.techpowerup.com/gpu-specs/geforce-210-oem.c613,,geforce210oem
NVIDIA,Quadro K2200M,GM107,2.0,GDDR5,128,MXM-A (3.0),1.15,1.253,640,40,16,"Jul 19th, 2014",2014-07-19,3533,689,28.28,124.95,https://www.techpowerup.com/gpu-specs/quadro-k2200m.c2598,https://www.videocardbenchmark.net/video_lookup.php?gpu=Quadro+K2200M&id=3175,quadrok2200m
AMD,Radeon 550X 640SP,Lexa,4.0,GDDR5,64,PCIe 3.0 x8,1.071,1.5,640,40,16,"Apr 11th, 2018",2018-04-11,,,,,https://www.techpowerup.com/gpu-specs/radeon-550x-640sp.c3206,,radeon550x640sp
ATI,Mobility Radeon 9000,M9,0.0312,DDR,64,AGP 4x,0.24,0.2,4,1,4,"Sep 1st, 2002",2002-09-01,3,2812,,,https://www.techpowerup.com/gpu-specs/mobility-radeon-9000.c2180,https://www.videocardbenchmark.net/video_lookup.php?gpu=MOBILITY+RADEON+9000&id=465,mobilityradeon9000
ATI,Mobility Radeon HD 4550,M93,0.5,GDDR3,64,MXM-II,0.55,0.7,80,8,4,2010,201001-01,191,2210,,,https://www.techpowerup.com/gpu-specs/mobility-radeon-hd-4550.c1629,https://www.videocardbenchmark.net/video_lookup.php?gpu=Mobility+Radeon+HD+4550&id=502,mobilityradeonhd4550
Intel,UHD Graphics 615 Mobile,Amber Lake GT2,,DDR4,4,Ring Bus,0.9,,192,24,3,"Nov 7th, 2018",2018-11-07,,,,,https://www.techpowerup.com/gpu-specs/uhd-graphics-615-mobile.c3370,,uhdgraphics615mobile
NVIDIA,GeForce 315M,GT218,0.5,GDDR3,64,PCIe 2.0 x16,0.606,0.79,16,8,4,"Jan 5th, 2011",2011-01-05,120,2342,,,https://www.techpowerup.com/gpu-specs/geforce-315m.c1483,https://www.videocardbenchmark.net/video_lookup.php?gpu=GeForce+315M&id=1174,geforce315m
NVIDIA,GeForce G210 OEM Rev. 2,GT218S,0.125,DDR2,64,PCIe 2.0 x16,0.589,0.4,16,8,4,"Aug 24th, 2009",2009-08-24,,,,,https://www.techpowerup.com/gpu-specs/geforce-g210-oem-rev-2.c2170,,geforceg210oemrev2
NVIDIA,GeForce GT 710M,GF117,1.0,DDR3,64,PCIe 2.0 x16,0.775,0.9,96,16,8,"Jan 9th, 2013",2013-01-09,420,1973,,,https://www.techpowerup.com/gpu-specs/geforce-gt-710m.c2383,https://www.videocardbenchmark.net/video_lookup.php?gpu=GeForce+GT+710M&id=2744,geforcegt710m
NVIDIA,GeForce GTX 1050 Ti Mobile,GP106,2.0,GDDR5,128,PCIe 3.0 x16,1.62,1.752,768,48,32,"Feb 1st, 2017",2017-02-01,5917,467,,,https://www.techpowerup.com/gpu-specs/geforce-gtx-1050-ti-mobile.c3013,https://www.videocardbenchmark.net/video_lookup.php?gpu=GeForce+GTX+1050+Ti+%28Mobile%29&id=4089,geforcegtx1050timobile
NVIDIA,Quadro FX 540,NV43,0.125,DDR,128,PCIe 1.0 x16,0.3,0.25,4,3,8,"Aug 9th, 2004",2004-08-09,80,2462,1.35,59.99,https://www.techpowerup.com/gpu-specs/quadro-fx-540.c1334,https://www.videocardbenchmark.net/video_lookup.php?gpu=Quadro+FX+540&id=1601,quadrofx540
AMD,Radeon Vega 3 Mobile,Raven-M,,DDR3,3,IGP,1.101,,192,12,4,"Jan 8th, 2018",2018-01-08,1052,1358,,,https://www.techpowerup.com/gpu-specs/radeon-vega-3-mobile.c3078,https://www.videocardbenchmark.net/video_lookup.php?gpu=Radeon+Vega+3+Mobile&id=3871,radeonvega3mobile
Intel,HD Graphics 615 Mobile,Kaby Lake GT2,,DDR3,3,Ring Bus,0.85,,192,24,3,"Aug 30th, 2016",2016-08-30,,,,,https://www.techpowerup.com/gpu-specs/hd-graphics-615-mobile.c2910,,hdgraphics615mobile
NVIDIA,GeForce 405 OEM,GT216,1.0,DDR2,128,PCIe 2.0 x16,0.475,0.4,24,12,8,"Sep 3rd, 2010",2010-09-03,,,,,https://www.techpowerup.com/gpu-specs/geforce-405-oem.c3759,,geforce405oem
NVIDIA,GeForce 7050 + nForce 610i,C73B,,DDR2,2,PCI,0.5,,2,1,2,"Jan 13th, 2008",2008-01-13,25,2650,,,https://www.techpowerup.com/gpu-specs/geforce-7050-nforce-610i.c2148,https://www.videocardbenchmark.net/video_lookup.php?gpu=GeForce+7050+%2F+nForce+610i&id=1221,geforce7050nforce610i
NVIDIA,Quadro K5000M,GK104,4.0,GDDR5,256,MXM-B (3.0),0.601,0.75,1344,112,32,"Aug 7th, 2012",2012-08-07,2804,791,5.51,508.91,https://www.techpowerup.com/gpu-specs/quadro-k5000m.c1397,https://www.videocardbenchmark.net/video_lookup.php?gpu=Quadro+K5000M&id=1618,quadrok5000m
S3,Graphics Chrome 540 GTX,Destination 4,0.25,GDDR3,64,PCIe 2.0 x16,0.8,0.85,32,4,4,"Feb 19th, 2009",2009-02-19,,,,,https://www.techpowerup.com/gpu-specs/graphics-chrome-540-gtx.c4355,,graphicschrome540gtx
AMD,Radeon HD 7770M,Chelsea,1.0,GDDR5,128,PCIe 2.0 x16,0.675,1.0,512,32,16,"Apr 24th, 2012",2012-04-24,,,,,https://www.techpowerup.com/gpu-specs/radeon-hd-7770m.c1204,,radeonhd7770m
AMD,Radeon HD 8450 OEM,Caicos,1.0,DDR3,64,PCIe 2.0 x16,0.625,0.667,160,8,4,"Jan 8th, 2013",2013-01-08,,,,,https://www.techpowerup.com/gpu-specs/radeon-hd-8450-oem.c1977,,radeonhd8450oem
AMD,Radeon Pro W6600X,Navi 23,8.0,GDDR6,128,Apple MPX,2.479,2.0,2048,128,64,"Aug 3rd, 2021",2021-08-03,13113,222,,,https://www.techpowerup.com/gpu-specs/radeon-pro-w6600x.c4104,https://www.videocardbenchmark.net/video_lookup.php?gpu=Radeon+PRO+W6600X&id=4609,radeonprow6600x
Intel,Arc A350M,DG2-128,4.0,GDDR6,64,PCIe 4.0 x8,2.2,1.75,768,48,24,"Mar 30th, 2022",2022-03-30,,,,,https://www.techpowerup.com/gpu-specs/arc-a350m.c3905,,arca350m
Intel,Iris Pro Graphics P6300,Broadwell GT3e,,DDR3,3,Ring Bus,0.8,,384,48,6,"Sep 5th, 2014",2014-09-05,,,,,https://www.techpowerup.com/gpu-specs/iris-pro-graphics-p6300.c2792,,irisprographicsp6300
NVIDIA,Jetson Orin Nano 4 GB,GA10B,4.0,LPDDR5,64,PCIe 4.0 x4,0.625,0.533,512,16,8,Mar 2023,2023-03-01,,,,,https://www.techpowerup.com/gpu-specs/jetson-orin-nano-4-gb.c4083,,jetsonorinnano4gb
AMD,Radeon HD 6450 OEM,Caicos,0.5,GDDR3,64,PCIe 2.0 x16,0.625,0.533,160,8,4,"Feb 7th, 2011",2011-02-07,,,,,https://www.techpowerup.com/gpu-specs/radeon-hd-6450-oem.c1416,,radeonhd6450oem
AMD,Radeon HD 6490M,Seymour,0.5,GDDR5,64,PCIe 2.0 x16,0.8,0.8,160,8,4,"Jan 4th, 2011",2011-01-04,377,2010,0.32,1193.03,https://www.techpowerup.com/gpu-specs/radeon-hd-6490m.c414,https://www.videocardbenchmark.net/video_lookup.php?gpu=Radeon+HD+6490M&id=271,radeonhd6490m
AMD,Radeon R5 M240,Jet,1.0,DDR3,64,PCIe 3.0 x8,1.03,0.9,320,20,8,"Sep 18th, 2014",2014-09-18,535,1842,,,https://www.techpowerup.com/gpu-specs/radeon-r5-m240.c2416,https://www.videocardbenchmark.net/video_lookup.php?gpu=Radeon+R5+M240&id=3060,radeonr5m240
ATI,Radeon HD 2900 PRO,R600,0.5,GDDR3,256,PCIe 1.0 x16,0.6,0.8,320,16,16,"Dec 12th, 2007",2007-12-12,627,1718,,,https://www.techpowerup.com/gpu-specs/radeon-hd-2900-pro.c434,https://www.videocardbenchmark.net/video_lookup.php?gpu=Radeon+HD+2900+PRO&id=577,radeonhd2900pro
NVIDIA,GeForce 9700M GT,G96,0.5,GDDR3,128,MXM-II,0.625,0.8,32,16,8,"Jul 29th, 2008",2008-07-29,327,2061,,,https://www.techpowerup.com/gpu-specs/geforce-9700m-gt.c1516,https://www.videocardbenchmark.net/video_lookup.php?gpu=GeForce+9700M+GT&id=1318,geforce9700mgt
NVIDIA,GeForce MX150 GP107,GP107,2.0,GDDR5,64,PCIe 3.0 x4,1.532,1.502,384,24,16,"Feb 23rd, 2019",2019-02-23,,,,,https://www.techpowerup.com/gpu-specs/geforce-mx150-gp107.c3443,,geforcemx150gp107
NVIDIA,GRID RTX T10-2,TU102,2.0,GDDR6,384,PCIe 3.0 x16,1.395,1.75,3584,224,64,2020,202001-01,,,,,https://www.techpowerup.com/gpu-specs/grid-rtx-t10-2.c3815,,gridrtxt102
NVIDIA,Quadro 5010M,GF110,4.0,GDDR5,256,MXM-B (3.0),0.45,0.65,384,48,32,"Feb 22nd, 2011",2011-02-22,1691,1102,7.17,235.95,https://www.techpowerup.com/gpu-specs/quadro-5010m.c1427,https://www.videocardbenchmark.net/video_lookup.php?gpu=Quadro+5010M&id=1553,quadro5010m
NVIDIA,Quadro P3200 Max-Q,GP104,6.0,GDDR5,192,MXM-B (3.0),1.404,1.753,1792,112,64,"Feb 21st, 2018",2018-02-21,,,,,https://www.techpowerup.com/gpu-specs/quadro-p3200-max-q.c3315,,quadrop3200maxq
AMD,Radeon HD 7600G IGP,Devastator-M,,DDR3,3,IGP,0.424,,384,24,8,"Sep 1st, 2012",2012-09-01,,,,,https://www.techpowerup.com/gpu-specs/radeon-hd-7600g-igp.c1400,,radeonhd7600gigp
AMD,Radeon Pro 575,Ellesmere,4.0,GDDR5,256,PCIe 3.0 x16,1.096,1.695,2048,128,32,"Jun 5th, 2017",2017-06-05,,,,,https://www.techpowerup.com/gpu-specs/radeon-pro-575.c2969,,radeonpro575
AMD,Radeon R7 340 OEM,Oland,2.0,DDR3,128,PCIe 3.0 x8,0.78,0.9,384,24,8,"May 5th, 2015",2015-05-05,,,,,https://www.techpowerup.com/gpu-specs/radeon-r7-340-oem.c2684,,radeonr7340oem
Intel,i752,Portola,0.0156,SDR,64,AGP 2x,0.1,0.133,2,0,1,"Apr 27th, 1999",1999-04-27,,,,,https://www.techpowerup.com/gpu-specs/i752.c3671,,i752
NVIDIA,GeForce 7900 GTO,G71,0.5,GDDR3,256,PCIe 1.0 x16,0.65,0.66,24,8,24,"Oct 1st, 2006",2006-10-01,,,,,https://www.techpowerup.com/gpu-specs/geforce-7900-gto.c185,,geforce7900gto
NVIDIA,GRID K100,GK107,0.25,DDR3,128,PCIe 3.0 x16,0.85,0.891,192,16,16,"Jun 28th, 2013",2013-06-28,,,,,https://www.techpowerup.com/gpu-specs/grid-k100.c2486,,gridk100
NVIDIA,RTX A4000 Max-Q,GA104,8.0,GDDR6,256,PCIe 4.0 x16,1.395,1.375,5120,160,80,"Apr 12th, 2021",2021-04-12,,,,,https://www.techpowerup.com/gpu-specs/rtx-a4000-max-q.c4008,,rtxa4000maxq
AMD,Radeon R5 230 OEM,Caicos,1.0,DDR3,64,PCIe 2.0 x16,0.625,0.667,160,8,4,"Dec 21st, 2013",2013-12-21,,,,,https://www.techpowerup.com/gpu-specs/radeon-r5-230-oem.c2504,,radeonr5230oem
ATI,FirePro 2460 Multi-View,Cedar,0.5,DDR3,256,PCIe 2.0 x16,0.5,0.5,80,8,4,"Apr 1st, 2010",2010-04-01,,,,,https://www.techpowerup.com/gpu-specs/firepro-2460-multi-view.c1385,,firepro2460multiview
ATI,Radeon 7200 64 MB,R100,0.0625,DDR,128,AGP 4x,0.166,0.166,2,1,6,"Apr 1st, 2000",2000-04-01,,,,,https://www.techpowerup.com/gpu-specs/radeon-7200-64-mb.c699,,radeon720064mb
NVIDIA,GeForce GTX 760 OEM,GK104,2.0,GDDR5,256,PCIe 3.0 x16,1.046,1.65,1344,112,32,"Nov 6th, 2016",2016-11-06,,,,,https://www.techpowerup.com/gpu-specs/geforce-gtx-760-oem.c3743,,geforcegtx760oem
NVIDIA,Quadro FX 380 LP,GT218S,0.5,GDDR3,64,PCIe 2.0 x16,0.55,0.8,16,8,4,"Dec 1st, 2009",2009-12-01,144,2278,,,https://www.techpowerup.com/gpu-specs/quadro-fx-380-lp.c1328,https://www.videocardbenchmark.net/video_lookup.php?gpu=Quadro+FX+380+LP&id=1589,quadrofx380lp
NVIDIA,T500 Max-Q,TU117,4.0,GDDR6,64,PCIe 3.0 x16,1.425,1.25,896,56,32,"Dec 2nd, 2020",2020-12-02,,,,,https://www.techpowerup.com/gpu-specs/t500-max-q.c4103,,t500maxq
AMD,Radeon HD 8370D IGP,Scrapper Lite,,DDR3,3,IGP,0.76,,128,8,4,Jul 2013,2013-07-01,,,,,https://www.techpowerup.com/gpu-specs/radeon-hd-8370d-igp.c2000,,radeonhd8370digp
ATI,FireGL X3-256,R420,0.25,GDDR3,256,AGP 8x,0.491,0.454,12,6,12,"Aug 3rd, 2004",2004-08-03,,,,,https://www.techpowerup.com/gpu-specs/firegl-x3-256.c1376,,fireglx3256
ATI,Radeon 8500 LE,R200,0.0625,DDR,128,AGP 4x,0.25,0.25,4,2,8,"Feb 4th, 2002",2002-02-04,,,,,https://www.techpowerup.com/gpu-specs/radeon-8500-le.c94,,radeon8500le
Intel,HD Graphics 405 Mobile,Braswell GT1,,DDR3,3,Ring Bus,0.6,,128,16,2,"Apr 1st, 2015",2015-04-01,,,,,https://www.techpowerup.com/gpu-specs/hd-graphics-405-mobile.c2901,,hdgraphics405mobile
NVIDIA,GeForce 7300 SE,G72,0.25,DDR2,64,PCIe 1.0 x16,0.45,0.266,4,3,4,"Mar 22nd, 2006",2006-03-22,39,2588,,,https://www.techpowerup.com/gpu-specs/geforce-7300-se.c726,https://www.videocardbenchmark.net/video_lookup.php?gpu=GeForce+7300+SE&id=1236,geforce7300se
NVIDIA,GeForce GT 545 OEM,GF116,1.0,GDDR5,128,PCIe 2.0 x16,0.871,1.0,144,24,16,"May 14th, 2011",2011-05-14,,,,,https://www.techpowerup.com/gpu-specs/geforce-gt-545-oem.c626,,geforcegt545oem
NVIDIA,GeForce GT 630M,GF108,1.0,DDR3,64,MXM-A (3.0),0.475,0.9,96,16,4,"Mar 22nd, 2012",2012-03-22,511,1871,,,https://www.techpowerup.com/gpu-specs/geforce-gt-630m.c555,https://www.videocardbenchmark.net/video_lookup.php?gpu=GeForce+GT+630M&id=77,geforcegt630m
NVIDIA,GeForce2 GTS PRO,NV15,0.0312,DDR,128,AGP 4x,0.2,0.2,4,0,8,"Apr 26th, 2000",2000-04-26,,,,,https://www.techpowerup.com/gpu-specs/geforce2-gts-pro.c1722,,geforce2gtspro
NVIDIA,RTX A4 Mobile,GA107,4.0,GDDR6,128,PCIe 4.0 x8,1.77,1.75,2048,64,32,"Apr 12th, 2021",2021-04-12,,,,,https://www.techpowerup.com/gpu-specs/rtx-a4-mobile.c3789,,rtxa4mobile
AMD,Radeon HD 6990M,Blackcomb,2.0,GDDR5,256,MXM-B (3.0),0.715,0.9,1120,56,32,"Jul 12th, 2011",2011-07-12,,,,,https://www.techpowerup.com/gpu-specs/radeon-hd-6990m.c317,,radeonhd6990m
AMD,Radeon Pro V7350X2,Ellesmere,16.0,GDDR5,256,PCIe 3.0 x16,1.243,1.75,2304,144,32,Never Released,,,,,,https://www.techpowerup.com/gpu-specs/radeon-pro-v7350x2.c3059,,radeonprov7350x2
ATI,Radeon X600 XT,RV380,0.125,DDR,128,PCIe 1.0 x16,0.5,0.37,4,2,4,"Sep 1st, 2004",2004-09-01,91,2427,,,https://www.techpowerup.com/gpu-specs/radeon-x600-xt.c24,https://www.videocardbenchmark.net/video_lookup.php?gpu=RADEON+X600XT&id=1772,radeonx600xt
ATI,Rage 128 Ultra,Rage 128 PRO,0.0156,DDR,64,AGP 4x,0.13,0.13,2,0,2,"Aug 1st, 1999",1999-08-01,,,,,https://www.techpowerup.com/gpu-specs/rage-128-ultra.c1721,,rage128ultra
ATI,Rage LT PRO AGP,Mach64 LB,0.0078,SDR,64,AGP 2x,0.075,0.1,1,0,1,"Nov 1st, 1997",1997-11-01,,,,,https://www.techpowerup.com/gpu-specs/rage-lt-pro-agp.c643,,rageltproagp
Intel,GMA 3600,Cedarview,,DDR3,3,PCI,0.4,,32,4,1,"Oct 1st, 2008",2008-10-01,,,,,https://www.techpowerup.com/gpu-specs/gma-3600.c1797,,gma3600
Intel,HD Graphics 515 Mobile,Skylake GT2,,DDR3,3,Ring Bus,0.8,,192,24,3,"Sep 1st, 2015",2015-09-01,,,,,https://www.techpowerup.com/gpu-specs/hd-graphics-515-mobile.c3400,,hdgraphics515mobile
NVIDIA,GeForce 9400,C79,,DDR,,PCI,0.45,,16,8,4,"Oct 15th, 2008",2008-10-15,146,2273,,,https://www.techpowerup.com/gpu-specs/geforce-9400.c2052,https://www.videocardbenchmark.net/video_lookup.php?gpu=GeForce+9400&id=1298,geforce9400
NVIDIA,GeForce GTS 450 OEM,GF106,1.5,GDDR5,192,PCIe 2.0 x16,0.79,1.0,144,24,24,"Oct 11th, 2010",2010-10-11,,,,,https://www.techpowerup.com/gpu-specs/geforce-gts-450-oem.c599,,geforcegts450oem
NVIDIA,GeForce GTX 470 PhysX Edition,GF100,1.25,GDDR5,320,PCIe 2.0 x16,0.608,0.837,448,56,40,Never Released,,,,,,https://www.techpowerup.com/gpu-specs/geforce-gtx-470-physx-edition.c1952,,geforcegtx470physxedition
NVIDIA,GeForce GTX 780 Rev. 2,GK110B,3.0,GDDR5,384,PCIe 3.0 x16,0.902,1.502,2304,192,48,"Sep 10th, 2013",2013-09-10,,,,,https://www.techpowerup.com/gpu-specs/geforce-gtx-780-rev-2.c2513,,geforcegtx780rev2
NVIDIA,Quadro Plex 7000,GF110,6.0,GDDR5,384,PCIe 2.0 x16,0.574,0.75,512,64,48,"Jul 25th, 2011",2011-07-25,,,,,https://www.techpowerup.com/gpu-specs/quadro-plex-7000.c902,,quadroplex7000
NVIDIA,RTX 5000 Max-Q Ada Generation,AD103,16.0,GDDR6,256,PCIe 4.0 x16,1.68,2.25,9728,304,112,"Mar 21st, 2023",2023-03-21,,,,,https://www.techpowerup.com/gpu-specs/rtx-5000-max-q-ada-generation.c4154,,rtx5000maxqadageneration
AMD,Radeon HD 6850 1440SP Edition,Cypress,1.0,GDDR5,256,PCIe 2.0 x16,0.725,1.0,1440,72,32,"Aug 21st, 2012",2012-08-21,,,,,https://www.techpowerup.com/gpu-specs/radeon-hd-6850-1440sp-edition.c2219,,radeonhd68501440spedition
AMD,Radeon HD 7950 Boost,Tahiti,3.0,GDDR5,384,PCIe 3.0 x16,0.925,1.25,1792,112,32,"Jun 22nd, 2012",2012-06-22,,,,,https://www.techpowerup.com/gpu-specs/radeon-hd-7950-boost.c1181,,radeonhd7950boost
NVIDIA,GeForce Go 7400,G72,0.125,GDDR3,64,PCIe 1.0 x16,0.45,0.45,4,3,4,"Feb 1st, 2006",2006-02-01,65,2500,,,https://www.techpowerup.com/gpu-specs/geforce-go-7400.c1581,https://www.videocardbenchmark.net/video_lookup.php?gpu=GeForce+Go+7400&id=1386,geforcego7400
NVIDIA,GeForce GT 230 OEM,G92B,1.5,DDR2,192,PCIe 2.0 x16,0.5,0.5,96,48,12,"Apr 27th, 2009",2009-04-27,,,,,https://www.techpowerup.com/gpu-specs/geforce-gt-230-oem.c618,,geforcegt230oem
NVIDIA,GeForce GTX 460 X2,GF104,1.0,GDDR5,256,PCIe 2.0 x16,0.701,0.9,336,56,32,"Mar 11th, 2011",2011-03-11,,,,,https://www.techpowerup.com/gpu-specs/geforce-gtx-460-x2.c1928,,geforcegtx460x2
NVIDIA,Quadro FX 3800M,G92B,1.0,GDDR3,256,MXM-B (3.0),0.675,1.0,128,64,16,"Aug 14th, 2008",2008-08-14,555,1811,,,https://www.techpowerup.com/gpu-specs/quadro-fx-3800m.c1392,https://www.videocardbenchmark.net/video_lookup.php?gpu=Quadro+FX+3800M&id=1591,quadrofx3800m
NVIDIA,Tesla K8,GK104,8.0,GDDR5,256,PCIe 2.0 x16,0.811,1.25,1536,128,32,"Sep 16th, 2014",2014-09-16,,,,,https://www.techpowerup.com/gpu-specs/tesla-k8.c2619,,teslak8
AMD,Radeon Pro W6300M,Navi 24,2.0,GDDR6,32,PCIe 4.0 x4,2.04,2.0,768,48,32,"Jan 19th, 2022",2022-01-19,,,,,https://www.techpowerup.com/gpu-specs/radeon-pro-w6300m.c3952,,radeonprow6300m
ATI,Radeon HD 2600 XT X2,RV630,0.5,GDDR3,128,PCIe 1.0 x16,0.8,0.8,120,8,4,"Jul 26th, 2007",2007-07-26,,,,,https://www.techpowerup.com/gpu-specs/radeon-hd-2600-xt-x2.c1005,,radeonhd2600xtx2
ATI,Radeon HD 3450 AGP,RV620,0.5,DDR2,64,AGP 8x,0.6,0.5,40,4,4,"Jan 23rd, 2008",2008-01-23,,,,,https://www.techpowerup.com/gpu-specs/radeon-hd-3450-agp.c553,,radeonhd3450agp
NVIDIA,GeForce GTX 260 Rev. 2,GT200B,0.875,GDDR3,448,PCIe 2.0 x16,0.576,0.999,192,64,28,"Jul 23rd, 2008",2008-07-23,,,,,https://www.techpowerup.com/gpu-specs/geforce-gtx-260-rev-2.c2669,,geforcegtx260rev2
NVIDIA,GeForce RTX 3050 Max-Q Refresh 4 GB,GA107,4.0,GDDR6,128,PCIe 4.0 x8,1.125,1.5,2048,64,32,"Jul 6th, 2022",2022-07-06,,,,,https://www.techpowerup.com/gpu-specs/geforce-rtx-3050-max-q-refresh-4-gb.c4092,,geforcertx3050maxqrefresh4gb
NVIDIA,Jetson TK1,GK20A,2.0,DDR3L,64,PCIe 1.0 x1,0.951,0.467,192,8,4,"Oct 15th, 2014",2014-10-15,,,,,https://www.techpowerup.com/gpu-specs/jetson-tk1.c3229,,jetsontk1
NVIDIA,Quadro FX 1800M,GT215,1.0,GDDR3,128,MXM-A (3.0),0.56,0.79,72,24,8,"Jun 15th, 2009",2009-06-15,478,1909,,,https://www.techpowerup.com/gpu-specs/quadro-fx-1800m.c1391,https://www.videocardbenchmark.net/video_lookup.php?gpu=Quadro+FX+1800M&id=1567,quadrofx1800m
SIS,6326,6326,0.0039,EDO,64,PCI,0.075,0.05,1,0,1,Jun 1997,1997-06-01,,,,,https://www.techpowerup.com/gpu-specs/6326.c4365,,6326
AMD,Radeon HD 7450M,Seymour,1.0,DDR3,64,PCIe 2.0 x16,0.75,0.9,160,8,4,"Jan 7th, 2012",2012-01-07,329,2058,,,https://www.techpowerup.com/gpu-specs/radeon-hd-7450m.c369,https://www.videocardbenchmark.net/video_lookup.php?gpu=Radeon+HD+7450M&id=3039,radeonhd7450m
AMD,Radeon RX 580X Mobile,Polaris 20,8.0,GDDR5,256,MXM-B (3.0),1.266,2.0,2304,144,32,"Apr 11th, 2018",2018-04-11,,,,,https://www.techpowerup.com/gpu-specs/radeon-rx-580x-mobile.c3235,,radeonrx580xmobile
ATI,Radeon HD 2600 XT AGP,RV630,0.25,GDDR3,128,AGP 8x,0.8,0.8,120,8,4,"Jun 28th, 2007",2007-06-28,,,,,https://www.techpowerup.com/gpu-specs/radeon-hd-2600-xt-agp.c316,,radeonhd2600xtagp
ATI,Radeon HD 4730,RV770,0.5,GDDR5,128,PCIe 2.0 x16,0.75,0.9,640,32,8,"Jun 8th, 2009",2009-06-08,,,,,https://www.techpowerup.com/gpu-specs/radeon-hd-4730.c291,,radeonhd4730
Intel,UHD Graphics 16EU Mobile,Alder Lake,,DDR4,4,Ring Bus,1.2,,128,8,4,"Jan 4th, 2022",2022-01-04,,,,,https://www.techpowerup.com/gpu-specs/uhd-graphics-16eu-mobile.c4115,,uhdgraphics16eumobile
NVIDIA,GeForce G210M,GT218S,0.5,GDDR3,64,MXM,0.606,0.79,16,8,4,"Jun 15th, 2009",2009-06-15,135,2302,,,https://www.techpowerup.com/gpu-specs/geforce-g210m.c1480,https://www.videocardbenchmark.net/video_lookup.php?gpu=GeForce+G210M&id=1371,geforceg210m
NVIDIA,Quadro 4000M,GF104,2.0,GDDR5,256,MXM-B (3.0),0.475,0.625,336,56,32,"Feb 22nd, 2011",2011-02-22,1295,1249,5.58,232.06,https://www.techpowerup.com/gpu-specs/quadro-4000m.c1428,https://www.videocardbenchmark.net/video_lookup.php?gpu=Quadro+4000M&id=1550,quadro4000m
NVIDIA,Quadro FX 1000,NV30,0.125,DDR2,128,AGP 8x,0.3,0.3,4,3,8,"Jan 21st, 2003",2003-01-21,34,2611,,,https://www.techpowerup.com/gpu-specs/quadro-fx-1000.c1353,https://www.videocardbenchmark.net/video_lookup.php?gpu=Quadro+FX+1000&id=1557,quadrofx1000
SIS,315,Mirage,0.0625,SDR,128,AGP 4x,0.166,0.166,2,0,4,"Dec 11th, 2000",2000-12-11,,,,,https://www.techpowerup.com/gpu-specs/315.c4333,,315
AMD,Radeon HD 7660G IGP,Devastator-M,,DDR3,3,IGP,0.686,,384,24,8,"May 15th, 2012",2012-05-15,,,,,https://www.techpowerup.com/gpu-specs/radeon-hd-7660g-igp.c688,,radeonhd7660gigp
ATI,Radeon HD 2950 XTX,RV670,0.5,GDDR4,256,PCIe 2.0 x16,0.777,1.126,320,16,16,Never Released,,,,,,https://www.techpowerup.com/gpu-specs/radeon-hd-2950-xtx.c3325,,radeonhd2950xtx
ATI,Radeon X1300 XT,RV530,0.25,DDR2,128,PCIe 1.0 x16,0.5,0.4,12,5,4,"Aug 12th, 2006",2006-08-12,,,,,https://www.techpowerup.com/gpu-specs/radeon-x1300-xt.c544,,radeonx1300xt
ATI,Radeon X700 PRO,RV410,0.125,GDDR3,128,PCIe 1.0 x16,0.425,0.43,8,6,8,"Sep 1st, 2004",2004-09-01,75,2467,,,https://www.techpowerup.com/gpu-specs/radeon-x700-pro.c20,https://www.videocardbenchmark.net/video_lookup.php?gpu=RADEON+X700+PRO&id=1774,radeonx700pro
NVIDIA,GeForce GT 420M,GF108,1.0,DDR3,128,PCIe 2.0 x16,0.5,0.8,96,16,4,"Sep 3rd, 2010",2010-09-03,386,2001,,,https://www.techpowerup.com/gpu-specs/geforce-gt-420m.c1497,https://www.videocardbenchmark.net/video_lookup.php?gpu=GeForce+GT+420M&id=1421,geforcegt420m
NVIDIA,GeForce GTX 560 Ti OEM,GF110,1.25,GDDR5,256,PCIe 2.0 x16,0.732,0.95,352,44,40,"Mar 30th, 2011",2011-03-30,,,,,https://www.techpowerup.com/gpu-specs/geforce-gtx-560-ti-oem.c623,,geforcegtx560tioem
NVIDIA,Quadro FX 3700M,G92,1.0,GDDR3,256,MXM-HE,0.55,0.8,128,64,16,"Aug 14th, 2008",2008-08-14,444,1949,0.48,925.0,https://www.techpowerup.com/gpu-specs/quadro-fx-3700m.c1433,https://www.videocardbenchmark.net/video_lookup.php?gpu=Quadro+FX+3700M&id=1586,quadrofx3700m
NVIDIA,Quadro P520 Max-Q,GP108,4.0,GDDR5,64,PCIe 3.0 x16,1.493,1.375,384,24,16,"May 23rd, 2019",2019-05-23,,,,,https://www.techpowerup.com/gpu-specs/quadro-p520-max-q.c4005,,quadrop520maxq
NVIDIA,Tegra 2 GPU,Tegra 2,0.25,DDR2,32,IGP,0.4,0.333,4,4,4,"Jun 3rd, 2010",2010-06-03,,,,,https://www.techpowerup.com/gpu-specs/tegra-2-gpu.c3225,,tegra2gpu
AMD,Radeon E8950,Amethyst,8.0,GDDR5,256,MXM-B (3.0),1.0,1.5,2048,128,32,"Sep 29th, 2015",2015-09-29,,,,,https://www.techpowerup.com/gpu-specs/radeon-e8950.c2765,,radeone8950
AMD,Radeon HD 7310 IGP,Loveland,,DDR3,3,IGP,0.5,,80,8,4,"Jun 6th, 2012",2012-06-06,,,,,https://www.techpowerup.com/gpu-specs/radeon-hd-7310-igp.c884,,radeonhd7310igp
AMD,Radeon HD 8470D IGP,Scrapper,,DDR3,3,IGP,0.8,,192,12,4,"Jul 29th, 2013",2013-07-29,,,,,https://www.techpowerup.com/gpu-specs/radeon-hd-8470d-igp.c2001,,radeonhd8470digp
AMD,Radeon RX 460 Mobile,Baffin,4.0,GDDR5,128,MXM-B (3.0),1.18,1.25,896,56,16,"Aug 8th, 2016",2016-08-08,,,,,https://www.techpowerup.com/gpu-specs/radeon-rx-460-mobile.c3072,,radeonrx460mobile
ATI,FireGL V5600,RV630,0.5,GDDR4,128,PCIe 1.0 x16,0.8,1.1,120,8,4,"Aug 6th, 2007",2007-08-06,341,2040,1.52,225.0,https://www.techpowerup.com/gpu-specs/firegl-v5600.c849,https://www.videocardbenchmark.net/video_lookup.php?gpu=FireGL+V5600&id=398,fireglv5600
Intel,Iris Plus Graphics G4 48EU Mobile,Ice Lake GT1,,DDR4,4,Ring Bus,1.05,,384,24,8,"May 29th, 2019",2019-05-29,,,,,https://www.techpowerup.com/gpu-specs/iris-plus-graphics-g4-48eu-mobile.c3647,,irisplusgraphicsg448eumobile
NVIDIA,GeForce 6800 XT,NV42,0.25,GDDR3,256,AGP 8x,0.45,0.6,12,5,12,"Sep 30th, 2005",2005-09-30,120,2339,,,https://www.techpowerup.com/gpu-specs/geforce-6800-xt.c2135,https://www.videocardbenchmark.net/video_lookup.php?gpu=GeForce+6800+XT&id=1216,geforce6800xt
NVIDIA,GeForce 9800M GTS,G94,0.5,GDDR3,256,PCIe 2.0 x16,0.6,0.8,64,32,16,"Jul 29th, 2008",2008-07-29,349,2035,,,https://www.techpowerup.com/gpu-specs/geforce-9800m-gts.c1513,https://www.videocardbenchmark.net/video_lookup.php?gpu=GeForce+9800M+GTS&id=1326,geforce9800mgts
NVIDIA,GeForce GT 635M,GF108,2.0,DDR3,128,PCIe 2.0 x16,0.475,0.9,96,16,4,"Mar 22nd, 2012",2012-03-22,528,1851,,,https://www.techpowerup.com/gpu-specs/geforce-gt-635m.c2232,https://www.videocardbenchmark.net/video_lookup.php?gpu=GeForce+GT+635M&id=2136,geforcegt635m
NVIDIA,Quadro M5500 Mobile,GM204,8.0,GDDR5,256,MXM-B (3.0),1.165,1.753,2048,128,64,"Apr 8th, 2016",2016-04-08,,,,,https://www.techpowerup.com/gpu-specs/quadro-m5500-mobile.c2838,,quadrom5500mobile
AMD,Radeon E9260 MXM,Baffin,4.0,GDDR5,128,MXM-A (3.0),1.053,1.75,896,48,16,"Sep 27th, 2016",2016-09-27,,,,,https://www.techpowerup.com/gpu-specs/radeon-e9260-mxm.c2883,,radeone9260mxm
AMD,Radeon HD 8670M,Sun,1.0,DDR3,64,PCIe 3.0 x8,0.975,0.9,320,20,8,"Mar 1st, 2013",2013-03-01,520,1859,,,https://www.techpowerup.com/gpu-specs/radeon-hd-8670m.c1950,https://www.videocardbenchmark.net/video_lookup.php?gpu=Radeon+HD+8670M&id=3002,radeonhd8670m
AMD,Radeon R4 Mobile Graphics,Stoney,,DDR4,4,IGP,0.655,,192,12,8,"Jun 1st, 2016",2016-06-01,,,,,https://www.techpowerup.com/gpu-specs/radeon-r4-mobile-graphics.c3218,,radeonr4mobilegraphics
AMD,Radeon R5 Mobile Graphics,Beema,,DDR3,3,IGP,0.8,,128,8,4,"Jun 14th, 2014",2014-06-14,,,,,https://www.techpowerup.com/gpu-specs/radeon-r5-mobile-graphics.c3006,,radeonr5mobilegraphics
Intel,HD Graphics 6EU Mobile,Ivy Bridge GT1,,DDR3,3,Ring Bus,1.0,,48,6,1,"Oct 1st, 2012",2012-10-01,,,,,https://www.techpowerup.com/gpu-specs/hd-graphics-6eu-mobile.c3132,,hdgraphics6eumobile
ATI,Radeon VE AGP,Rage 6,0.0312,DDR,64,AGP 4x,0.183,0.183,1,0,3,"Feb 19th, 2001",2001-02-19,,,,,https://www.techpowerup.com/gpu-specs/radeon-ve-agp.c1158,,radeonveagp
NVIDIA,GeForce GT 425M,GF108,1.0,DDR3,128,PCIe 2.0 x16,0.56,0.8,96,16,4,"Sep 3rd, 2010",2010-09-03,501,1887,,,https://www.techpowerup.com/gpu-specs/geforce-gt-425m.c1498,https://www.videocardbenchmark.net/video_lookup.php?gpu=GeForce+GT+425M&id=1422,geforcegt425m
NVIDIA,GeForce GT 745M,GK107,2.0,DDR3,128,PCIe 3.0 x16,0.915,0.9,384,32,16,"Apr 1st, 2013",2013-04-01,1072,1345,,,https://www.techpowerup.com/gpu-specs/geforce-gt-745m.c2298,https://www.videocardbenchmark.net/video_lookup.php?gpu=GeForce+GT+745M&id=2564,geforcegt745m
NVIDIA,GeForce GTX 650 Ti OEM,GK106,2.0,GDDR5,128,PCIe 3.0 x16,0.928,1.35,768,64,16,"Mar 31st, 2013",2013-03-31,,,,,https://www.techpowerup.com/gpu-specs/geforce-gtx-650-ti-oem.c2301,,geforcegtx650tioem
NVIDIA,Tegra 4 GPU,Wayne,0.5,LPDDR3,32,IGP,0.672,0.933,48,24,4,"Aug 1st, 2013",2013-08-01,,,,,https://www.techpowerup.com/gpu-specs/tegra-4-gpu.c3227,,tegra4gpu
AMD,FirePro W7170M,Amethyst,4.0,GDDR5,256,PCIe 3.0 x16,0.723,1.25,2048,128,32,"Oct 2nd, 2015",2015-10-02,3693,672,,,https://www.techpowerup.com/gpu-specs/firepro-w7170m.c2768,https://www.videocardbenchmark.net/video_lookup.php?gpu=FirePro+W7170M&id=3412,fireprow7170m
AMD,Radeon Pro 455,Baffin,2.0,GDDR5,128,PCIe 3.0 x8,0.855,1.27,768,48,16,"Oct 30th, 2016",2016-10-30,3112,749,6.93,449.0,https://www.techpowerup.com/gpu-specs/radeon-pro-455.c2898,https://www.videocardbenchmark.net/video_lookup.php?gpu=Radeon+Pro+455&id=4024,radeonpro455
AMD,Radeon R7 435 OEM,Oland,2.0,DDR3,64,PCIe 3.0 x8,0.92,1.0,320,20,8,"Jun 30th, 2016",2016-06-30,,,,,https://www.techpowerup.com/gpu-specs/radeon-r7-435-oem.c2891,,radeonr7435oem
ATI,Radeon 9800 SE,R350,0.125,DDR,128,AGP 8x,0.331,0.29,4,4,4,"Mar 1st, 2003",2003-03-01,23,2661,,,https://www.techpowerup.com/gpu-specs/radeon-9800-se.c108,https://www.videocardbenchmark.net/video_lookup.php?gpu=RADEON+9800+SE&id=1732,radeon9800se
Intel,Extreme Graphics,Brookdale,,DDR3,3,FSB,0.2,,2,0,1,2002,200201-01,,,,,https://www.techpowerup.com/gpu-specs/extreme-graphics.c1283,,extremegraphics
NVIDIA,GeForce 9200,C78,,DDR,,PCI,0.5,,16,8,4,"May 6th, 2008",2008-05-06,168,2242,,,https://www.techpowerup.com/gpu-specs/geforce-9200.c2051,https://www.videocardbenchmark.net/video_lookup.php?gpu=GeForce+9200&id=1288,geforce9200
NVIDIA,GeForce GT 740 OEM,GK106S,1.0,GDDR5,128,PCIe 3.0 x16,1.006,1.253,384,32,16,"Apr 14th, 2015",2015-04-14,,,,,https://www.techpowerup.com/gpu-specs/geforce-gt-740-oem.c2699,,geforcegt740oem
NVIDIA,GeForce GTX 485M,GF104,2.0,GDDR5,256,MXM-B (3.0),0.575,0.75,384,64,32,"Jan 5th, 2011",2011-01-05,2359,879,,,https://www.techpowerup.com/gpu-specs/geforce-gtx-485m.c390,https://www.videocardbenchmark.net/video_lookup.php?gpu=GeForce+GTX+485M&id=1450,geforcegtx485m
AMD,Radeon E9175 PCIe,Lexa,4.0,GDDR5,128,PCIe 3.0 x8,1.219,1.5,512,32,16,"Oct 3rd, 2017",2017-10-03,,,,,https://www.techpowerup.com/gpu-specs/radeon-e9175-pcie.c3032,,radeone9175pcie
AMD,Radeon RX 470 Mobile,Ellesmere,8.0,GDDR5,256,MXM-B (3.0),1.074,1.75,2048,128,32,"Aug 4th, 2016",2016-08-04,,,,,https://www.techpowerup.com/gpu-specs/radeon-rx-470-mobile.c3070,,radeonrx470mobile
ATI,FireGL V3100,RV370,0.125,DDR,64,PCIe 1.0 x16,0.391,0.196,4,2,4,"Sep 1st, 2004",2004-09-01,52,2529,,,https://www.techpowerup.com/gpu-specs/firegl-v3100.c694,https://www.videocardbenchmark.net/video_lookup.php?gpu=FireGL+V3100&id=388,fireglv3100
ATI,Radeon HD 4350 PCI,RV710,0.5,DDR2,64,PCI,0.6,0.4,80,8,4,"Sep 30th, 2008",2008-09-30,,,,,https://www.techpowerup.com/gpu-specs/radeon-hd-4350-pci.c311,,radeonhd4350pci
ATI,Radeon X800 XT AGP,R420,0.25,GDDR3,256,AGP 8x,0.5,0.5,16,6,16,"Mar 1st, 2004",2004-03-01,,,,,https://www.techpowerup.com/gpu-specs/radeon-x800-xt-agp.c18,,radeonx800xtagp
Intel,HD Graphics P3000,Sandy Bridge GT2,,DDR3,3,Ring Bus,1.35,,96,12,2,"Feb 1st, 2011",2011-02-01,,,,,https://www.techpowerup.com/gpu-specs/hd-graphics-p3000.c2026,,hdgraphicsp3000
NVIDIA,GeForce GTX 470 X2,GF100,1.0,GDDR5,256,PCIe 2.0 x16,0.608,0.837,352,44,32,Never Released,,,,,,https://www.techpowerup.com/gpu-specs/geforce-gtx-470-x2.c3000,,geforcegtx470x2
AMD,Radeon HD 8950M,Saturn,2.0,GDDR5,128,PCIe 3.0 x16,1.075,1.375,768,48,16,"May 14th, 2013",2013-05-14,,,,,https://www.techpowerup.com/gpu-specs/radeon-hd-8950m.c3219,,radeonhd8950m
AMD,Radeon R3 Mobile Graphics,Stoney,,DDR4,4,IGP,0.655,,128,8,4,"Jun 1st, 2016",2016-06-01,,,,,https://www.techpowerup.com/gpu-specs/radeon-r3-mobile-graphics.c3217,,radeonr3mobilegraphics
AMD,Radeon R5E Mobile Graphics,Beema,,DDR3,3,IGP,0.8,,128,8,4,"Jun 6th, 2014",2014-06-06,,,,,https://www.techpowerup.com/gpu-specs/radeon-r5e-mobile-graphics.c4047,,radeonr5emobilegraphics
AMD,Radeon Vega 11 Embedded,Raven-E,,DDR4,4,IGP,1.301,,704,44,8,"Feb 13th, 2018",2018-02-13,,,,,https://www.techpowerup.com/gpu-specs/radeon-vega-11-embedded.c3213,,radeonvega11embedded
ATI,EGA Wonder 800+,18800-1,0.0002,DRAM,32,ISA 8-bit,0.025,0.008,1,0,0,1988,198801-01,,,,,https://www.techpowerup.com/gpu-specs/ega-wonder-800.c3182,,egawonder800
ATI,Radeon X1050,RV370,0.125,DDR2,64,PCIe 1.0 x16,0.4,0.333,4,2,4,"Dec 7th, 2006",2006-12-07,49,2548,,,https://www.techpowerup.com/gpu-specs/radeon-x1050.c520,https://www.videocardbenchmark.net/video_lookup.php?gpu=Radeon+X1050&id=609,radeonx1050
Intel,Arc Pro A30M,DG2-128,4.0,GDDR6,64,PCIe 4.0 x8,2.0,2.0,1024,64,32,"Aug 8th, 2022",2022-08-08,6119,453,,,https://www.techpowerup.com/gpu-specs/arc-pro-a30m.c3927,https://www.videocardbenchmark.net/video_lookup.php?gpu=Intel+Arc+Pro+A30M&id=4991,arcproa30m
Intel,HD Graphics 505 Mobile,Apollo Lake GT1.5,,DDR3,3,Ring Bus,0.65,,144,18,3,"Sep 1st, 2016",2016-09-01,,,,,https://www.techpowerup.com/gpu-specs/hd-graphics-505-mobile.c3155,,hdgraphics505mobile
NVIDIA,GeForce4 420 Go,NV17,0.0312,DDR,64,AGP 4x,0.2,0.2,2,0,4,"Feb 6th, 2002",2002-02-06,3,2810,,,https://www.techpowerup.com/gpu-specs/geforce4-420-go.c1553,https://www.videocardbenchmark.net/video_lookup.php?gpu=GeForce4+420+Go&id=713,geforce4420go
NVIDIA,Quadro FX 4400,NV45,0.5,GDDR3,256,PCIe 1.0 x16,0.375,0.525,16,6,16,"Jul 28th, 2005",2005-07-28,,,,,https://www.techpowerup.com/gpu-specs/quadro-fx-4400.c1832,,quadrofx4400
AMD,Radeon R5 Mobile Graphics,Stoney,,DDR4,4,IGP,0.847,,192,12,8,"Jun 1st, 2016",2016-06-01,,,,,https://www.techpowerup.com/gpu-specs/radeon-r5-mobile-graphics.c3215,,radeonr5mobilegraphics
ATI,3D Rage PRO AGP 2X,Rage PRO AGP,0.002,SDR,64,AGP 2x,0.075,0.075,1,0,1,"Mar 1st, 1997",1997-03-01,,,,,https://www.techpowerup.com/gpu-specs/3d-rage-pro-agp-2x.c4360,,3drageproagp2x
ATI,FirePro V8800,Cypress,2.0,GDDR5,256,PCIe 2.0 x16,0.825,1.15,1600,80,32,"Apr 7th, 2010",2010-04-07,2280,903,11.52,198.0,https://www.techpowerup.com/gpu-specs/firepro-v8800.c570,https://www.videocardbenchmark.net/video_lookup.php?gpu=FirePro+V8800&id=3344,fireprov8800
ATI,Radeon DDR MAXX,Rage 6,0.0312,DDR,128,AGP 2x,0.148,0.148,2,1,6,"Jun 1st, 2000",2000-06-01,,,,,https://www.techpowerup.com/gpu-specs/radeon-ddr-maxx.c2326,,radeonddrmaxx
Intel,Iris Plus Graphics 645 Mobile,Coffee Lake GT3e,,DDR3,3,Ring Bus,1.05,,384,48,6,"Oct 7th, 2019",2019-10-07,,,,,https://www.techpowerup.com/gpu-specs/iris-plus-graphics-645-mobile.c3486,,irisplusgraphics645mobile
NVIDIA,GeForce Go 7600,G73,0.25,GDDR3,128,PCIe 1.0 x16,0.45,0.35,8,4,8,"Mar 1st, 2006",2006-03-01,126,2325,,,https://www.techpowerup.com/gpu-specs/geforce-go-7600.c1577,https://www.videocardbenchmark.net/video_lookup.php?gpu=GeForce+Go+7600&id=1387,geforcego7600
NVIDIA,GeForce GT 650M Mac Edition,GK107,0.5,GDDR5,128,PCIe 3.0 x16,0.9,1.254,384,32,16,"Jul 12th, 2012",2012-07-12,,,,,https://www.techpowerup.com/gpu-specs/geforce-gt-650m-mac-edition.c550,,geforcegt650mmacedition
NVIDIA,GeForce GTX 560 OEM,GF110,1.25,GDDR5,320,PCIe 2.0 x16,0.552,0.802,384,48,40,"Nov 29th, 2011",2011-11-29,,,,,https://www.techpowerup.com/gpu-specs/geforce-gtx-560-oem.c891,,geforcegtx560oem
NVIDIA,GeForce4 Ti 4200-8X,NV28,0.0625,SDR,128,AGP 8x,0.25,0.25,4,2,8,"Feb 6th, 2002",2002-02-06,,,,,https://www.techpowerup.com/gpu-specs/geforce4-ti-4200-8x.c2356,,geforce4ti42008x
NVIDIA,Quadro P5200 Max-Q,GP104,16.0,GDDR5,256,MXM-B (3.0),1.569,1.804,2560,160,64,"Feb 21st, 2018",2018-02-21,,,,,https://www.techpowerup.com/gpu-specs/quadro-p5200-max-q.c3347,,quadrop5200maxq
AMD,FirePro S7000,Pitcairn,4.0,GDDR5,256,PCIe 3.0 x16,0.95,1.2,1280,80,32,"Aug 27th, 2012",2012-08-27,4732,570,19.2,246.54,https://www.techpowerup.com/gpu-specs/firepro-s7000.c801,https://www.videocardbenchmark.net/video_lookup.php?gpu=FirePro+S7000&id=2804,firepros7000
AMD,Radeon 630 Mobile,Polaris 23,2.0,GDDR5,128,PCIe 3.0 x8,1.211,1.5,512,32,16,"May 13th, 2019",2019-05-13,,,,,https://www.techpowerup.com/gpu-specs/radeon-630-mobile.c3414,,radeon630mobile
AMD,Radeon HD 6350,Park,0.5,GDDR3,64,PCIe 2.0 x16,0.65,0.4,80,8,4,"Feb 7th, 2011",2011-02-07,140,2286,2.39,59.0,https://www.techpowerup.com/gpu-specs/radeon-hd-6350.c3992,https://www.videocardbenchmark.net/video_lookup.php?gpu=RADEON+HD+6350&id=262,radeonhd6350
ATI,Mobility Radeon X1600,M56,0.25,GDDR3,128,PCIe 1.0 x16,0.45,0.47,12,5,4,"Feb 1st, 2006",2006-02-01,92,2425,,,https://www.techpowerup.com/gpu-specs/mobility-radeon-x1600.c1603,https://www.videocardbenchmark.net/video_lookup.php?gpu=Mobility+Radeon+X1600&id=536,mobilityradeonx1600
ATI,Radeon HD 2350 PRO,RV610,0.25,DDR2,64,PCIe 1.0 x16,0.525,0.4,40,4,4,2007,200701-01,,,,,https://www.techpowerup.com/gpu-specs/radeon-hd-2350-pro.c221,,radeonhd2350pro
ATI,Radeon X600 PRO,RV380,0.125,DDR,128,PCIe 1.0 x16,0.4,0.3,4,2,4,"Sep 1st, 2004",2004-09-01,67,2495,0.42,160.49,https://www.techpowerup.com/gpu-specs/radeon-x600-pro.c25,https://www.videocardbenchmark.net/video_lookup.php?gpu=RADEON+X600+PRO&id=161,radeonx600pro
ATI,Radeon X800 PRO,R423,0.25,GDDR3,256,PCIe 1.0 x16,0.475,0.45,12,6,12,"May 1st, 2004",2004-05-01,64,2502,,,https://www.techpowerup.com/gpu-specs/radeon-x800-pro.c3255,https://www.videocardbenchmark.net/video_lookup.php?gpu=RADEON+X800+PRO&id=1778,radeonx800pro
NVIDIA,GeForce 810M,GK107,2.0,DDR3,64,PCIe 3.0 x16,0.95,0.9,384,32,16,"Mar 21st, 2015",2015-03-21,421,1972,,,https://www.techpowerup.com/gpu-specs/geforce-810m.c2774,https://www.videocardbenchmark.net/video_lookup.php?gpu=GeForce+810M&id=3005,geforce810m
NVIDIA,GeForce FX 5900 ZT,NV35,0.125,DDR,256,AGP 8x,0.325,0.35,4,3,8,"May 12th, 2003",2003-05-12,32,2624,,,https://www.techpowerup.com/gpu-specs/geforce-fx-5900-zt.c75,https://www.videocardbenchmark.net/video_lookup.php?gpu=GeForce+FX+5900ZT&id=1349,geforcefx5900zt
NVIDIA,NVS 5100M,GT216,1.0,GDDR3,128,MXM-A (3.0),0.55,0.8,48,16,8,"Jan 7th, 2010",2010-01-07,199,2191,,,https://www.techpowerup.com/gpu-specs/nvs-5100m.c1466,https://www.videocardbenchmark.net/video_lookup.php?gpu=NVS+5100M&id=1540,nvs5100m
NVIDIA,Quadro K620M,GM108S,2.0,DDR3,64,MXM-A (3.0),1.124,1.001,384,16,8,"Mar 1st, 2015",2015-03-01,1183,1296,,,https://www.techpowerup.com/gpu-specs/quadro-k620m.c2678,https://www.videocardbenchmark.net/video_lookup.php?gpu=Quadro+K620M&id=3148,quadrok620m
AMD,FirePro W4170M,Mars,2.0,GDDR5,128,PCIe 3.0 x8,0.9,1.0,384,24,8,"Apr 28th, 2014",2014-04-28,1072,1346,,,https://www.techpowerup.com/gpu-specs/firepro-w4170m.c2580,https://www.videocardbenchmark.net/video_lookup.php?gpu=FirePro+W4170M&id=3070,fireprow4170m
AMD,Radeon R7 M350,Meso,4.0,DDR3,64,PCIe 3.0 x8,1.015,1.0,384,24,8,"May 5th, 2015",2015-05-05,1076,1343,,,https://www.techpowerup.com/gpu-specs/radeon-r7-m350.c2745,https://www.videocardbenchmark.net/video_lookup.php?gpu=Radeon+R7+M350&id=3567,radeonr7m350
ATI,Radeon HD 4860,RV790,0.5,GDDR5,256,PCIe 2.0 x16,0.7,0.75,640,32,16,"Sep 9th, 2009",2009-09-09,,,,,https://www.techpowerup.com/gpu-specs/radeon-hd-4860.c288,,radeonhd4860
NVIDIA,GeForce FX 5700 LE PCI,NV36,0.125,DDR,64,PCI,0.25,0.2,4,3,4,"Mar 1st, 2004",2004-03-01,,,,,https://www.techpowerup.com/gpu-specs/geforce-fx-5700-le-pci.c4400,,geforcefx5700lepci
NVIDIA,GeForce PCX 5750,NV39,0.125,DDR,128,PCIe 1.0 x16,0.425,0.275,4,3,4,"Feb 17th, 2004",2004-02-17,34,2607,,,https://www.techpowerup.com/gpu-specs/geforce-pcx-5750.c57,https://www.videocardbenchmark.net/video_lookup.php?gpu=GeForce+PCX+5750&id=1464,geforcepcx5750
AMD,Radeon Graphics 384SP Mobile,Cezanne-M,,DDR4,4,IGP,1.6,,384,24,8,"Apr 13th, 2021",2021-04-13,,,,,https://www.techpowerup.com/gpu-specs/radeon-graphics-384sp-mobile.c3856,,radeongraphics384spmobile
AMD,Radeon HD 6770 Green Edition,Juniper,2.0,GDDR3,128,PCIe 2.0 x16,0.7,0.667,720,36,16,"Apr 19th, 2013",2013-04-19,,,,,https://www.techpowerup.com/gpu-specs/radeon-hd-6770-green-edition.c2354,,radeonhd6770greenedition
ATI,3D Rage II+ DVD,Mach64 GT-B,0.0039,SDR,64,PCI,0.06,0.083,1,0,1,"Sep 1st, 1996",1996-09-01,,,,,https://www.techpowerup.com/gpu-specs/3d-rage-ii-dvd.c871,,3drageiidvd
ATI,VGA Wonder,18800-1,0.0002,DRAM,32,ISA 8-bit,0.01,0.01,1,0,0,"Feb 5th, 1990",1990-02-05,,,,,https://www.techpowerup.com/gpu-specs/vga-wonder.c3163,,vgawonder
Intel,HD Graphics 5300 Mobile,Broadwell GT2,,DDR3,3,Ring Bus,0.8,,192,24,3,"Sep 5th, 2014",2014-09-05,,,,,https://www.techpowerup.com/gpu-specs/hd-graphics-5300-mobile.c2624,,hdgraphics5300mobile
NVIDIA,GeForce GTX 280M,G92B,1.0,GDDR3,256,MXM-HE,0.585,0.95,128,64,16,"Mar 3rd, 2009",2009-03-03,596,1752,,,https://www.techpowerup.com/gpu-specs/geforce-gtx-280m.c1511,https://www.videocardbenchmark.net/video_lookup.php?gpu=GeForce+GTX+280M&id=1443,geforcegtx280m
NVIDIA,GeForce PCX 5300,NV37,0.125,DDR,128,PCIe 1.0 x16,0.25,0.2,4,2,4,"Feb 17th, 2004",2004-02-17,6,2731,,,https://www.techpowerup.com/gpu-specs/geforce-pcx-5300.c58,https://www.videocardbenchmark.net/video_lookup.php?gpu=GeForce+PCX+5300&id=1463,geforcepcx5300
NVIDIA,Tesla M2070,GF100,6.0,GDDR5,384,PCIe 2.0 x16,0.574,0.783,448,56,48,"Jul 25th, 2011",2011-07-25,,,,,https://www.techpowerup.com/gpu-specs/tesla-m2070.c1535,,teslam2070
AMD,Radeon HD 7550M,Thames,1.0,DDR3,128,PCIe 2.0 x16,0.5,0.9,480,24,16,"Jan 7th, 2012",2012-01-07,464,1929,,,https://www.techpowerup.com/gpu-specs/radeon-hd-7550m.c2290,https://www.videocardbenchmark.net/video_lookup.php?gpu=Radeon+HD+7550M&id=303,radeonhd7550m
ATI,Mobility Radeon HD 3470,M82,0.25,DDR2,64,MXM-II,0.68,0.4,40,4,4,"Jan 7th, 2008",2008-01-07,93,2420,,,https://www.techpowerup.com/gpu-specs/mobility-radeon-hd-3470.c1401,https://www.videocardbenchmark.net/video_lookup.php?gpu=Mobility+Radeon+HD+3470&id=485,mobilityradeonhd3470
NVIDIA,GeForce 8400M GT,G86S,0.25,GDDR3,128,PCIe 1.0 x16,0.45,0.602,16,8,4,"May 9th, 2007",2007-05-09,98,2406,,,https://www.techpowerup.com/gpu-specs/geforce-8400m-gt.c1695,https://www.videocardbenchmark.net/video_lookup.php?gpu=GeForce+8400M+GT&id=1268,geforce8400mgt
NVIDIA,GeForce 8700M GT,G84,0.5,GDDR3,128,MXM-HE,0.625,0.8,32,16,8,"Jun 1st, 2007",2007-06-01,124,2331,,,https://www.techpowerup.com/gpu-specs/geforce-8700m-gt.c1532,https://www.videocardbenchmark.net/video_lookup.php?gpu=GeForce+8700M+GT&id=1276,geforce8700mgt
NVIDIA,GeForce GT 640 OEM Rebrand,GF116,1.5,DDR3,192,PCIe 2.0 x16,0.72,0.8,144,24,24,"Apr 24th, 2012",2012-04-24,,,,,https://www.techpowerup.com/gpu-specs/geforce-gt-640-oem-rebrand.c814,,geforcegt640oemrebrand
NVIDIA,GeForce GT 730M,GK208,2.0,DDR3,64,PCIe 2.0 x8,0.758,0.9,384,32,8,"Mar 6th, 2014",2014-03-06,809,1519,,,https://www.techpowerup.com/gpu-specs/geforce-gt-730m.c2307,https://www.videocardbenchmark.net/video_lookup.php?gpu=GeForce+GT+730M&id=2417,geforcegt730m
NVIDIA,GeForce GT 740 OEM,GK106S,1.0,GDDR5,128,PCIe 3.0 x16,1.033,1.253,384,32,16,"Apr 14th, 2015",2015-04-14,,,,,https://www.techpowerup.com/gpu-specs/geforce-gt-740-oem.c2844,,geforcegt740oem
NVIDIA,Quadro FX 2000,NV30,0.125,DDR2,128,AGP 8x,0.4,0.4,4,3,8,"Jan 21st, 2003",2003-01-21,18,2678,,,https://www.techpowerup.com/gpu-specs/quadro-fx-2000.c1362,https://www.videocardbenchmark.net/video_lookup.php?gpu=Quadro+FX+2000&id=1568,quadrofx2000
NVIDIA,Quadro FX 4500 X2,G71,0.5,GDDR3,256,PCIe 1.0 x16,0.5,0.605,24,8,24,"Apr 24th, 2006",2006-04-24,236,2149,,,https://www.techpowerup.com/gpu-specs/quadro-fx-4500-x2.c1341,https://www.videocardbenchmark.net/video_lookup.php?gpu=Quadro+FX+4500+X2&id=1595,quadrofx4500x2
NVIDIA,Tesla S1070,GT200B,4.0,GDDR3,512,PCIe 2.0 x16,0.61,0.8,240,80,32,"Jun 1st, 2008",2008-06-01,,,,,https://www.techpowerup.com/gpu-specs/tesla-s1070.c1540,,teslas1070
AMD,FirePro M6000,Heathrow,2.0,GDDR5,128,MXM-B (3.0),0.8,1.0,640,40,16,"Jul 1st, 2012",2012-07-01,1820,1057,5.58,325.99,https://www.techpowerup.com/gpu-specs/firepro-m6000.c1678,https://www.videocardbenchmark.net/video_lookup.php?gpu=FirePro+M6000&id=2231,fireprom6000
AMD,Radeon Pro 460,Baffin,4.0,GDDR5,128,PCIe 3.0 x8,0.907,1.27,1024,64,16,"Oct 30th, 2016",2016-10-30,3452,698,,,https://www.techpowerup.com/gpu-specs/radeon-pro-460.c2897,https://www.videocardbenchmark.net/video_lookup.php?gpu=Radeon+Pro+460&id=3747,radeonpro460
ATI,EGA Wonder 800,16899-0,0.0002,DRAM,32,ISA 8-bit,0.01,0.008,1,0,0,"Nov 16th, 1987",1987-11-16,,,,,https://www.techpowerup.com/gpu-specs/ega-wonder-800.c3180,,egawonder800
ATI,Graphics Solution Plus,CW16800-B,0.0001,DRAM,32,ISA 8-bit,0.01,0.005,0,0,0,"Mar 23rd, 1987",1987-03-23,,,,,https://www.techpowerup.com/gpu-specs/graphics-solution-plus.c3175,,graphicssolutionplus
ATI,Rage XL PCI,Mach64 GM,0.0078,SDR,32,PCI,0.083,0.083,1,0,1,"Jan 11th, 1999",1999-01-11,,,,,https://www.techpowerup.com/gpu-specs/rage-xl-pci.c3167,,ragexlpci
ATI,VGA Improved Performance,16899-0,0.0002,DRAM,32,ISA 8-bit,0.01,0.01,1,0,0,"Sep 28th, 1987",1987-09-28,,,,,https://www.techpowerup.com/gpu-specs/vga-improved-performance.c3181,,vgaimprovedperformance
Intel,Graphics 24EU Mobile,Twin Lake,,DDR4,4,Ring Bus,1.0,,192,12,4,2025,202501-01,,,,,https://www.techpowerup.com/gpu-specs/graphics-24eu-mobile.c4344,,graphics24eumobile
NVIDIA,GeForce 845M,GM107,2.0,DDR3,64,PCIe 3.0 x16,0.863,1.001,512,32,16,"Feb 7th, 2015",2015-02-07,1548,1165,,,https://www.techpowerup.com/gpu-specs/geforce-845m.c2660,https://www.videocardbenchmark.net/video_lookup.php?gpu=GeForce+845M&id=3126,geforce845m
3Dfx,Spectre 1000,Rampage,0.0625,DDR,128,AGP 4x,0.2,0.2,4,0,4,Never Released,,,,,,https://www.techpowerup.com/gpu-specs/spectre-1000.c3538,,spectre1000
Intel,Iris Graphics 5100 Mobile,Haswell GT3,,DDR3,3,Ring Bus,1.1,,320,40,4,"May 27th, 2013",2013-05-27,,,,,https://www.techpowerup.com/gpu-specs/iris-graphics-5100-mobile.c2474,,irisgraphics5100mobile
NVIDIA,GeForce GT 720M,GK208,2.0,DDR3,64,PCIe 2.0 x8,0.758,0.8,192,16,8,"Dec 25th, 2013",2013-12-25,435,1956,,,https://www.techpowerup.com/gpu-specs/geforce-gt-720m.c2444,https://www.videocardbenchmark.net/video_lookup.php?gpu=GeForce+GT+720M&id=2529,geforcegt720m
NVIDIA,GeForce2 MX 400 PCI,NV11,0.0312,DDR,64,PCI,0.2,0.166,2,0,4,"Mar 3rd, 2001",2001-03-03,,,,,https://www.techpowerup.com/gpu-specs/geforce2-mx-400-pci.c927,,geforce2mx400pci
NVIDIA,Quadro 4000 Mac Edition,GF100,1.75,GDDR5,256,PCIe 2.0 x16,0.475,0.702,256,32,32,"Jun 12th, 2011",2011-06-12,,,,,https://www.techpowerup.com/gpu-specs/quadro-4000-mac-edition.c899,,quadro4000macedition
NVIDIA,Quadro NVS 160M,G98S,0.25,GDDR3,64,MXM-I,0.58,0.7,8,4,4,"Aug 15th, 2008",2008-08-15,145,2276,,,https://www.techpowerup.com/gpu-specs/quadro-nvs-160m.c1475,https://www.videocardbenchmark.net/video_lookup.php?gpu=Quadro+NVS+160M&id=1626,quadronvs160m
XGI,Volari Duo V8 Ultra,XG40,0.125,DDR2,128,AGP 8x,0.35,0.5,4,2,8,"Sep 15th, 2003",2003-09-15,,,,,https://www.techpowerup.com/gpu-specs/volari-duo-v8-ultra.c92,,volariduov8ultra
AMD,FirePro M3900,Seymour,1.0,GDDR3,64,PCIe 2.0 x16,0.75,0.9,160,8,4,"Oct 19th, 2010",2010-10-19,,,,,https://www.techpowerup.com/gpu-specs/firepro-m3900.c2287,,fireprom3900
AMD,Radeon HD 6490,Redwood,1.0,DDR2,128,PCIe 2.0 x16,0.55,0.5,320,16,8,"Jul 4th, 2011",2011-07-04,,,,,https://www.techpowerup.com/gpu-specs/radeon-hd-6490.c2475,,radeonhd6490
AMD,Radeon HD 6870 1600SP Edition,Cypress,1.0,GDDR5,256,PCIe 2.0 x16,0.85,1.05,1600,80,32,"Jan 14th, 2013",2013-01-14,,,,,https://www.techpowerup.com/gpu-specs/radeon-hd-6870-1600sp-edition.c2218,,radeonhd68701600spedition
ATI,Mobility Radeon X600,M24,0.125,DDR,128,PCIe 1.0 x16,0.4,0.25,4,2,4,"Jun 1st, 2004",2004-06-01,50,2543,,,https://www.techpowerup.com/gpu-specs/mobility-radeon-x600.c1409,https://www.videocardbenchmark.net/video_lookup.php?gpu=MOBILITY+RADEON+X600&id=543,mobilityradeonx600
NVIDIA,GeForce 610M,GF108,1.0,DDR3,64,PCIe 2.0 x16,0.672,0.8,48,8,2,"Dec 1st, 2011",2011-12-01,291,2092,,,https://www.techpowerup.com/gpu-specs/geforce-610m.c2113,https://www.videocardbenchmark.net/video_lookup.php?gpu=GeForce+610M&id=2125,geforce610m
NVIDIA,GeForce 7800 GS+ 24Pipes AGP,G71,0.5,GDDR3,256,AGP 8x,0.425,0.625,24,8,24,"Sep 28th, 2006",2006-09-28,,,,,https://www.techpowerup.com/gpu-specs/geforce-7800-gs-24pipes-agp.c166,,geforce7800gs24pipesagp
NVIDIA,GeForce 8800M GTX,G92,0.5,GDDR3,256,MXM-HE,0.5,0.8,96,48,16,"Nov 1st, 2007",2007-11-01,462,1933,,,https://www.techpowerup.com/gpu-specs/geforce-8800m-gtx.c942,https://www.videocardbenchmark.net/video_lookup.php?gpu=GeForce+8800M+GTX&id=1285,geforce8800mgtx
NVIDIA,GeForce Go 7900 GS,G71,0.25,GDDR3,256,MXM-II,0.375,0.5,20,7,20,"Apr 18th, 2006",2006-04-18,177,2224,,,https://www.techpowerup.com/gpu-specs/geforce-go-7900-gs.c1573,https://www.videocardbenchmark.net/video_lookup.php?gpu=GeForce+Go+7900+GS&id=1393,geforcego7900gs
NVIDIA,GeForce GT 230M,GT216,1.0,GDDR3,128,PCIe 2.0 x16,0.5,0.79,48,16,8,"Jun 15th, 2009",2009-06-15,219,2166,,,https://www.techpowerup.com/gpu-specs/geforce-gt-230m.c1507,https://www.videocardbenchmark.net/video_lookup.php?gpu=GeForce+GT+230M&id=1410,geforcegt230m
NVIDIA,GRID K280Q,GK104,4.0,GDDR5,256,PCIe 3.0 x16,0.745,1.25,1536,128,32,"Jun 28th, 2013",2013-06-28,2839,786,,,https://www.techpowerup.com/gpu-specs/grid-k280q.c2487,https://www.videocardbenchmark.net/video_lookup.php?gpu=GRID+K280Q&id=3142,gridk280q
AMD,Radeon HD 7340 IGP,Loveland,,DDR3,3,IGP,0.523,,80,8,4,"Jun 6th, 2012",2012-06-06,,,,,https://www.techpowerup.com/gpu-specs/radeon-hd-7340-igp.c885,,radeonhd7340igp
AMD,Radeon HD 7730M,Chelsea,2.0,DDR3,128,PCIe 2.0 x16,0.675,0.9,512,32,16,"Apr 24th, 2012",2012-04-24,797,1528,,,https://www.techpowerup.com/gpu-specs/radeon-hd-7730m.c1200,https://www.videocardbenchmark.net/video_lookup.php?gpu=Radeon+HD+7730M&id=2995,radeonhd7730m
AMD,Radeon Pro WX 7130 Mobile,Ellesmere,8.0,GDDR5,256,PCIe 3.0 x16,1.243,1.25,2304,144,32,"Mar 1st, 2017",2017-03-01,,,,,https://www.techpowerup.com/gpu-specs/radeon-pro-wx-7130-mobile.c3457,,radeonprowx7130mobile
AMD,Radeon R9 M395X Mac Edition,Amethyst,4.0,GDDR5,256,MXM-B (3.0),0.909,1.365,2048,128,32,"May 5th, 2015",2015-05-05,,,,,https://www.techpowerup.com/gpu-specs/radeon-r9-m395x-mac-edition.c2809,,radeonr9m395xmacedition
ATI,All-In-Wonder X800 XT,R420,0.25,GDDR3,256,AGP 8x,0.5,0.5,16,6,16,"Sep 21st, 2004",2004-09-21,,,,,https://www.techpowerup.com/gpu-specs/all-in-wonder-x800-xt.c133,,allinwonderx800xt
ATI,FireGL V8650,R600,2.0,GDDR4,512,PCIe 1.0 x16,0.688,0.868,320,16,16,"Aug 6th, 2007",2007-08-06,550,1818,1.84,298.99,https://www.techpowerup.com/gpu-specs/firegl-v8650.c690,https://www.videocardbenchmark.net/video_lookup.php?gpu=FireGL+V8650&id=406,fireglv8650
ATI,FirePro 2450 Multi-View,RV620,0.25,DDR3,64,PCIe 2.0 x16,0.4,0.4,40,4,4,2009,200901-01,,,,,https://www.techpowerup.com/gpu-specs/firepro-2450-multi-view.c1384,,firepro2450multiview
ATI,Radeon X1300 AGP,RV515,0.25,DDR,128,AGP 8x,0.45,0.25,4,2,4,"Dec 1st, 2005",2005-12-01,,,,,https://www.techpowerup.com/gpu-specs/radeon-x1300-agp.c155,,radeonx1300agp
ATI,Radeon X800 XT Platinum,R423,0.25,GDDR3,256,PCIe 1.0 x16,0.52,0.56,16,6,16,"Mar 1st, 2004",2004-03-01,,,,,https://www.techpowerup.com/gpu-specs/radeon-x800-xt-platinum.c23,,radeonx800xtplatinum
ATI,Rage 128 VR PCI,Rage 128,0.0312,DDR,64,PCI,0.08,0.125,2,0,2,"Aug 1st, 1998",1998-08-01,,,,,https://www.techpowerup.com/gpu-specs/rage-128-vr-pci.c3693,,rage128vrpci
NVIDIA,GeForce 505 OEM,GT216,1.0,DDR3,128,PCIe 1.0 x16,0.615,0.7,24,12,8,"Feb 17th, 2013",2013-02-17,,,,,https://www.techpowerup.com/gpu-specs/geforce-505-oem.c2060,,geforce505oem
NVIDIA,GeForce 6800 GT Dual,NV45,0.25,GDDR3,256,PCIe 1.0 x16,0.35,0.5,16,6,16,"Jun 8th, 2004",2004-06-08,,,,,https://www.techpowerup.com/gpu-specs/geforce-6800-gt-dual.c1943,,geforce6800gtdual
NVIDIA,GeForce 9100,C78,,DDR,,PCI,0.5,,16,8,4,"May 6th, 2008",2008-05-06,81,2452,,,https://www.techpowerup.com/gpu-specs/geforce-9100.c2049,https://www.videocardbenchmark.net/video_lookup.php?gpu=GeForce+9100&id=1286,geforce9100
NVIDIA,GeForce 9200M GS,G98S,0.25,DDR2,64,PCIe 2.0 x16,0.529,0.4,8,4,4,"Jun 3rd, 2008",2008-06-03,129,2318,,,https://www.techpowerup.com/gpu-specs/geforce-9200m-gs.c1525,https://www.videocardbenchmark.net/video_lookup.php?gpu=GeForce+9200M+GS&id=1290,geforce9200mgs
NVIDIA,GeForce GT 220 OEM,GT215,0.5,GDDR3,128,PCIe 2.0 x16,0.506,0.7,48,16,8,"Oct 12th, 2009",2009-10-12,,,,,https://www.techpowerup.com/gpu-specs/geforce-gt-220-oem.c2010,,geforcegt220oem
NVIDIA,GeForce GTX 480M,GF100,2.0,GDDR5,256,MXM-B (3.0),0.425,0.6,352,44,32,"May 25th, 2010",2010-05-25,1653,1118,,,https://www.techpowerup.com/gpu-specs/geforce-gtx-480m.c944,https://www.videocardbenchmark.net/video_lookup.php?gpu=GeForce+GTX+480M&id=1449,geforcegtx480m
NVIDIA,GeForce GTX 660M Mac Edition,GK107,0.5,GDDR5,128,MXM-B (3.0),0.95,1.25,384,32,16,"Apr 1st, 2013",2013-04-01,,,,,https://www.techpowerup.com/gpu-specs/geforce-gtx-660m-mac-edition.c2318,,geforcegtx660mmacedition
NVIDIA,PG506-217,GA100,24.0,HBM2,3072,PCIe 4.0 x16,1.44,1.215,3584,224,96,"Jun 22nd, 2021",2021-06-22,,,,,https://www.techpowerup.com/gpu-specs/pg506-217.c3963,,pg506217
NVIDIA,Quadro FX 550,NV43,0.125,GDDR3,128,PCIe 1.0 x16,0.36,0.4,4,3,8,"Apr 20th, 2006",2006-04-20,63,2503,0.22,287.82,https://www.techpowerup.com/gpu-specs/quadro-fx-550.c1333,https://www.videocardbenchmark.net/video_lookup.php?gpu=Quadro+FX+550&id=1602,quadrofx550
AMD,Radeon HD 6530D IGP,Sumo,,DDR3,3,IGP,0.444,,320,16,8,"Jun 20th, 2011",2011-06-20,,,,,https://www.techpowerup.com/gpu-specs/radeon-hd-6530d-igp.c835,,radeonhd6530digp
AMD,Radeon RX Vega 11 Mobile,Picasso-M,,DDR4,4,IGP,1.4,,704,44,8,"Oct 22nd, 2019",2019-10-22,,,,,https://www.techpowerup.com/gpu-specs/radeon-rx-vega-11-mobile.c3597,,radeonrxvega11mobile
ATI,Radeon 7200,R100,0.0312,SDR,128,AGP 4x,0.143,0.143,2,1,6,"Jun 1st, 2000",2000-06-01,2,2825,0.0,599.99,https://www.techpowerup.com/gpu-specs/radeon-7200.c700,https://www.videocardbenchmark.net/video_lookup.php?gpu=RADEON+7200&id=1693,radeon7200
ATI,Radeon 9200 LE,RV280,0.0625,DDR,128,AGP 8x,0.25,0.2,4,1,4,"May 1st, 2003",2003-05-01,,,,,https://www.techpowerup.com/gpu-specs/radeon-9200-le.c55,,radeon9200le
ATI,Radeon HD 5450 PCIe x1,Cedar,0.5,DDR3,64,PCIe 2.0 x1,0.65,0.5,80,8,4,"Feb 4th, 2010",2010-02-04,,,,,https://www.techpowerup.com/gpu-specs/radeon-hd-5450-pcie-x1.c920,,radeonhd5450pciex1
Intel,Iris Graphics 550 Mobile,Skylake GT3e,,DDR4,4,Ring Bus,1.0,,384,48,6,"Sep 1st, 2015",2015-09-01,,,,,https://www.techpowerup.com/gpu-specs/iris-graphics-550-mobile.c2787,,irisgraphics550mobile
Intel,UHD Graphics P630,Comet Lake GT2,,DDR3,3,Ring Bus,1.2,,192,24,3,"May 13th, 2020",2020-05-13,1722,1091,,,https://www.techpowerup.com/gpu-specs/uhd-graphics-p630.c3676,https://www.videocardbenchmark.net/video_lookup.php?gpu=Intel+UHD+Graphics+P630&id=3924,uhdgraphicsp630
NVIDIA,GeForce 6200 SE TurboCache,NV44,0.0625,DDR,32,PCIe 1.0 x16,0.35,0.25,4,3,4,"Dec 15th, 2004",2004-12-15,37,2598,,,https://www.techpowerup.com/gpu-specs/geforce-6200-se-turbocache.c910,https://www.videocardbenchmark.net/video_lookup.php?gpu=GeForce+6200SE+TurboCache&id=1195,geforce6200seturbocache
NVIDIA,GeForce 820A,GF117,1.0,DDR3,64,PCIe 2.0 x16,0.625,1.001,96,16,8,"Mar 17th, 2014",2014-03-17,556,1808,,,https://www.techpowerup.com/gpu-specs/geforce-820a.c2570,https://www.videocardbenchmark.net/video_lookup.php?gpu=GeForce+820A&id=3210,geforce820a
NVIDIA,GeForce GTX 285M,G92B,1.0,GDDR3,256,MXM-B (3.0),0.6,1.0,128,64,16,"Feb 1st, 2010",2010-02-01,584,1774,,,https://www.techpowerup.com/gpu-specs/geforce-gtx-285m.c391,https://www.videocardbenchmark.net/video_lookup.php?gpu=GeForce+GTX+285M&id=1445,geforcegtx285m
NVIDIA,RTX A5000-12Q,GA102,12.0,GDDR6,384,PCIe 4.0 x16,1.695,2.0,8192,256,96,"Apr 12th, 2021",2021-04-12,4681,,,,https://www.techpowerup.com/gpu-specs/rtx-a5000-12q.c3991,https://www.videocardbenchmark.net/gpu.php?gpu=RTXA5000-12Q&id=8673,rtxa500012q
NVIDIA,Tesla C1080,GT200B,4.0,GDDR3,512,PCIe 2.0 x16,0.61,0.8,240,80,32,"Apr 9th, 2009",2009-04-09,,,,,https://www.techpowerup.com/gpu-specs/tesla-c1080.c2449,,teslac1080
AMD,FirePro S10000 Passive 12GB,Tahiti,6.0,GDDR5,384,PCIe 3.0 x16,0.95,1.25,1792,112,32,"Mar 1st, 2014",2014-03-01,,,,,https://www.techpowerup.com/gpu-specs/firepro-s10000-passive-12gb.c2522,,firepros10000passive12gb
AMD,Radeon HD 6850 X2,Barts,2.0,GDDR5,256,PCIe 2.0 x16,0.8,1.05,960,48,32,"Sep 19th, 2011",2011-09-19,2534,849,,,https://www.techpowerup.com/gpu-specs/radeon-hd-6850-x2.c1698,https://www.videocardbenchmark.net/video_lookup.php?gpu=Radeon+HD+6850+X2&id=3684,radeonhd6850x2
AMD,Radeon HD 8870M,Venus,2.0,GDDR5,128,PCIe 3.0 x16,0.775,1.125,640,40,16,"Apr 1st, 2013",2013-04-01,1638,1122,,,https://www.techpowerup.com/gpu-specs/radeon-hd-8870m.c1898,https://www.videocardbenchmark.net/video_lookup.php?gpu=Radeon+HD+8870M&id=2838,radeonhd8870m
AMD,Radeon Vega 8 Embedded,Raven,,DDR4,4,IGP,1.101,,512,32,8,"Apr 19th, 2018",2018-04-19,,,,,https://www.techpowerup.com/gpu-specs/radeon-vega-8-embedded.c3223,,radeonvega8embedded
ATI,All-In-Wonder 9800 PRO,R350,0.125,DDR,256,AGP 8x,0.378,0.338,8,4,8,"Jun 16th, 2003",2003-06-16,,,,,https://www.techpowerup.com/gpu-specs/all-in-wonder-9800-pro.c110,,allinwonder9800pro
ATI,Mobility Radeon 9800,M18,0.25,DDR,256,AGP 8x,0.35,0.3,8,4,8,"Jul 1st, 2004",2004-07-01,46,2556,,,https://www.techpowerup.com/gpu-specs/mobility-radeon-9800.c1601,https://www.videocardbenchmark.net/video_lookup.php?gpu=MOBILITY+RADEON+9800&id=476,mobilityradeon9800
ATI,Mobility Radeon HD 2600,M76,0.25,DDR2,128,MXM-II,0.5,0.4,120,8,4,"May 14th, 2007",2007-05-14,167,2243,,,https://www.techpowerup.com/gpu-specs/mobility-radeon-hd-2600.c1619,https://www.videocardbenchmark.net/video_lookup.php?gpu=Mobility+Radeon+HD+2600&id=65,mobilityradeonhd2600
ATI,Radeon Xpress 200M IGP,RC410,,DDR,,PCIe 1.0 x16,0.336,,2,2,2,2005,200501-01,,,,,https://www.techpowerup.com/gpu-specs/radeon-xpress-200m-igp.c2479,,radeonxpress200migp
ATI,Xbox 360 GPU 80nm,Xenos Falcon,0.5,GDDR3,128,IGP,0.5,0.7,240,16,8,"Oct 27th, 2007",2007-10-27,,,,,https://www.techpowerup.com/gpu-specs/xbox-360-gpu-80nm.c3507,,xbox360gpu80nm
IBM,Fire GL2,RC1000,0.0625,DDR,256,AGP 4x,0.12,0.19,2,1,4,"Jun 1st, 2000",2000-06-01,,,,,https://www.techpowerup.com/gpu-specs/fire-gl2.c3658,,firegl2
Intel,UHD Graphics 617 Mobile,Amber Lake GT2,,DDR4,4,Ring Bus,1.05,,192,24,3,"Nov 7th, 2018",2018-11-07,,,,,https://www.techpowerup.com/gpu-specs/uhd-graphics-617-mobile.c3338,,uhdgraphics617mobile
Matrox,Millenium P650 PCIe,Parhelia-LX,0.125,DDR,128,PCIe 1.0 x16,0.275,0.275,2,2,8,"May 10th, 2003",2003-05-10,,,,,https://www.techpowerup.com/gpu-specs/millenium-p650-pcie.c4174,,milleniump650pcie
NVIDIA,GeForce 9600M GS,G96C,1.0,GDDR3,128,MXM-II,0.43,0.8,32,16,8,"Jun 3rd, 2008",2008-06-03,154,2256,,,https://www.techpowerup.com/gpu-specs/geforce-9600m-gs.c1519,https://www.videocardbenchmark.net/video_lookup.php?gpu=GeForce+9600M+GS&id=1313,geforce9600mgs
NVIDIA,GeForce GTX 285 Mac Edition,GT200B,1.0,GDDR3,512,PCIe 2.0 x16,0.648,1.242,240,80,32,"Jan 15th, 2009",2009-01-15,,,,,https://www.techpowerup.com/gpu-specs/geforce-gtx-285-mac-edition.c893,,geforcegtx285macedition
NVIDIA,GeForce4 440 Go,NV17,0.0625,DDR,128,AGP 4x,0.22,0.22,2,0,4,"Feb 6th, 2002",2002-02-06,3,2797,,,https://www.techpowerup.com/gpu-specs/geforce4-440-go.c1555,https://www.videocardbenchmark.net/video_lookup.php?gpu=GeForce4+440+Go&id=1488,geforce4440go
AMD,Radeon E6760 PCIe,Whistler,1.0,GDDR5,128,PCIe 2.0 x16,0.6,0.8,480,24,8,"May 2nd, 2011",2011-05-02,,,,,https://www.techpowerup.com/gpu-specs/radeon-e6760-pcie.c3022,,radeone6760pcie
AMD,Radeon HD 6570 OEM,Turks,1.0,GDDR3,128,PCIe 2.0 x16,0.65,0.9,480,24,8,"Feb 7th, 2011",2011-02-07,,,,,https://www.techpowerup.com/gpu-specs/radeon-hd-6570-oem.c408,,radeonhd6570oem
AMD,Radeon HD 7850M,Heathrow,2.0,GDDR5,128,PCIe 3.0 x16,0.675,1.0,640,40,16,"Apr 24th, 2012",2012-04-24,1372,1225,,,https://www.techpowerup.com/gpu-specs/radeon-hd-7850m.c386,https://www.videocardbenchmark.net/video_lookup.php?gpu=Radeon+HD+7850M&id=1688,radeonhd7850m
AMD,Radeon R5 M430,Exo,2.0,DDR3,64,PCIe 3.0 x8,1.03,0.9,320,20,8,"May 15th, 2016",2016-05-15,648,1688,,,https://www.techpowerup.com/gpu-specs/radeon-r5-m430.c2846,https://www.videocardbenchmark.net/video_lookup.php?gpu=Radeon+R5+M430&id=3552,radeonr5m430
AMD,Radeon R9 M290X Mac Edition,Pitcairn,2.0,GDDR5,256,PCIe 3.0 x16,0.975,1.365,1024,64,32,"Nov 23rd, 2014",2014-11-23,,,,,https://www.techpowerup.com/gpu-specs/radeon-r9-m290x-mac-edition.c3770,,radeonr9m290xmacedition
AMD,Radeon R9 M295X,Amethyst,4.0,GDDR5,256,MXM-B (3.0),0.723,1.25,2048,128,32,"Nov 23rd, 2014",2014-11-23,5150,530,3.55,1449.0,https://www.techpowerup.com/gpu-specs/radeon-r9-m295x.c2670,https://www.videocardbenchmark.net/video_lookup.php?gpu=Radeon+R9+M295X&id=2985,radeonr9m295x
ATI,All-In-Wonder X1900,R580,0.25,GDDR3,256,PCIe 1.0 x16,0.5,0.477,48,8,16,"Jan 13th, 2006",2006-01-13,127,2322,,,https://www.techpowerup.com/gpu-specs/all-in-wonder-x1900.c158,https://www.videocardbenchmark.net/video_lookup.php?gpu=All-in-Wonder+X1900&id=229,allinwonderx1900
ATI,Radeon HD 5670 640SP Edition,Juniper,0.5,GDDR5,128,PCIe 2.0 x16,0.75,1.0,640,32,8,"Jul 18th, 2010",2010-07-18,,,,,https://www.techpowerup.com/gpu-specs/radeon-hd-5670-640sp-edition.c2215,,radeonhd5670640spedition
ATI,Radeon HD 5870 Mac Edition,Cypress,1.0,GDDR5,256,PCIe 2.0 x16,0.85,1.195,1600,80,32,"Jun 30th, 2010",2010-06-30,,,,,https://www.techpowerup.com/gpu-specs/radeon-hd-5870-mac-edition.c2189,,radeonhd5870macedition
NVIDIA,GeForce 6200 AGP,NV44,0.125,DDR,64,AGP 8x,0.35,0.25,4,2,4,"Apr 4th, 2005",2005-04-04,,,,,https://www.techpowerup.com/gpu-specs/geforce-6200-agp.c164,,geforce6200agp
NVIDIA,GeForce 6600 GT Dual,NV43,0.125,GDDR3,128,PCIe 1.0 x16,0.5,0.56,8,3,8,"Aug 12th, 2004",2004-08-12,,,,,https://www.techpowerup.com/gpu-specs/geforce-6600-gt-dual.c1938,,geforce6600gtdual
NVIDIA,GeForce 7300 GT,G73,0.125,DDR2,128,PCIe 1.0 x16,0.35,0.325,8,4,8,"May 15th, 2006",2006-05-15,122,2337,0.81,149.99,https://www.techpowerup.com/gpu-specs/geforce-7300-gt.c4026,https://www.videocardbenchmark.net/video_lookup.php?gpu=GeForce+7300+GT&id=1233,geforce7300gt
NVIDIA,GeForce2 MX 200 LP,NV11,0.0312,SDR,64,AGP 4x,0.175,0.166,2,0,4,"Mar 3rd, 2001",2001-03-03,,,,,https://www.techpowerup.com/gpu-specs/geforce2-mx-200-lp.c2131,,geforce2mx200lp
NVIDIA,Quadro RTX 5000 X2 Mobile,TU104,16.0,GDDR6,256,PCIe 3.0 x16,1.53,1.75,3072,192,64,"Jun 8th, 2020",2020-06-08,,,,,https://www.techpowerup.com/gpu-specs/quadro-rtx-5000-x2-mobile.c4121,,quadrortx5000x2mobile
AMD,Atari VCS 800 GPU,Banded Kestrel,8.0,DDR4,128,IGP,1.201,1.2,192,12,4,"Dec 14th, 2020",2020-12-14,,,,,https://www.techpowerup.com/gpu-specs/atari-vcs-800-gpu.c3654,,atarivcs800gpu
AMD,Radeon HD 6480G IGP,Sumo-M,,DDR3,3,IGP,0.444,,240,12,4,"Jun 14th, 2011",2011-06-14,,,,,https://www.techpowerup.com/gpu-specs/radeon-hd-6480g-igp.c827,,radeonhd6480gigp
AMD,Radeon HD 7690M XT,Thames,2.0,GDDR5,128,PCIe 2.0 x16,0.725,0.9,480,24,16,"Jan 7th, 2013",2013-01-07,1009,1380,,,https://www.techpowerup.com/gpu-specs/radeon-hd-7690m-xt.c382,https://www.videocardbenchmark.net/video_lookup.php?gpu=Radeon+HD+7690M+XT&id=3024,radeonhd7690mxt
AMD,Radeon R7 M365X,Litho,1.0,GDDR5,128,PCIe 3.0 x8,0.825,1.0,384,24,8,"May 5th, 2015",2015-05-05,847,1487,,,https://www.techpowerup.com/gpu-specs/radeon-r7-m365x.c2762,https://www.videocardbenchmark.net/video_lookup.php?gpu=Radeon+R7+M365X&id=3493,radeonr7m365x
AMD,Radeon Vega 8 Mobile,Raven-M,,DDR4,4,IGP,1.101,,512,32,8,"Jan 8th, 2019",2019-01-08,1437,1207,,,https://www.techpowerup.com/gpu-specs/radeon-vega-8-mobile.c3289,https://www.videocardbenchmark.net/video_lookup.php?gpu=Radeon+Vega+8+Mobile&id=3845,radeonvega8mobile
ATI,Mobility Radeon 9200,M9+,0.0312,DDR,256,AGP 8x,0.2,0.23,4,1,4,"Mar 1st, 2003",2003-03-01,3,2821,,,https://www.techpowerup.com/gpu-specs/mobility-radeon-9200.c1785,https://www.videocardbenchmark.net/video_lookup.php?gpu=MOBILITY+RADEON+9200&id=469,mobilityradeon9200
ATI,Radeon X800 XL,R430,0.25,GDDR3,256,PCIe 1.0 x16,0.4,0.49,16,6,16,"Dec 1st, 2004",2004-12-01,69,2488,,,https://www.techpowerup.com/gpu-specs/radeon-x800-xl.c536,https://www.videocardbenchmark.net/video_lookup.php?gpu=RADEON+X800+XL&id=619,radeonx800xl
NVIDIA,GeForce 8400 SE,G86S,0.125,DDR2,64,PCIe 1.0 x16,0.459,0.4,16,8,4,"Aug 1st, 2008",2008-08-01,68,2492,,,https://www.techpowerup.com/gpu-specs/geforce-8400-se.c3779,https://www.videocardbenchmark.net/video_lookup.php?gpu=GeForce+8400+SE&id=1264,geforce8400se
NVIDIA,GeForce GT 520 OEM,GF108,1.0,DDR3,64,PCIe 2.0 x16,0.7,0.667,48,8,2,"Feb 1st, 2012",2012-02-01,,,,,https://www.techpowerup.com/gpu-specs/geforce-gt-520-oem.c1747,,geforcegt520oem
NVIDIA,Tesla X2090,GF110,6.0,GDDR5,384,PCIe 2.0 x16,0.651,0.924,512,64,48,"Jul 25th, 2011",2011-07-25,,,,,https://www.techpowerup.com/gpu-specs/tesla-x2090.c1887,,teslax2090
SIS,Xabre 600,Xabre II,0.0625,DDR,128,AGP 8x,0.3,0.3,4,1,8,"Nov 26th, 2002",2002-11-26,,,,,https://www.techpowerup.com/gpu-specs/xabre-600.c4341,,xabre600
AMD,Radeon HD 8730 OEM,Cape Verde,1.0,GDDR5,128,PCIe 3.0 x16,0.8,1.125,384,24,8,"Sep 5th, 2013",2013-09-05,,,,,https://www.techpowerup.com/gpu-specs/radeon-hd-8730-oem.c2401,,radeonhd8730oem
AMD,Radeon R9 M390X,Amethyst,4.0,GDDR5,256,PCIe 3.0 x16,0.723,1.25,2048,128,32,"May 5th, 2015",2015-05-05,3917,642,,,https://www.techpowerup.com/gpu-specs/radeon-r9-m390x.c2732,https://www.videocardbenchmark.net/video_lookup.php?gpu=Radeon+R9+M390X&id=3405,radeonr9m390x
ATI,3D Rage PRO AGP,Rage PRO AGP,0.002,SDR,64,AGP 1x,0.075,0.075,1,0,1,"Mar 1st, 1997",1997-03-01,,,,,https://www.techpowerup.com/gpu-specs/3d-rage-pro-agp.c4359,,3drageproagp
ATI,Mobility Radeon HD 5730,Madison,1.0,GDDR3,128,PCIe 2.0 x16,0.65,0.8,400,20,8,"Jan 7th, 2010",2010-01-07,512,1868,,,https://www.techpowerup.com/gpu-specs/mobility-radeon-hd-5730.c1649,https://www.videocardbenchmark.net/video_lookup.php?gpu=Mobility+Radeon+HD+5730&id=149,mobilityradeonhd5730
ATI,Radeon HD 4570,RV710,1.0,DDR2,64,PCIe 2.0 x16,0.65,0.5,80,8,4,"Nov 25th, 2008",2008-11-25,,,,,https://www.techpowerup.com/gpu-specs/radeon-hd-4570.c2076,,radeonhd4570
ATI,Radeon HD 4750,RV740,0.5,GDDR5,128,PCIe 2.0 x16,0.73,0.8,640,32,16,"Sep 9th, 2009",2009-09-09,,,,,https://www.techpowerup.com/gpu-specs/radeon-hd-4750.c935,,radeonhd4750
ATI,Radeon X1650 PRO,RV530,0.25,GDDR3,128,PCIe 1.0 x16,0.6,0.7,12,5,4,"Feb 1st, 2007",2007-02-01,84,2441,0.53,160.89,https://www.techpowerup.com/gpu-specs/radeon-x1650-pro.c4076,https://www.videocardbenchmark.net/video_lookup.php?gpu=Radeon+X1650+Pro&id=614,radeonx1650pro
ATI,Radeon X850 PRO,R480,0.25,GDDR3,256,PCIe 1.0 x16,0.507,0.52,12,6,12,"Dec 1st, 2004",2004-12-01,72,2475,,,https://www.techpowerup.com/gpu-specs/radeon-x850-pro.c105,https://www.videocardbenchmark.net/video_lookup.php?gpu=RADEON+X850+PRO&id=620,radeonx850pro
Intel,Iris Graphics 540 Mobile,Skylake GT3e,,DDR3,3,Ring Bus,1.0,,384,48,6,"Sep 1st, 2015",2015-09-01,,,,,https://www.techpowerup.com/gpu-specs/iris-graphics-540-mobile.c2786,,irisgraphics540mobile
NVIDIA,GeForce 7800 GT Dual,G70,0.25,GDDR3,256,PCIe 1.0 x16,0.4,0.5,20,7,20,"Aug 11th, 2005",2005-08-11,,,,,https://www.techpowerup.com/gpu-specs/geforce-7800-gt-dual.c1944,,geforce7800gtdual
NVIDIA,GeForce 8400M G,G86,0.25,GDDR3,64,PCIe 1.0 x16,0.4,0.4,8,8,4,"May 9th, 2007",2007-05-09,105,2385,,,https://www.techpowerup.com/gpu-specs/geforce-8400m-g.c1697,https://www.videocardbenchmark.net/video_lookup.php?gpu=GeForce+8400M+G&id=1265,geforce8400mg
NVIDIA,GeForce 945M,GM107,2.0,DDR3,128,MXM-B (3.0),1.02,0.9,640,40,16,"Oct 27th, 2015",2015-10-27,2160,940,,,https://www.techpowerup.com/gpu-specs/geforce-945m.c2773,https://www.videocardbenchmark.net/video_lookup.php?gpu=GeForce+945M&id=3388,geforce945m
NVIDIA,Quadro FX 4700 X2,G92,1.0,GDDR3,256,PCIe 2.0 x16,0.6,0.8,128,64,16,"Apr 18th, 2008",2008-04-18,676,1663,,,https://www.techpowerup.com/gpu-specs/quadro-fx-4700-x2.c1337,https://www.videocardbenchmark.net/video_lookup.php?gpu=Quadro+FX+4700+X2&id=2857,quadrofx4700x2
AMD,Radeon Pro WX 4170 Mobile,Baffin,4.0,GDDR5,128,PCIe 3.0 x8,1.201,1.5,1024,64,16,"Mar 1st, 2017",2017-03-01,,,,,https://www.techpowerup.com/gpu-specs/radeon-pro-wx-4170-mobile.c3094,,radeonprowx4170mobile
AMD,Radeon R8 M445DX,Meso,,GDDR5,5,IGP,1.021,,320,20,8,"May 15th, 2016",2016-05-15,796,1529,,,https://www.techpowerup.com/gpu-specs/radeon-r8-m445dx.c3128,https://www.videocardbenchmark.net/video_lookup.php?gpu=Radeon+R8+M445DX&id=3516,radeonr8m445dx
AMD,Radeon RX 560X Mobile,Polaris 21,4.0,GDDR5,128,MXM-B (3.0),1.275,1.45,1024,64,16,"Apr 11th, 2018",2018-04-11,,,,,https://www.techpowerup.com/gpu-specs/radeon-rx-560x-mobile.c3631,,radeonrx560xmobile
AMD,Radeon Sky 500,Pitcairn,4.0,GDDR5,256,PCIe 3.0 x16,0.95,1.2,1280,80,32,"Mar 27th, 2013",2013-03-27,4722,572,,,https://www.techpowerup.com/gpu-specs/radeon-sky-500.c2276,https://www.videocardbenchmark.net/video_lookup.php?gpu=Radeon+Sky+500&id=4071,radeonsky500
ATI,FireGL 9700 X1-256p,R300,0.25,DDR,256,AGP Pro 8x,0.324,0.276,8,4,8,"Jul 23rd, 2002",2002-07-23,,,,,https://www.techpowerup.com/gpu-specs/firegl-9700-x1-256p.c3650,,firegl9700x1256p
ATI,Radeon HD 4700,RV730,0.5,DDR2,128,PCIe 2.0 x16,0.6,0.4,320,32,8,"Feb 11th, 2010",2010-02-11,,,,,https://www.techpowerup.com/gpu-specs/radeon-hd-4700.c2081,,radeonhd4700
Intel,GMA,Cloverview,,UMA,,PCIe 1.0 x16,0.533,,4,2,2,"May 4th, 2010",2010-05-04,,,,,https://www.techpowerup.com/gpu-specs/gma.c3378,,gma
Intel,GMA 3100,Bearlake,,DDR2,2,FSB,0.4,,8,1,8,"May 9th, 2007",2007-05-09,,,,,https://www.techpowerup.com/gpu-specs/gma-3100.c1733,,gma3100
NVIDIA,GeForce 6800 XT,NV41,0.25,GDDR3,256,PCIe 1.0 x16,0.425,0.5,8,4,8,"Sep 30th, 2005",2005-09-30,120,2339,,,https://www.techpowerup.com/gpu-specs/geforce-6800-xt.c711,https://www.videocardbenchmark.net/video_lookup.php?gpu=GeForce+6800+XT&id=1216,geforce6800xt
NVIDIA,GeForce 8800 GT Mac Edition,G92,0.5,GDDR3,256,PCIe 2.0 x16,0.6,0.9,112,56,16,"Feb 1st, 2008",2008-02-01,,,,,https://www.techpowerup.com/gpu-specs/geforce-8800-gt-mac-edition.c1191,,geforce8800gtmacedition
NVIDIA,GeForce GT 520 PCIe x1,GF119S,1.0,DDR3,64,PCIe 2.0 x1,0.81,0.9,48,8,4,"Apr 13th, 2011",2011-04-13,,,,,https://www.techpowerup.com/gpu-specs/geforce-gt-520-pcie-x1.c912,,geforcegt520pciex1
NVIDIA,GeForce GTX 460 OEM,GF104,1.0,GDDR5,256,PCIe 2.0 x16,0.65,0.85,336,56,32,"Oct 11th, 2010",2010-10-11,,,,,https://www.techpowerup.com/gpu-specs/geforce-gtx-460-oem.c1723,,geforcegtx460oem
NVIDIA,GeForce GTX 660 OEM,GK104,2.0,GDDR5,256,PCIe 3.0 x16,0.888,1.4,1152,96,32,"Aug 22nd, 2012",2012-08-22,,,,,https://www.techpowerup.com/gpu-specs/geforce-gtx-660-oem.c1961,,geforcegtx660oem
AMD,Radeon HD 6870 X2,Barts,1.0,GDDR5,256,PCIe 2.0 x16,0.9,1.05,1120,56,32,"Jul 8th, 2011",2011-07-08,,,,,https://www.techpowerup.com/gpu-specs/radeon-hd-6870-x2.c1174,,radeonhd6870x2
AMD,Radeon R9 M380,Strato,4.0,GDDR5,128,PCIe 3.0 x16,1.0,1.5,768,48,16,"May 5th, 2015",2015-05-05,2758,797,,,https://www.techpowerup.com/gpu-specs/radeon-r9-m380.c2708,https://www.videocardbenchmark.net/video_lookup.php?gpu=Radeon+R9+M380&id=3339,radeonr9m380
ATI,Radeon 9550 XT,RV350,0.125,DDR,128,AGP 8x,0.425,0.325,4,2,4,"May 4th, 2005",2005-05-04,,,,,https://www.techpowerup.com/gpu-specs/radeon-9550-xt.c2448,,radeon9550xt
ATI,Radeon X850 XT AGP,R481,0.25,GDDR3,256,AGP 8x,0.52,0.54,16,6,16,"Feb 28th, 2005",2005-02-28,,,,,https://www.techpowerup.com/gpu-specs/radeon-x850-xt-agp.c117,,radeonx850xtagp
ATI,Rage Mobility-M1,M1,0.0078,SDR,64,AGP 2x,0.083,0.125,2,0,2,"Feb 1st, 1999",1999-02-01,,,,,https://www.techpowerup.com/gpu-specs/rage-mobility-m1.c1593,,ragemobilitym1
Matrox,Millennium G400 MAX,Toucan,0.0312,SDR,128,PCI,0.15,0.2,2,1,2,"May 20th, 1999",1999-05-20,,,,,https://www.techpowerup.com/gpu-specs/millennium-g400-max.c3719,,millenniumg400max
NVIDIA,GeForce 6100 + nForce 430,C61,,DDR2,2,PCI,0.425,,2,1,1,"Oct 11th, 2004",2004-10-11,23,2665,,,https://www.techpowerup.com/gpu-specs/geforce-6100-nforce-430.c2157,https://www.videocardbenchmark.net/video_lookup.php?gpu=GeForce+6100+nForce+430&id=1186,geforce6100nforce430
NVIDIA,GeForce 8600M GS,G86,0.5,DDR2,128,MXM-II,0.45,0.4,16,8,4,"May 1st, 2007",2007-05-01,88,2436,,,https://www.techpowerup.com/gpu-specs/geforce-8600m-gs.c1533,https://www.videocardbenchmark.net/video_lookup.php?gpu=GeForce+8600M+GS&id=1274,geforce8600mgs
NVIDIA,GeForce GTX 965M 4 GB,GM204,4.0,GDDR5,128,MXM-B (3.0),1.15,1.253,1024,64,32,"Jan 9th, 2015",2015-01-09,,,,,https://www.techpowerup.com/gpu-specs/geforce-gtx-965m-4-gb.c2814,,geforcegtx965m4gb
NVIDIA,Quadro DCC,NV20,0.0625,SDR,128,AGP 4x,0.2,0.23,4,1,4,"May 14th, 2001",2001-05-14,,,,,https://www.techpowerup.com/gpu-specs/quadro-dcc.c2371,,quadrodcc
AMD,Radeon RX 560X Mobile,Polaris 21,2.0,GDDR5,128,MXM-B (3.0),1.202,1.5,1024,64,16,"Apr 11th, 2018",2018-04-11,,,,,https://www.techpowerup.com/gpu-specs/radeon-rx-560x-mobile.c3197,,radeonrx560xmobile
AMD,Radeon Vega 6 Mobile,Raven-M,,DDR3,3,IGP,1.101,,384,24,8,"Jan 8th, 2019",2019-01-08,,,,,https://www.techpowerup.com/gpu-specs/radeon-vega-6-mobile.c3384,,radeonvega6mobile
Intel,GMA 950,Calistoga,,DDR2,2,FSB,0.25,,4,1,4,2006,200601-01,,,,,https://www.techpowerup.com/gpu-specs/gma-950.c3122,,gma950
NVIDIA,GeForce 7025 + nForce 630a,C61,,DDR,,PCI,0.425,,2,1,1,"Feb 1st, 2006",2006-02-01,32,2621,,,https://www.techpowerup.com/gpu-specs/geforce-7025-nforce-630a.c2161,https://www.videocardbenchmark.net/video_lookup.php?gpu=GeForce+7025+%2F+nForce+630a&id=1220,geforce7025nforce630a
NVIDIA,GeForce FX 5700 VE,NV36,0.125,DDR,128,AGP 8x,0.25,0.2,4,3,4,"Sep 1st, 2004",2004-09-01,33,2619,,,https://www.techpowerup.com/gpu-specs/geforce-fx-5700-ve.c67,https://www.videocardbenchmark.net/video_lookup.php?gpu=GeForce+FX+5700VE&id=1343,geforcefx5700ve
NVIDIA,GeForce GT 645M,GK107,2.0,DDR3,128,PCIe 3.0 x16,0.78,0.9,384,32,16,"Oct 1st, 2012",2012-10-01,941,1422,,,https://www.techpowerup.com/gpu-specs/geforce-gt-645m.c1412,https://www.videocardbenchmark.net/video_lookup.php?gpu=GeForce+GT+645M&id=2388,geforcegt645m
NVIDIA,Quadro FX 570M,G84,0.5,GDDR3,128,PCIe 1.0 x16,0.475,0.702,32,16,8,"Jun 1st, 2007",2007-06-01,99,2403,,,https://www.techpowerup.com/gpu-specs/quadro-fx-570m.c1437,https://www.videocardbenchmark.net/video_lookup.php?gpu=Quadro+FX+570M&id=1607,quadrofx570m
NVIDIA,Quadro4 380 XGL,NV18,0.125,DDR,128,AGP 8x,0.275,0.256,2,0,4,"Nov 12th, 2002",2002-11-12,6,2725,,,https://www.techpowerup.com/gpu-specs/quadro4-380-xgl.c1358,https://www.videocardbenchmark.net/video_lookup.php?gpu=Quadro4+380+XGL&id=1649,quadro4380xgl
AMD,Radeon RX 540X Mobile,Polaris 23,2.0,GDDR5,128,PCIe 3.0 x8,1.211,1.5,512,32,16,"Apr 11th, 2018",2018-04-11,,,,,https://www.techpowerup.com/gpu-specs/radeon-rx-540x-mobile.c3204,,radeonrx540xmobile
AMD,Radeon RX 550X 640SP,Baffin,2.0,GDDR5,128,PCIe 3.0 x8,1.071,1.5,640,40,16,"Apr 11th, 2018",2018-04-11,,,,,https://www.techpowerup.com/gpu-specs/radeon-rx-550x-640sp.c3203,,radeonrx550x640sp
ATI,8514-Ultra,Mach8,0.001,VRAM,32,ISA 16-bit,0.01,0.01,1,0,0,1992,199201-01,,,,,https://www.techpowerup.com/gpu-specs/8514-ultra.c3161,,8514ultra
ATI,Mobility Radeon 7000,M6,0.0156,DDR,32,AGP 4x,0.144,0.139,1,0,3,2004,200401-01,,,,,https://www.techpowerup.com/gpu-specs/mobility-radeon-7000.c3845,,mobilityradeon7000
ATI,Radeon X300 LE,RV370,0.0625,DDR,128,PCIe 1.0 x16,0.325,0.2,4,2,4,"Sep 1st, 2004",2004-09-01,,,,,https://www.techpowerup.com/gpu-specs/radeon-x300-le.c513,,radeonx300le
Matrox,Millennium G550 PCIe,Condor,0.0312,DDR,64,PCIe 1.0 x1,0.125,0.166,2,1,2,"Nov 26th, 2001",2001-11-26,,,,,https://www.techpowerup.com/gpu-specs/millennium-g550-pcie.c1921,,millenniumg550pcie
NVIDIA,GeForce 6150,C51,,DDR,,PCI,0.475,,2,1,1,"Oct 11th, 2004",2004-10-11,21,2668,0.09,240.0,https://www.techpowerup.com/gpu-specs/geforce-6150.c2158,https://www.videocardbenchmark.net/video_lookup.php?gpu=GeForce+6150&id=1187,geforce6150
NVIDIA,GeForce FX 5200 LE,NV34,0.125,DDR,64,AGP 8x,0.25,0.166,4,2,4,"Mar 17th, 2003",2003-03-17,7,2720,0.16,42.99,https://www.techpowerup.com/gpu-specs/geforce-fx-5200-le.c59,https://www.videocardbenchmark.net/video_lookup.php?gpu=GeForce+FX+5200LE&id=1334,geforcefx5200le
NVIDIA,GeForce GT 640M LE,GK107,1.0,DDR3,128,PCIe 3.0 x16,0.57,0.9,384,32,16,"Mar 22nd, 2012",2012-03-22,690,1643,0.81,849.99,https://www.techpowerup.com/gpu-specs/geforce-gt-640m-le.c350,https://www.videocardbenchmark.net/video_lookup.php?gpu=GeForce+GT+640M+LE&id=2135,geforcegt640mle
NVIDIA,GeForce GTX 570M,GF114,1.5,GDDR5,192,MXM-B (3.0),0.575,0.75,336,56,24,"Jun 28th, 2011",2011-06-28,1848,1047,,,https://www.techpowerup.com/gpu-specs/geforce-gtx-570m.c1495,https://www.videocardbenchmark.net/video_lookup.php?gpu=GeForce+GTX+570M&id=1453,geforcegtx570m
AMD,FirePro M4150,Opal,1.0,GDDR5,128,PCIe 3.0 x8,0.715,1.0,384,24,8,"Oct 16th, 2013",2013-10-16,1042,1366,,,https://www.techpowerup.com/gpu-specs/firepro-m4150.c3033,https://www.videocardbenchmark.net/video_lookup.php?gpu=FirePro+M4150&id=3224,fireprom4150
AMD,FirePro S9100,Hawaii,12.0,GDDR5,512,PCIe 3.0 x16,0.824,1.25,2560,160,64,"Oct 2nd, 2014",2014-10-02,,,,,https://www.techpowerup.com/gpu-specs/firepro-s9100.c2636,,firepros9100
AMD,Radeon R2E Mobile Graphics,Stoney,,DDR4,4,IGP,0.6,,128,8,4,"Jun 1st, 2016",2016-06-01,,,,,https://www.techpowerup.com/gpu-specs/radeon-r2e-mobile-graphics.c4049,,radeonr2emobilegraphics
ATI,FirePro V8750,RV770,2.0,GDDR5,256,PCIe 2.0 x16,0.75,0.9,800,40,16,"Jul 28th, 2008",2008-07-28,,,,,https://www.techpowerup.com/gpu-specs/firepro-v8750.c862,,fireprov8750
ATI,Mobility Radeon HD 5850,Broadway,1.0,GDDR5,128,PCIe 2.0 x16,0.5,1.0,800,40,16,"Jan 7th, 2010",2010-01-07,763,1566,,,https://www.techpowerup.com/gpu-specs/mobility-radeon-hd-5850.c1654,https://www.videocardbenchmark.net/video_lookup.php?gpu=Mobility+Radeon+HD+5850&id=525,mobilityradeonhd5850
ATI,Mobility Radeon X700,M26,0.125,DDR,128,PCIe 1.0 x16,0.35,0.3,8,6,8,"Mar 1st, 2005",2005-03-01,66,2497,,,https://www.techpowerup.com/gpu-specs/mobility-radeon-x700.c1405,https://www.videocardbenchmark.net/video_lookup.php?gpu=MOBILITY+RADEON+X700&id=545,mobilityradeonx700
ATI,Rage PRO Turbo PCI,Mach64 GT3U,0.0078,SDR,64,PCI,0.075,0.075,1,0,1,"Mar 1st, 1997",1997-03-01,,,,,https://www.techpowerup.com/gpu-specs/rage-pro-turbo-pci.c1715,,rageproturbopci
NVIDIA,GeForce 8200M G mGPU Intel,C79,,DDR,,PCIe 2.0 x16,0.4,,16,8,4,"Jun 18th, 2008",2008-06-18,,,,,https://www.techpowerup.com/gpu-specs/geforce-8200m-g-mgpu-intel.c1529,,geforce8200mgmgpuintel
NVIDIA,GeForce 830A,GM108,2.0,DDR3,64,PCIe 3.0 x8,1.15,1.001,256,16,8,"Jul 22nd, 2014",2014-07-22,1173,1302,,,https://www.techpowerup.com/gpu-specs/geforce-830a.c2605,https://www.videocardbenchmark.net/video_lookup.php?gpu=GeForce+830A&id=3094,geforce830a
NVIDIA,GeForce 9600 GT Mac Edition,G94,1.0,DDR2,256,PCIe 2.0 x16,0.6,0.266,64,32,16,"Dec 22nd, 2008",2008-12-22,,,,,https://www.techpowerup.com/gpu-specs/geforce-9600-gt-mac-edition.c2239,,geforce9600gtmacedition
NVIDIA,GeForce GT 750M Mac Edition,GK107,1.0,GDDR5,128,PCIe 3.0 x16,0.926,1.254,384,32,16,"Nov 8th, 2013",2013-11-08,,,,,https://www.techpowerup.com/gpu-specs/geforce-gt-750m-mac-edition.c2527,,geforcegt750mmacedition
AMD,Radeon HD 7550M,Thames,1.0,DDR3,64,PCIe 2.0 x16,0.55,0.9,480,24,16,"Jan 7th, 2012",2012-01-07,464,1929,,,https://www.techpowerup.com/gpu-specs/radeon-hd-7550m.c1209,https://www.videocardbenchmark.net/video_lookup.php?gpu=Radeon+HD+7550M&id=303,radeonhd7550m
AMD,Radeon R7 265X OEM,Curacao,2.0,GDDR5,256,PCIe 3.0 x16,0.925,1.4,1280,80,32,"Aug 12th, 2014",2014-08-12,,,,,https://www.techpowerup.com/gpu-specs/radeon-r7-265x-oem.c2613,,radeonr7265xoem
ATI,FirePro V5700,RV730,0.5,GDDR3,128,PCIe 2.0 x16,0.7,0.9,320,32,8,"Aug 8th, 2008",2008-08-08,464,1930,2.47,188.06,https://www.techpowerup.com/gpu-specs/firepro-v5700.c858,https://www.videocardbenchmark.net/video_lookup.php?gpu=FirePro+V5700&id=3111,fireprov5700
ATI,Radeon 7500 LE,RV200,0.0625,DDR,128,AGP 4x,0.25,0.175,2,1,6,"Aug 14th, 2001",2001-08-14,,,,,https://www.techpowerup.com/gpu-specs/radeon-7500-le.c647,,radeon7500le
ATI,Radeon X1300,RV516,0.125,DDR,128,PCIe 1.0 x16,0.45,0.25,4,2,4,"Oct 5th, 2005",2005-10-05,58,2517,0.61,95.78,https://www.techpowerup.com/gpu-specs/radeon-x1300.c137,https://www.videocardbenchmark.net/video_lookup.php?gpu=Radeon+X1300&id=154,radeonx1300
NVIDIA,GeForce FX 5200 Ultra Mac Edition,NV34,0.125,DDR,128,AGP Pro 8x,0.325,0.325,4,2,4,"Mar 6th, 2003",2003-03-06,,,,,https://www.techpowerup.com/gpu-specs/geforce-fx-5200-ultra-mac-edition.c2275,,geforcefx5200ultramacedition
NVIDIA,GeForce GT 555M 3 GB,GF106,3.0,DDR3,192,PCIe 2.0 x16,0.59,0.9,144,24,24,"Mar 24th, 2011",2011-03-24,,,,,https://www.techpowerup.com/gpu-specs/geforce-gt-555m-3-gb.c1493,,geforcegt555m3gb
NVIDIA,GeForce GTX 860M OEM,GM107,2.0,GDDR5,128,MXM-B (3.0),1.176,1.253,640,40,16,"Feb 5th, 2015",2015-02-05,,,,,https://www.techpowerup.com/gpu-specs/geforce-gtx-860m-oem.c2659,,geforcegtx860moem
NVIDIA,RTX A2000 Max-Q,GA107,4.0,GDDR6,128,PCIe 4.0 x16,1.207,1.375,2560,80,48,"Apr 12th, 2021",2021-04-12,,,,,https://www.techpowerup.com/gpu-specs/rtx-a2000-max-q.c4007,,rtxa2000maxq
3Dfx,Voodoo4-2 4800 AGP,VSA-101,0.0312,SDR,128,AGP 4x,0.166,0.166,2,0,2,Never Released,,,,,,https://www.techpowerup.com/gpu-specs/voodoo4-2-4800-agp.c3559,,voodoo424800agp
AMD,FirePro S9000,Tahiti,6.0,GDDR5,384,PCIe 3.0 x16,0.9,1.375,1792,112,32,"Aug 24th, 2012",2012-08-24,5059,540,,,https://www.techpowerup.com/gpu-specs/firepro-s9000.c1879,https://www.videocardbenchmark.net/video_lookup.php?gpu=FirePro+S9000&id=3209,firepros9000
AMD,Radeon HD 6330M,Robson,1.0,GDDR3,64,PCIe 2.0 x16,0.5,0.8,80,8,4,"Nov 26th, 2010",2010-11-26,,,,,https://www.techpowerup.com/gpu-specs/radeon-hd-6330m.c337,,radeonhd6330m
AMD,Radeon HD 7950 Monica BIOS 1,Tahiti,3.0,GDDR5,384,PCIe 3.0 x16,0.925,1.25,1536,96,32,"Jan 31st, 2012",2012-01-31,,,,,https://www.techpowerup.com/gpu-specs/radeon-hd-7950-monica-bios-1.c3076,,radeonhd7950monicabios1
AMD,Radeon R9 M265X,Venus,2.0,GDDR5,128,PCIe 3.0 x16,0.625,1.0,640,40,16,"Mar 21st, 2014",2014-03-21,1197,1291,,,https://www.techpowerup.com/gpu-specs/radeon-r9-m265x.c2579,https://www.videocardbenchmark.net/video_lookup.php?gpu=Radeon+R9+M265X&id=2999,radeonr9m265x
AMD,Radeon Sky 700,Tahiti,6.0,GDDR5,384,PCIe 3.0 x16,0.9,1.375,1792,112,32,"Mar 27th, 2013",2013-03-27,,,,,https://www.techpowerup.com/gpu-specs/radeon-sky-700.c2279,,radeonsky700
ATI,FirePro V3700,RV620,0.25,GDDR3,64,PCIe 2.0 x16,0.8,0.95,40,4,4,"Aug 8th, 2008",2008-08-08,,,,,https://www.techpowerup.com/gpu-specs/firepro-v3700.c857,,fireprov3700
ATI,Mobility Radeon 9000,M9,0.0625,DDR,64,AGP 4x,0.24,0.2,4,1,4,"Sep 1st, 2002",2002-09-01,3,2812,,,https://www.techpowerup.com/gpu-specs/mobility-radeon-9000.c2182,https://www.videocardbenchmark.net/video_lookup.php?gpu=MOBILITY+RADEON+9000&id=465,mobilityradeon9000
ATI,Radeon HD 2400 PRO AGP,RV610,0.25,DDR2,64,AGP 8x,0.525,0.4,40,4,4,"Jun 28th, 2007",2007-06-28,,,,,https://www.techpowerup.com/gpu-specs/radeon-hd-2400-pro-agp.c431,,radeonhd2400proagp
ATI,Radeon HD 3850 X2,RV670,0.5,GDDR3,256,PCIe 2.0 x16,0.669,0.828,320,16,16,"Apr 4th, 2008",2008-04-04,822,1507,,,https://www.techpowerup.com/gpu-specs/radeon-hd-3850-x2.c228,https://www.videocardbenchmark.net/video_lookup.php?gpu=Radeon+HD+3850+X2&id=588,radeonhd3850x2
ATI,Radeon X550 HyperMemory,RV370,0.25,DDR2,128,PCIe 1.0 x16,0.4,0.25,4,2,4,"Jul 1st, 2005",2005-07-01,,,,,https://www.techpowerup.com/gpu-specs/radeon-x550-hypermemory.c516,,radeonx550hypermemory
Intel,Xeon Phi 7120X,Knights Corner,16.0,GDDR5,512,PCIe 3.0 x16,1.333,1.375,976,32,0,"Jun 17th, 2013",2013-06-17,,,,,https://www.techpowerup.com/gpu-specs/xeon-phi-7120x.c2481,,xeonphi7120x
NVIDIA,GeForce 6200 X2 PCI,NV44,0.25,DDR2,64,PCI,0.28,0.2,4,3,4,"Jan 16th, 2008",2008-01-16,,,,,https://www.techpowerup.com/gpu-specs/geforce-6200-x2-pci.c3040,,geforce6200x2pci
NVIDIA,GeForce GT 630M,GF108B,1.0,DDR3,64,MXM-A (3.0),0.475,0.9,96,16,4,"Mar 22nd, 2012",2012-03-22,511,1871,,,https://www.techpowerup.com/gpu-specs/geforce-gt-630m.c4448,https://www.videocardbenchmark.net/video_lookup.php?gpu=GeForce+GT+630M&id=77,geforcegt630m
NVIDIA,GRID M10-8Q,GM107,8.0,GDDR5,128,PCIe 3.0 x16,1.306,1.3,640,40,16,"May 18th, 2016",2016-05-18,2595,831,,,https://www.techpowerup.com/gpu-specs/grid-m10-8q.c3086,https://www.videocardbenchmark.net/video_lookup.php?gpu=GRID+M10-8Q&id=3934,gridm108q
NVIDIA,Quadro 5000M,GF100,2.0,GDDR5,256,MXM-B (3.0),0.405,0.6,320,40,32,"Jul 27th, 2010",2010-07-27,2059,969,,,https://www.techpowerup.com/gpu-specs/quadro-5000m.c1396,https://www.videocardbenchmark.net/video_lookup.php?gpu=Quadro+5000M&id=1552,quadro5000m
NVIDIA,Quadro 6000 SDI,GF100,6.0,GDDR5,384,PCIe 2.0 x16,0.574,0.747,448,56,48,"Jul 25th, 2011",2011-07-25,,,,,https://www.techpowerup.com/gpu-specs/quadro-6000-sdi.c2141,,quadro6000sdi
NVIDIA,Quadro NVS 440 PCIe x16,NV43,0.125,GDDR3,128,PCIe 1.0 x16,0.25,0.25,4,3,8,"Feb 14th, 2006",2006-02-14,,,,,https://www.techpowerup.com/gpu-specs/quadro-nvs-440-pcie-x16.c1463,,quadronvs440pciex16
NVIDIA,Tesla K20Xm,GK110,6.0,GDDR5,384,PCIe 3.0 x16,0.732,1.3,2688,224,48,"Nov 12th, 2012",2012-11-12,4714,574,0.61,7699.0,https://www.techpowerup.com/gpu-specs/tesla-k20xm.c1884,https://www.videocardbenchmark.net/video_lookup.php?gpu=Tesla+K20Xm&id=4498,teslak20xm
AMD,Radeon HD 8570 OEM Rebrand,Turks,1.0,GDDR3,128,PCIe 2.0 x16,0.65,0.8,480,24,8,"Jul 23rd, 2013",2013-07-23,,,,,https://www.techpowerup.com/gpu-specs/radeon-hd-8570-oem-rebrand.c2435,,radeonhd8570oemrebrand
AMD,Radeon R5 310 OEM,Caicos,1.0,DDR3,64,PCIe 2.0 x16,0.875,0.9,160,8,4,"May 5th, 2015",2015-05-05,,,,,https://www.techpowerup.com/gpu-specs/radeon-r5-310-oem.c3025,,radeonr5310oem
AMD,Radeon Vega 6 Mobile,Picasso-M,,DDR3,3,IGP,1.2,,384,24,8,"Jan 6th, 2019",2019-01-06,,,,,https://www.techpowerup.com/gpu-specs/radeon-vega-6-mobile.c3615,,radeonvega6mobile
AMD,FirePro W5130M,Tropo,2.0,GDDR5,128,PCIe 3.0 x16,0.925,1.0,512,32,16,"Oct 2nd, 2015",2015-10-02,1454,1200,,,https://www.techpowerup.com/gpu-specs/firepro-w5130m.c2769,https://www.videocardbenchmark.net/video_lookup.php?gpu=FirePro+W5130M&id=3440,fireprow5130m
AMD,Radeon Vega 9 Mobile,Picasso-M,,DDR4,4,IGP,1.3,,576,36,8,"Oct 22nd, 2019",2019-10-22,,,,,https://www.techpowerup.com/gpu-specs/radeon-vega-9-mobile.c3614,,radeonvega9mobile
ATI,FireGL V7700,RV670,0.5,GDDR4,256,PCIe 2.0 x16,0.777,1.126,320,16,16,"Nov 19th, 2007",2007-11-19,660,1672,9.43,69.99,https://www.techpowerup.com/gpu-specs/firegl-v7700.c691,https://www.videocardbenchmark.net/video_lookup.php?gpu=FireGL+V7700&id=404,fireglv7700
ATI,FirePro 2260 PCI,RV620,0.25,DDR2,64,PCI,0.5,0.5,40,4,4,2008,200801-01,,,,,https://www.techpowerup.com/gpu-specs/firepro-2260-pci.c575,,firepro2260pci
ATI,Radeon 3100 IGP,RS780,,DDR2,2,PCIe 1.0 x16,0.35,,40,4,4,"Mar 4th, 2008",2008-03-04,,,,,https://www.techpowerup.com/gpu-specs/radeon-3100-igp.c229,,radeon3100igp
ATI,Radeon 9800 PRO MAXX,R350,0.125,DDR,256,AGP 8x,0.38,0.34,8,4,8,Unknown,,,,,,https://www.techpowerup.com/gpu-specs/radeon-9800-pro-maxx.c1939,,radeon9800promaxx
ATI,Rage 128 GL,Rage 128,0.0312,SDR,128,AGP 2x,0.08,0.06,2,0,2,"Aug 27th, 1998",1998-08-27,,,,,https://www.techpowerup.com/gpu-specs/rage-128-gl.c877,,rage128gl
ATI,Rage Fury,Rage 128 PRO,0.0312,SDR,128,AGP 2x,0.08,0.12,2,0,2,"Aug 1st, 1999",1999-08-01,,,,,https://www.techpowerup.com/gpu-specs/rage-fury.c878,,ragefury
Intel,GMA 500,Poulsbo,,UMA,,PCIe 1.0 x16,0.2,,32,4,1,"Mar 2nd, 2008",2008-03-02,,,,,https://www.techpowerup.com/gpu-specs/gma-500.c1222,,gma500
NVIDIA,GeForce 930A,GM108,2.0,DDR3,64,PCIe 3.0 x8,0.941,1.001,384,24,8,"Mar 13th, 2015",2015-03-13,1217,1282,,,https://www.techpowerup.com/gpu-specs/geforce-930a.c2816,https://www.videocardbenchmark.net/video_lookup.php?gpu=GeForce+930A&id=3417,geforce930a
NVIDIA,GeForce 9700M GTS,G94,0.5,GDDR3,256,PCIe 2.0 x16,0.53,0.8,48,24,16,"Jul 29th, 2008",2008-07-29,311,2075,,,https://www.techpowerup.com/gpu-specs/geforce-9700m-gts.c1515,https://www.videocardbenchmark.net/video_lookup.php?gpu=GeForce+9700M+GTS&id=1319,geforce9700mgts
NVIDIA,GeForce FX 5200 Rev. 2,NV34B,0.125,DDR,64,AGP 8x,0.25,0.2,4,2,4,"Mar 6th, 2003",2003-03-06,,,,,https://www.techpowerup.com/gpu-specs/geforce-fx-5200-rev-2.c2352,,geforcefx5200rev2
NVIDIA,GeForce GT 140 OEM,G94B,1.0,GDDR3,256,PCIe 2.0 x16,0.65,0.9,64,32,16,"Mar 10th, 2009",2009-03-10,,,,,https://www.techpowerup.com/gpu-specs/geforce-gt-140-oem.c642,,geforcegt140oem
NVIDIA,GeForce GT 630M,GF108,1.0,DDR3,64,MXM-A (3.0),0.66,0.9,96,16,4,"Mar 22nd, 2012",2012-03-22,511,1871,,,https://www.techpowerup.com/gpu-specs/geforce-gt-630m.c2302,https://www.videocardbenchmark.net/video_lookup.php?gpu=GeForce+GT+630M&id=77,geforcegt630m
NVIDIA,GeForce GTX 560 Ti OEM,GF114,1.0,GDDR5,256,PCIe 2.0 x16,0.823,1.002,384,64,32,"Mar 8th, 2011",2011-03-08,,,,,https://www.techpowerup.com/gpu-specs/geforce-gtx-560-ti-oem.c2434,,geforcegtx560tioem
NVIDIA,GeForce GTX 680MX Mac Edition,GK104,2.0,GDDR5,256,PCIe 3.0 x16,0.719,1.25,1536,128,32,"Oct 23rd, 2012",2012-10-23,,,,,https://www.techpowerup.com/gpu-specs/geforce-gtx-680mx-mac-edition.c2274,,geforcegtx680mxmacedition
NVIDIA,GeForce GTX 780 Ti Engineering Sample,GK180,3.0,GDDR5,384,PCIe 3.0 x16,0.928,1.753,2880,240,48,Never Released,,,,,,https://www.techpowerup.com/gpu-specs/geforce-gtx-780-ti-engineering-sample.c4203,,geforcegtx780tiengineeringsample
NVIDIA,GeForce GTX 965M,GM204,2.0,GDDR5,128,MXM-B (3.0),0.95,1.253,1024,64,32,"Jan 9th, 2015",2015-01-09,3884,647,,,https://www.techpowerup.com/gpu-specs/geforce-gtx-965m.c2880,https://www.videocardbenchmark.net/video_lookup.php?gpu=GeForce+GTX+965M&id=3113,geforcegtx965m
NVIDIA,GeForce2 MX PCI,NV11,0.0312,SDR,64,PCI,0.175,0.166,2,0,4,"Jun 28th, 2000",2000-06-28,,,,,https://www.techpowerup.com/gpu-specs/geforce2-mx-pci.c791,,geforce2mxpci
NVIDIA,Quadro 4100,GK104,2.0,DDR3,256,PCIe 3.0 x16,0.797,0.891,1344,112,32,Unknown,,,,,,https://www.techpowerup.com/gpu-specs/quadro-4100.c2309,,quadro4100
NVIDIA,Quadro K5000 Mac Edition,GK104,4.0,GDDR5,256,PCIe 2.0 x16,0.706,1.35,1536,128,32,"Aug 7th, 2012",2012-08-07,,,,,https://www.techpowerup.com/gpu-specs/quadro-k5000-mac-edition.c1325,,quadrok5000macedition
AMD,Radeon E6760 MXM,Whistler,1.0,GDDR5,128,MXM-A (3.0),0.6,0.8,480,24,8,"May 2nd, 2011",2011-05-02,,,,,https://www.techpowerup.com/gpu-specs/radeon-e6760-mxm.c1736,,radeone6760mxm
AMD,Radeon HD 8850M,Venus,2.0,GDDR5,128,PCIe 3.0 x16,0.625,1.0,640,40,16,"Apr 1st, 2013",2013-04-01,973,1403,,,https://www.techpowerup.com/gpu-specs/radeon-hd-8850m.c1896,https://www.videocardbenchmark.net/video_lookup.php?gpu=Radeon+HD+8850M&id=3037,radeonhd8850m
AMD,Radeon R7 250XE,Cape Verde,1.0,GDDR5,128,PCIe 3.0 x16,0.86,1.125,640,40,16,"Aug 21st, 2014",2014-08-21,,,,,https://www.techpowerup.com/gpu-specs/radeon-r7-250xe.c2615,,radeonr7250xe
AMD,Radeon R7 M265,Topaz,2.0,DDR3,64,PCIe 3.0 x8,0.98,0.9,384,24,8,"May 20th, 2014",2014-05-20,580,1777,,,https://www.techpowerup.com/gpu-specs/radeon-r7-m265.c2572,https://www.videocardbenchmark.net/video_lookup.php?gpu=Radeon+R7+M265&id=2994,radeonr7m265
AMD,Radeon R7 M465,Litho,2.0,GDDR5,128,PCIe 3.0 x8,0.825,1.0,384,24,8,"May 15th, 2016",2016-05-15,1078,1341,,,https://www.techpowerup.com/gpu-specs/radeon-r7-m465.c2854,https://www.videocardbenchmark.net/video_lookup.php?gpu=Radeon+R7+M465&id=3671,radeonr7m465
AMD,Radeon R9 M275X,Venus,2.0,GDDR5,128,PCIe 3.0 x16,0.925,1.125,640,40,16,"Jan 28th, 2014",2014-01-28,1594,1145,,,https://www.techpowerup.com/gpu-specs/radeon-r9-m275x.c2658,https://www.videocardbenchmark.net/video_lookup.php?gpu=Radeon+R9+M275X&id=4329,radeonr9m275x
AMD,Radeon R9 M380 Mac Edition,Strato,2.0,GDDR5,128,PCIe 3.0 x16,1.021,1.568,768,48,16,"May 5th, 2015",2015-05-05,,,,,https://www.techpowerup.com/gpu-specs/radeon-r9-m380-mac-edition.c3047,,radeonr9m380macedition
AMD,Radeon RX Vega 11 Embedded,Raven,,DDR4,4,IGP,1.251,,704,44,8,"Apr 19th, 2018",2018-04-19,,,,,https://www.techpowerup.com/gpu-specs/radeon-rx-vega-11-embedded.c3222,,radeonrxvega11embedded
ATI,Mobility Radeon HD 5145,M92,0.5,GDDR3,64,PCIe 2.0 x16,0.72,0.9,80,8,4,"Jan 7th, 2010",2010-01-07,,,,,https://www.techpowerup.com/gpu-specs/mobility-radeon-hd-5145.c1640,,mobilityradeonhd5145
IBM,Fire GL3,RC1000,0.125,DDR,256,AGP 4x,0.12,0.19,2,1,4,"Jun 1st, 2000",2000-06-01,,,,,https://www.techpowerup.com/gpu-specs/fire-gl3.c3659,,firegl3
Intel,Arctic Sound 2T,Arctic Sound,16.0,HBM2E,4096,PCIe 4.0 x16,0.9,1.2,7680,240,120,2021,202101-01,,,,,https://www.techpowerup.com/gpu-specs/arctic-sound-2t.c3503,,arcticsound2t
Intel,HD Graphics P4700,Haswell GT2,,DDR3,3,Ring Bus,1.3,,160,20,2,"Jun 1st, 2013",2013-06-01,,,,,https://www.techpowerup.com/gpu-specs/hd-graphics-p4700.c2563,,hdgraphicsp4700
NVIDIA,GeForce 7600 GS AGP,G71,0.25,GDDR3,128,AGP 8x,0.5,0.725,12,5,12,"Jul 1st, 2006",2006-07-01,,,,,https://www.techpowerup.com/gpu-specs/geforce-7600-gs-agp.c1770,,geforce7600gsagp
NVIDIA,GeForce 8600 GT Mac Edition,G84,0.125,GDDR3,128,PCIe 1.0 x16,0.6,0.75,32,16,8,"Apr 17th, 2007",2007-04-17,,,,,https://www.techpowerup.com/gpu-specs/geforce-8600-gt-mac-edition.c2328,,geforce8600gtmacedition
NVIDIA,GeForce FX Go5200,NV34B,0.0312,DDR,128,AGP 8x,0.2,0.2,4,2,4,"Mar 1st, 2003",2003-03-01,8,2707,,,https://www.techpowerup.com/gpu-specs/geforce-fx-go5200.c2231,https://www.videocardbenchmark.net/video_lookup.php?gpu=GeForce+FX+Go+5200&id=1351,geforcefxgo5200
NVIDIA,GeForce GT 625M,GF117B,2.0,DDR3,64,PCIe 2.0 x16,0.625,0.8,96,16,4,"Oct 1st, 2012",2012-10-01,484,1904,,,https://www.techpowerup.com/gpu-specs/geforce-gt-625m.c1411,https://www.videocardbenchmark.net/video_lookup.php?gpu=GeForce+GT+625M&id=2414,geforcegt625m
NVIDIA,Quadro RTX 3000 X2 Mobile,TU106,6.0,GDDR6,192,PCIe 3.0 x16,1.38,1.75,1920,120,64,"May 27th, 2019",2019-05-27,,,,,https://www.techpowerup.com/gpu-specs/quadro-rtx-3000-x2-mobile.c4120,,quadrortx3000x2mobile
AMD,Radeon HD 8210 IGP,Kalindi,,DDR3,3,IGP,0.3,,128,8,4,"Jan 31st, 2014",2014-01-31,,,,,https://www.techpowerup.com/gpu-specs/radeon-hd-8210-igp.c2404,,radeonhd8210igp
AMD,Radeon HD 8730M,Mars,2.0,DDR3,128,PCIe 3.0 x8,0.7,0.9,384,24,8,"Apr 1st, 2013",2013-04-01,843,1489,,,https://www.techpowerup.com/gpu-specs/radeon-hd-8730m.c1967,https://www.videocardbenchmark.net/video_lookup.php?gpu=Radeon+HD+8730M&id=3020,radeonhd8730m
AMD,Radeon R2 Mobile Graphics,Stoney,,DDR4,4,IGP,0.6,,128,8,4,"Jun 1st, 2016",2016-06-01,,,,,https://www.techpowerup.com/gpu-specs/radeon-r2-mobile-graphics.c3216,,radeonr2mobilegraphics
AMD,Radeon R5 Mobile Graphics,Wani-M,,DDR3,3,IGP,0.72,,384,24,8,"Nov 7th, 2015",2015-11-07,,,,,https://www.techpowerup.com/gpu-specs/radeon-r5-mobile-graphics.c3005,,radeonr5mobilegraphics
AMD,Radeon R7 360E,Tobago,2.0,GDDR5,128,PCIe 3.0 x16,1.05,1.5,768,48,16,"Dec 30th, 2015",2015-12-30,,,,,https://www.techpowerup.com/gpu-specs/radeon-r7-360e.c2827,,radeonr7360e
AMD,Radeon R7 M260X,Opal,1.0,GDDR5,128,PCIe 3.0 x8,0.715,1.0,384,24,8,"Dec 6th, 2015",2015-12-06,1015,1375,,,https://www.techpowerup.com/gpu-specs/radeon-r7-m260x.c2483,https://www.videocardbenchmark.net/video_lookup.php?gpu=Radeon+R7+M260X&id=3149,radeonr7m260x
ATI,Graphics Pro Turbo,Mach64,0.002,VRAM,64,PCI,0.04,0.04,1,0,0,1995,199501-01,,,,,https://www.techpowerup.com/gpu-specs/graphics-pro-turbo.c3173,,graphicsproturbo
ATI,Radeon HD 5490,Cedar,1.0,GDDR3,64,PCIe 2.0 x16,0.65,0.5,80,8,4,"Oct 28th, 2012",2012-10-28,,,,,https://www.techpowerup.com/gpu-specs/radeon-hd-5490.c2061,,radeonhd5490
ATI,Radeon X550 XT,RV410,0.125,GDDR3,128,PCIe 1.0 x16,0.4,0.3,4,6,4,"Jan 24th, 2007",2007-01-24,56,2526,,,https://www.techpowerup.com/gpu-specs/radeon-x550-xt.c1810,https://www.videocardbenchmark.net/video_lookup.php?gpu=RADEON+X550XT&id=1767,radeonx550xt
ATI,Radeon Xpress 200 IGP,RS480,,SDR,,PCIe 1.0 x16,0.3,,4,2,4,"Nov 8th, 2004",2004-11-08,,,,,https://www.techpowerup.com/gpu-specs/radeon-xpress-200-igp.c678,,radeonxpress200igp
NVIDIA,GeForce 920A,GK208B,1.0,DDR3,64,PCIe 3.0 x8,0.954,1.001,384,32,8,"Mar 13th, 2015",2015-03-13,821,1510,,,https://www.techpowerup.com/gpu-specs/geforce-920a.c2647,https://www.videocardbenchmark.net/video_lookup.php?gpu=GeForce+920A&id=3565,geforce920a
NVIDIA,GeForce GT 130M,G96C,1.0,GDDR3,128,PCIe 2.0 x16,0.6,0.8,32,16,8,"Jan 8th, 2009",2009-01-08,169,2240,,,https://www.techpowerup.com/gpu-specs/geforce-gt-130m.c1478,https://www.videocardbenchmark.net/video_lookup.php?gpu=GeForce+GT+130M&id=1406,geforcegt130m
NVIDIA,GRID M3-3020,GM107,4.0,GDDR5,128,PCIe 3.0 x16,1.306,1.3,640,40,16,"May 18th, 2016",2016-05-18,,,,,https://www.techpowerup.com/gpu-specs/grid-m3-3020.c3084,,gridm33020
3Dfx,Voodoo5 5000 PCI,VSA-100,0.0156,SDR,128,PCI,0.166,0.166,2,0,2,Never Released,,,,,,https://www.techpowerup.com/gpu-specs/voodoo5-5000-pci.c3537,,voodoo55000pci
AMD,Radeon E8870 PCIe,Saturn,4.0,GDDR5,128,PCIe 3.0 x16,1.0,1.5,768,48,16,"Sep 29th, 2015",2015-09-29,3368,707,,,https://www.techpowerup.com/gpu-specs/radeon-e8870-pcie.c2767,https://www.videocardbenchmark.net/video_lookup.php?gpu=Radeon+E8870PCIe&id=3831,radeone8870pcie
AMD,Radeon HD 7690M,Thames,1.0,DDR3,128,MXM-A (3.0),0.725,0.9,480,24,16,"Dec 25th, 2011",2011-12-25,831,1500,,,https://www.techpowerup.com/gpu-specs/radeon-hd-7690m.c2295,https://www.videocardbenchmark.net/video_lookup.php?gpu=Radeon+HD+7690M&id=2294,radeonhd7690m
AMD,Radeon Vega 10 Mobile,Raven-M,,DDR4,4,IGP,1.301,,640,40,8,"Jan 8th, 2019",2019-01-08,1536,1175,,,https://www.techpowerup.com/gpu-specs/radeon-vega-10-mobile.c3288,https://www.videocardbenchmark.net/video_lookup.php?gpu=Radeon+Vega+10+Mobile&id=3857,radeonvega10mobile
ATI,FirePro M7820,Broadway,1.0,GDDR5,128,PCIe 2.0 x16,0.7,1.0,800,40,16,"May 1st, 2010",2010-05-01,,,,,https://www.techpowerup.com/gpu-specs/firepro-m7820.c1672,,fireprom7820
ATI,Mobility Radeon,M6,0.0156,DDR,64,AGP 4x,0.144,0.144,1,0,3,2003,200301-01,,,,,https://www.techpowerup.com/gpu-specs/mobility-radeon.c1587,,mobilityradeon
ATI,Radeon 9200 PRO,RV280,0.125,DDR,128,AGP 8x,0.24,0.166,4,1,4,"May 1st, 2003",2003-05-01,,,,,https://www.techpowerup.com/gpu-specs/radeon-9200-pro.c1800,,radeon9200pro
ATI,Radeon HD 4350 AGP,RV710,0.5,DDR3,64,AGP 8x,0.6,0.65,80,8,4,"Sep 30th, 2008",2008-09-30,,,,,https://www.techpowerup.com/gpu-specs/radeon-hd-4350-agp.c310,,radeonhd4350agp
Intel,Arc Pro A60M,DG2-256,8.0,GDDR6,128,PCIe 4.0 x16,1.3,2.0,2048,128,64,"Jun 6th, 2023",2023-06-06,,,,,https://www.techpowerup.com/gpu-specs/arc-pro-a60m.c4161,,arcproa60m
Intel,GMA 3000,Broadwater,,DDR2,2,FSB,0.667,,4,0,4,"Jun 1st, 2006",2006-06-01,,,,,https://www.techpowerup.com/gpu-specs/gma-3000.c3154,,gma3000
NVIDIA,GeForce GT 330 OEM,G92,1.0,GDDR3,256,PCIe 2.0 x16,0.5,0.8,96,48,8,"Feb 2nd, 2010",2010-02-02,,,,,https://www.techpowerup.com/gpu-specs/geforce-gt-330-oem.c3314,,geforcegt330oem
NVIDIA,ION,ION,,DDR,,PCI,0.575,,16,8,4,"Jun 3rd, 2008",2008-06-03,114,2362,0.5,229.99,https://www.techpowerup.com/gpu-specs/ion.c2162,https://www.videocardbenchmark.net/video_lookup.php?gpu=ION&id=1515,ion
NVIDIA,Quadro FX 560,G73,0.125,GDDR3,128,PCIe 1.0 x16,0.35,0.6,12,5,12,"Apr 20th, 2006",2006-04-20,113,2363,0.76,150.25,https://www.techpowerup.com/gpu-specs/quadro-fx-560.c1332,https://www.videocardbenchmark.net/video_lookup.php?gpu=Quadro+FX+560&id=1604,quadrofx560
NVIDIA,Quadro4 400 NVS PCI,NV17,0.0625,DDR,128,PCI,0.22,0.166,2,0,4,"Jul 16th, 2004",2004-07-16,,,,,https://www.techpowerup.com/gpu-specs/quadro4-400-nvs-pci.c1459,,quadro4400nvspci
NVIDIA,Tesla K20m,GK110,5.0,GDDR5,320,PCIe 2.0 x16,0.706,1.3,2496,208,40,"Jan 5th, 2013",2013-01-05,4432,599,,,https://www.techpowerup.com/gpu-specs/tesla-k20m.c2029,https://www.videocardbenchmark.net/video_lookup.php?gpu=Tesla+K20m&id=4496,teslak20m
NVIDIA,Tesla M1060,GT200B,2.0,GDDR3,512,PCIe 2.0 x16,0.61,0.8,240,80,32,"Jun 1st, 2008",2008-06-01,,,,,https://www.techpowerup.com/gpu-specs/tesla-m1060.c1888,,teslam1060
AMD,Radeon R9 M485X,Amethyst,8.0,GDDR5,256,MXM-B (3.0),0.723,1.25,2048,128,32,"May 15th, 2016",2016-05-15,3800,658,,,https://www.techpowerup.com/gpu-specs/radeon-r9-m485x.c2858,https://www.videocardbenchmark.net/video_lookup.php?gpu=Radeon+R9+M485X&id=3726,radeonr9m485x
AMD,Radeon RX 550X Mobile,Polaris 23,2.0,GDDR5,64,PCIe 3.0 x8,1.176,1.5,640,40,16,"Apr 11th, 2018",2018-04-11,,,,,https://www.techpowerup.com/gpu-specs/radeon-rx-550x-mobile.c3205,,radeonrx550xmobile
ATI,FireGL V7350,R520,1.0,GDDR3,256,PCIe 1.0 x16,0.6,0.65,16,8,16,"Oct 1st, 2005",2005-10-01,110,2375,0.93,119.42,https://www.techpowerup.com/gpu-specs/firegl-v7350.c853,https://www.videocardbenchmark.net/video_lookup.php?gpu=FireGL+V7350&id=402,fireglv7350
ATI,Mobility Radeon HD 5430,Park,1.0,GDDR3,64,PCIe 2.0 x16,0.5,0.8,80,8,4,"Jan 7th, 2010",2010-01-07,181,2217,,,https://www.techpowerup.com/gpu-specs/mobility-radeon-hd-5430.c1642,https://www.videocardbenchmark.net/video_lookup.php?gpu=Mobility+Radeon+HD+5430&id=515,mobilityradeonhd5430
ATI,Radeon 9000 PRO Mac Edition,RV250,0.0625,DDR,128,AGP 4x,0.275,0.275,4,1,4,"Mar 14th, 2004",2004-03-14,,,,,https://www.techpowerup.com/gpu-specs/radeon-9000-pro-mac-edition.c1900,,radeon9000promacedition
ATI,Radeon HD 3750,RV635,0.5,GDDR3,128,PCIe 2.0 x16,0.796,0.693,120,8,4,"Sep 11th, 2008",2008-09-11,,,,,https://www.techpowerup.com/gpu-specs/radeon-hd-3750.c2073,,radeonhd3750
ATI,Rage 128 VR AGP,Rage 128,0.0312,DDR,64,AGP 2x,0.08,0.125,2,0,2,"Aug 1st, 1998",1998-08-01,,,,,https://www.techpowerup.com/gpu-specs/rage-128-vr-agp.c879,,rage128vragp
Intel,HD Graphics P630 Mobile,Kaby Lake GT2,,DDR3,3,Ring Bus,1.1,,192,24,3,"Aug 5th, 2016",2016-08-05,,,,,https://www.techpowerup.com/gpu-specs/hd-graphics-p630-mobile.c2965,,hdgraphicsp630mobile
Matrox,Millenium P650,Parhelia-LX,0.0625,DDR,128,AGP 8x,0.23,0.23,2,2,8,"May 10th, 2003",2003-05-10,,,,,https://www.techpowerup.com/gpu-specs/millenium-p650.c3728,,milleniump650
NVIDIA,GeForce 7650 GS,G73B,0.25,DDR2,128,PCIe 1.0 x16,0.45,0.4,12,5,12,"Mar 22nd, 2006",2006-03-22,134,2309,,,https://www.techpowerup.com/gpu-specs/geforce-7650-gs.c1769,https://www.videocardbenchmark.net/video_lookup.php?gpu=GeForce+7650+GS&id=1247,geforce7650gs
NVIDIA,GeForce G103M,G98S,0.5,DDR2,64,PCIe 1.0 x16,0.64,0.5,8,4,4,"Sep 1st, 2009",2009-09-01,62,2506,,,https://www.techpowerup.com/gpu-specs/geforce-g103m.c1848,https://www.videocardbenchmark.net/video_lookup.php?gpu=GeForce+G+103M&id=23,geforceg103m
NVIDIA,Quadro4 900 XGL,NV25,0.125,DDR,128,AGP 4x,0.3,0.325,4,2,8,"Feb 19th, 2002",2002-02-19,4,2757,,,https://www.techpowerup.com/gpu-specs/quadro4-900-xgl.c1369,https://www.videocardbenchmark.net/video_lookup.php?gpu=Quadro4+900+XGL&id=1657,quadro4900xgl
NVIDIA,Tesla M2050,GF100,3.0,GDDR5,384,PCIe 2.0 x16,0.574,0.773,448,56,48,"Jul 25th, 2011",2011-07-25,,,,,https://www.techpowerup.com/gpu-specs/tesla-m2050.c1534,,teslam2050
3Dfx,Voodoo4 4500 PCI,VSA-100,0.0312,SDR,128,PCI,0.166,0.166,2,0,2,"Oct 13th, 2000",2000-10-13,,,,,https://www.techpowerup.com/gpu-specs/voodoo4-4500-pci.c3547,,voodoo44500pci
AMD,FirePro W4000,Pitcairn,2.0,GDDR5,256,PCIe 3.0 x16,0.825,0.8,768,48,32,"Aug 7th, 2012",2012-08-07,,,,,https://www.techpowerup.com/gpu-specs/firepro-w4000.c1880,,fireprow4000
AMD,Radeon HD 8830M,Venus,2.0,DDR3,128,PCIe 3.0 x16,0.625,1.0,640,40,16,"Apr 1st, 2013",2013-04-01,,,,,https://www.techpowerup.com/gpu-specs/radeon-hd-8830m.c1895,,radeonhd8830m
AMD,Radeon Vega 10 Mobile,Picasso-M,,DDR4,4,IGP,1.4,,640,40,8,"Apr 8th, 2019",2019-04-08,1536,1175,,,https://www.techpowerup.com/gpu-specs/radeon-vega-10-mobile.c3598,https://www.videocardbenchmark.net/video_lookup.php?gpu=Radeon+Vega+10+Mobile&id=3857,radeonvega10mobile
ATI,Mobility FireGL T2,M10,0.125,DDR,128,AGP 4x,0.32,0.2,4,2,4,"Nov 1st, 2003",2003-11-01,40,2577,,,https://www.techpowerup.com/gpu-specs/mobility-firegl-t2.c1660,https://www.videocardbenchmark.net/video_lookup.php?gpu=MOBILITY+FIREGL+T2&id=448,mobilityfireglt2
ATI,Radeon X1550,RV515,0.25,DDR2,128,PCIe 1.0 x16,0.6,0.4,4,2,4,2007,200701-01,66,2498,0.43,155.0,https://www.techpowerup.com/gpu-specs/radeon-x1550.c1806,https://www.videocardbenchmark.net/video_lookup.php?gpu=Radeon+X1550&id=613,radeonx1550
NVIDIA,GeForce 6800 XT,NV48,0.25,DDR,128,AGP 8x,0.3,0.266,8,4,8,"Sep 30th, 2005",2005-09-30,120,2339,,,https://www.techpowerup.com/gpu-specs/geforce-6800-xt.c1776,https://www.videocardbenchmark.net/video_lookup.php?gpu=GeForce+6800+XT&id=1216,geforce6800xt
NVIDIA,GeForce 7800 GS 24Pipes AGP,G70,0.5,GDDR3,256,AGP 8x,0.425,0.625,24,8,24,"Feb 2nd, 2006",2006-02-02,,,,,https://www.techpowerup.com/gpu-specs/geforce-7800-gs-24pipes-agp.c3734,,geforce7800gs24pipesagp
NVIDIA,GeForce 9300 GS Rev. 2,GT218S,0.25,DDR2,64,PCIe 2.0 x16,0.589,0.333,16,8,4,"Mar 12th, 2011",2011-03-12,,,,,https://www.techpowerup.com/gpu-specs/geforce-9300-gs-rev-2.c2022,,geforce9300gsrev2
NVIDIA,GeForce FX 5600 XT PCI,NV31,0.0625,DDR,128,PCI,0.235,0.2,4,2,4,"Mar 17th, 2003",2003-03-17,,,,,https://www.techpowerup.com/gpu-specs/geforce-fx-5600-xt-pci.c63,,geforcefx5600xtpci
NVIDIA,GeForce Go 7800 GTX,G70,0.5,GDDR3,256,PCIe 1.0 x16,0.44,0.55,24,8,24,"Sep 29th, 2005",2005-09-29,209,2180,,,https://www.techpowerup.com/gpu-specs/geforce-go-7800-gtx.c1574,https://www.videocardbenchmark.net/video_lookup.php?gpu=GeForce+Go+7800+GTX&id=1392,geforcego7800gtx
NVIDIA,GeForce GTX 760 OEM Rebrand,GK104,1.5,GDDR5,256,PCIe 3.0 x16,0.888,1.4,1152,96,32,"Aug 25th, 2013",2013-08-25,,,,,https://www.techpowerup.com/gpu-specs/geforce-gtx-760-oem-rebrand.c2454,,geforcegtx760oemrebrand
NVIDIA,GeForce2 MX 200 PCI,NV11,0.0625,SDR,64,PCI,0.175,0.166,2,0,4,"Mar 3rd, 2001",2001-03-03,,,,,https://www.techpowerup.com/gpu-specs/geforce2-mx-200-pci.c787,,geforce2mx200pci
NVIDIA,Quadro FX 770M,G96,0.5,GDDR3,128,MXM-II,0.5,0.8,32,16,8,"Aug 14th, 2008",2008-08-14,212,2175,0.4,527.0,https://www.techpowerup.com/gpu-specs/quadro-fx-770m.c1436,https://www.videocardbenchmark.net/video_lookup.php?gpu=Quadro+FX+770M&id=1611,quadrofx770m
NVIDIA,Quadro4 750 XGL,NV25,0.125,DDR,128,AGP 4x,0.275,0.225,4,2,8,"Feb 19th, 2002",2002-02-19,,,,,https://www.techpowerup.com/gpu-specs/quadro4-750-xgl.c1372,,quadro4750xgl
AMD,FirePro 2270 PCIe x1,Cedar,0.5,GDDR3,64,PCIe 2.0 x1,0.6,0.6,80,8,4,"Jan 31st, 2011",2011-01-31,,,,,https://www.techpowerup.com/gpu-specs/firepro-2270-pcie-x1.c3096,,firepro2270pciex1
AMD,FirePro M2000,Turks,1.0,GDDR5,64,PCIe 2.0 x16,0.5,0.8,480,24,8,"Jul 1st, 2012",2012-07-01,427,1963,,,https://www.techpowerup.com/gpu-specs/firepro-m2000.c1676,https://www.videocardbenchmark.net/video_lookup.php?gpu=FirePro+M2000&id=2268,fireprom2000
AMD,Radeon HD 6750M Mac Edition,Whistler,0.5,GDDR5,128,MXM-A (3.0),0.598,0.794,480,24,8,"Apr 18th, 2011",2011-04-18,,,,,https://www.techpowerup.com/gpu-specs/radeon-hd-6750m-mac-edition.c2248,,radeonhd6750mmacedition
AMD,Radeon HD 7540D IGP,Scrapper,,DDR3,3,IGP,0.76,,192,12,4,"Oct 2nd, 2012",2012-10-02,,,,,https://www.techpowerup.com/gpu-specs/radeon-hd-7540d-igp.c823,,radeonhd7540digp
AMD,Radeon HD 7720 OEM,Barts,1.0,GDDR5,256,PCIe 2.0 x16,0.84,1.05,800,40,32,"Mar 15th, 2013",2013-03-15,,,,,https://www.techpowerup.com/gpu-specs/radeon-hd-7720-oem.c2208,,radeonhd7720oem
AMD,Radeon R4 Mobile Graphics,Spectre SL-M,,DDR3,3,IGP,0.533,,192,12,8,"Sep 17th, 2014",2014-09-17,,,,,https://www.techpowerup.com/gpu-specs/radeon-r4-mobile-graphics.c3607,,radeonr4mobilegraphics
ATI,EGA Wonder 480,16899-0,0.0002,DRAM,32,ISA 8-bit,0.01,0.008,1,0,0,"Dec 26th, 1988",1988-12-26,,,,,https://www.techpowerup.com/gpu-specs/ega-wonder-480.c3179,,egawonder480
ATI,Mobility Radeon X1300,M52,0.0625,DDR,64,PCIe 1.0 x16,0.392,0.3,4,2,4,"Jan 19th, 2006",2006-01-19,39,2583,,,https://www.techpowerup.com/gpu-specs/mobility-radeon-x1300.c1608,https://www.videocardbenchmark.net/video_lookup.php?gpu=Mobility+Radeon+X1300&id=531,mobilityradeonx1300
ATI,Radeon 7000 Mac Edition PCI,RV100,0.0312,DDR,64,PCI,0.183,0.183,1,0,3,"Mar 14th, 2004",2004-03-14,,,,,https://www.techpowerup.com/gpu-specs/radeon-7000-mac-edition-pci.c1901,,radeon7000maceditionpci
ATI,Radeon 8500 X4,R200,0.0625,DDR,64,PCI-X,0.25,0.25,4,2,8,Never Released,,,,,,https://www.techpowerup.com/gpu-specs/radeon-8500-x4.c2325,,radeon8500x4
ATI,Radeon 9550 SE,RV350,0.0625,DDR,64,AGP 8x,0.25,0.2,4,2,4,"Mar 1st, 2003",2003-03-01,,,,,https://www.techpowerup.com/gpu-specs/radeon-9550-se.c480,,radeon9550se
ATI,Radeon HD 3850 X3,RV670,0.5,GDDR3,256,PCIe 2.0 x16,0.669,0.85,320,16,16,Never Released,,,,,,https://www.techpowerup.com/gpu-specs/radeon-hd-3850-x3.c1931,,radeonhd3850x3
Intel,HD Graphics 12EU Mobile,Braswell GT1,,DDR3,3,Ring Bus,0.5,,96,12,2,"Apr 1st, 2015",2015-04-01,,,,,https://www.techpowerup.com/gpu-specs/hd-graphics-12eu-mobile.c3115,,hdgraphics12eumobile
NVIDIA,GeForce 6610 XL,NV43,0.125,GDDR3,128,PCIe 1.0 x16,0.4,0.4,8,3,8,"Nov 14th, 2004",2004-11-14,88,2435,,,https://www.techpowerup.com/gpu-specs/geforce-6610-xl.c1833,https://www.videocardbenchmark.net/video_lookup.php?gpu=GeForce+6610+XL&id=1203,geforce6610xl
NVIDIA,GeForce 9600 GT Rev. 2,G94B,0.5,GDDR3,256,PCIe 2.0 x16,0.65,0.9,64,32,16,"Feb 21st, 2008",2008-02-21,,,,,https://www.techpowerup.com/gpu-specs/geforce-9600-gt-rev-2.c4029,,geforce9600gtrev2
NVIDIA,Quadro K5000 SYNC,GK104,4.0,GDDR5,256,PCIe 2.0 x16,0.706,1.35,1536,128,32,"Jan 25th, 2013",2013-01-25,,,,,https://www.techpowerup.com/gpu-specs/quadro-k5000-sync.c2437,,quadrok5000sync
NVIDIA,Quadro RTX 5000 Mobile Refresh,TU104B,16.0,GDDR6,256,PCIe 3.0 x16,1.53,1.75,3072,192,64,"Jun 8th, 2020",2020-06-08,,,,,https://www.techpowerup.com/gpu-specs/quadro-rtx-5000-mobile-refresh.c3625,,quadrortx5000mobilerefresh
AMD,FireStream 9170,RV670,2.0,GDDR3,256,PCIe 2.0 x16,0.777,0.802,320,16,16,"Nov 8th, 2007",2007-11-08,647,1690,,,https://www.techpowerup.com/gpu-specs/firestream-9170.c839,https://www.videocardbenchmark.net/video_lookup.php?gpu=FireStream+9170&id=3357,firestream9170
AMD,Radeon HD 6630M Mac Edition,Whistler,0.25,GDDR5,64,PCIe 2.0 x16,0.5,0.6,480,24,8,"Jan 4th, 2011",2011-01-04,,,,,https://www.techpowerup.com/gpu-specs/radeon-hd-6630m-mac-edition.c2294,,radeonhd6630mmacedition
AMD,Radeon HD 8740 OEM,Cape Verde,1.0,GDDR5,128,PCIe 3.0 x16,0.8,1.125,512,32,16,"Sep 5th, 2013",2013-09-05,,,,,https://www.techpowerup.com/gpu-specs/radeon-hd-8740-oem.c2508,,radeonhd8740oem
AMD,Radeon Vega 3 Embedded,Raven,,DDR4,4,IGP,1.001,,192,12,4,"Jul 16th, 2018",2018-07-16,,,,,https://www.techpowerup.com/gpu-specs/radeon-vega-3-embedded.c3656,,radeonvega3embedded
ATI,Radeon HD 2600 XT Mac Edition,RV630,0.25,GDDR3,128,PCIe 1.0 x16,0.7,0.8,120,8,4,"Feb 21st, 2008",2008-02-21,,,,,https://www.techpowerup.com/gpu-specs/radeon-hd-2600-xt-mac-edition.c2236,,radeonhd2600xtmacedition
ATI,Radeon X1300 CE,RV505,0.125,DDR2,64,PCIe 1.0 x16,0.35,0.4,4,2,4,"Oct 27th, 2006",2006-10-27,,,,,https://www.techpowerup.com/gpu-specs/radeon-x1300-ce.c4053,,radeonx1300ce
NVIDIA,GeForce 9400 GT Rev. 3,GT218S,0.125,DDR2,64,PCIe 2.0 x16,0.589,0.6,16,8,4,"Jun 13th, 2012",2012-06-13,,,,,https://www.techpowerup.com/gpu-specs/geforce-9400-gt-rev-3.c2338,,geforce9400gtrev3
NVIDIA,GeForce GTX 960A,GM107,2.0,GDDR5,128,MXM-B (3.0),1.176,1.253,640,40,16,"Mar 13th, 2015",2015-03-13,3464,697,,,https://www.techpowerup.com/gpu-specs/geforce-gtx-960a.c2775,https://www.videocardbenchmark.net/video_lookup.php?gpu=GeForce+GTX+960A&id=3404,geforcegtx960a
NVIDIA,GRID M40,GM107,8.0,GDDR5,128,PCIe 3.0 x16,1.033,1.3,384,32,16,"May 18th, 2016",2016-05-18,,,,,https://www.techpowerup.com/gpu-specs/grid-m40.c2518,,gridm40
NVIDIA,Quadro FX 1600M,G84,0.5,GDDR3,128,MXM-HE,0.625,0.8,32,16,8,"Jun 1st, 2007",2007-06-01,194,2201,1.3,149.9,https://www.techpowerup.com/gpu-specs/quadro-fx-1600m.c1446,https://www.videocardbenchmark.net/video_lookup.php?gpu=Quadro+FX+1600M&id=1563,quadrofx1600m
AMD,Radeon HD 6510,Redwood,1.0,GDDR3,128,PCIe 2.0 x16,0.65,0.5,400,20,8,"May 14th, 2011",2011-05-14,,,,,https://www.techpowerup.com/gpu-specs/radeon-hd-6510.c2067,,radeonhd6510
AMD,Radeon HD 7950 Monica BIOS 2,Tahiti,3.0,GDDR5,384,PCIe 3.0 x16,0.8,1.25,768,48,32,"Jan 31st, 2012",2012-01-31,,,,,https://www.techpowerup.com/gpu-specs/radeon-hd-7950-monica-bios-2.c3077,,radeonhd7950monicabios2
ATI,FireMV 2200,RV370,0.125,DDR,64,PCIe 1.0 x16,0.324,0.196,4,2,4,2006,200601-01,,,,,https://www.techpowerup.com/gpu-specs/firemv-2200.c1387,,firemv2200
ATI,Radeon 7500 Mac Edition,RV200,0.0312,DDR,128,AGP 4x,0.26,0.18,2,1,6,"Apr 16th, 2002",2002-04-16,,,,,https://www.techpowerup.com/gpu-specs/radeon-7500-mac-edition.c646,,radeon7500macedition
ATI,Radeon HD 4580,RV635,0.5,GDDR3,128,PCIe 2.0 x16,0.796,0.693,120,8,4,"Nov 20th, 2011",2011-11-20,,,,,https://www.techpowerup.com/gpu-specs/radeon-hd-4580.c2078,,radeonhd4580
ATI,Radeon X1300 PCI,RV516,0.125,DDR2,64,PCI,0.45,0.25,4,2,4,"Oct 5th, 2005",2005-10-05,,,,,https://www.techpowerup.com/gpu-specs/radeon-x1300-pci.c2137,,radeonx1300pci
Intel,i815 Graphics,Solano,,DDR3,3,FSB,0.133,,2,0,1,2000,200001-01,,,,,https://www.techpowerup.com/gpu-specs/i815-graphics.c1291,,i815graphics
Matrox,M9125 PCIe x16,PX-A1,0.5,DDR2,64,PCIe 1.0 x16,0.25,0.3,2,2,8,Unknown,,,,,,https://www.techpowerup.com/gpu-specs/m9125-pcie-x16.c3530,,m9125pciex16
NVIDIA,GeForce 7000M + nForce 610M,C67,,DDR2,2,PCIe 1.0 x16,0.35,,2,1,1,"Feb 1st, 2006",2006-02-01,12,2690,,,https://www.techpowerup.com/gpu-specs/geforce-7000m-nforce-610m.c1586,https://www.videocardbenchmark.net/video_lookup.php?gpu=GeForce+7000M+%2F+nForce+610M&id=1218,geforce7000mnforce610m
NVIDIA,GeForce Go 7200,G72,0.0625,GDDR3,32,PCIe 1.0 x16,0.45,0.35,4,3,4,"Sep 1st, 2006",2006-09-01,45,2561,,,https://www.techpowerup.com/gpu-specs/geforce-go-7200.c1584,https://www.videocardbenchmark.net/video_lookup.php?gpu=GeForce+Go+7200&id=126,geforcego7200
NVIDIA,GeForce GT 220M,G96C,1.0,DDR2,128,MXM-II,0.55,0.5,32,16,8,"Jun 15th, 2009",2009-06-15,207,2182,,,https://www.techpowerup.com/gpu-specs/geforce-gt-220m.c1846,https://www.videocardbenchmark.net/video_lookup.php?gpu=GeForce+GT+220M&id=1408,geforcegt220m
NVIDIA,Quadro P5000 X2 Mobile,GP104,16.0,GDDR5,256,MXM-B (3.0),1.506,1.5,2048,128,64,"Jan 11th, 2017",2017-01-11,,,,,https://www.techpowerup.com/gpu-specs/quadro-p5000-x2-mobile.c4122,,quadrop5000x2mobile
NVIDIA,Quadro2 MXR,NV11,0.0312,SDR,128,AGP 4x,0.2,0.183,2,0,4,"Jul 25th, 2000",2000-07-25,,,,,https://www.techpowerup.com/gpu-specs/quadro2-mxr.c1360,,quadro2mxr
AMD,FirePro V7900 SDI,Cayman,2.0,GDDR5,256,PCIe 2.0 x16,0.725,1.25,1280,80,32,"May 24th, 2011",2011-05-24,,,,,https://www.techpowerup.com/gpu-specs/firepro-v7900-sdi.c576,,fireprov7900sdi
AMD,Radeon 540X Mobile,Lexa,2.0,GDDR5,64,PCIe 3.0 x8,1.046,1.5,512,32,16,"Sep 5th, 2018",2018-09-05,,,,,https://www.techpowerup.com/gpu-specs/radeon-540x-mobile.c3417,,radeon540xmobile
AMD,Radeon R7 M340,Opal,1.0,DDR3,64,PCIe 3.0 x8,0.715,1.0,384,24,8,"Dec 6th, 2015",2015-12-06,643,1695,,,https://www.techpowerup.com/gpu-specs/radeon-r7-m340.c3109,https://www.videocardbenchmark.net/video_lookup.php?gpu=Radeon+R7+M340&id=3376,radeonr7m340
ATI,Graphics Ultra,Mach8,0.001,VRAM,32,ISA 16-bit,0.01,0.01,1,0,0,1992,199201-01,,,,,https://www.techpowerup.com/gpu-specs/graphics-ultra.c2031,,graphicsultra
ATI,Radeon X1300 PRO AGP,RV515,0.25,DDR,128,AGP 8x,0.6,0.4,4,2,4,"Oct 1st, 2005",2005-10-01,,,,,https://www.techpowerup.com/gpu-specs/radeon-x1300-pro-agp.c156,,radeonx1300proagp
ATI,Radeon X1550 PCI,RV516,0.25,DDR2,64,PCI,0.452,0.266,4,2,4,2007,200701-01,,,,,https://www.techpowerup.com/gpu-specs/radeon-x1550-pci.c2136,,radeonx1550pci
ATI,Rage 128 PRO Ultra GL,Rage 128,0.0156,DDR,64,AGP 4x,0.13,0.13,2,0,2,"Aug 1st, 1998",1998-08-01,,,,,https://www.techpowerup.com/gpu-specs/rage-128-pro-ultra-gl.c2184,,rage128proultragl
ATI,WinCharger,Mach64,0.002,EDO,64,PCI,0.04,0.04,1,0,0,"Nov 1st, 1995",1995-11-01,,,,,https://www.techpowerup.com/gpu-specs/wincharger.c3168,,wincharger
Intel,Iris Pro Graphics 5200 Mobile,Haswell GT3e,,DDR3,3,Ring Bus,1.2,,320,40,4,"May 27th, 2013",2013-05-27,,,,,https://www.techpowerup.com/gpu-specs/iris-pro-graphics-5200-mobile.c2007,,irisprographics5200mobile
Matrox,Millenium P650 LP MDD PCIe,Parhelia-LX,0.125,DDR,128,PCIe 1.0 x16,0.19,0.27,2,2,8,"May 10th, 2003",2003-05-10,,,,,https://www.techpowerup.com/gpu-specs/millenium-p650-lp-mdd-pcie.c4175,,milleniump650lpmddpcie
NVIDIA,GeForce 9300 SE,G98S,0.25,DDR2,64,PCIe 2.0 x16,0.54,0.4,8,4,4,"Jun 1st, 2008",2008-06-01,81,2457,,,https://www.techpowerup.com/gpu-specs/geforce-9300-se.c1759,https://www.videocardbenchmark.net/video_lookup.php?gpu=GeForce+9300+SE&id=3128,geforce9300se
NVIDIA,GeForce GT 550M,GF116,1.0,DDR3,128,PCIe 2.0 x16,0.475,0.9,144,24,16,"Mar 26th, 2012",2012-03-26,544,1831,,,https://www.techpowerup.com/gpu-specs/geforce-gt-550m.c3999,https://www.videocardbenchmark.net/video_lookup.php?gpu=GeForce+GT+550M&id=1427,geforcegt550m
NVIDIA,GeForce GT 620M,GF108B,1.0,DDR3,128,PCIe 2.0 x16,0.475,0.9,96,16,4,"Aug 23rd, 2012",2012-08-23,423,1968,,,https://www.techpowerup.com/gpu-specs/geforce-gt-620m.c2226,https://www.videocardbenchmark.net/video_lookup.php?gpu=GeForce+GT+620M&id=1430,geforcegt620m
NVIDIA,GeForce GT 640M Mac Edition,GK107,0.5,GDDR5,64,PCIe 3.0 x16,0.745,1.25,384,32,8,"Feb 3rd, 2013",2013-02-03,,,,,https://www.techpowerup.com/gpu-specs/geforce-gt-640m-mac-edition.c2227,,geforcegt640mmacedition
NVIDIA,GeForce GTX 780M Mac Edition,GK104,4.0,GDDR5,256,MXM-B (3.0),0.784,1.25,1536,128,32,"Nov 8th, 2013",2013-11-08,,,,,https://www.techpowerup.com/gpu-specs/geforce-gtx-780m-mac-edition.c2526,,geforcegtx780mmacedition
SIS,305,305,0.0312,SDR,64,AGP 2x,0.125,0.125,1,0,1,2000,200001-01,,,,,https://www.techpowerup.com/gpu-specs/305.c4336,,305
AMD,FireStream 9270,RV770,2.0,GDDR5,256,PCIe 2.0 x16,0.75,0.9,800,40,16,"Nov 13th, 2008",2008-11-13,1341,1237,,,https://www.techpowerup.com/gpu-specs/firestream-9270.c840,https://www.videocardbenchmark.net/video_lookup.php?gpu=FireStream+9270&id=2960,firestream9270
AMD,Radeon 550X Mobile,Polaris 23,2.0,GDDR5,64,PCIe 3.0 x8,1.082,1.0,640,40,16,"Apr 11th, 2018",2018-04-11,,,,,https://www.techpowerup.com/gpu-specs/radeon-550x-mobile.c3207,,radeon550xmobile
AMD,Radeon R5 M315,Meso,2.0,DDR3,64,PCIe 3.0 x8,0.97,0.9,384,24,8,"May 5th, 2015",2015-05-05,502,1886,,,https://www.techpowerup.com/gpu-specs/radeon-r5-m315.c2895,https://www.videocardbenchmark.net/video_lookup.php?gpu=Radeon+R5+M315&id=3487,radeonr5m315
ATI,FireGL 8800,R200,0.125,DDR,128,AGP 4x,0.3,0.29,4,2,8,"Aug 14th, 2001",2001-08-14,,,,,https://www.techpowerup.com/gpu-specs/firegl-8800.c1381,,firegl8800
ATI,FireGL 9600 T2-128,RV350,0.125,DDR,128,AGP 8x,0.398,0.297,4,2,4,"Oct 1st, 2003",2003-10-01,,,,,https://www.techpowerup.com/gpu-specs/firegl-9600-t2-128.c1380,,firegl9600t2128
ATI,FireMV 2200 PCI,RV280,0.0625,DDR,64,PCI,0.24,0.2,4,1,4,2006,200601-01,1,2859,,,https://www.techpowerup.com/gpu-specs/firemv-2200-pci.c1799,https://www.videocardbenchmark.net/video_lookup.php?gpu=FireMV+2200+PCI&id=415,firemv2200pci
ATI,Mobility Radeon HD 3450,M82,0.25,DDR2,64,MXM-II,0.5,0.4,40,4,4,"Jan 7th, 2008",2008-01-07,91,2429,,,https://www.techpowerup.com/gpu-specs/mobility-radeon-hd-3450.c1404,https://www.videocardbenchmark.net/video_lookup.php?gpu=Mobility+Radeon+HD+3450&id=484,mobilityradeonhd3450
ATI,Mobility Radeon X800 XT,M28,0.25,GDDR3,256,PCIe 1.0 x16,0.48,0.55,16,6,16,"Jun 1st, 2005",2005-06-01,,,,,https://www.techpowerup.com/gpu-specs/mobility-radeon-x800-xt.c1408,,mobilityradeonx800xt
ATI,Radeon HD 2400 PRO PCI,RV610,0.5,DDR2,64,PCI,0.525,0.4,40,4,4,"Jun 28th, 2007",2007-06-28,,,,,https://www.techpowerup.com/gpu-specs/radeon-hd-2400-pro-pci.c428,,radeonhd2400propci
ATI,Radeon HD 3450 PCI,RV620,0.5,DDR2,64,PCI,0.6,0.4,40,4,4,"Jan 23rd, 2008",2008-01-23,,,,,https://www.techpowerup.com/gpu-specs/radeon-hd-3450-pci.c551,,radeonhd3450pci
ATI,Radeon HD 4250 IGP,RS880,,DDR2,2,PCIe 1.0 x16,0.56,,40,4,4,"Mar 1st, 2010",2010-03-01,,,,,https://www.techpowerup.com/gpu-specs/radeon-hd-4250-igp.c484,,radeonhd4250igp
ATI,Radeon HD 4290 IGP,RS880,,DDR2,2,PCIe 1.0 x16,0.5,,40,4,4,"Mar 1st, 2010",2010-03-01,,,,,https://www.techpowerup.com/gpu-specs/radeon-hd-4290-igp.c485,,radeonhd4290igp
ATI,Radeon X700 PRO AGP,RV410,0.125,DDR,128,AGP 8x,0.425,0.472,8,6,8,"Sep 1st, 2004",2004-09-01,,,,,https://www.techpowerup.com/gpu-specs/radeon-x700-pro-agp.c522,,radeonx700proagp
Intel,UHD Graphics G4 48EU Mobile,Lakefield GT1,,DDR4,4,Ring Bus,0.5,,384,32,8,"May 28th, 2020",2020-05-28,,,,,https://www.techpowerup.com/gpu-specs/uhd-graphics-g4-48eu-mobile.c3692,,uhdgraphicsg448eumobile
NVIDIA,GeForce 610,GF119S,1.0,DDR3,64,PCIe 2.0 x16,0.738,0.9,48,8,4,"Dec 1st, 2011",2011-12-01,,,,,https://www.techpowerup.com/gpu-specs/geforce-610.c2380,,geforce610
NVIDIA,GeForce 6600 LE AGP,NV43,0.125,DDR,128,AGP 8x,0.3,0.2,4,3,4,2005,200501-01,,,,,https://www.techpowerup.com/gpu-specs/geforce-6600-le-agp.c716,,geforce6600leagp
NVIDIA,GeForce 930M,GM108S,2.0,DDR3,64,PCIe 3.0 x8,0.549,0.8,384,24,8,"Mar 13th, 2015",2015-03-13,1015,1376,,,https://www.techpowerup.com/gpu-specs/geforce-930m.c4002,https://www.videocardbenchmark.net/video_lookup.php?gpu=GeForce+930M&id=3252,geforce930m
NVIDIA,GeForce Go 6800,NV41,0.25,GDDR3,256,MXM-III,0.3,0.55,12,5,12,"Nov 8th, 2004",2004-11-08,106,2383,,,https://www.techpowerup.com/gpu-specs/geforce-go-6800.c1315,https://www.videocardbenchmark.net/video_lookup.php?gpu=GeForce+Go+6800&id=1381,geforcego6800
NVIDIA,GeForce4 MX 440-SE,NV17,0.0625,DDR,128,AGP 4x,0.25,0.166,2,0,4,"Feb 6th, 2002",2002-02-06,4,2772,,,https://www.techpowerup.com/gpu-specs/geforce4-mx-440-se.c780,https://www.videocardbenchmark.net/video_lookup.php?gpu=GeForce4+MX+440SE&id=1497,geforce4mx440se
NVIDIA,Quadro FX 4000 SDI,NV41,0.25,GDDR3,256,PCIe 1.0 x16,0.425,0.5,12,5,12,"Apr 19th, 2004",2004-04-19,,,,,https://www.techpowerup.com/gpu-specs/quadro-fx-4000-sdi.c1366,,quadrofx4000sdi
NVIDIA,Riva TNT2 M64 Pro,NV6,0.0312,SDR,64,AGP 4x,0.133,0.167,2,0,2,"Oct 12th, 1999",1999-10-12,,,,,https://www.techpowerup.com/gpu-specs/riva-tnt2-m64-pro.c4403,,rivatnt2m64pro
NVIDIA,RTX A5500 Max-Q,GA103,16.0,GDDR6,256,PCIe 4.0 x16,1.26,1.75,7424,232,96,"Mar 22nd, 2022",2022-03-22,,,,,https://www.techpowerup.com/gpu-specs/rtx-a5500-max-q.c4011,,rtxa5500maxq
NVIDIA,Tesla C2090,GF110,6.0,GDDR5,384,PCIe 2.0 x16,0.651,0.924,512,64,48,"Jul 25th, 2011",2011-07-25,,,,,https://www.techpowerup.com/gpu-specs/tesla-c2090.c2317,,teslac2090
AMD,Radeon HD 6290 IGP,Loveland,,DDR3,3,IGP,0.276,,80,8,4,"Jan 7th, 2011",2011-01-07,,,,,https://www.techpowerup.com/gpu-specs/radeon-hd-6290-igp.c831,,radeonhd6290igp
AMD,Radeon HD 6730M,Whistler,1.0,GDDR3,128,MXM-A (3.0),0.725,0.8,480,24,8,"Jan 4th, 2011",2011-01-04,,,,,https://www.techpowerup.com/gpu-specs/radeon-hd-6730m.c325,,radeonhd6730m
AMD,Radeon Pro V7300X,Ellesmere,8.0,GDDR5,256,PCIe 3.0 x16,1.243,1.75,2304,144,32,Never Released,,,,,,https://www.techpowerup.com/gpu-specs/radeon-pro-v7300x.c3058,,radeonprov7300x
ATI,VGA Wonder XL24,28800-6,0.001,DRAM,32,ISA 16-bit,0.01,0.01,1,0,0,"Mar 16th, 1992",1992-03-16,,,,,https://www.techpowerup.com/gpu-specs/vga-wonder-xl24.c2039,,vgawonderxl24
NVIDIA,GeForce 7800 GS 20Pipes AGP,G70,0.5,GDDR3,256,AGP 8x,0.425,0.625,20,7,20,"Feb 2nd, 2006",2006-02-02,,,,,https://www.techpowerup.com/gpu-specs/geforce-7800-gs-20pipes-agp.c3733,,geforce7800gs20pipesagp
NVIDIA,Quadro NVS 135M,G86S,0.25,GDDR3,64,PCIe 2.0 x16,0.4,0.594,16,8,4,"May 9th, 2007",2007-05-09,50,2542,,,https://www.techpowerup.com/gpu-specs/quadro-nvs-135m.c1472,https://www.videocardbenchmark.net/video_lookup.php?gpu=Quadro+NVS+135M&id=1623,quadronvs135m
SIS,Xabre 400,Xabre,0.0625,DDR,128,AGP 4x,0.25,0.2,4,1,8,"Apr 24th, 2002",2002-04-24,,,,,https://www.techpowerup.com/gpu-specs/xabre-400.c4340,,xabre400
3Dfx,Voodoo4 4800 AGP,VSA-100,0.0625,SDR,128,AGP 4x,0.166,0.166,2,0,2,Never Released,,,,,,https://www.techpowerup.com/gpu-specs/voodoo4-4800-agp.c3534,,voodoo44800agp
AMD,Radeon HD 6450M,Seymour,1.0,DDR3,64,PCIe 2.0 x16,0.6,0.8,160,8,4,"Jan 4th, 2011",2011-01-04,,,,,https://www.techpowerup.com/gpu-specs/radeon-hd-6450m.c333,,radeonhd6450m
AMD,Radeon HD 7520G IGP,Scrapper-M,,DDR3,3,IGP,0.686,,192,12,4,"Jun 6th, 2012",2012-06-06,,,,,https://www.techpowerup.com/gpu-specs/radeon-hd-7520g-igp.c685,,radeonhd7520gigp
AMD,Radeon R5 M230,Jet,2.0,DDR3,64,PCIe 3.0 x8,0.61,1.0,320,20,8,"Jan 7th, 2014",2014-01-07,435,1959,,,https://www.techpowerup.com/gpu-specs/radeon-r5-m230.c2571,https://www.videocardbenchmark.net/video_lookup.php?gpu=Radeon+R5+M230&id=3025,radeonr5m230
AMD,Radeon R9 M295X Mac Edition,Amethyst,4.0,GDDR5,256,MXM-B (3.0),0.85,1.362,2048,128,32,"Nov 23rd, 2014",2014-11-23,,,,,https://www.techpowerup.com/gpu-specs/radeon-r9-m295x-mac-edition.c2587,,radeonr9m295xmacedition
ATI,All-In-Wonder 128,Rage 128,0.0312,SDR,128,AGP 4x,0.09,0.09,2,0,2,"Jun 16th, 1999",1999-06-16,,,,,https://www.techpowerup.com/gpu-specs/all-in-wonder-128.c3653,,allinwonder128
ATI,All-In-Wonder 128 PRO,Rage 128 PRO,0.0312,SDR,128,AGP 4x,0.12,0.12,2,0,2,"Jun 16th, 1999",1999-06-16,,,,,https://www.techpowerup.com/gpu-specs/all-in-wonder-128-pro.c1762,,allinwonder128pro
ATI,All-In-Wonder 9600 XT,RV360,0.125,DDR,128,AGP 8x,0.527,0.324,4,2,4,"Feb 6th, 2004",2004-02-06,,,,,https://www.techpowerup.com/gpu-specs/all-in-wonder-9600-xt.c114,,allinwonder9600xt
ATI,FirePro V8700,RV770,1.0,GDDR5,256,PCIe 2.0 x16,0.75,0.85,800,40,16,"Sep 11th, 2008",2008-09-11,1538,1173,9.75,157.88,https://www.techpowerup.com/gpu-specs/firepro-v8700.c861,https://www.videocardbenchmark.net/video_lookup.php?gpu=FirePro+V8700&id=3105,fireprov8700
ATI,Radeon HD 3450 X2,RV620,0.5,DDR2,64,PCIe 2.0 x16,0.6,0.5,40,4,4,"Dec 10th, 2007",2007-12-10,,,,,https://www.techpowerup.com/gpu-specs/radeon-hd-3450-x2.c3041,,radeonhd3450x2
ATI,Radeon SDR,Rage 6,0.0312,SDR,128,AGP 4x,0.166,0.166,2,1,6,"Jun 1st, 2000",2000-06-01,,,,,https://www.techpowerup.com/gpu-specs/radeon-sdr.c1152,,radeonsdr
ATI,VGA Wonder+,28800-5,0.0005,DRAM,32,ISA 16-bit,0.01,0.01,1,0,0,"Nov 1st, 1990",1990-11-01,,,,,https://www.techpowerup.com/gpu-specs/vga-wonder.c2040,,vgawonder
NVIDIA,GeForce 710M,GK208,1.0,DDR3,64,PCIe 3.0 x8,0.758,0.9,192,16,8,"Jul 24th, 2013",2013-07-24,436,1953,,,https://www.techpowerup.com/gpu-specs/geforce-710m.c2433,https://www.videocardbenchmark.net/video_lookup.php?gpu=GeForce+710M&id=2399,geforce710m
NVIDIA,GeForce GTX 760 Ti OEM Rebrand,GK104,2.0,GDDR5,256,PCIe 3.0 x16,0.98,1.502,1344,112,32,"Aug 25th, 2013",2013-08-25,,,,,https://www.techpowerup.com/gpu-specs/geforce-gtx-760-ti-oem-rebrand.c2453,,geforcegtx760tioemrebrand
NVIDIA,Quadro P4200 Max-Q,GP104,8.0,GDDR5,256,MXM-B (3.0),1.48,1.753,2304,144,64,"Feb 21st, 2018",2018-02-21,,,,,https://www.techpowerup.com/gpu-specs/quadro-p4200-max-q.c4004,,quadrop4200maxq
NVIDIA,RTX 2000 Max-Q Ada Generation,AD107,8.0,GDDR6,128,PCIe 4.0 x16,1.455,2.0,3072,96,48,"Mar 21st, 2023",2023-03-21,,,,,https://www.techpowerup.com/gpu-specs/rtx-2000-max-q-ada-generation.c4094,,rtx2000maxqadageneration
AMD,FirePro M6100,Emerald,2.0,GDDR5,128,MXM-B (3.0),1.1,1.5,896,56,16,"May 27th, 2014",2014-05-27,2526,854,,,https://www.techpowerup.com/gpu-specs/firepro-m6100.c4063,https://www.videocardbenchmark.net/video_lookup.php?gpu=FirePro+M6100&id=2657,fireprom6100
AMD,Radeon 530 Mobile DDR3,Weston,2.0,DDR3,64,PCIe 3.0 x8,1.021,0.9,384,24,8,"Apr 18th, 2017",2017-04-18,,,,,https://www.techpowerup.com/gpu-specs/radeon-530-mobile-ddr3.c4106,,radeon530mobileddr3
ATI,Mobility Radeon HD 4350,M93,0.5,GDDR3,64,PCIe 2.0 x16,0.45,0.8,80,8,4,"Jan 9th, 2009",2009-01-09,148,2269,,,https://www.techpowerup.com/gpu-specs/mobility-radeon-hd-4350.c2421,https://www.videocardbenchmark.net/video_lookup.php?gpu=Mobility+Radeon+HD+4350&id=498,mobilityradeonhd4350
ATI,Radeon HD 2600 XT AGP,RV635,0.25,DDR2,128,AGP 8x,0.722,0.405,120,8,4,"Jun 28th, 2007",2007-06-28,,,,,https://www.techpowerup.com/gpu-specs/radeon-hd-2600-xt-agp.c2270,,radeonhd2600xtagp
ATI,Radeon X1800 XL,R520,0.25,GDDR3,256,PCIe 1.0 x16,0.5,0.5,16,8,16,"Oct 1st, 2005",2005-10-01,,,,,https://www.techpowerup.com/gpu-specs/radeon-x1800-xl.c141,,radeonx1800xl
ATI,Radeon X1950 PRO DUAL,RV570,0.5,GDDR3,256,PCIe 1.0 x16,0.575,0.69,36,8,12,"Jan 10th, 2007",2007-01-10,,,,,https://www.techpowerup.com/gpu-specs/radeon-x1950-pro-dual.c970,,radeonx1950produal
ATI,Radeon X700 AGP,RV410,0.125,DDR,128,AGP 8x,0.4,0.25,8,6,8,"Sep 1st, 2004",2004-09-01,,,,,https://www.techpowerup.com/gpu-specs/radeon-x700-agp.c521,,radeonx700agp
NVIDIA,GeForce 6800 GT DDL,NV40,0.25,GDDR3,256,AGP Pro 8x,0.35,0.5,16,6,16,"Apr 14th, 2004",2004-04-14,,,,,https://www.techpowerup.com/gpu-specs/geforce-6800-gt-ddl.c2335,,geforce6800gtddl
NVIDIA,GeForce 7300 GS Low Profile,G72,0.25,DDR2,64,PCIe 1.0 x16,0.45,0.266,4,3,4,"Jan 18th, 2006",2006-01-18,,,,,https://www.techpowerup.com/gpu-specs/geforce-7300-gs-low-profile.c1300,,geforce7300gslowprofile
NVIDIA,GeForce GT 440 Mac Edition,GF108,1.0,DDR3,128,PCIe 1.0 x16,0.81,0.667,96,16,4,"Feb 9th, 2011",2011-02-09,,,,,https://www.techpowerup.com/gpu-specs/geforce-gt-440-mac-edition.c2256,,geforcegt440macedition
NVIDIA,GeForce GTX 460 v2 ES,GF114,1.25,GDDR5,256,PCIe 2.0 x16,0.779,1.002,336,56,32,"Sep 24th, 2011",2011-09-24,,,,,https://www.techpowerup.com/gpu-specs/geforce-gtx-460-v2-es.c3359,,geforcegtx460v2es
NVIDIA,Quadro CX,GT200B,1.5,GDDR3,384,PCIe 2.0 x16,0.602,0.8,192,64,24,"Nov 11th, 2008",2008-11-11,947,1415,6.32,149.95,https://www.techpowerup.com/gpu-specs/quadro-cx.c1326,https://www.videocardbenchmark.net/video_lookup.php?gpu=Quadro+CX&id=1556,quadrocx
NVIDIA,Tesla D870,G80,1.5,GDDR3,384,PCIe 1.0 x16,0.6,0.8,128,32,24,"May 2nd, 2007",2007-05-02,,,,,https://www.techpowerup.com/gpu-specs/tesla-d870.c1543,,teslad870
NVIDIA,Tesla K40s,GK110B,12.0,GDDR5,384,PCIe 3.0 x16,0.706,1.502,2880,240,48,"Nov 22nd, 2013",2013-11-22,,,,,https://www.techpowerup.com/gpu-specs/tesla-k40s.c2528,,teslak40s
ATI,Radeon 9200 PCI,RV280,0.125,DDR,128,PCI,0.25,0.2,4,1,4,"May 1st, 2003",2003-05-01,,,,,https://www.techpowerup.com/gpu-specs/radeon-9200-pci.c934,,radeon9200pci
ATI,Radeon HD 5570,Pinewood,1.0,GDDR5,128,PCIe 2.0 x16,0.625,0.8,400,20,8,"Feb 9th, 2010",2010-02-09,474,1918,2.92,162.35,https://www.techpowerup.com/gpu-specs/radeon-hd-5570.c3265,https://www.videocardbenchmark.net/video_lookup.php?gpu=Radeon+HD+5570&id=80,radeonhd5570
ATI,Radeon X800 XL AGP,R430,0.25,GDDR3,256,AGP 8x,0.4,0.5,16,6,16,"May 1st, 2004",2004-05-01,,,,,https://www.techpowerup.com/gpu-specs/radeon-x800-xl-agp.c119,,radeonx800xlagp
ATI,Radeon Xpress 1250 IGP,RS690,,DDR2,2,PCIe 1.0 x16,0.4,,4,2,4,"Feb 28th, 2007",2007-02-28,,,,,https://www.techpowerup.com/gpu-specs/radeon-xpress-1250-igp.c847,,radeonxpress1250igp
Intel,Xeon Phi 3120A,Knights Corner,6.0,GDDR5,384,PCIe 3.0 x16,1.1,1.25,912,32,0,"Nov 12th, 2012",2012-11-12,,,,,https://www.techpowerup.com/gpu-specs/xeon-phi-3120a.c1886,,xeonphi3120a
NVIDIA,GeForce 610M,GF117B,1.0,DDR3,64,PCIe 2.0 x16,0.625,0.9,48,8,8,"Dec 1st, 2011",2011-12-01,291,2092,,,https://www.techpowerup.com/gpu-specs/geforce-610m.c2112,https://www.videocardbenchmark.net/video_lookup.php?gpu=GeForce+610M&id=2125,geforce610m
NVIDIA,GeForce GTS 250M,GT215,1.0,GDDR5,128,PCIe 2.0 x16,0.45,0.79,96,32,8,"Jun 15th, 2009",2009-06-15,519,1860,,,https://www.techpowerup.com/gpu-specs/geforce-gts-250m.c1509,https://www.videocardbenchmark.net/video_lookup.php?gpu=GeForce+GTS+250M&id=1437,geforcegts250m
NVIDIA,GeForce4 MX 440 Mac Edition,NV17,0.0625,DDR,128,AGP 4x,0.275,0.2,2,0,4,"Feb 6th, 2002",2002-02-06,,,,,https://www.techpowerup.com/gpu-specs/geforce4-mx-440-mac-edition.c3374,,geforce4mx440macedition
AMD,Atari VCS 400 GPU,Banded Kestrel,4.0,DDR4,128,IGP,1.201,1.2,192,12,4,"Dec 14th, 2020",2020-12-14,,,,,https://www.techpowerup.com/gpu-specs/atari-vcs-400-gpu.c3738,,atarivcs400gpu
AMD,Radeon E6465,Caicos,2.0,GDDR5,64,PCIe 2.0 x16,0.6,0.8,160,8,4,"Sep 29th, 2015",2015-09-29,231,2153,,,https://www.techpowerup.com/gpu-specs/radeon-e6465.c2766,https://www.videocardbenchmark.net/video_lookup.php?gpu=Radeon+E6465&id=3995,radeone6465
AMD,Radeon HD 6830M,Granville,1.0,DDR3,128,PCIe 2.0 x16,0.575,0.8,800,40,16,"Jan 4th, 2011",2011-01-04,,,,,https://www.techpowerup.com/gpu-specs/radeon-hd-6830m.c322,,radeonhd6830m
AMD,Radeon HD 6850M,Granville,1.0,GDDR3,128,PCIe 2.0 x16,0.675,0.8,800,40,16,"Jan 4th, 2011",2011-01-04,,,,,https://www.techpowerup.com/gpu-specs/radeon-hd-6850m.c1193,,radeonhd6850m
AMD,Radeon Pro W5300M,Navi 14,4.0,GDDR6,128,PCIe 4.0 x8,1.25,1.5,1280,80,32,"Nov 13th, 2019",2019-11-13,,,,,https://www.techpowerup.com/gpu-specs/radeon-pro-w5300m.c3477,,radeonprow5300m
AMD,Radeon Pro W6500M,Navi 24,4.0,GDDR6,64,PCIe 4.0 x4,2.04,2.0,1024,64,32,Never Released,,,,,,https://www.techpowerup.com/gpu-specs/radeon-pro-w6500m.c3983,,radeonprow6500m
AMD,Radeon Vega 3 Embedded,Raven-E,,DDR4,4,IGP,1.001,,192,12,4,"Feb 13th, 2018",2018-02-13,,,,,https://www.techpowerup.com/gpu-specs/radeon-vega-3-embedded.c3214,,radeonvega3embedded
ATI,Mobility Radeon HD 4850,M98,1.0,GDDR3,256,PCIe 2.0 x16,0.503,0.85,800,40,16,"Jan 9th, 2009",2009-01-09,866,1473,,,https://www.techpowerup.com/gpu-specs/mobility-radeon-hd-4850.c1636,https://www.videocardbenchmark.net/video_lookup.php?gpu=Mobility+Radeon+HD+4850&id=507,mobilityradeonhd4850
ATI,Radeon X1950 GT AGP,RV570,0.25,GDDR3,256,AGP 8x,0.5,0.6,36,8,12,"Feb 10th, 2007",2007-02-10,,,,,https://www.techpowerup.com/gpu-specs/radeon-x1950-gt-agp.c457,,radeonx1950gtagp
ATI,Radeon X700 SE,RV410,0.125,DDR,64,PCIe 1.0 x16,0.4,0.25,4,6,4,"Apr 1st, 2005",2005-04-01,71,2480,,,https://www.techpowerup.com/gpu-specs/radeon-x700-se.c529,https://www.videocardbenchmark.net/video_lookup.php?gpu=RADEON+X700+SE&id=1775,radeonx700se
Intel,UHD Graphics G7 64EU Mobile,Lakefield GT2,,DDR4,4,Ring Bus,0.5,,512,32,8,"May 28th, 2020",2020-05-28,,,,,https://www.techpowerup.com/gpu-specs/uhd-graphics-g7-64eu-mobile.c3691,,uhdgraphicsg764eumobile
NVIDIA,GeForce 7600 LE,G73B,0.25,DDR2,128,PCIe 1.0 x16,0.4,0.4,8,4,8,"Mar 22nd, 2006",2006-03-22,,,,,https://www.techpowerup.com/gpu-specs/geforce-7600-le.c1768,,geforce7600le
NVIDIA,GeForce 8300,C78,,DDR,,PCI,0.5,,16,8,4,"May 6th, 2008",2008-05-06,101,2399,4.48,22.68,https://www.techpowerup.com/gpu-specs/geforce-8300.c2046,https://www.videocardbenchmark.net/video_lookup.php?gpu=GeForce+8300&id=1260,geforce8300
NVIDIA,GeForce 9400 GT Rev. 2,G96C,0.5,GDDR3,128,PCIe 2.0 x16,0.55,0.4,16,8,4,"Aug 27th, 2008",2008-08-27,,,,,https://www.techpowerup.com/gpu-specs/geforce-9400-gt-rev-2.c666,,geforce9400gtrev2
NVIDIA,GeForce 9500 GT Mac Edition,G96C,0.5,GDDR3,128,PCIe 2.0 x16,0.55,0.8,32,16,8,"May 19th, 2010",2010-05-19,,,,,https://www.techpowerup.com/gpu-specs/geforce-9500-gt-mac-edition.c2330,,geforce9500gtmacedition
NVIDIA,GeForce GT 730A,GK208,1.0,DDR3,64,PCIe 3.0 x8,0.758,1.001,384,32,8,"Jul 1st, 2014",2014-07-01,742,1594,,,https://www.techpowerup.com/gpu-specs/geforce-gt-730a.c2387,https://www.videocardbenchmark.net/video_lookup.php?gpu=GeForce+GT+730A&id=2749,geforcegt730a
NVIDIA,Quadro4 700 XGL,NV25,0.0625,DDR,128,AGP 4x,0.275,0.225,4,2,8,"Feb 19th, 2002",2002-02-19,,,,,https://www.techpowerup.com/gpu-specs/quadro4-700-xgl.c1371,,quadro4700xgl
NVIDIA,Tesla S870,G80,1.5,GDDR3,384,PCIe 1.0 x16,0.6,0.8,128,32,24,"May 2nd, 2007",2007-05-02,,,,,https://www.techpowerup.com/gpu-specs/tesla-s870.c1544,,teslas870
AMD,Radeon HD 8770M,Mars,2.0,GDDR5,128,PCIe 3.0 x8,0.825,1.125,384,24,8,"Apr 1st, 2013",2013-04-01,,,,,https://www.techpowerup.com/gpu-specs/radeon-hd-8770m.c1893,,radeonhd8770m
ATI,All-In-Wonder Radeon 7200,R100,0.0312,DDR,128,PCI,0.166,0.166,2,1,6,"Jul 31st, 2000",2000-07-31,,,,,https://www.techpowerup.com/gpu-specs/all-in-wonder-radeon-7200.c1720,,allinwonderradeon7200
ATI,Mobility Radeon HD 4670,M96,0.5,GDDR3,128,MXM-A (3.0),0.675,0.8,320,32,8,"Jan 9th, 2009",2009-01-09,463,1932,,,https://www.techpowerup.com/gpu-specs/mobility-radeon-hd-4670.c1150,https://www.videocardbenchmark.net/video_lookup.php?gpu=Mobility+Radeon+HD+4670&id=505,mobilityradeonhd4670
ATI,Radeon X600 SE,RV370,0.125,DDR,64,PCIe 1.0 x16,0.325,0.25,4,2,4,"Sep 1st, 2004",2004-09-01,49,2549,0.87,56.18,https://www.techpowerup.com/gpu-specs/radeon-x600-se.c1815,https://www.videocardbenchmark.net/video_lookup.php?gpu=RADEON+X600+SE&id=155,radeonx600se
Matrox,Parhelia 256 MB,Parhelia-512,0.25,DDR,256,AGP 8x,0.25,0.325,4,4,16,"Mar 30th, 2004",2004-03-30,,,,,https://www.techpowerup.com/gpu-specs/parhelia-256-mb.c3519,,parhelia256mb
Matrox,Parhelia PCI,Parhelia-512,0.25,DDR,64,PCI-X,0.2,0.25,4,4,16,2003,200301-01,,,,,https://www.techpowerup.com/gpu-specs/parhelia-pci.c95,,parheliapci
NVIDIA,GeForce 405 OEM,GT216,0.5,DDR3,64,PCIe 2.0 x16,0.475,0.8,48,16,8,"Sep 3rd, 2010",2010-09-03,,,,,https://www.techpowerup.com/gpu-specs/geforce-405-oem.c604,,geforce405oem
NVIDIA,GeForce4 Go 4200,NV28,0.0625,DDR,64,AGP 8x,0.2,0.2,4,2,8,"Nov 14th, 2002",2002-11-14,,,,,https://www.techpowerup.com/gpu-specs/geforce4-go-4200.c1558,,geforce4go4200
NVIDIA,GRID K260Q,GK104,2.0,GDDR5,256,PCIe 3.0 x16,0.745,1.25,1536,128,32,"Jun 28th, 2013",2013-06-28,2949,770,,,https://www.techpowerup.com/gpu-specs/grid-k260q.c2488,https://www.videocardbenchmark.net/video_lookup.php?gpu=GRID+K260Q&id=3143,gridk260q
NVIDIA,Quadro NVS 280 AGP,NV34,0.0625,DDR,64,AGP 8x,0.25,0.2,4,2,4,"May 25th, 2004",2004-05-25,,,,,https://www.techpowerup.com/gpu-specs/quadro-nvs-280-agp.c1457,,quadronvs280agp
NVIDIA,T600 Max-Q,TU117,4.0,GDDR6,128,PCIe 3.0 x16,1.395,1.25,896,56,32,"Apr 12th, 2021",2021-04-12,,,,,https://www.techpowerup.com/gpu-specs/t600-max-q.c3817,,t600maxq
S3,Graphics Chrome 430 GT,Destination 3,0.25,DDR2,64,PCIe 2.0 x16,0.625,0.5,32,4,4,"Sep 4th, 2008",2008-09-04,,,,,https://www.techpowerup.com/gpu-specs/graphics-chrome-430-gt.c4351,,graphicschrome430gt
3Dfx,Velocity 200,Avenger,0.0117,SDR,128,AGP 2x,0.143,0.143,1,0,2,Never Released,,,,,,https://www.techpowerup.com/gpu-specs/velocity-200.c3551,,velocity200
3Dfx,Voodoo4-2 4200 PCI 16 MB,VSA-101,0.0156,DDR,64,AGP 4x,0.166,0.166,2,0,2,Never Released,,,,,,https://www.techpowerup.com/gpu-specs/voodoo4-2-4200-pci-16-mb.c3558,,voodoo424200pci16mb
AMD,Radeon HD 6970M Mac Edition,Blackcomb,2.0,GDDR5,256,MXM-B (3.0),0.68,0.9,960,48,32,"Aug 25th, 2011",2011-08-25,,,,,https://www.techpowerup.com/gpu-specs/radeon-hd-6970m-mac-edition.c2250,,radeonhd6970mmacedition
AMD,Radeon HD 7750M,Chelsea,1.0,GDDR5,128,PCIe 2.0 x16,0.575,1.0,512,32,16,"Apr 24th, 2012",2012-04-24,1191,1292,,,https://www.techpowerup.com/gpu-specs/radeon-hd-7750m.c384,https://www.videocardbenchmark.net/video_lookup.php?gpu=Radeon+HD+7750M&id=2476,radeonhd7750m
AMD,Radeon HD 8550G IGP,Devastator Lite-M,,DDR3,3,IGP,0.66,,256,16,8,"May 23rd, 2013",2013-05-23,,,,,https://www.techpowerup.com/gpu-specs/radeon-hd-8550g-igp.c2186,,radeonhd8550gigp
AMD,Radeon R7 Mobile Graphics,Spectre Lite-M,,DDR3,3,IGP,0.554,,384,24,8,"Feb 17th, 2014",2014-02-17,,,,,https://www.techpowerup.com/gpu-specs/radeon-r7-mobile-graphics.c2721,,radeonr7mobilegraphics
ATI,Mobility FireGL V5200,M56,0.25,GDDR3,128,PCIe 1.0 x16,0.425,0.475,12,5,12,"Feb 1st, 2006",2006-02-01,44,2562,,,https://www.techpowerup.com/gpu-specs/mobility-firegl-v5200.c1665,https://www.videocardbenchmark.net/video_lookup.php?gpu=MOBILITY+FireGL+V5200&id=99,mobilityfireglv5200
ATI,Mobility Radeon HD 2400 XT,M74,0.25,DDR2,64,PCIe 1.0 x16,0.6,0.4,40,4,4,"May 14th, 2007",2007-05-14,102,2397,,,https://www.techpowerup.com/gpu-specs/mobility-radeon-hd-2400-xt.c1615,https://www.videocardbenchmark.net/video_lookup.php?gpu=Mobility+Radeon+HD+2400+XT&id=478,mobilityradeonhd2400xt
ATI,Mobility Radeon HD 4200 IGP,RS880,,DDR2,2,PCIe 1.0 x16,0.5,,40,4,4,"Sep 10th, 2009",2009-09-10,,,,,https://www.techpowerup.com/gpu-specs/mobility-radeon-hd-4200-igp.c1657,,mobilityradeonhd4200igp
ATI,Radeon HD 5770 X2,Juniper,1.0,GDDR5,128,PCIe 2.0 x16,0.85,1.2,800,40,16,"Oct 13th, 2010",2010-10-13,,,,,https://www.techpowerup.com/gpu-specs/radeon-hd-5770-x2.c1187,,radeonhd5770x2
ATI,Radeon X1950 CrossFire Edition,R580+,0.5,GDDR4,256,PCIe 1.0 x16,0.65,1.0,48,8,16,"Sep 10th, 2006",2006-09-10,151,2260,,,https://www.techpowerup.com/gpu-specs/radeon-x1950-crossfire-edition.c886,https://www.videocardbenchmark.net/video_lookup.php?gpu=Radeon+X1950+CrossFire+Edition&id=1763,radeonx1950crossfireedition
Intel,Aubrey Isle,Knights Ferry,2.0,GDDR5,256,PCIe 2.0 x16,1.2,1.2,512,32,0,"May 31st, 2010",2010-05-31,,,,,https://www.techpowerup.com/gpu-specs/aubrey-isle.c1549,,aubreyisle
Intel,GMA 3650,Cedarview,,DDR3,3,PCI,0.64,,32,4,1,"Oct 1st, 2008",2008-10-01,,,,,https://www.techpowerup.com/gpu-specs/gma-3650.c3143,,gma3650
NVIDIA,GeForce Go 6600,NV43,0.25,DDR,128,MXM-II,0.3,0.35,8,3,8,"Sep 29th, 2005",2005-09-29,69,2487,,,https://www.techpowerup.com/gpu-specs/geforce-go-6600.c1566,https://www.videocardbenchmark.net/video_lookup.php?gpu=GeForce+Go+6600&id=1378,geforcego6600
NVIDIA,GeForce GT 415 OEM,GT216,0.5,DDR3,128,PCIe 2.0 x16,0.625,0.333,48,16,8,"Sep 3rd, 2010",2010-09-03,,,,,https://www.techpowerup.com/gpu-specs/geforce-gt-415-oem.c2105,,geforcegt415oem
NVIDIA,Quadro FX 2700M,G94,0.5,GDDR3,256,MXM-HE,0.53,0.799,48,24,16,"Aug 14th, 2008",2008-08-14,366,2018,3.67,99.95,https://www.techpowerup.com/gpu-specs/quadro-fx-2700m.c1434,https://www.videocardbenchmark.net/video_lookup.php?gpu=Quadro+FX+2700M&id=1570,quadrofx2700m
AMD,Radeon HD 6390,Redwood,1.0,DDR2,128,PCIe 2.0 x16,0.55,0.5,320,16,8,"Jul 4th, 2011",2011-07-04,,,,,https://www.techpowerup.com/gpu-specs/radeon-hd-6390.c2068,,radeonhd6390
AMD,Radeon HD 6610,Redwood,1.0,GDDR3,128,PCIe 2.0 x16,0.65,0.8,400,20,8,"Mar 20th, 2013",2013-03-20,,,,,https://www.techpowerup.com/gpu-specs/radeon-hd-6610.c2264,,radeonhd6610
AMD,Radeon R9 M280X,Saturn,2.0,GDDR5,128,PCIe 3.0 x16,1.1,1.5,896,56,16,"Feb 5th, 2015",2015-02-05,813,1516,,,https://www.techpowerup.com/gpu-specs/radeon-r9-m280x.c2807,https://www.videocardbenchmark.net/video_lookup.php?gpu=Radeon+R9+M280X&id=3096,radeonr9m280x
AMD,Radeon Vega 3 Mobile,Picasso-M,,DDR4,4,IGP,1.0,,192,12,4,"Jan 6th, 2020",2020-01-06,1052,1358,,,https://www.techpowerup.com/gpu-specs/radeon-vega-3-mobile.c3592,https://www.videocardbenchmark.net/video_lookup.php?gpu=Radeon+Vega+3+Mobile&id=3871,radeonvega3mobile
ATI,3D Rage IIC PCI,Rage IIC,0.002,SDR,64,PCI,0.06,0.083,1,0,1,"Apr 1st, 1997",1997-04-01,,,,,https://www.techpowerup.com/gpu-specs/3d-rage-iic-pci.c874,,3drageiicpci
ATI,All-In-Wonder 3D Rage II +DVD,Mach64 GT-B,0.0039,SDR,64,PCI,0.06,0.083,1,0,1,"Sep 1st, 1996",1996-09-01,,,,,https://www.techpowerup.com/gpu-specs/all-in-wonder-3d-rage-ii-dvd.c4078,,allinwonder3drageiidvd
ATI,Mobility Radeon HD 4250 IGP,RS880,,DDR2,2,PCIe 1.0 x16,0.56,,40,4,4,"May 1st, 2010",2010-05-01,,,,,https://www.techpowerup.com/gpu-specs/mobility-radeon-hd-4250-igp.c1656,,mobilityradeonhd4250igp
ATI,Mobility Radeon X2300,M64,0.125,GDDR3,64,PCIe 1.0 x16,0.479,0.446,4,2,4,"Mar 1st, 2007",2007-03-01,48,2551,,,https://www.techpowerup.com/gpu-specs/mobility-radeon-x2300.c2266,https://www.videocardbenchmark.net/video_lookup.php?gpu=Mobility+Radeon+X2300&id=111,mobilityradeonx2300
ATI,Radeon 9800 XT Mac Edition,R360,0.25,DDR,256,AGP Pro 8x,0.412,0.365,8,4,8,"Mar 14th, 2004",2004-03-14,,,,,https://www.techpowerup.com/gpu-specs/radeon-9800-xt-mac-edition.c1899,,radeon9800xtmacedition
ATI,Radeon HD 5730,Redwood,1.0,GDDR5,128,PCIe 2.0 x16,0.775,1.0,400,20,8,"Feb 26th, 2011",2011-02-26,,,,,https://www.techpowerup.com/gpu-specs/radeon-hd-5730.c2065,,radeonhd5730
Intel,Xeon Phi SE10X,Knights Corner,8.0,GDDR5,512,PCIe 3.0 x16,1.1,1.375,976,32,0,"Nov 12th, 2012",2012-11-12,,,,,https://www.techpowerup.com/gpu-specs/xeon-phi-se10x.c1891,,xeonphise10x
NVIDIA,GeForce 9400M G,C79,,DDR3,3,PCIe 2.0 x16,0.45,,16,8,4,"Oct 15th, 2008",2008-10-15,174,2227,,,https://www.techpowerup.com/gpu-specs/geforce-9400m-g.c1872,https://www.videocardbenchmark.net/video_lookup.php?gpu=GeForce+9400M+G&id=1300,geforce9400mg
NVIDIA,GeForce FX Go5700,NV36,0.125,DDR,128,AGP 8x,0.45,0.275,4,3,4,"Feb 1st, 2005",2005-02-01,51,2536,,,https://www.techpowerup.com/gpu-specs/geforce-fx-go5700.c1552,https://www.videocardbenchmark.net/video_lookup.php?gpu=GeForce+FX+Go5700&id=1362,geforcefxgo5700
NVIDIA,GeForce G102M,C79,,DDR2,2,PCIe 1.0 x16,0.45,,16,8,4,"Jan 8th, 2009",2009-01-08,169,2238,,,https://www.techpowerup.com/gpu-specs/geforce-g102m.c1479,https://www.videocardbenchmark.net/video_lookup.php?gpu=GeForce+G102M&id=1366,geforceg102m
NVIDIA,GeForce GT 550M,GF108,1.0,DDR3,128,PCIe 2.0 x16,0.475,0.9,96,16,4,"Jan 5th, 2011",2011-01-05,544,1831,,,https://www.techpowerup.com/gpu-specs/geforce-gt-550m.c4000,https://www.videocardbenchmark.net/video_lookup.php?gpu=GeForce+GT+550M&id=1427,geforcegt550m
NVIDIA,GeForce GT 755M Mac Edition,GK107,1.0,GDDR5,128,PCIe 3.0 x16,1.085,1.25,384,32,16,"Nov 8th, 2013",2013-11-08,,,,,https://www.techpowerup.com/gpu-specs/geforce-gt-755m-mac-edition.c2525,,geforcegt755mmacedition
NVIDIA,GeForce4 MX 440-SE,NV17,0.0625,DDR,128,AGP 4x,0.25,0.166,2,0,4,"Feb 6th, 2002",2002-02-06,4,2772,,,https://www.techpowerup.com/gpu-specs/geforce4-mx-440-se.c2293,https://www.videocardbenchmark.net/video_lookup.php?gpu=GeForce4+MX+440SE&id=1497,geforce4mx440se
NVIDIA,Tesla M2075,GF110,6.0,GDDR5,384,PCIe 2.0 x16,0.574,0.783,448,56,48,"Jul 25th, 2011",2011-07-25,,,,,https://www.techpowerup.com/gpu-specs/tesla-m2075.c2025,,teslam2075
NVIDIA,Tesla S2050,GF100,3.0,GDDR5,384,PCIe 2.0 x16,0.574,0.773,448,56,48,"Jul 25th, 2011",2011-07-25,,,,,https://www.techpowerup.com/gpu-specs/tesla-s2050.c1538,,teslas2050
AMD,Radeon HD 6410D IGP,SuperSumo,,DDR3,3,IGP,0.444,,160,8,4,"Jun 20th, 2011",2011-06-20,,,,,https://www.techpowerup.com/gpu-specs/radeon-hd-6410d-igp.c2410,,radeonhd6410digp
AMD,Radeon HD 7510M,Thames,1.0,DDR3,64,PCIe 2.0 x16,0.45,0.8,400,20,8,"Jan 7th, 2012",2012-01-07,,,,,https://www.techpowerup.com/gpu-specs/radeon-hd-7510m.c372,,radeonhd7510m
AMD,Radeon R5 M430,Jet,4.0,DDR3,64,PCIe 3.0 x8,0.855,1.0,320,20,8,2016,201601-01,648,1688,,,https://www.techpowerup.com/gpu-specs/radeon-r5-m430.c2834,https://www.videocardbenchmark.net/video_lookup.php?gpu=Radeon+R5+M430&id=3552,radeonr5m430
AMD,Radeon R9 M470X,Emerald,4.0,GDDR5,128,PCIe 3.0 x16,1.1,1.2,896,56,16,"May 15th, 2016",2016-05-15,3175,736,,,https://www.techpowerup.com/gpu-specs/radeon-r9-m470x.c2857,https://www.videocardbenchmark.net/video_lookup.php?gpu=Radeon+R9+M470X&id=3574,radeonr9m470x
ATI,Radeon X1300 PRO,RV515,0.125,DDR2,64,PCIe 1.0 x16,0.6,0.4,4,2,4,"Oct 1st, 2005",2005-10-01,84,2444,,,https://www.techpowerup.com/gpu-specs/radeon-x1300-pro.c138,https://www.videocardbenchmark.net/video_lookup.php?gpu=Radeon+X1300+PRO&id=159,radeonx1300pro
ATI,Radeon X550 XTX,RV410,0.125,DDR,64,PCIe 1.0 x16,0.4,0.3,8,6,8,"Jan 24th, 2007",2007-01-24,70,2482,,,https://www.techpowerup.com/gpu-specs/radeon-x550-xtx.c980,https://www.videocardbenchmark.net/video_lookup.php?gpu=Radeon+X550XTX&id=1768,radeonx550xtx
ATI,Radeon Xpress 1200 IGP,RS690,,DDR2,2,PCIe 1.0 x16,0.4,,4,2,4,"Feb 28th, 2007",2007-02-28,,,,,https://www.techpowerup.com/gpu-specs/radeon-xpress-1200-igp.c671,,radeonxpress1200igp
ATI,Rage 128 GL PCI,Rage 128,0.0312,SDR,128,PCI,0.103,0.103,2,0,2,"Aug 27th, 1998",1998-08-27,,,,,https://www.techpowerup.com/gpu-specs/rage-128-gl-pci.c1718,,rage128glpci
Intel,i810 Graphics,Whitney,,SDR,,FSB,0.133,,2,0,1,1999,199901-01,,,,,https://www.techpowerup.com/gpu-specs/i810-graphics.c1290,,i810graphics
NVIDIA,GeForce 6100 + nForce 405,C61,,DDR2,2,PCI,0.425,,2,1,1,"Oct 11th, 2004",2004-10-11,26,2644,,,https://www.techpowerup.com/gpu-specs/geforce-6100-nforce-405.c1836,https://www.videocardbenchmark.net/video_lookup.php?gpu=GeForce+6100+nForce+405&id=1183,geforce6100nforce405
NVIDIA,GeForce 6150 LE,C51,,DDR,,PCI,0.425,,2,1,1,"Oct 11th, 2004",2004-10-11,32,2626,,,https://www.techpowerup.com/gpu-specs/geforce-6150-le.c2159,https://www.videocardbenchmark.net/video_lookup.php?gpu=GeForce+6150+LE&id=1188,geforce6150le
NVIDIA,GeForce 7800 GS+ AGP,G71,0.25,GDDR3,256,AGP 8x,0.375,0.6,16,6,16,"Sep 28th, 2006",2006-09-28,,,,,https://www.techpowerup.com/gpu-specs/geforce-7800-gs-agp.c150,,geforce7800gsagp
NVIDIA,GeForce Go 7700,G73B,0.5,GDDR3,128,PCIe 1.0 x16,0.45,0.5,12,5,12,"Aug 1st, 2006",2006-08-01,147,2270,,,https://www.techpowerup.com/gpu-specs/geforce-go-7700.c1576,https://www.videocardbenchmark.net/video_lookup.php?gpu=GeForce+Go+7700&id=1390,geforcego7700
NVIDIA,GeForce GTX 460 SE v2,GF114,0.75,GDDR5,192,PCIe 2.0 x16,0.65,0.85,288,48,24,"Nov 15th, 2010",2010-11-15,,,,,https://www.techpowerup.com/gpu-specs/geforce-gtx-460-se-v2.c1873,,geforcegtx460sev2
XGI,Volari 8600 XT,XG45,0.25,GDDR3,128,PCIe 1.0 x16,0.45,0.45,8,2,8,Never Released,,,,,,https://www.techpowerup.com/gpu-specs/volari-8600-xt.c3380,,volari8600xt
AMD,FirePro M4100,Mars,2.0,GDDR5,128,PCIe 3.0 x8,0.67,1.0,384,24,8,"Oct 16th, 2013",2013-10-16,1059,1355,,,https://www.techpowerup.com/gpu-specs/firepro-m4100.c2520,https://www.videocardbenchmark.net/video_lookup.php?gpu=Firepro+M4100&id=3016,fireprom4100
AMD,Radeon HD 6870M,Granville,1.0,GDDR5,128,MXM-B (3.0),0.675,1.0,800,40,16,"Jan 4th, 2011",2011-01-04,,,,,https://www.techpowerup.com/gpu-specs/radeon-hd-6870m.c320,,radeonhd6870m
AMD,Radeon HD 8330E,Kalindi,,DDR3,3,IGP,0.497,,128,8,4,"Apr 23rd, 2013",2013-04-23,262,2125,,,https://www.techpowerup.com/gpu-specs/radeon-hd-8330e.c2198,https://www.videocardbenchmark.net/video_lookup.php?gpu=Radeon+HD+8330E&id=2709,radeonhd8330e
ATI,All-In-Wonder 128 PCI,Rage 128,0.0156,SDR,128,PCI,0.09,0.09,2,0,2,"Jun 16th, 1999",1999-06-16,,,,,https://www.techpowerup.com/gpu-specs/all-in-wonder-128-pci.c1761,,allinwonder128pci
ATI,All-In-Wonder Radeon 7500 VE,RV200,0.0625,DDR,128,PCI,0.26,0.25,2,0,6,"Apr 16th, 2002",2002-04-16,,,,,https://www.techpowerup.com/gpu-specs/all-in-wonder-radeon-7500-ve.c3651,,allinwonderradeon7500ve
ATI,FireGL V7600,R600,0.5,GDDR3,256,PCIe 1.0 x16,0.6,0.8,320,16,16,"Aug 6th, 2007",2007-08-06,615,1730,,,https://www.techpowerup.com/gpu-specs/firegl-v7600.c855,https://www.videocardbenchmark.net/video_lookup.php?gpu=FireGL+V7600&id=403,fireglv7600
ATI,Radeon HD 4450,RV710,0.5,DDR2,64,PCIe 2.0 x16,0.6,0.4,80,8,4,"Nov 18th, 2011",2011-11-18,,,,,https://www.techpowerup.com/gpu-specs/radeon-hd-4450.c2079,,radeonhd4450
Intel,Iris Pro Graphics 6200 Mobile,Broadwell GT3e,,DDR3,3,Ring Bus,1.1,,384,48,6,"Sep 5th, 2014",2014-09-05,,,,,https://www.techpowerup.com/gpu-specs/iris-pro-graphics-6200-mobile.c2628,,irisprographics6200mobile
NVIDIA,GeForce 6800 XE,NV40,0.25,DDR2,128,AGP 8x,0.275,0.266,8,3,8,"Sep 30th, 2005",2005-09-30,58,2516,,,https://www.techpowerup.com/gpu-specs/geforce-6800-xe.c1819,https://www.videocardbenchmark.net/video_lookup.php?gpu=GeForce+6800+XE&id=1215,geforce6800xe
NVIDIA,GeForce 705M,GF119,1.0,DDR3,64,PCIe 2.0 x16,0.475,0.9,48,8,4,Unknown,,455,1935,,,https://www.techpowerup.com/gpu-specs/geforce-705m.c2308,https://www.videocardbenchmark.net/video_lookup.php?gpu=GeForce+705M&id=2781,geforce705m
NVIDIA,GeForce 945M,GM108,1.0,DDR3,64,PCIe 3.0 x8,1.189,1.001,384,24,8,"Apr 8th, 2016",2016-04-08,2160,940,,,https://www.techpowerup.com/gpu-specs/geforce-945m.c2836,https://www.videocardbenchmark.net/video_lookup.php?gpu=GeForce+945M&id=3388,geforce945m
NVIDIA,GeForce 9500 GS Rev. 2,G96C,0.5,DDR2,128,PCIe 2.0 x16,0.5,0.5,32,16,8,"Jul 29th, 2008",2008-07-29,,,,,https://www.techpowerup.com/gpu-specs/geforce-9500-gs-rev-2.c3371,,geforce9500gsrev2
NVIDIA,GeForce FX 5700 EP,NV36,0.125,DDR,64,AGP 8x,0.425,0.2,4,3,4,"Sep 1st, 2004",2004-09-01,,,,,https://www.techpowerup.com/gpu-specs/geforce-fx-5700-ep.c1295,,geforcefx5700ep
NVIDIA,GeForce GT 635M,GF108,2.0,DDR3,128,MXM-A (3.0),0.66,0.9,96,16,4,"Mar 22nd, 2012",2012-03-22,528,1851,,,https://www.techpowerup.com/gpu-specs/geforce-gt-635m.c3017,https://www.videocardbenchmark.net/video_lookup.php?gpu=GeForce+GT+635M&id=2136,geforcegt635m
NVIDIA,RTX A4500 Max-Q,GA104,16.0,GDDR6,256,PCIe 4.0 x16,1.215,1.75,5888,184,96,"Mar 22nd, 2022",2022-03-22,,,,,https://www.techpowerup.com/gpu-specs/rtx-a4500-max-q.c4009,,rtxa4500maxq
AMD,FireStream 9250,RV770,1.0,GDDR3,256,PCIe 2.0 x16,0.625,0.993,800,40,16,"Jun 16th, 2008",2008-06-16,1164,1305,,,https://www.techpowerup.com/gpu-specs/firestream-9250.c772,https://www.videocardbenchmark.net/video_lookup.php?gpu=FireStream+9250&id=2652,firestream9250
AMD,Radeon E9174 MXM,Lexa,4.0,GDDR5,128,MXM-A (3.0),1.219,1.5,512,32,16,"Oct 3rd, 2017",2017-10-03,,,,,https://www.techpowerup.com/gpu-specs/radeon-e9174-mxm.c3030,,radeone9174mxm
AMD,Radeon HD 6550M,Capilano,1.0,DDR3,128,MXM-II,0.6,0.9,400,20,8,"Nov 26th, 2010",2010-11-26,,,,,https://www.techpowerup.com/gpu-specs/radeon-hd-6550m.c329,,radeonhd6550m
ATI,Radeon HD 5530,Cedar,1.0,GDDR3,64,PCIe 2.0 x16,0.65,0.6,80,8,4,"Mar 17th, 2011",2011-03-17,,,,,https://www.techpowerup.com/gpu-specs/radeon-hd-5530.c2063,,radeonhd5530
NVIDIA,GeForce 310M,GT218,1.0,DDR3,64,PCIe 2.0 x16,0.606,0.667,16,8,4,"Jan 10th, 2010",2010-01-10,130,2315,,,https://www.techpowerup.com/gpu-specs/geforce-310m.c2374,https://www.videocardbenchmark.net/video_lookup.php?gpu=GeForce+310M&id=102,geforce310m
NVIDIA,GeForce 6200 LE AGP,NV44,0.125,DDR,64,AGP 8x,0.35,0.266,2,1,2,"Apr 4th, 2005",2005-04-04,,,,,https://www.techpowerup.com/gpu-specs/geforce-6200-le-agp.c708,,geforce6200leagp
NVIDIA,GeForce 7100 + nForce 630i,C73,,DDR2,2,PCI,0.6,,4,1,2,"Oct 4th, 2007",2007-10-04,43,2569,,,https://www.techpowerup.com/gpu-specs/geforce-7100-nforce-630i.c2149,https://www.videocardbenchmark.net/video_lookup.php?gpu=GeForce+7100+%2F+nForce+630i&id=1226,geforce7100nforce630i
NVIDIA,GeForce 9650M GT,G96C,1.0,GDDR3,128,MXM-II,0.55,0.8,32,16,8,"Aug 19th, 2008",2008-08-19,137,2296,1.17,117.3,https://www.techpowerup.com/gpu-specs/geforce-9650m-gt.c937,https://www.videocardbenchmark.net/video_lookup.php?gpu=GeForce+9650M+GT&id=1317,geforce9650mgt
NVIDIA,GeForce Go 6800 Ultra,NV41,0.25,GDDR3,256,PCIe 1.0 x16,0.45,0.6,12,5,12,"Feb 24th, 2005",2005-02-24,137,2295,,,https://www.techpowerup.com/gpu-specs/geforce-go-6800-ultra.c1565,https://www.videocardbenchmark.net/video_lookup.php?gpu=GeForce+Go+6800+Ultra&id=1383,geforcego6800ultra
NVIDIA,GeForce GT 555M,GF108,1.0,GDDR5,128,PCIe 2.0 x16,0.753,0.785,96,16,4,"Jun 15th, 2011",2011-06-15,646,1692,3.65,177.2,https://www.techpowerup.com/gpu-specs/geforce-gt-555m.c1492,https://www.videocardbenchmark.net/video_lookup.php?gpu=GeForce+GT+555M&id=1428,geforcegt555m
NVIDIA,GeForce GT 555M 2 GB,GF116S,2.0,DDR3,128,PCIe 2.0 x16,0.675,0.9,144,24,16,"Mar 26th, 2012",2012-03-26,,,,,https://www.techpowerup.com/gpu-specs/geforce-gt-555m-2-gb.c1955,,geforcegt555m2gb
NVIDIA,GeForce GTS 160M,G94,1.0,GDDR3,256,PCIe 2.0 x16,0.6,0.8,64,32,16,"Mar 3rd, 2009",2009-03-03,678,1659,,,https://www.techpowerup.com/gpu-specs/geforce-gts-160m.c1487,https://www.videocardbenchmark.net/video_lookup.php?gpu=GeForce+GTS+160M&id=1435,geforcegts160m
NVIDIA,GeForce GTX 470M,GF104,1.5,GDDR5,192,MXM-B (3.0),0.535,0.75,288,48,24,"Sep 3rd, 2010",2010-09-03,1953,1005,,,https://www.techpowerup.com/gpu-specs/geforce-gtx-470m.c1503,https://www.videocardbenchmark.net/video_lookup.php?gpu=GeForce+GTX+470M&id=1448,geforcegtx470m
NVIDIA,Quadro P4000 Max-Q,GP104,8.0,GDDR5,256,MXM-B (3.0),1.228,1.502,1792,112,64,"Jan 11th, 2017",2017-01-11,,,,,https://www.techpowerup.com/gpu-specs/quadro-p4000-max-q.c3015,,quadrop4000maxq
NVIDIA,Quadro4 100 NVS PCI,NV17,0.0625,DDR,128,PCI,0.25,0.166,2,0,4,"Dec 22nd, 2003",2003-12-22,,,,,https://www.techpowerup.com/gpu-specs/quadro4-100-nvs-pci.c1461,,quadro4100nvspci
NVIDIA,Tesla X2070,GF100,6.0,GDDR5,384,MXM-B (3.0),0.651,0.924,448,56,48,"Jul 25th, 2011",2011-07-25,,,,,https://www.techpowerup.com/gpu-specs/tesla-x2070.c2024,,teslax2070
AMD,Radeon HD 7590M,Thames,1.0,GDDR5,64,PCIe 2.0 x16,0.6,0.8,480,24,16,"Jan 7th, 2012",2012-01-07,,,,,https://www.techpowerup.com/gpu-specs/radeon-hd-7590m.c376,,radeonhd7590m
AMD,Radeon R7 M260DX,Jet,,DDR3,3,IGP,0.855,,320,20,8,"Jan 7th, 2014",2014-01-07,816,1514,,,https://www.techpowerup.com/gpu-specs/radeon-r7-m260dx.c2639,https://www.videocardbenchmark.net/video_lookup.php?gpu=Radeon+R7+M260DX&id=3042,radeonr7m260dx
ATI,FireGL V3600,RV630,0.25,DDR2,128,PCIe 1.0 x16,0.6,0.5,120,8,4,"Jun 28th, 2007",2007-06-28,179,2220,1.12,160.99,https://www.techpowerup.com/gpu-specs/firegl-v3600.c696,https://www.videocardbenchmark.net/video_lookup.php?gpu=FireGL+V3600&id=394,fireglv3600
ATI,FireGL V7200,R520,0.25,GDDR3,256,PCIe 1.0 x16,0.6,0.65,16,8,16,"Oct 1st, 2005",2005-10-01,116,2354,,,https://www.techpowerup.com/gpu-specs/firegl-v7200.c854,https://www.videocardbenchmark.net/video_lookup.php?gpu=FireGL+V7200&id=400,fireglv7200
ATI,Mobility Radeon HD 5450,Park,1.0,GDDR3,64,PCIe 2.0 x16,0.65,0.667,80,8,4,"Jan 7th, 2010",2010-01-07,214,2173,,,https://www.techpowerup.com/gpu-specs/mobility-radeon-hd-5450.c3136,https://www.videocardbenchmark.net/video_lookup.php?gpu=Mobility+Radeon+HD+5450&id=516,mobilityradeonhd5450
ATI,Radeon E2400,RV610,0.125,GDDR3,64,MXM-II,0.6,0.7,40,4,4,"Jun 28th, 2007",2007-06-28,51,2535,,,https://www.techpowerup.com/gpu-specs/radeon-e2400.c1739,https://www.videocardbenchmark.net/video_lookup.php?gpu=RADEON+E2400&id=561,radeone2400
ATI,Radeon X1050 AGP,RV350,0.125,DDR,128,AGP 8x,0.25,0.2,4,2,4,"Dec 7th, 2006",2006-12-07,,,,,https://www.techpowerup.com/gpu-specs/radeon-x1050-agp.c1813,,radeonx1050agp
Intel,GMA 900,Grantsdale,,UMA,,FSB,0.333,,4,0,4,"Jun 1st, 2004",2004-06-01,,,,,https://www.techpowerup.com/gpu-specs/gma-900.c3126,,gma900
NVIDIA,GeForce G105M,GT218S,0.5,DDR3,64,PCIe 2.0 x16,0.535,0.79,16,8,4,"Dec 14th, 2009",2009-12-14,99,2404,,,https://www.techpowerup.com/gpu-specs/geforce-g105m.c2243,https://www.videocardbenchmark.net/video_lookup.php?gpu=GeForce+G+105M&id=1364,geforceg105m
NVIDIA,GeForce GT 735M,GK208,2.0,DDR3,64,PCIe 3.0 x8,0.628,0.9,384,32,8,"Apr 1st, 2013",2013-04-01,659,1673,,,https://www.techpowerup.com/gpu-specs/geforce-gt-735m.c2300,https://www.videocardbenchmark.net/video_lookup.php?gpu=GeForce+GT+735M&id=2592,geforcegt735m
NVIDIA,NVS 2100M,GT218S,0.5,GDDR3,64,PCIe 2.0 x16,0.535,0.79,16,8,4,"Jan 7th, 2010",2010-01-07,136,2299,,,https://www.techpowerup.com/gpu-specs/nvs-2100m.c1469,https://www.videocardbenchmark.net/video_lookup.php?gpu=NVS+2100M&id=1537,nvs2100m
NVIDIA,Tesla K40t,GK110B,12.0,GDDR5,384,PCIe 3.0 x16,0.876,1.502,2880,240,48,"Nov 22nd, 2013",2013-11-22,,,,,https://www.techpowerup.com/gpu-specs/tesla-k40t.c3403,,teslak40t
SIS,6326 AGP,6326,0.0039,EDO,64,AGP 1x,0.09,0.09,1,0,1,Jun 1997,1997-06-01,,,,,https://www.techpowerup.com/gpu-specs/6326-agp.c4337,,6326agp
AMD,Radeon HD 7420G IGP,Scrapper Lite-M,,DDR3,3,IGP,0.655,,128,8,4,"Jun 6th, 2012",2012-06-06,,,,,https://www.techpowerup.com/gpu-specs/radeon-hd-7420g-igp.c683,,radeonhd7420gigp
AMD,Radeon HD 8180 IGP,Kalindi,,DDR3,3,IGP,0.225,,128,8,4,Nov 2013,2013-11-01,,,,,https://www.techpowerup.com/gpu-specs/radeon-hd-8180-igp.c2200,,radeonhd8180igp
ATI,Graphics Ultra Pro PCI,Mach32,0.001,DRAM,64,PCI,0.066,0.083,1,0,0,1993,199301-01,,,,,https://www.techpowerup.com/gpu-specs/graphics-ultra-pro-pci.c2440,,graphicsultrapropci
ATI,Rage Mobility-P,Mach64 LM,0.0078,SDR,64,AGP 2x,0.075,0.07,1,0,1,"Feb 1st, 1999",1999-02-01,,,,,https://www.techpowerup.com/gpu-specs/rage-mobility-p.c2175,,ragemobilityp
Intel,GMA 3100,Bearlake,,DDR2,2,FSB,0.4,,4,0,4,"May 9th, 2007",2007-05-09,,,,,https://www.techpowerup.com/gpu-specs/gma-3100.c3117,,gma3100
NVIDIA,GeForce 8600 GTS Mac Edition,G84,0.5,GDDR3,128,PCIe 1.0 x16,0.675,1.008,32,16,8,"Sep 21st, 2007",2007-09-21,,,,,https://www.techpowerup.com/gpu-specs/geforce-8600-gts-mac-edition.c2257,,geforce8600gtsmacedition
NVIDIA,GeForce FX 5700 Engineering Sample,NV36S,0.125,DDR,128,AGP 8x,0.425,0.25,4,3,4,"Aug 18th, 2003",2003-08-18,,,,,https://www.techpowerup.com/gpu-specs/geforce-fx-5700-engineering-sample.c4108,,geforcefx5700engineeringsample
NVIDIA,GeForce Go 6100 + nForce Go 430,C51,,DDR2,2,PCIe 1.0 x16,0.425,,2,1,2,"Feb 1st, 2006",2006-02-01,,,,,https://www.techpowerup.com/gpu-specs/geforce-go-6100-nforce-go-430.c1571,,geforcego6100nforcego430
NVIDIA,GeForce GT 330 OEM,GT215,0.5,GDDR3,128,PCIe 2.0 x16,0.55,1.0,96,32,8,"Feb 2nd, 2010",2010-02-02,,,,,https://www.techpowerup.com/gpu-specs/geforce-gt-330-oem.c1758,,geforcegt330oem
NVIDIA,GeForce GT 525M,GF108,1.0,DDR3,128,PCIe 2.0 x16,0.475,0.9,96,16,4,"Jan 5th, 2011",2011-01-05,452,1941,,,https://www.techpowerup.com/gpu-specs/geforce-gt-525m.c3998,https://www.videocardbenchmark.net/video_lookup.php?gpu=GeForce+GT+525M&id=89,geforcegt525m
NVIDIA,GRID K340,GK107,1.0,GDDR5,128,PCIe 3.0 x16,0.954,1.25,384,32,16,"Jul 23rd, 2013",2013-07-23,,,,,https://www.techpowerup.com/gpu-specs/grid-k340.c2313,,gridk340
NVIDIA,Quadro FX 700,NV35,0.125,DDR,128,AGP 8x,0.275,0.275,4,3,8,"Mar 17th, 2004",2004-03-17,,,,,https://www.techpowerup.com/gpu-specs/quadro-fx-700.c1351,,quadrofx700
AMD,FirePro S10000 Passive,Tahiti,3.0,GDDR5,384,PCIe 3.0 x16,0.95,1.25,1792,112,32,"Nov 12th, 2012",2012-11-12,,,,,https://www.techpowerup.com/gpu-specs/firepro-s10000-passive.c2507,,firepros10000passive
AMD,Radeon E9172 MXM,Lexa,2.0,GDDR5,64,MXM-A (3.0),1.219,1.5,512,32,16,"Oct 3rd, 2017",2017-10-03,,,,,https://www.techpowerup.com/gpu-specs/radeon-e9172-mxm.c3029,,radeone9172mxm
AMD,Radeon HD 6570M,Capilano,1.0,GDDR3,128,MXM-II,0.65,0.8,400,20,8,"Nov 26th, 2010",2010-11-26,,,,,https://www.techpowerup.com/gpu-specs/radeon-hd-6570m.c1211,,radeonhd6570m
AMD,Radeon HD 7690M XT Rebrand,Whistler,1.0,GDDR5,128,PCIe 2.0 x16,0.725,0.8,480,24,8,"Jan 4th, 2012",2012-01-04,,,,,https://www.techpowerup.com/gpu-specs/radeon-hd-7690m-xt-rebrand.c2296,,radeonhd7690mxtrebrand
AMD,Radeon Pro W5500M,Navi 14,4.0,GDDR6,128,PCIe 4.0 x8,1.645,1.75,1408,88,32,"Feb 10th, 2020",2020-02-10,4293,613,,,https://www.techpowerup.com/gpu-specs/radeon-pro-w5500m.c3478,https://www.videocardbenchmark.net/video_lookup.php?gpu=Radeon+Pro+W5500M&id=4180,radeonprow5500m
AMD,Radeon R5 M465,Meso,4.0,DDR3,64,PCIe 3.0 x8,1.015,1.0,384,24,8,2016,201601-01,,,,,https://www.techpowerup.com/gpu-specs/radeon-r5-m465.c2749,,radeonr5m465
AMD,Radeon R7 M380,Tropo,4.0,DDR3,128,PCIe 3.0 x16,0.915,1.0,640,40,16,"May 5th, 2015",2015-05-05,1656,1115,,,https://www.techpowerup.com/gpu-specs/radeon-r7-m380.c3046,https://www.videocardbenchmark.net/video_lookup.php?gpu=Radeon+R7+M380&id=3620,radeonr7m380
AMD,Radeon R9 M280X,Saturn,4.0,GDDR5,128,PCIe 3.0 x16,1.0,1.375,896,56,16,"Feb 5th, 2015",2015-02-05,813,1516,,,https://www.techpowerup.com/gpu-specs/radeon-r9-m280x.c2581,https://www.videocardbenchmark.net/video_lookup.php?gpu=Radeon+R9+M280X&id=3096,radeonr9m280x
AMD,Radeon RX 560DX,Polaris 21,4.0,GDDR5,128,PCIe 3.0 x8,1.175,1.5,896,56,16,"Apr 11th, 2018",2018-04-11,,,,,https://www.techpowerup.com/gpu-specs/radeon-rx-560dx.c3198,,radeonrx560dx
ATI,FireGL V5200,RV530,0.125,GDDR3,128,PCIe 1.0 x16,0.6,0.7,12,5,4,"Oct 1st, 2005",2005-10-01,114,2360,0.86,133.4,https://www.techpowerup.com/gpu-specs/firegl-v5200.c697,https://www.videocardbenchmark.net/video_lookup.php?gpu=FireGL+V5200&id=397,fireglv5200
ATI,Radeon HD 4670 X2,RV730,0.5,GDDR3,128,PCIe 2.0 x16,0.75,0.7,320,32,8,"Sep 10th, 2008",2008-09-10,,,,,https://www.techpowerup.com/gpu-specs/radeon-hd-4670-x2.c1169,,radeonhd4670x2
ATI,Radeon X1650 AGP,RV530,0.25,DDR2,128,AGP 8x,0.5,0.4,12,5,4,"Feb 1st, 2007",2007-02-01,,,,,https://www.techpowerup.com/gpu-specs/radeon-x1650-agp.c959,,radeonx1650agp
NVIDIA,GeForce 825M,GK208,1.0,DDR3,64,PCIe 3.0 x8,0.941,0.9,384,32,8,"Jan 27th, 2014",2014-01-27,748,1582,,,https://www.techpowerup.com/gpu-specs/geforce-825m.c2547,https://www.videocardbenchmark.net/video_lookup.php?gpu=GeForce+825M&id=2971,geforce825m
NVIDIA,GeForce 9200,C79,,DDR,,PCI,0.45,,16,8,4,"Jun 18th, 2008",2008-06-18,168,2242,,,https://www.techpowerup.com/gpu-specs/geforce-9200.c2887,https://www.videocardbenchmark.net/video_lookup.php?gpu=GeForce+9200&id=1288,geforce9200
NVIDIA,GeForce GT 330M,GT216,1.0,GDDR3,128,MXM-A (3.0),0.625,0.79,24,16,8,"Jan 10th, 2010",2010-01-10,219,2167,,,https://www.techpowerup.com/gpu-specs/geforce-gt-330m.c3995,https://www.videocardbenchmark.net/video_lookup.php?gpu=GeForce+GT+330M&id=108,geforcegt330m
NVIDIA,GRID K240Q,GK104,1.0,GDDR5,256,PCIe 3.0 x16,0.745,1.25,1536,128,32,"Jun 28th, 2013",2013-06-28,2541,846,,,https://www.techpowerup.com/gpu-specs/grid-k240q.c2489,https://www.videocardbenchmark.net/video_lookup.php?gpu=GRID+K240Q&id=2951,gridk240q
NVIDIA,GRID M6-8Q,GM204,8.0,GDDR5,256,PCIe 3.0 x16,0.722,1.253,1536,96,64,"Aug 30th, 2015",2015-08-30,3568,686,,,https://www.techpowerup.com/gpu-specs/grid-m6-8q.c3052,https://www.videocardbenchmark.net/video_lookup.php?gpu=GRID+M6-8Q&id=3867,gridm68q
S3,GammaChrome S18 Pro,Metropolis,0.25,DDR,128,PCIe 2.0 x16,0.4,0.35,4,4,4,"Mar 9th, 2005",2005-03-09,,,,,https://www.techpowerup.com/gpu-specs/gammachrome-s18-pro.c4371,,gammachromes18pro
AMD,Radeon HD 6770M Mac Edition,Whistler,1.0,GDDR5,128,MXM-A (3.0),0.675,0.794,480,24,8,"Jan 28th, 2011",2011-01-28,,,,,https://www.techpowerup.com/gpu-specs/radeon-hd-6770m-mac-edition.c2254,,radeonhd6770mmacedition
AMD,Radeon R5 M445,Meso,4.0,GDDR5,64,PCIe 3.0 x8,0.92,1.0,384,24,8,2016,201601-01,,,,,https://www.techpowerup.com/gpu-specs/radeon-r5-m445.c2750,,radeonr5m445
AMD,Radeon R5E Mobile Graphics,Stoney,,DDR4,4,IGP,0.847,,192,12,8,"Jun 1st, 2016",2016-06-01,,,,,https://www.techpowerup.com/gpu-specs/radeon-r5e-mobile-graphics.c4052,,radeonr5emobilegraphics
AMD,Radeon Vega 3 Embedded,Raven,,DDR4,4,IGP,1.001,,192,12,4,"Sep 6th, 2018",2018-09-06,,,,,https://www.techpowerup.com/gpu-specs/radeon-vega-3-embedded.c3290,,radeonvega3embedded
ATI,All-In-Wonder 2006 PCIe Edition,RV515,0.25,DDR2,128,PCIe 1.0 x16,0.45,0.4,4,2,4,"Dec 22nd, 2005",2005-12-22,,,,,https://www.techpowerup.com/gpu-specs/all-in-wonder-2006-pcie-edition.c1388,,allinwonder2006pcieedition
ATI,All-In-Wonder 9000 PRO,RV250,0.0625,DDR,128,AGP 8x,0.275,0.27,4,1,4,"Mar 31st, 2003",2003-03-31,,,,,https://www.techpowerup.com/gpu-specs/all-in-wonder-9000-pro.c866,,allinwonder9000pro
ATI,All-In-Wonder 9600,RV350,0.125,DDR,128,AGP 8x,0.324,0.196,4,2,4,"Dec 3rd, 2003",2003-12-03,,,,,https://www.techpowerup.com/gpu-specs/all-in-wonder-9600.c869,,allinwonder9600
ATI,FirePro V9800P,Cypress,4.0,GDDR5,256,PCIe 2.0 x16,0.85,1.15,1600,80,32,"Sep 9th, 2010",2010-09-09,,,,,https://www.techpowerup.com/gpu-specs/firepro-v9800p.c1875,,fireprov9800p
ATI,Radeon DDR VIVO,Rage 6,0.0625,DDR,128,AGP 4x,0.183,0.183,2,1,6,"Aug 14th, 2001",2001-08-14,,,,,https://www.techpowerup.com/gpu-specs/radeon-ddr-vivo.c1153,,radeonddrvivo
ATI,Radeon HD 3300 IGP,RS780,,DDR2,2,PCIe 1.0 x16,0.5,,40,4,4,"Aug 6th, 2008",2008-08-06,,,,,https://www.techpowerup.com/gpu-specs/radeon-hd-3300-igp.c231,,radeonhd3300igp
ATI,Radeon HD 3570,RV620,0.5,DDR2,64,PCIe 2.0 x16,0.796,0.495,40,4,4,"Jul 5th, 2010",2010-07-05,,,,,https://www.techpowerup.com/gpu-specs/radeon-hd-3570.c2077,,radeonhd3570
ATI,Radeon HD 4810,RV770,0.5,GDDR5,128,PCIe 2.0 x16,0.625,0.9,640,32,8,"May 28th, 2009",2009-05-28,774,1545,,,https://www.techpowerup.com/gpu-specs/radeon-hd-4810.c2096,https://www.videocardbenchmark.net/video_lookup.php?gpu=Radeon+HD+4810&id=2829,radeonhd4810
ATI,Radeon X1650 XT AGP,RV560,0.5,GDDR3,128,AGP 8x,0.54,0.68,24,8,8,"Oct 30th, 2006",2006-10-30,,,,,https://www.techpowerup.com/gpu-specs/radeon-x1650-xt-agp.c1808,,radeonx1650xtagp
ATI,Radeon X300 SE HyperMemory,RV370,0.125,DDR,64,PCIe 1.0 x16,0.325,0.3,4,2,4,"Oct 25th, 2006",2006-10-25,,,,,https://www.techpowerup.com/gpu-specs/radeon-x300-se-hypermemory.c515,,radeonx300sehypermemory
Intel,UHD Graphics P630 Mobile,Comet Lake GT2,,DDR3,3,Ring Bus,1.25,,192,24,3,"May 13th, 2020",2020-05-13,,,,,https://www.techpowerup.com/gpu-specs/uhd-graphics-p630-mobile.c3730,,uhdgraphicsp630mobile
NVIDIA,GeForce 315 OEM,GT218S,1.0,DDR3,64,PCIe 2.0 x16,0.589,0.6,16,8,4,"Feb 22nd, 2011",2011-02-22,,,,,https://www.techpowerup.com/gpu-specs/geforce-315-oem.c2271,,geforce315oem
NVIDIA,GeForce 8600M GT,G84,0.5,DDR2,128,MXM-II,0.475,0.4,32,16,8,"Dec 31st, 2007",2007-12-31,163,2252,1.51,108.1,https://www.techpowerup.com/gpu-specs/geforce-8600m-gt.c2364,https://www.videocardbenchmark.net/video_lookup.php?gpu=GeForce+8600M+GT&id=1275,geforce8600mgt
NVIDIA,GeForce Go 6200,NV44B,0.0312,DDR,64,PCIe 1.0 x16,0.3,0.3,4,3,4,"Feb 1st, 2006",2006-02-01,15,2686,,,https://www.techpowerup.com/gpu-specs/geforce-go-6200.c1568,https://www.videocardbenchmark.net/video_lookup.php?gpu=GeForce+Go+6200&id=1375,geforcego6200
NVIDIA,GeForce Go 6400,NV44,0.0312,DDR,64,PCIe 1.0 x16,0.4,0.35,4,3,4,"Feb 1st, 2006",2006-02-01,24,2658,,,https://www.techpowerup.com/gpu-specs/geforce-go-6400.c1567,https://www.videocardbenchmark.net/video_lookup.php?gpu=GeForce+Go+6400&id=1377,geforcego6400
NVIDIA,GeForce4 MX + nForce2,Crush17,,DDR,,AGP 4x,0.2,,2,0,4,"Oct 1st, 2002",2002-10-01,,,,,https://www.techpowerup.com/gpu-specs/geforce4-mx-nforce2.c2014,,geforce4mxnforce2
NVIDIA,Quadro FX 350,G72,0.125,DDR2,64,PCIe 1.0 x16,0.55,0.405,4,3,4,"Apr 20th, 2006",2006-04-20,85,2439,,,https://www.techpowerup.com/gpu-specs/quadro-fx-350.c1348,https://www.videocardbenchmark.net/video_lookup.php?gpu=Quadro+FX+350&id=1576,quadrofx350
NVIDIA,Quadro NVS 440 PCIe x1,NV43,0.125,GDDR3,128,PCIe 1.0 x1,0.25,0.25,4,3,8,"Feb 14th, 2006",2006-02-14,,,,,https://www.techpowerup.com/gpu-specs/quadro-nvs-440-pcie-x1.c4142,,quadronvs440pciex1
NVIDIA,Quadro Plex 2200 S4,GT200B,4.0,GDDR3,512,PCIe 2.0 x16,0.648,0.8,240,80,32,"Jul 25th, 2008",2008-07-25,,,,,https://www.techpowerup.com/gpu-specs/quadro-plex-2200-s4.c903,,quadroplex2200s4
NVIDIA,Quadro4 200 NVS,NV17,0.0625,DDR,128,AGP 4x,0.25,0.25,2,0,4,"Dec 22nd, 2003",2003-12-22,,,,,https://www.techpowerup.com/gpu-specs/quadro4-200-nvs.c1458,,quadro4200nvs
NVIDIA,Tesla M6 X2 Mobile,GM204,8.0,GDDR5,256,PCIe 3.0 x16,1.18,1.253,1536,96,64,"Aug 30th, 2015",2015-08-30,,,,,https://www.techpowerup.com/gpu-specs/tesla-m6-x2-mobile.c4123,,teslam6x2mobile
VIA,S3G Chrome 645,VX11,,DDR3,3,IGP,0.699,,64,8,4,"Sep 4th, 2012",2012-09-04,,,,,https://www.techpowerup.com/gpu-specs/s3g-chrome-645.c4349,,s3gchrome645
AMD,FirePro R5000,Pitcairn,2.0,GDDR5,256,PCIe 3.0 x16,0.825,0.8,768,48,32,"Feb 25th, 2013",2013-02-25,2646,819,24.06,109.99,https://www.techpowerup.com/gpu-specs/firepro-r5000.c2037,https://www.videocardbenchmark.net/video_lookup.php?gpu=FirePro+R5000&id=3444,firepror5000
ATI,Graphics Ultra Pro ISA,Mach32,0.002,DRAM,64,ISA 16-bit,0.01,0.01,1,0,0,1992,199201-01,,,,,https://www.techpowerup.com/gpu-specs/graphics-ultra-pro-isa.c2032,,graphicsultraproisa
ATI,Radeon HD 3690,RV670,0.25,GDDR3,128,PCIe 2.0 x16,0.67,0.83,320,16,16,"Mar 30th, 2008",2008-03-30,,,,,https://www.techpowerup.com/gpu-specs/radeon-hd-3690.c305,,radeonhd3690
ATI,Radeon X1050 AGP,RV360,0.125,DDR,128,AGP 8x,0.25,0.203,4,2,4,"Nov 25th, 2007",2007-11-25,,,,,https://www.techpowerup.com/gpu-specs/radeon-x1050-agp.c2088,,radeonx1050agp
ATI,Radeon X1800 CrossFire Edition,R520,0.5,GDDR3,256,PCIe 1.0 x16,0.6,0.7,16,8,16,"Dec 20th, 2005",2005-12-20,,,,,https://www.techpowerup.com/gpu-specs/radeon-x1800-crossfire-edition.c888,,radeonx1800crossfireedition
ATI,Radeon X1900 G5 Mac Edition,R580,0.25,GDDR3,256,PCIe 1.0 x16,0.575,0.6,36,8,12,"Nov 6th, 2006",2006-11-06,,,,,https://www.techpowerup.com/gpu-specs/radeon-x1900-g5-mac-edition.c2451,,radeonx1900g5macedition
ATI,Radeon X600 PRO,RV370,0.125,DDR,128,PCIe 1.0 x16,0.4,0.3,4,2,4,"Sep 1st, 2004",2004-09-01,67,2495,0.42,160.49,https://www.techpowerup.com/gpu-specs/radeon-x600-pro.c2292,https://www.videocardbenchmark.net/video_lookup.php?gpu=RADEON+X600+PRO&id=161,radeonx600pro
ATI,Radeon X800 SE,R423,0.125,DDR,256,PCIe 1.0 x16,0.425,0.35,8,6,8,"Oct 4th, 2004",2004-10-04,129,2316,,,https://www.techpowerup.com/gpu-specs/radeon-x800-se.c37,https://www.videocardbenchmark.net/video_lookup.php?gpu=RADEON+X800+SE&id=1780,radeonx800se
NVIDIA,GeForce 6200 LE,NV44,0.0625,DDR2,32,PCIe 1.0 x16,0.35,0.266,2,1,2,"Apr 4th, 2005",2005-04-04,32,2623,0.8,41.24,https://www.techpowerup.com/gpu-specs/geforce-6200-le.c709,https://www.videocardbenchmark.net/video_lookup.php?gpu=GeForce+6200+LE&id=125,geforce6200le
NVIDIA,GeForce GTS 350M,GT215,1.0,GDDR5,128,MXM-II,0.45,0.79,96,32,8,"Jan 7th, 2010",2010-01-07,380,2009,,,https://www.techpowerup.com/gpu-specs/geforce-gts-350m.c1314,https://www.videocardbenchmark.net/video_lookup.php?gpu=GeForce+GTS+350M&id=1438,geforcegts350m
NVIDIA,GeForce2 MX DH Pro TV,NV11,0.0312,SDR,128,AGP 4x,0.175,0.166,2,0,4,"Jun 28th, 2000",2000-06-28,,,,,https://www.techpowerup.com/gpu-specs/geforce2-mx-dh-pro-tv.c929,,geforce2mxdhprotv
NVIDIA,GRID M60-8Q,GM204,8.0,GDDR5,256,PCIe 3.0 x16,1.178,1.253,2048,128,64,"Aug 30th, 2015",2015-08-30,3883,648,,,https://www.techpowerup.com/gpu-specs/grid-m60-8q.c3089,https://www.videocardbenchmark.net/video_lookup.php?gpu=GRID+M60-8Q&id=3716,gridm608q
NVIDIA,Quadro FX 3600M,G92,0.5,GDDR3,256,MXM-HE,0.5,0.799,64,32,16,"Feb 23rd, 2008",2008-02-23,466,1924,,,https://www.techpowerup.com/gpu-specs/quadro-fx-3600m.c1440,https://www.videocardbenchmark.net/video_lookup.php?gpu=Quadro+FX+3600M&id=1580,quadrofx3600m
NVIDIA,Quadro FX 5500 SDI,G71,1.0,GDDR3,256,PCIe 1.0 x16,0.65,0.505,24,8,24,"Apr 20th, 2006",2006-04-20,,,,,https://www.techpowerup.com/gpu-specs/quadro-fx-5500-sdi.c1336,,quadrofx5500sdi
AMD,Radeon HD 8250 IGP,Kalindi,,DDR3,3,IGP,0.4,,128,8,4,"May 23rd, 2013",2013-05-23,,,,,https://www.techpowerup.com/gpu-specs/radeon-hd-8250-igp.c2403,,radeonhd8250igp
AMD,Radeon R9 M470,Emerald,2.0,GDDR5,128,PCIe 3.0 x16,1.0,1.2,768,48,16,"May 15th, 2016",2016-05-15,2330,885,,,https://www.techpowerup.com/gpu-specs/radeon-r9-m470.c2856,https://www.videocardbenchmark.net/video_lookup.php?gpu=Radeon+R9+M470&id=3606,radeonr9m470
AMD,Radeon RX 560 Mobile,Baffin,4.0,GDDR5,128,MXM-B (3.0),1.202,1.5,1024,64,16,"Jan 5th, 2017",2017-01-05,,,,,https://www.techpowerup.com/gpu-specs/radeon-rx-560-mobile.c3069,,radeonrx560mobile
ATI,Graphics Ultra Pro VLB,Mach32,0.001,VRAM,64,VLB,0.01,0.01,1,0,0,1993,199301-01,,,,,https://www.techpowerup.com/gpu-specs/graphics-ultra-pro-vlb.c2033,,graphicsultraprovlb
ATI,Graphics Wonder VLB,Mach32,0.001,DRAM,64,VLB,0.01,0.01,1,0,0,1992,199201-01,,,,,https://www.techpowerup.com/gpu-specs/graphics-wonder-vlb.c3162,,graphicswondervlb
ATI,Radeon 2100 IGP,RS740,,DDR2,2,PCIe 1.0 x16,0.4,,4,2,4,"Mar 4th, 2008",2008-03-04,,,,,https://www.techpowerup.com/gpu-specs/radeon-2100-igp.c2124,,radeon2100igp
ATI,Radeon 8500 XT,R250,0.125,DDR,128,AGP 4x,0.3,0.3,4,2,8,Never Released,,,,,,https://www.techpowerup.com/gpu-specs/radeon-8500-xt.c1991,,radeon8500xt
ATI,Radeon LE,Rage 6,0.0312,DDR,128,AGP 4x,0.148,0.148,2,1,6,"May 1st, 2001",2001-05-01,,,,,https://www.techpowerup.com/gpu-specs/radeon-le.c650,,radeonle
Intel,Iris Pro Graphics P580 Mobile,Skylake GT4e,,DDR4,4,Ring Bus,1.05,,576,72,9,"Sep 1st, 2015",2015-09-01,,,,,https://www.techpowerup.com/gpu-specs/iris-pro-graphics-p580-mobile.c3606,,irisprographicsp580mobile
NVIDIA,GeForce GT 325M,GT216,1.0,DDR3,128,PCIe 2.0 x16,0.45,0.7,48,16,8,"Jan 10th, 2010",2010-01-10,169,2236,,,https://www.techpowerup.com/gpu-specs/geforce-gt-325m.c1504,https://www.videocardbenchmark.net/video_lookup.php?gpu=GeForce+GT+325M&id=1415,geforcegt325m
NVIDIA,GeForce2 MX + nForce 220,Crush11,,DDR,,AGP 4x,0.175,,2,0,4,"Jun 4th, 2001",2001-06-04,,,,,https://www.techpowerup.com/gpu-specs/geforce2-mx-nforce-220.c2013,,geforce2mxnforce220
NVIDIA,GeForce2 MX 100,NV11S,0.0156,SDR,32,AGP 4x,0.12,0.143,2,0,4,Never Released,,,,,,https://www.techpowerup.com/gpu-specs/geforce2-mx-100.c4440,,geforce2mx100
AMD,Radeon HD 6510,Turks,1.0,GDDR3,128,PCIe 2.0 x16,0.65,0.667,320,16,8,"May 14th, 2011",2011-05-14,,,,,https://www.techpowerup.com/gpu-specs/radeon-hd-6510.c2395,,radeonhd6510
AMD,Radeon Pro V5300X,Baffin,4.0,GDDR5,128,PCIe 3.0 x8,1.201,1.5,1024,64,16,Never Released,,,,,,https://www.techpowerup.com/gpu-specs/radeon-pro-v5300x.c3057,,radeonprov5300x
ATI,FireGL V3350,RV515,0.25,DDR2,64,PCIe 1.0 x16,0.6,0.4,4,2,4,"Oct 1st, 2005",2005-10-01,68,2491,,,https://www.techpowerup.com/gpu-specs/firegl-v3350.c851,https://www.videocardbenchmark.net/video_lookup.php?gpu=FireGL+V3350&id=392,fireglv3350
ATI,Radeon HD 4350 PCIe x1,RV710,0.5,DDR2,64,PCIe 2.0 x1,0.6,0.4,80,8,4,"Sep 30th, 2008",2008-09-30,,,,,https://www.techpowerup.com/gpu-specs/radeon-hd-4350-pcie-x1.c921,,radeonhd4350pciex1
ATI,Radeon X1800 GTO2,R520,0.25,GDDR3,256,PCIe 1.0 x16,0.5,0.5,12,8,12,"Mar 1st, 2006",2006-03-01,,,,,https://www.techpowerup.com/gpu-specs/radeon-x1800-gto2.c453,,radeonx1800gto2
ATI,Radeon X850 PRO AGP,R481,0.25,GDDR3,256,AGP 8x,0.5,0.5,12,6,12,"Sep 4th, 2005",2005-09-04,,,,,https://www.techpowerup.com/gpu-specs/radeon-x850-pro-agp.c2418,,radeonx850proagp
Intel,UHD Graphics P630 Mobile,Coffee Lake GT2,,DDR3,3,Ring Bus,1.2,,192,24,3,"May 24th, 2018",2018-05-24,,,,,https://www.techpowerup.com/gpu-specs/uhd-graphics-p630-mobile.c3452,,uhdgraphicsp630mobile
Matrox,Millennium G450 x4 MMS,Condor,0.0312,DDR,64,PCI,0.125,0.166,2,1,2,"Jun 19th, 2002",2002-06-19,,,,,https://www.techpowerup.com/gpu-specs/millennium-g450-x4-mms.c1923,,millenniumg450x4mms
NVIDIA,GeForce 9100M G mGPU AMD,C77,,DDR3,3,PCIe 2.0 x16,0.45,,16,4,4,"Jul 29th, 2008",2008-07-29,,,,,https://www.techpowerup.com/gpu-specs/geforce-9100m-g-mgpu-amd.c1527,,geforce9100mgmgpuamd
NVIDIA,GeForce G205M,C79,,DDR,,PCIe 1.0 x16,0.45,,16,8,4,"Jan 8th, 2009",2009-01-08,125,2328,,,https://www.techpowerup.com/gpu-specs/geforce-g205m.c2174,https://www.videocardbenchmark.net/video_lookup.php?gpu=GeForce+G205M&id=1369,geforceg205m
NVIDIA,GeForce Go 7400,G72B,0.125,GDDR3,32,PCIe 1.0 x16,0.45,0.45,4,3,4,"Feb 1st, 2006",2006-02-01,65,2500,,,https://www.techpowerup.com/gpu-specs/geforce-go-7400.c1583,https://www.videocardbenchmark.net/video_lookup.php?gpu=GeForce+Go+7400&id=1386,geforcego7400
NVIDIA,GeForce GT 330M,GT216,1.0,GDDR3,128,MXM-A (3.0),0.45,0.7,48,16,8,"Jan 10th, 2010",2010-01-10,219,2167,,,https://www.techpowerup.com/gpu-specs/geforce-gt-330m.c3996,https://www.videocardbenchmark.net/video_lookup.php?gpu=GeForce+GT+330M&id=108,geforcegt330m
NVIDIA,GeForce GT 520M,GF108,1.0,DDR3,64,PCIe 2.0 x16,0.6,0.9,48,8,4,"Jan 5th, 2011",2011-01-05,286,2096,9.57,29.95,https://www.techpowerup.com/gpu-specs/geforce-gt-520m.c3997,https://www.videocardbenchmark.net/video_lookup.php?gpu=GeForce+GT+520M&id=70,geforcegt520m
NVIDIA,GeForce GT 745M,GK107,2.0,GDDR5,128,PCIe 3.0 x16,0.549,1.0,384,32,16,"Apr 1st, 2013",2013-04-01,1072,1345,,,https://www.techpowerup.com/gpu-specs/geforce-gt-745m.c2320,https://www.videocardbenchmark.net/video_lookup.php?gpu=GeForce+GT+745M&id=2564,geforcegt745m
NVIDIA,Quadro NVS 280 PCIe,NV37,0.0625,DDR,64,PCIe 1.0 x16,0.252,0.203,4,2,4,"May 25th, 2004",2004-05-25,,,,,https://www.techpowerup.com/gpu-specs/quadro-nvs-280-pcie.c1456,,quadronvs280pcie
S3,Graphics Chrome 440 GTX,Destination 3,0.25,GDDR3,64,PCIe 2.0 x16,0.8,0.8,32,4,4,"Sep 4th, 2008",2008-09-04,,,,,https://www.techpowerup.com/gpu-specs/graphics-chrome-440-gtx.c4352,,graphicschrome440gtx
AMD,Radeon E6460,Caicos,0.5,GDDR5,64,PCIe 2.0 x16,0.6,0.8,160,8,4,"Apr 7th, 2011",2011-04-07,323,2063,,,https://www.techpowerup.com/gpu-specs/radeon-e6460.c1738,https://www.videocardbenchmark.net/video_lookup.php?gpu=Radeon+E6460&id=3364,radeone6460
AMD,Radeon R7 A265,Opal,2.0,DDR3,128,PCIe 3.0 x8,0.825,0.9,384,24,8,"Jan 9th, 2014",2014-01-09,977,1400,,,https://www.techpowerup.com/gpu-specs/radeon-r7-a265.c2650,https://www.videocardbenchmark.net/video_lookup.php?gpu=Radeon+R7+A265&id=3069,radeonr7a265
ATI,FireGL V7300,R520,0.5,GDDR3,256,PCIe 1.0 x16,0.594,0.648,16,8,16,"Oct 1st, 2005",2005-10-01,128,2321,0.11,1189.99,https://www.techpowerup.com/gpu-specs/firegl-v7300.c852,https://www.videocardbenchmark.net/video_lookup.php?gpu=FireGL+V7300&id=401,fireglv7300
ATI,FirePro V7750,RV730,1.0,GDDR3,128,PCIe 2.0 x16,0.8,0.9,320,32,8,"Mar 27th, 2009",2009-03-27,,,,,https://www.techpowerup.com/gpu-specs/firepro-v7750.c860,,fireprov7750
ATI,Mobility Radeon HD 3870,M88,0.5,GDDR3,256,PCIe 2.0 x16,0.66,0.85,320,16,16,"Jun 4th, 2008",2008-06-04,547,1823,,,https://www.techpowerup.com/gpu-specs/mobility-radeon-hd-3870.c1624,https://www.videocardbenchmark.net/video_lookup.php?gpu=Mobility+Radeon+HD+3870&id=490,mobilityradeonhd3870
ATI,Mobility Radeon HD 5850 Mac Edition,Broadway,1.0,GDDR5,128,MXM-B (3.0),0.628,1.0,800,40,16,"Jan 7th, 2010",2010-01-07,,,,,https://www.techpowerup.com/gpu-specs/mobility-radeon-hd-5850-mac-edition.c2212,,mobilityradeonhd5850macedition
SIS,300,300,0.0312,SDR,128,AGP 4x,0.125,0.166,1,0,1,"Jan 28th, 1999",1999-01-28,,,,,https://www.techpowerup.com/gpu-specs/300.c4332,,300
AMD,Radeon HD 7690M Rebrand,Whistler,1.0,GDDR3,128,PCIe 2.0 x16,0.6,0.8,480,24,8,"Jan 7th, 2012",2012-01-07,,,,,https://www.techpowerup.com/gpu-specs/radeon-hd-7690m-rebrand.c1199,,radeonhd7690mrebrand
AMD,Radeon R6 M340DX,Jet,,DDR3,3,IGP,1.03,,384,24,8,"Dec 12th, 2015",2015-12-12,,,,,https://www.techpowerup.com/gpu-specs/radeon-r6-m340dx.c2942,,radeonr6m340dx
AMD,Radeon R9 M385,Strato,4.0,GDDR5,128,PCIe 3.0 x16,1.0,1.2,896,56,16,"May 5th, 2015",2015-05-05,2060,967,,,https://www.techpowerup.com/gpu-specs/radeon-r9-m385.c2709,https://www.videocardbenchmark.net/video_lookup.php?gpu=Radeon+R9+M385&id=3383,radeonr9m385
ATI,FireGL V7100,R423,0.25,GDDR3,256,PCIe 1.0 x16,0.493,0.475,16,6,16,"Dec 1st, 2004",2004-12-01,71,2477,0.22,328.67,https://www.techpowerup.com/gpu-specs/firegl-v7100.c856,https://www.videocardbenchmark.net/video_lookup.php?gpu=FireGL+V7100&id=399,fireglv7100
ATI,Radeon 9800 PRO Mac Edition,R360,0.125,DDR,256,AGP Pro 8x,0.378,0.338,8,4,8,"Mar 4th, 2004",2004-03-04,,,,,https://www.techpowerup.com/gpu-specs/radeon-9800-pro-mac-edition.c2233,,radeon9800promacedition
ATI,Radeon X1600 XT Dual,RV530,0.25,GDDR3,128,PCIe 1.0 x16,0.59,0.69,12,5,4,Never Released,,,,,,https://www.techpowerup.com/gpu-specs/radeon-x1600-xt-dual.c1173,,radeonx1600xtdual
Intel,GMA X3500,Bearlake,,UMA,,FSB,0.667,,8,1,8,"Aug 1st, 2007",2007-08-01,,,,,https://www.techpowerup.com/gpu-specs/gma-x3500.c3118,,gmax3500
Matrox,Parhelia APVe,Parhelia-512,0.125,DDR,128,PCIe 1.0 x16,0.25,0.25,2,2,8,"Jun 14th, 2006",2006-06-14,,,,,https://www.techpowerup.com/gpu-specs/parhelia-apve.c1298,,parheliaapve
NVIDIA,GeForce 9400M,C79,,DDR,,PCIe 2.0 x16,0.45,,16,8,4,"Oct 15th, 2008",2008-10-15,101,2400,,,https://www.techpowerup.com/gpu-specs/geforce-9400m.c2173,https://www.videocardbenchmark.net/video_lookup.php?gpu=GeForce+9400M&id=1299,geforce9400m
NVIDIA,GeForce 9500M GS,G84,0.5,GDDR3,128,PCIe 1.0 x16,0.475,0.7,32,16,8,"Feb 1st, 2008",2008-02-01,132,2311,,,https://www.techpowerup.com/gpu-specs/geforce-9500m-gs.c1520,https://www.videocardbenchmark.net/video_lookup.php?gpu=GeForce+9500M+GS&id=1307,geforce9500mgs
NVIDIA,GeForce Go 7900 GTX,G71,0.5,GDDR3,256,PCIe 1.0 x16,0.5,0.6,24,8,24,"Apr 18th, 2006",2006-04-18,270,2111,,,https://www.techpowerup.com/gpu-specs/geforce-go-7900-gtx.c1572,https://www.videocardbenchmark.net/video_lookup.php?gpu=GeForce+Go+7900+GTX&id=1396,geforcego7900gtx
NVIDIA,NVS 1000,GK107,2.0,DDR3,128,PCIe 3.0 x16,0.797,0.891,192,16,16,Never Released,,,,,,https://www.techpowerup.com/gpu-specs/nvs-1000.c2311,,nvs1000
NVIDIA,Quadro FX 370 LP,G98S,0.25,DDR2,64,PCIe 1.0 x16,0.54,0.5,8,4,4,"Nov 6th, 2008",2008-11-06,108,2380,,,https://www.techpowerup.com/gpu-specs/quadro-fx-370-lp.c1329,https://www.videocardbenchmark.net/video_lookup.php?gpu=Quadro+FX+370+LP&id=1584,quadrofx370lp
AMD,FirePro M4170,Opal,1.0,GDDR5,128,PCIe 3.0 x8,0.9,1.0,384,24,8,"Apr 23rd, 2015",2015-04-23,1182,1298,,,https://www.techpowerup.com/gpu-specs/firepro-m4170.c2723,https://www.videocardbenchmark.net/video_lookup.php?gpu=FirePro+M4170&id=3145,fireprom4170
AMD,FirePro W6150M,Emerald,4.0,GDDR5,128,MXM-B (3.0),1.075,1.375,768,48,16,"Nov 12th, 2015",2015-11-12,2358,880,,,https://www.techpowerup.com/gpu-specs/firepro-w6150m.c2798,https://www.videocardbenchmark.net/video_lookup.php?gpu=FirePro+W6150M&id=4341,fireprow6150m
AMD,Radeon HD 7510 OEM,Turks,1.0,GDDR3,128,PCIe 2.0 x16,0.65,0.667,320,16,4,"Feb 1st, 2013",2013-02-01,,,,,https://www.techpowerup.com/gpu-specs/radeon-hd-7510-oem.c2138,,radeonhd7510oem
AMD,Radeon HD 8240 Mobile IGP,Kalindi,,DDR3,3,IGP,0.4,,128,8,4,"Nov 1st, 2013",2013-11-01,,,,,https://www.techpowerup.com/gpu-specs/radeon-hd-8240-mobile-igp.c2202,,radeonhd8240mobileigp
ATI,All-In-Wonder HD 3650,RV635,0.5,DDR2,128,PCIe 2.0 x16,0.725,0.6,120,8,4,"Jun 28th, 2008",2008-06-28,,,,,https://www.techpowerup.com/gpu-specs/all-in-wonder-hd-3650.c844,,allinwonderhd3650
ATI,Radeon IGP 340M,RS200,,DDR,,AGP 4x,0.183,,0,1,2,"Oct 5th, 2002",2002-10-05,2,2839,,,https://www.techpowerup.com/gpu-specs/radeon-igp-340m.c674,https://www.videocardbenchmark.net/video_lookup.php?gpu=Radeon+IGP+340M&id=1739,radeonigp340m
NVIDIA,GeForce 6800 GTO,NV45,0.25,GDDR3,256,PCIe 1.0 x16,0.35,0.5,12,5,12,"Apr 14th, 2004",2004-04-14,,,,,https://www.techpowerup.com/gpu-specs/geforce-6800-gto.c719,,geforce6800gto
NVIDIA,GeForce 945A,GM108,1.0,GDDR5,64,PCIe 3.0 x8,1.189,1.253,384,24,8,"Mar 13th, 2015",2015-03-13,1852,1044,,,https://www.techpowerup.com/gpu-specs/geforce-945a.c2813,https://www.videocardbenchmark.net/video_lookup.php?gpu=GeForce+945A&id=4094,geforce945a
NVIDIA,GeForce Go 6150 + nForce Go 430,C51,,DDR2,2,PCIe 2.0 x1,0.425,,2,1,2,"Feb 1st, 2006",2006-02-01,,,,,https://www.techpowerup.com/gpu-specs/geforce-go-6150-nforce-go-430.c1570,,geforcego6150nforcego430
NVIDIA,Tesla S1075,GT200B,4.0,GDDR3,512,PCIe 2.0 x16,0.61,0.8,240,80,32,"Jun 1st, 2008",2008-06-01,,,,,https://www.techpowerup.com/gpu-specs/tesla-s1075.c1541,,teslas1075
AMD,Radeon HD 8510G IGP,Devastator-M,,DDR3,3,IGP,0.554,,384,24,8,"May 23rd, 2013",2013-05-23,,,,,https://www.techpowerup.com/gpu-specs/radeon-hd-8510g-igp.c2191,,radeonhd8510gigp
AMD,Radeon R2 Mobile Graphics,Beema,,DDR3,3,IGP,0.497,,128,8,4,"Jan 28th, 2015",2015-01-28,,,,,https://www.techpowerup.com/gpu-specs/radeon-r2-mobile-graphics.c3634,,radeonr2mobilegraphics
AMD,Radeon R6 Mobile Graphics,Wani-M,,DDR3,3,IGP,0.72,,384,24,8,"Nov 7th, 2015",2015-11-07,,,,,https://www.techpowerup.com/gpu-specs/radeon-r6-mobile-graphics.c2780,,radeonr6mobilegraphics
AMD,Radeon R7 M270,Opal,2.0,DDR3,128,PCIe 3.0 x8,0.825,0.9,384,24,8,"Jan 9th, 2014",2014-01-09,784,1537,,,https://www.techpowerup.com/gpu-specs/radeon-r7-m270.c2657,https://www.videocardbenchmark.net/video_lookup.php?gpu=Radeon+R7+M270&id=3074,radeonr7m270
ATI,FireMV 2250,RV516,0.25,DDR2,128,PCIe 1.0 x16,0.6,0.4,4,2,4,2007,200701-01,45,2557,0.44,104.0,https://www.techpowerup.com/gpu-specs/firemv-2250.c573,https://www.videocardbenchmark.net/video_lookup.php?gpu=FireMV+2250&id=416,firemv2250
ATI,Mobility Radeon HD 4870,M98,0.5,GDDR3,256,PCIe 2.0 x16,0.55,0.888,800,40,16,"Jan 9th, 2009",2009-01-09,719,1615,,,https://www.techpowerup.com/gpu-specs/mobility-radeon-hd-4870.c1637,https://www.videocardbenchmark.net/video_lookup.php?gpu=Mobility+Radeon+HD+4870&id=148,mobilityradeonhd4870
ATI,Radeon 9800 SE,R350,0.125,DDR,256,AGP 8x,0.378,0.297,4,4,4,"Mar 1st, 2003",2003-03-01,23,2661,,,https://www.techpowerup.com/gpu-specs/radeon-9800-se.c3106,https://www.videocardbenchmark.net/video_lookup.php?gpu=RADEON+9800+SE&id=1732,radeon9800se
ATI,Radeon X1650 XT Dual,RV560,0.25,GDDR3,128,PCIe 1.0 x16,0.525,0.7,24,8,8,"Oct 30th, 2006",2006-10-30,,,,,https://www.techpowerup.com/gpu-specs/radeon-x1650-xt-dual.c978,,radeonx1650xtdual
Intel,HD Graphics 10EU Mobile,Haswell GT1,,DDR3,3,Ring Bus,0.85,,80,10,1,"Apr 29th, 2013",2013-04-29,,,,,https://www.techpowerup.com/gpu-specs/hd-graphics-10eu-mobile.c3134,,hdgraphics10eumobile
Intel,HD Graphics 4200 Mobile,Haswell GT2,,DDR3,3,Ring Bus,0.85,,160,20,2,"Sep 2nd, 2013",2013-09-02,,,,,https://www.techpowerup.com/gpu-specs/hd-graphics-4200-mobile.c3287,,hdgraphics4200mobile
Matrox,Mystique G200,Eclipse,0.0078,SDR,64,AGP 2x,0.084,0.112,1,1,1,1998,199801-01,,,,,https://www.techpowerup.com/gpu-specs/mystique-g200.c3723,,mystiqueg200
NVIDIA,GeForce Go 7950 GTX MXM-IV,G71,0.5,GDDR3,256,MXM-IV,0.575,0.7,24,8,24,"Oct 12th, 2006",2006-10-12,,,,,https://www.techpowerup.com/gpu-specs/geforce-go-7950-gtx-mxm-iv.c4356,,geforcego7950gtxmxmiv
NVIDIA,GeForce GT 445M,GF106,1.0,GDDR5,128,PCIe 2.0 x16,0.57,0.625,144,24,16,"Sep 3rd, 2010",2010-09-03,789,1534,,,https://www.techpowerup.com/gpu-specs/geforce-gt-445m.c1500,https://www.videocardbenchmark.net/video_lookup.php?gpu=GeForce+GT+445M&id=1424,geforcegt445m
NVIDIA,GeForce GT 445M,GF106,3.0,DDR3,192,PCIe 2.0 x16,0.59,0.8,144,24,24,"Sep 3rd, 2010",2010-09-03,789,1534,,,https://www.techpowerup.com/gpu-specs/geforce-gt-445m.c1501,https://www.videocardbenchmark.net/video_lookup.php?gpu=GeForce+GT+445M&id=1424,geforcegt445m
NVIDIA,GeForce GTX 950M Mac Edition,GM107,2.0,DDR3,128,MXM-B (3.0),1.124,0.9,640,40,16,"Mar 13th, 2015",2015-03-13,,,,,https://www.techpowerup.com/gpu-specs/geforce-gtx-950m-mac-edition.c2777,,geforcegtx950mmacedition
NVIDIA,Quadro NVS 110M,G72,0.5,DDR,64,PCIe 1.0 x16,0.3,0.3,4,3,4,"Jun 1st, 2006",2006-06-01,47,2553,,,https://www.techpowerup.com/gpu-specs/quadro-nvs-110m.c1447,https://www.videocardbenchmark.net/video_lookup.php?gpu=Quadro+NVS+110M&id=1620,quadronvs110m
NVIDIA,Tesla K20s,GK110,5.0,GDDR5,320,PCIe 2.0 x16,0.575,1.3,2496,208,40,"Feb 18th, 2013",2013-02-18,,,,,https://www.techpowerup.com/gpu-specs/tesla-k20s.c2044,,teslak20s
AMD,FireStream 9370,Cypress,4.0,GDDR5,256,PCIe 2.0 x16,0.825,1.15,1600,80,32,"Jun 23rd, 2010",2010-06-23,2528,852,,,https://www.techpowerup.com/gpu-specs/firestream-9370.c1185,https://www.videocardbenchmark.net/video_lookup.php?gpu=FireStream+9370&id=247,firestream9370
AMD,Radeon Vega 3 Embedded,Picasso-M,,DDR4,4,IGP,1.0,,192,12,4,2019,201901-01,,,,,https://www.techpowerup.com/gpu-specs/radeon-vega-3-embedded.c3341,,radeonvega3embedded
ATI,FireGL V3400,RV530,0.125,GDDR3,128,PCIe 1.0 x16,0.5,0.5,12,5,4,"Oct 1st, 2005",2005-10-01,103,2393,,,https://www.techpowerup.com/gpu-specs/firegl-v3400.c695,https://www.videocardbenchmark.net/video_lookup.php?gpu=FireGL+V3400&id=393,fireglv3400
ATI,FireMV 2400 PCI,RV380,0.125,DDR,128,PCI,0.5,0.5,4,2,4,2008,200801-01,,,,,https://www.techpowerup.com/gpu-specs/firemv-2400-pci.c2439,,firemv2400pci
ATI,Radeon 9100 PCI,R200,0.0625,DDR,128,PCI,0.25,0.25,4,2,8,"Apr 1st, 2003",2003-04-01,,,,,https://www.techpowerup.com/gpu-specs/radeon-9100-pci.c805,,radeon9100pci
ATI,Radeon 9200 SE PCI,RV280,0.0625,DDR,64,PCI,0.2,0.166,4,1,4,"Mar 1st, 2003",2003-03-01,,,,,https://www.techpowerup.com/gpu-specs/radeon-9200-se-pci.c933,,radeon9200sepci
ATI,Radeon X800 GT,R430,0.125,DDR,256,PCIe 1.0 x16,0.475,0.493,8,6,8,"Nov 1st, 2005",2005-11-01,84,2445,,,https://www.techpowerup.com/gpu-specs/radeon-x800-gt.c534,https://www.videocardbenchmark.net/video_lookup.php?gpu=RADEON+X800+GT&id=618,radeonx800gt
Intel,HD Graphics 510 Mobile,Skylake GT1,,DDR3,3,Ring Bus,0.9,,96,12,3,"Sep 1st, 2015",2015-09-01,,,,,https://www.techpowerup.com/gpu-specs/hd-graphics-510-mobile.c2784,,hdgraphics510mobile
Intel,UHD Graphics 16EU Mobile,Elkhart Lake GT1,,DDR4,4,Ring Bus,0.75,,128,8,4,"Sep 23rd, 2020",2020-09-23,,,,,https://www.techpowerup.com/gpu-specs/uhd-graphics-16eu-mobile.c4090,,uhdgraphics16eumobile
Intel,UHD Graphics 610 Mobile,Coffee Lake GT1,,DDR3,3,Ring Bus,0.9,,96,12,2,"Apr 3rd, 2018",2018-04-03,,,,,https://www.techpowerup.com/gpu-specs/uhd-graphics-610-mobile.c3453,,uhdgraphics610mobile
Matrox,Millenium P750,Parhelia-LX,0.125,DDR,128,AGP 8x,0.25,0.25,2,2,8,"May 10th, 2003",2003-05-10,,,,,https://www.techpowerup.com/gpu-specs/millenium-p750.c99,,milleniump750
NVIDIA,GeForce 7150M + nForce 630M,C67,,DDR2,2,PCIe 1.0 x16,0.425,,2,1,2,"Nov 16th, 2007",2007-11-16,18,2676,,,https://www.techpowerup.com/gpu-specs/geforce-7150m-nforce-630m.c1585,https://www.videocardbenchmark.net/video_lookup.php?gpu=GeForce+7150M+%2F+nForce+630M&id=1229,geforce7150mnforce630m
NVIDIA,GeForce 8100 + nForce 720a,C78,,DDR,,PCI,0.5,,16,8,4,"May 6th, 2008",2008-05-06,79,2465,,,https://www.techpowerup.com/gpu-specs/geforce-8100-nforce-720a.c2048,https://www.videocardbenchmark.net/video_lookup.php?gpu=GeForce+8100+%2F+nForce+720a&id=1257,geforce8100nforce720a
NVIDIA,GeForce GT 330 OEM,GT215,1.0,GDDR3,128,PCIe 2.0 x16,0.54,0.79,96,32,8,"Feb 2nd, 2010",2010-02-02,,,,,https://www.techpowerup.com/gpu-specs/geforce-gt-330-oem.c4054,,geforcegt330oem
NVIDIA,GeForce2 Go 100,NV11,0.0156,DDR,32,AGP 4x,0.125,0.166,2,0,4,"Feb 6th, 2001",2001-02-06,,,,,https://www.techpowerup.com/gpu-specs/geforce2-go-100.c1559,,geforce2go100
3Dfx,Voodoo4 4000 AGP,VSA-100,0.0156,SDR,128,AGP 4x,0.166,0.166,2,0,2,Never Released,,,,,,https://www.techpowerup.com/gpu-specs/voodoo4-4000-agp.c3550,,voodoo44000agp
AMD,Radeon HD 7970M X2,Wimbledon,2.0,GDDR5,256,MXM-B (3.0),0.85,1.2,1280,80,32,"Apr 24th, 2012",2012-04-24,,,,,https://www.techpowerup.com/gpu-specs/radeon-hd-7970m-x2.c4125,,radeonhd7970mx2
AMD,Radeon R8 M435DX,Jet,,DDR3,3,IGP,1.03,,384,24,8,"Dec 12th, 2016",2016-12-12,,,,,https://www.techpowerup.com/gpu-specs/radeon-r8-m435dx.c2944,,radeonr8m435dx
AMD,Radeon R9 M365X,Tropo,4.0,GDDR5,128,PCIe 3.0 x16,0.925,1.125,640,40,16,"May 5th, 2015",2015-05-05,1481,1190,,,https://www.techpowerup.com/gpu-specs/radeon-r9-m365x.c2761,https://www.videocardbenchmark.net/video_lookup.php?gpu=Radeon+R9+M365X&id=3463,radeonr9m365x
AMD,Radeon RX 560 Mobile,Baffin,4.0,GDDR5,128,MXM-B (3.0),1.032,1.71,896,56,16,"Jan 5th, 2017",2017-01-05,,,,,https://www.techpowerup.com/gpu-specs/radeon-rx-560-mobile.c3386,,radeonrx560mobile
ATI,FireGL V8600,R600,1.0,GDDR4,512,PCIe 1.0 x16,0.688,0.868,320,16,16,"May 14th, 2007",2007-05-14,838,1492,,,https://www.techpowerup.com/gpu-specs/firegl-v8600.c689,https://www.videocardbenchmark.net/video_lookup.php?gpu=FireGL+V8600&id=405,fireglv8600
ATI,FireMV 2260,RV620,0.25,DDR2,64,PCIe 2.0 x16,0.5,0.5,40,4,4,2008,200801-01,117,2349,1.33,88.08,https://www.techpowerup.com/gpu-specs/firemv-2260.c581,https://www.videocardbenchmark.net/video_lookup.php?gpu=FireMV+2260&id=417,firemv2260
ATI,FirePro M7740,M97,1.0,GDDR5,128,PCIe 2.0 x16,0.65,0.846,640,32,16,"Aug 4th, 2009",2009-08-04,665,1669,,,https://www.techpowerup.com/gpu-specs/firepro-m7740.c1675,https://www.videocardbenchmark.net/video_lookup.php?gpu=FirePro+M7740&id=425,fireprom7740
Intel,HD Graphics 610 Mobile,Kaby Lake GT1,,DDR4,4,Ring Bus,0.9,,96,12,2,"Aug 30th, 2016",2016-08-30,,,,,https://www.techpowerup.com/gpu-specs/hd-graphics-610-mobile.c3102,,hdgraphics610mobile
Matrox,Millennium G200A,Calao,0.0078,SDR,64,PCI,0.084,0.112,1,1,1,1999,199901-01,,,,,https://www.techpowerup.com/gpu-specs/millennium-g200a.c3725,,millenniumg200a
Matrox,QID LP PCIe,MP-A4,0.125,DDR,128,PCIe 1.0 x16,0.25,0.3,2,2,8,"Dec 17th, 2004",2004-12-17,,,,,https://www.techpowerup.com/gpu-specs/qid-lp-pcie.c3524,,qidlppcie
NVIDIA,GeForce 6200 LE PCI,NV43,0.25,DDR,64,PCI,0.3,0.266,4,3,4,"Oct 11th, 2004",2004-10-11,,,,,https://www.techpowerup.com/gpu-specs/geforce-6200-le-pci.c1296,,geforce6200lepci
NVIDIA,GeForce 7050 PV + nForce 630a,C68,,DDR2,2,PCI,0.425,,2,1,2,"Feb 1st, 2006",2006-02-01,30,2634,,,https://www.techpowerup.com/gpu-specs/geforce-7050-pv-nforce-630a.c2152,https://www.videocardbenchmark.net/video_lookup.php?gpu=GeForce+7050+PV+%2F+nForce+630a&id=1224,geforce7050pvnforce630a
NVIDIA,GeForce 9300M G,G86S,0.25,DDR2,64,PCIe 2.0 x16,0.4,0.4,16,8,4,"Feb 1st, 2008",2008-02-01,84,2442,,,https://www.techpowerup.com/gpu-specs/geforce-9300m-g.c1524,https://www.videocardbenchmark.net/video_lookup.php?gpu=GeForce+9300M+G&id=1296,geforce9300mg
NVIDIA,GeForce GTX 950A,GM107,2.0,DDR3,128,MXM-B (3.0),1.124,1.001,640,40,16,"Mar 13th, 2015",2015-03-13,2598,830,,,https://www.techpowerup.com/gpu-specs/geforce-gtx-950a.c2776,https://www.videocardbenchmark.net/video_lookup.php?gpu=GeForce+GTX+950A&id=3334,geforcegtx950a
NVIDIA,GRID K180Q,GK107,1.0,DDR3,128,PCIe 3.0 x16,0.85,0.891,192,16,16,"Jun 28th, 2013",2013-06-28,533,1844,,,https://www.techpowerup.com/gpu-specs/grid-k180q.c2668,https://www.videocardbenchmark.net/video_lookup.php?gpu=GRID+K180Q&id=3194,gridk180q
NVIDIA,Quadro 5000 SDI,GF100,2.5,GDDR5,320,PCIe 2.0 x16,0.513,0.75,352,44,40,"Feb 23rd, 2011",2011-02-23,,,,,https://www.techpowerup.com/gpu-specs/quadro-5000-sdi.c2438,,quadro5000sdi
AMD,Radeon 530X Mobile,Polaris 24,2.0,GDDR5,64,PCIe 3.0 x8,1.024,1.125,384,24,8,"Apr 18th, 2017",2017-04-18,,,,,https://www.techpowerup.com/gpu-specs/radeon-530x-mobile.c3108,,radeon530xmobile
AMD,Radeon R7 M465X,Tropo,2.0,GDDR5,128,PCIe 3.0 x16,0.925,1.125,512,32,16,"May 15th, 2016",2016-05-15,1786,1074,,,https://www.techpowerup.com/gpu-specs/radeon-r7-m465x.c2855,https://www.videocardbenchmark.net/video_lookup.php?gpu=Radeon+R7+M465X&id=3760,radeonr7m465x
ATI,FirePro V3750,RV730,0.25,GDDR3,128,PCIe 2.0 x16,0.55,0.7,320,32,8,"Sep 11th, 2008",2008-09-11,,,,,https://www.techpowerup.com/gpu-specs/firepro-v3750.c859,,fireprov3750
ATI,Mobility Radeon HD 3670,M86,0.25,GDDR3,128,MXM-II,0.68,0.8,120,8,4,"Jan 7th, 2008",2008-01-07,232,2152,,,https://www.techpowerup.com/gpu-specs/mobility-radeon-hd-3670.c1622,https://www.videocardbenchmark.net/video_lookup.php?gpu=Mobility+Radeon+HD+3670&id=488,mobilityradeonhd3670
ATI,Radeon SDR PCI,Rage 6,0.0312,SDR,128,PCI,0.166,0.166,2,1,6,"Jun 1st, 2000",2000-06-01,,,,,https://www.techpowerup.com/gpu-specs/radeon-sdr-pci.c3024,,radeonsdrpci
Matrox,Marvel G200,Eclipse,0.0078,SDR,64,AGP 2x,0.084,0.112,1,1,1,1998,199801-01,,,,,https://www.techpowerup.com/gpu-specs/marvel-g200.c3724,,marvelg200
NVIDIA,GeForce 7050 + nForce 630a,C61,,DDR2,2,PCI,0.425,,2,1,2,"Feb 1st, 2006",2006-02-01,,,,,https://www.techpowerup.com/gpu-specs/geforce-7050-nforce-630a.c2153,,geforce7050nforce630a
NVIDIA,GeForce 8800M GTS,G92,0.5,GDDR3,256,MXM-HE,0.5,0.8,64,32,16,"Nov 1st, 2007",2007-11-01,382,2005,,,https://www.techpowerup.com/gpu-specs/geforce-8800m-gts.c1528,https://www.videocardbenchmark.net/video_lookup.php?gpu=GeForce+8800M+GTS&id=1284,geforce8800mgts
NVIDIA,GeForce 9800M GTS,G94,1.0,GDDR3,256,PCIe 2.0 x16,0.6,0.8,64,32,16,"Aug 21st, 2008",2008-08-21,349,2035,,,https://www.techpowerup.com/gpu-specs/geforce-9800m-gts.c2672,https://www.videocardbenchmark.net/video_lookup.php?gpu=GeForce+9800M+GTS&id=1326,geforce9800mgts
NVIDIA,GeForce GT 555M,GF106,1.0,DDR3,128,PCIe 2.0 x16,0.59,0.9,144,24,16,"Jul 2nd, 2011",2011-07-02,646,1692,3.65,177.2,https://www.techpowerup.com/gpu-specs/geforce-gt-555m.c2225,https://www.videocardbenchmark.net/video_lookup.php?gpu=GeForce+GT+555M&id=1428,geforcegt555m
NVIDIA,GRID K220Q,GK104,0.5,GDDR5,256,PCIe 3.0 x16,0.745,1.25,1536,128,32,"Jul 2nd, 2014",2014-07-02,912,1440,,,https://www.techpowerup.com/gpu-specs/grid-k220q.c2592,https://www.videocardbenchmark.net/video_lookup.php?gpu=GRID+K220Q&id=3140,gridk220q
NVIDIA,Quadro FX 3000G,NV35,0.25,DDR,256,AGP 8x,0.4,0.425,4,3,8,"Jul 22nd, 2003",2003-07-22,,,,,https://www.techpowerup.com/gpu-specs/quadro-fx-3000g.c1364,,quadrofx3000g
AMD,FirePro A320,Devastator,,DDR3,3,PCIe 2.0 x16,0.955,,384,24,8,"Jun 6th, 2012",2012-06-06,,,,,https://www.techpowerup.com/gpu-specs/firepro-a320.c1890,,fireproa320
AMD,Radeon E8870 MXM,Saturn,4.0,GDDR5,128,MXM-B (3.0),1.0,1.5,768,48,16,"Sep 29th, 2015",2015-09-29,,,,,https://www.techpowerup.com/gpu-specs/radeon-e8870-mxm.c4040,,radeone8870mxm
AMD,Radeon HD 7330M,Robson,1.0,GDDR3,64,PCIe 2.0 x16,0.65,0.5,80,8,4,"Jan 7th, 2012",2012-01-07,,,,,https://www.techpowerup.com/gpu-specs/radeon-hd-7330m.c1194,,radeonhd7330m
AMD,Radeon HD 7670M Rebrand,Whistler,1.0,GDDR3,128,PCIe 2.0 x16,0.6,0.9,480,24,8,"Jul 1st, 2012",2012-07-01,,,,,https://www.techpowerup.com/gpu-specs/radeon-hd-7670m-rebrand.c2321,,radeonhd7670mrebrand
AMD,Radeon HD 7950M,Wimbledon,2.0,GDDR5,256,MXM-B (3.0),0.7,1.0,1280,80,32,"Apr 24th, 2012",2012-04-24,,,,,https://www.techpowerup.com/gpu-specs/radeon-hd-7950m.c1293,,radeonhd7950m
AMD,Radeon HD 8280 IGP,Kalindi,,DDR3,3,IGP,0.45,,128,8,4,"Sep 18th, 2013",2013-09-18,,,,,https://www.techpowerup.com/gpu-specs/radeon-hd-8280-igp.c2204,,radeonhd8280igp
AMD,Radeon R5 A240,Oland,2.0,DDR3,128,PCIe 3.0 x8,0.78,0.9,320,20,8,2014,201401-01,576,1786,,,https://www.techpowerup.com/gpu-specs/radeon-r5-a240.c2714,https://www.videocardbenchmark.net/video_lookup.php?gpu=Radeon+R5+A240&id=3497,radeonr5a240
AMD,Radeon Vega 3 Embedded,Picasso-M,,DDR4,4,IGP,1.2,,192,12,4,2019,201901-01,,,,,https://www.techpowerup.com/gpu-specs/radeon-vega-3-embedded.c3340,,radeonvega3embedded
ATI,All-In-Wonder Radeon 8500,R200,0.125,DDR,128,AGP 8x,0.275,0.275,4,2,8,"Nov 14th, 2001",2001-11-14,,,,,https://www.techpowerup.com/gpu-specs/all-in-wonder-radeon-8500.c865,,allinwonderradeon8500
ATI,All-In-Wonder Radeon 8500DV,R200,0.0625,DDR,128,AGP 8x,0.23,0.19,4,2,8,"Aug 30th, 2001",2001-08-30,5,2744,,,https://www.techpowerup.com/gpu-specs/all-in-wonder-radeon-8500dv.c864,https://www.videocardbenchmark.net/video_lookup.php?gpu=ALL-IN-WONDER+RADEON+8500DV&id=222,allinwonderradeon8500dv
ATI,Mobility Radeon HD 2700,M76,0.25,GDDR3,128,MXM-II,0.65,0.7,120,8,4,"Dec 12th, 2007",2007-12-12,,,,,https://www.techpowerup.com/gpu-specs/mobility-radeon-hd-2700.c1621,,mobilityradeonhd2700
ATI,Mobility Radeon HD 4530,M92,0.5,GDDR3,64,MXM-II,0.5,0.7,80,8,4,"Jan 9th, 2009",2009-01-09,,,,,https://www.techpowerup.com/gpu-specs/mobility-radeon-hd-4530.c1628,,mobilityradeonhd4530
ATI,Mobility Radeon X1800,M58,0.25,GDDR3,256,MXM-III,0.45,0.504,12,8,12,"Mar 1st, 2006",2006-03-01,130,2314,,,https://www.techpowerup.com/gpu-specs/mobility-radeon-x1800.c1605,https://www.videocardbenchmark.net/video_lookup.php?gpu=MOBILITY+RADEON+X1800&id=538,mobilityradeonx1800
ATI,Radeon HD 3830,RV670,0.25,GDDR3,128,PCIe 2.0 x16,0.668,0.828,320,16,16,"Apr 1st, 2008",2008-04-01,,,,,https://www.techpowerup.com/gpu-specs/radeon-hd-3830.c227,,radeonhd3830
ATI,Radeon IGP 320,RS100,,DDR,,AGP 4x,0.16,,1,0,1,"Oct 5th, 2002",2002-10-05,3,2796,,,https://www.techpowerup.com/gpu-specs/radeon-igp-320.c3362,https://www.videocardbenchmark.net/video_lookup.php?gpu=RADEON+IGP+320&id=2618,radeonigp320
ATI,Radeon X1550 AGP,RV505,0.25,DDR2,64,AGP 8x,0.6,0.33,4,2,4,2007,200701-01,,,,,https://www.techpowerup.com/gpu-specs/radeon-x1550-agp.c922,,radeonx1550agp
ATI,Radeon Xpress 1100 Mobile IGP,RS482,,SDR,,PCIe 1.0 x16,0.3,,2,2,2,2005,200501-01,,,,,https://www.techpowerup.com/gpu-specs/radeon-xpress-1100-mobile-igp.c680,,radeonxpress1100mobileigp
ATI,Rage Mobility 128 AGP 2X,M3,0.0156,SDR,64,AGP 2x,0.105,0.105,2,0,2,"Oct 1st, 1999",1999-10-01,,,,,https://www.techpowerup.com/gpu-specs/rage-mobility-128-agp-2x.c1217,,ragemobility128agp2x
NVIDIA,GeForce 840A,GM108,2.0,DDR3,64,PCIe 3.0 x8,1.124,1.001,384,16,8,"Mar 17th, 2014",2014-03-17,1093,1332,,,https://www.techpowerup.com/gpu-specs/geforce-840a.c2569,https://www.videocardbenchmark.net/video_lookup.php?gpu=GeForce+840A&id=3045,geforce840a
NVIDIA,GeForce 9300M GS GDDR3,G98,0.25,GDDR3,64,MXM-I,0.58,0.702,8,4,4,"Jun 4th, 2008",2008-06-04,,,,,https://www.techpowerup.com/gpu-specs/geforce-9300m-gs-gddr3.c4025,,geforce9300mgsgddr3
NVIDIA,GeForce G105M,GT218S,0.25,GDDR3,64,PCIe 2.0 x16,0.5,0.7,16,8,4,"Jul 16th, 2009",2009-07-16,99,2404,,,https://www.techpowerup.com/gpu-specs/geforce-g105m.c2244,https://www.videocardbenchmark.net/video_lookup.php?gpu=GeForce+G+105M&id=1364,geforceg105m
NVIDIA,GeForce GT 520 OEM,GF119S,1.0,DDR3,64,PCIe 2.0 x16,0.589,0.5,48,8,4,"Aug 20th, 2012",2012-08-20,,,,,https://www.techpowerup.com/gpu-specs/geforce-gt-520-oem.c2281,,geforcegt520oem
NVIDIA,Quadro K2000M Embedded,EXK107,2.0,GDDR5,128,PCIe 3.0 x16,1.058,0.9,384,32,16,"Mar 22nd, 2012",2012-03-22,,,,,https://www.techpowerup.com/gpu-specs/quadro-k2000m-embedded.c4117,,quadrok2000membedded
NVIDIA,Quadro NVS 50 PCI,NV18,0.0625,DDR,64,PCI,0.25,0.2,2,0,4,"May 31st, 2005",2005-05-31,,,,,https://www.techpowerup.com/gpu-specs/quadro-nvs-50-pci.c1460,,quadronvs50pci
AMD,Radeon HD 6530,Redwood,1.0,GDDR3,128,PCIe 2.0 x16,0.65,0.6,400,20,8,"May 14th, 2011",2011-05-14,,,,,https://www.techpowerup.com/gpu-specs/radeon-hd-6530.c2361,,radeonhd6530
AMD,Radeon HD 8280E,Kalindi,,DDR3,3,IGP,0.45,,128,8,4,"Apr 23rd, 2013",2013-04-23,296,2086,,,https://www.techpowerup.com/gpu-specs/radeon-hd-8280e.c2197,https://www.videocardbenchmark.net/video_lookup.php?gpu=Radeon+HD+8280E&id=2799,radeonhd8280e
ATI,FireGL 9600 T2-64S,RV350,0.0625,DDR,128,AGP 8x,0.324,0.203,4,2,4,"Oct 1st, 2003",2003-10-01,,,,,https://www.techpowerup.com/gpu-specs/firegl-9600-t2-64s.c3097,,firegl9600t264s
ATI,Graphics Xpression ISA,Mach64,0.002,DRAM,64,PCI,0.04,0.04,1,0,0,1995,199501-01,,,,,https://www.techpowerup.com/gpu-specs/graphics-xpression-isa.c3174,,graphicsxpressionisa
ATI,Radeon X800 CrossFire Edition,R430,0.25,GDDR3,256,PCIe 1.0 x16,0.5,0.5,16,6,16,"Oct 28th, 2005",2005-10-28,,,,,https://www.techpowerup.com/gpu-specs/radeon-x800-crossfire-edition.c993,,radeonx800crossfireedition
ATI,Radeon Xpress 1100 IGP,RC410,,DDR,,PCIe 1.0 x16,0.3,,2,2,2,"Oct 17th, 2007",2007-10-17,,,,,https://www.techpowerup.com/gpu-specs/radeon-xpress-1100-igp.c2477,,radeonxpress1100igp
NVIDIA,GeForce 845M,GM108,2.0,GDDR5,64,PCIe 3.0 x8,1.15,1.253,384,32,16,"Aug 26th, 2015",2015-08-26,1548,1165,,,https://www.techpowerup.com/gpu-specs/geforce-845m.c2753,https://www.videocardbenchmark.net/video_lookup.php?gpu=GeForce+845M&id=3126,geforce845m
NVIDIA,GeForce GT 130 Mac Edition,G94B,0.5,GDDR3,192,PCIe 2.0 x16,0.6,0.792,48,24,12,"Dec 12th, 2008",2008-12-12,,,,,https://www.techpowerup.com/gpu-specs/geforce-gt-130-mac-edition.c2238,,geforcegt130macedition
NVIDIA,ION,GT218S,,DDR3,3,PCIe 2.0 x16,0.5,,16,8,4,"Jun 3rd, 2008",2008-06-03,114,2362,0.5,229.99,https://www.techpowerup.com/gpu-specs/ion.c3157,https://www.videocardbenchmark.net/video_lookup.php?gpu=ION&id=1515,ion
S3,Graphics Chrome 530 GT,Destination 4,0.5,GDDR2,64,PCIe 2.0 x16,0.625,0.5,32,4,4,"Nov 20th, 2008",2008-11-20,,,,,https://www.techpowerup.com/gpu-specs/graphics-chrome-530-gt.c4354,,graphicschrome530gt
AMD,Radeon HD 7650M Rebrand,Whistler,1.0,DDR3,128,PCIe 2.0 x16,0.485,0.8,480,24,8,"Mar 28th, 2012",2012-03-28,,,,,https://www.techpowerup.com/gpu-specs/radeon-hd-7650m-rebrand.c2291,,radeonhd7650mrebrand
AMD,Radeon R9 M275,Venus,2.0,GDDR5,128,PCIe 3.0 x16,0.925,1.0,640,40,16,"Jan 28th, 2014",2014-01-28,1114,1323,1.59,699.99,https://www.techpowerup.com/gpu-specs/radeon-r9-m275.c2574,https://www.videocardbenchmark.net/video_lookup.php?gpu=Radeon+R9+M275&id=3010,radeonr9m275
ATI,Mobility Radeon 9000,M9,0.0625,DDR,64,AGP 4x,0.24,0.2,4,1,4,"Sep 1st, 2002",2002-09-01,3,2812,,,https://www.techpowerup.com/gpu-specs/mobility-radeon-9000.c1595,https://www.videocardbenchmark.net/video_lookup.php?gpu=MOBILITY+RADEON+9000&id=465,mobilityradeon9000
ATI,Mobility Radeon X1600 Mac Edition,M56,0.125,GDDR3,128,PCIe 1.0 x16,0.398,0.396,12,5,4,"Nov 8th, 2007",2007-11-08,,,,,https://www.techpowerup.com/gpu-specs/mobility-radeon-x1600-mac-edition.c2336,,mobilityradeonx1600macedition
ATI,Radeon HD 4870 Mac Edition,RV770,0.5,GDDR5,256,PCIe 2.0 x16,0.75,0.85,800,40,16,"Jan 6th, 2009",2009-01-06,,,,,https://www.techpowerup.com/gpu-specs/radeon-hd-4870-mac-edition.c2235,,radeonhd4870macedition
ATI,Radeon X1650,RV516,0.25,DDR2,64,PCIe 1.0 x16,0.635,0.4,4,2,4,"Nov 20th, 2007",2007-11-20,,,,,https://www.techpowerup.com/gpu-specs/radeon-x1650.c2091,,radeonx1650
ATI,Radeon X800 GTO AGP,R420,0.25,GDDR3,256,AGP 8x,0.4,0.49,12,6,12,"Nov 8th, 2007",2007-11-08,,,,,https://www.techpowerup.com/gpu-specs/radeon-x800-gto-agp.c2093,,radeonx800gtoagp
ATI,WinTurbo,Mach64,0.002,VRAM,64,PCI,0.04,0.04,1,0,0,1995,199501-01,,,,,https://www.techpowerup.com/gpu-specs/winturbo.c2030,,winturbo
NVIDIA,GeForce 705M,GF117,1.0,DDR3,64,PCIe 2.0 x16,0.738,0.9,48,8,8,"Sep 27th, 2013",2013-09-27,455,1935,,,https://www.techpowerup.com/gpu-specs/geforce-705m.c2492,https://www.videocardbenchmark.net/video_lookup.php?gpu=GeForce+705M&id=2781,geforce705m
NVIDIA,GeForce 805A,GK208,1.0,DDR3,64,PCIe 3.0 x8,0.758,1.001,192,16,8,"Jul 22nd, 2014",2014-07-22,,,,,https://www.techpowerup.com/gpu-specs/geforce-805a.c2671,,geforce805a
NVIDIA,GeForce 9300 + nForce 730i,C79,,DDR,,PCI,0.45,,16,8,4,"Jun 18th, 2008",2008-06-18,128,2319,,,https://www.techpowerup.com/gpu-specs/geforce-9300-nforce-730i.c2056,https://www.videocardbenchmark.net/video_lookup.php?gpu=GeForce+9300+%2F+nForce+730i&id=1292,geforce9300nforce730i
NVIDIA,GeForce GT 435M,GF108,2.0,DDR3,128,PCIe 2.0 x16,0.65,0.8,96,16,4,"Sep 3rd, 2010",2010-09-03,535,1840,,,https://www.techpowerup.com/gpu-specs/geforce-gt-435m.c1499,https://www.videocardbenchmark.net/video_lookup.php?gpu=GeForce+GT+435M&id=86,geforcegt435m
NVIDIA,GeForce GT 555M 3 GB,GF116S,3.0,DDR3,192,PCIe 2.0 x16,0.59,0.9,144,24,16,"Mar 26th, 2012",2012-03-26,,,,,https://www.techpowerup.com/gpu-specs/geforce-gt-555m-3-gb.c4001,,geforcegt555m3gb
NVIDIA,Quadro FX 4500 SDI,G70,0.5,GDDR3,256,PCIe 1.0 x16,0.43,0.525,24,8,24,"Jan 30th, 2006",2006-01-30,,,,,https://www.techpowerup.com/gpu-specs/quadro-fx-4500-sdi.c1343,,quadrofx4500sdi
NVIDIA,Quadro NVS 210S,C51,,DDR,,PCI,0.425,,2,1,2,"Dec 22nd, 2003",2003-12-22,23,2660,,,https://www.techpowerup.com/gpu-specs/quadro-nvs-210s.c1869,https://www.videocardbenchmark.net/video_lookup.php?gpu=Quadro+NVS+210S&id=1628,quadronvs210s
XGI,Volari 8300,XG47,0.125,DDR,64,PCIe 1.0 x16,0.3,0.3,4,2,8,"Nov 1st, 2005",2005-11-01,,,,,https://www.techpowerup.com/gpu-specs/volari-8300.c3379,,volari8300
AMD,Radeon HD 6610M,Whistler,1.0,DDR3,128,PCIe 2.0 x16,0.45,0.8,400,20,8,"Jan 4th, 2011",2011-01-04,565,1799,,,https://www.techpowerup.com/gpu-specs/radeon-hd-6610m.c1734,https://www.videocardbenchmark.net/video_lookup.php?gpu=Radeon+HD+6610M&id=2285,radeonhd6610m
AMD,Radeon HD 8400E,Kalindi,,DDR3,3,IGP,0.6,,128,8,4,"Apr 23rd, 2013",2013-04-23,275,2108,,,https://www.techpowerup.com/gpu-specs/radeon-hd-8400e.c2195,https://www.videocardbenchmark.net/video_lookup.php?gpu=Radeon+HD+8400E&id=2775,radeonhd8400e
AMD,Radeon HD 8530M,Mars,1.0,DDR3,64,PCIe 3.0 x8,0.7,0.9,320,16,8,"Jan 10th, 2014",2014-01-10,478,1908,,,https://www.techpowerup.com/gpu-specs/radeon-hd-8530m.c2388,https://www.videocardbenchmark.net/video_lookup.php?gpu=Radeon+HD8530M&id=3059,radeonhd8530m
AMD,Radeon R6 M435DX,Jet,,DDR3,3,IGP,1.03,,384,24,8,"Dec 12th, 2016",2016-12-12,,,,,https://www.techpowerup.com/gpu-specs/radeon-r6-m435dx.c2943,,radeonr6m435dx
AMD,Radeon R7 A360,Opal,2.0,DDR3,128,PCIe 3.0 x8,0.825,0.9,384,24,8,2015,201501-01,615,1731,,,https://www.techpowerup.com/gpu-specs/radeon-r7-a360.c2712,https://www.videocardbenchmark.net/video_lookup.php?gpu=Radeon+R7+A360&id=3248,radeonr7a360
ATI,FirePro M5800,Madison,1.0,GDDR5,128,PCIe 2.0 x16,0.65,0.8,400,20,8,"Mar 1st, 2010",2010-03-01,,,,,https://www.techpowerup.com/gpu-specs/firepro-m5800.c1671,,fireprom5800
ATI,Mobility Radeon HD 2300,M71,0.125,DDR2,128,PCIe 1.0 x16,0.48,0.4,4,2,4,"Mar 1st, 2007",2007-03-01,50,2541,,,https://www.techpowerup.com/gpu-specs/mobility-radeon-hd-2300.c1614,https://www.videocardbenchmark.net/video_lookup.php?gpu=Mobility+Radeon+HD+2300&id=75,mobilityradeonhd2300
ATI,Mobility Radeon HD 2400,M72,0.25,DDR2,64,PCIe 1.0 x16,0.45,0.4,40,4,4,"May 14th, 2007",2007-05-14,89,2433,,,https://www.techpowerup.com/gpu-specs/mobility-radeon-hd-2400.c1616,https://www.videocardbenchmark.net/video_lookup.php?gpu=Mobility+Radeon+HD+2400&id=147,mobilityradeonhd2400
ATI,Radeon 9000 LE,RV250,0.0625,DDR,128,AGP 4x,0.25,0.2,4,1,4,"Jul 1st, 2002",2002-07-01,,,,,https://www.techpowerup.com/gpu-specs/radeon-9000-le.c932,,radeon9000le
ATI,Radeon HD 5690,Redwood,1.0,GDDR3,128,PCIe 2.0 x16,0.775,1.0,400,20,8,"Feb 1st, 2011",2011-02-01,,,,,https://www.techpowerup.com/gpu-specs/radeon-hd-5690.c2084,,radeonhd5690
ATI,Radeon X800 GTO AGP,R481,0.25,GDDR3,256,AGP 8x,0.4,0.49,12,6,12,"Oct 1st, 2005",2005-10-01,,,,,https://www.techpowerup.com/gpu-specs/radeon-x800-gto-agp.c167,,radeonx800gtoagp
Intel,HD Graphics 5600 Mobile,Broadwell GT2,,DDR3,3,Ring Bus,1.05,,192,24,3,"Sep 5th, 2014",2014-09-05,,,,,https://www.techpowerup.com/gpu-specs/hd-graphics-5600-mobile.c3139,,hdgraphics5600mobile
NVIDIA,GeForce 7350 LE,G72,0.125,DDR2,64,PCIe 1.0 x16,0.45,0.4,4,3,4,"Mar 22nd, 2006",2006-03-22,74,2470,,,https://www.techpowerup.com/gpu-specs/geforce-7350-le.c1766,https://www.videocardbenchmark.net/video_lookup.php?gpu=GeForce+7350+LE&id=1241,geforce7350le
NVIDIA,GeForce 9800M GT,G92,0.5,GDDR3,256,PCIe 2.0 x16,0.5,0.8,96,48,16,"Jul 29th, 2008",2008-07-29,381,2006,,,https://www.techpowerup.com/gpu-specs/geforce-9800m-gt.c1512,https://www.videocardbenchmark.net/video_lookup.php?gpu=GeForce+9800M+GT&id=1325,geforce9800mgt
NVIDIA,GeForce Go 7800,G70,0.25,GDDR3,256,PCIe 1.0 x16,0.4,0.55,16,6,16,"Mar 3rd, 2006",2006-03-03,114,2359,,,https://www.techpowerup.com/gpu-specs/geforce-go-7800.c1575,https://www.videocardbenchmark.net/video_lookup.php?gpu=GeForce+Go+7800&id=1391,geforcego7800
NVIDIA,GeForce GT 330M Mac Edition,GT216,0.5,GDDR3,128,MXM-A (3.0),0.5,0.79,48,16,8,"Apr 26th, 2010",2010-04-26,,,,,https://www.techpowerup.com/gpu-specs/geforce-gt-330m-mac-edition.c2273,,geforcegt330mmacedition
NVIDIA,GeForce GT 720A,GF117,1.0,DDR3,64,PCIe 2.0 x16,0.775,1.001,96,16,8,"Jul 1st, 2014",2014-07-01,566,1798,,,https://www.techpowerup.com/gpu-specs/geforce-gt-720a.c2379,https://www.videocardbenchmark.net/video_lookup.php?gpu=GeForce+GT+720A&id=2890,geforcegt720a
NVIDIA,Quadro FX 600 PCI,NV34,0.125,DDR,128,PCI,0.27,0.24,4,2,4,"Mar 17th, 2004",2004-03-17,,,,,https://www.techpowerup.com/gpu-specs/quadro-fx-600-pci.c1352,,quadrofx600pci
3Dfx,Spectre 2000,Rampage,0.0625,DDR,128,AGP 4x,0.2,0.2,4,1,4,Never Released,,,,,,https://www.techpowerup.com/gpu-specs/spectre-2000.c3540,,spectre2000
AMD,FirePro W5000 DVI,Pitcairn,2.0,GDDR5,256,PCIe 3.0 x16,0.825,0.8,768,48,32,"Feb 25th, 2013",2013-02-25,,,,,https://www.techpowerup.com/gpu-specs/firepro-w5000-dvi.c2036,,fireprow5000dvi
AMD,Radeon R4E Mobile Graphics,Beema,,DDR3,3,IGP,0.8,,128,8,4,"Jun 6th, 2014",2014-06-06,,,,,https://www.techpowerup.com/gpu-specs/radeon-r4e-mobile-graphics.c4048,,radeonr4emobilegraphics
ATI,All-In-Wonder 128 PRO Ultra,Rage 128,0.0312,SDR,128,AGP 4x,0.134,0.134,2,0,2,"Jun 16th, 1999",1999-06-16,,,,,https://www.techpowerup.com/gpu-specs/all-in-wonder-128-pro-ultra.c3652,,allinwonder128proultra
ATI,All-In-Wonder Radeon 7500,RV200,0.0625,DDR,128,AGP 8x,0.26,0.18,2,0,6,"Apr 16th, 2002",2002-04-16,,,,,https://www.techpowerup.com/gpu-specs/all-in-wonder-radeon-7500.c863,,allinwonderradeon7500
ATI,All-In-Wonder X600 PRO,RV370,0.25,DDR,128,PCIe 1.0 x16,0.4,0.3,4,2,4,"Jul 1st, 2005",2005-07-01,,,,,https://www.techpowerup.com/gpu-specs/all-in-wonder-x600-pro.c111,,allinwonderx600pro
ATI,Mobility Radeon HD 2600 XT,M76,0.25,GDDR3,128,MXM-II,0.68,0.75,120,8,4,"May 14th, 2007",2007-05-14,191,2208,,,https://www.techpowerup.com/gpu-specs/mobility-radeon-hd-2600-xt.c1620,https://www.videocardbenchmark.net/video_lookup.php?gpu=Mobility+Radeon+HD+2600+XT&id=479,mobilityradeonhd2600xt
ATI,Mobility Radeon X1800 XT,M58,0.25,GDDR3,256,PCIe 1.0 x16,0.54,0.675,16,8,16,"Mar 1st, 2006",2006-03-01,,,,,https://www.techpowerup.com/gpu-specs/mobility-radeon-x1800-xt.c1606,,mobilityradeonx1800xt
ATI,Rage Mobility-M,Mach64 LM,0.0039,SDR,64,AGP 2x,0.075,0.07,1,0,1,"Feb 1st, 1999",1999-02-01,,,,,https://www.techpowerup.com/gpu-specs/rage-mobility-m.c2176,,ragemobilitym
ATI,XPert XL AGP 2X,Rage PRO AGP,0.002,SDR,64,AGP 2x,0.075,0.1,1,0,1,"Mar 1st, 1997",1997-03-01,,,,,https://www.techpowerup.com/gpu-specs/xpert-xl-agp-2x.c875,,xpertxlagp2x
Intel,i740 8 MB,Auburn,0.0078,SDR,64,AGP 2x,0.066,0.1,2,0,1,"Feb 12th, 1998",1998-02-12,,,,,https://www.techpowerup.com/gpu-specs/i740-8-mb.c1551,,i7408mb
Intel,UHD Graphics 32EU Mobile,Elkhart Lake GT1,,DDR4,4,Ring Bus,0.75,,256,16,8,"Sep 23rd, 2020",2020-09-23,,,,,https://www.techpowerup.com/gpu-specs/uhd-graphics-32eu-mobile.c4114,,uhdgraphics32eumobile
NVIDIA,GeForce 315 OEM,GT215,0.25,DDR2,64,PCIe 2.0 x16,0.506,0.35,48,16,4,"Apr 28th, 2011",2011-04-28,,,,,https://www.techpowerup.com/gpu-specs/geforce-315-oem.c2107,,geforce315oem
NVIDIA,GeForce 6800 LE,NV41,0.25,DDR,256,PCIe 1.0 x16,0.325,0.3,8,4,8,"Jan 16th, 2005",2005-01-16,109,2378,,,https://www.techpowerup.com/gpu-specs/geforce-6800-le.c132,https://www.videocardbenchmark.net/video_lookup.php?gpu=GeForce+6800+LE&id=1213,geforce6800le
NVIDIA,GeForce 710A,GK208,1.0,DDR3,64,PCIe 3.0 x8,0.758,1.001,192,16,8,"Mar 17th, 2014",2014-03-17,426,1964,,,https://www.techpowerup.com/gpu-specs/geforce-710a.c2566,https://www.videocardbenchmark.net/video_lookup.php?gpu=GeForce+710A&id=2622,geforce710a
NVIDIA,GeForce FX Go5600,NV31,0.125,DDR,128,AGP 8x,0.275,0.25,4,2,4,"Mar 1st, 2003",2003-03-01,17,2680,,,https://www.techpowerup.com/gpu-specs/geforce-fx-go5600.c1562,https://www.videocardbenchmark.net/video_lookup.php?gpu=GeForce+FX+Go+5600&id=1353,geforcefxgo5600
NVIDIA,GeForce GTX 675MX Mac Edition,GK104,1.0,GDDR5,256,PCIe 3.0 x16,0.719,1.25,1344,112,32,"Apr 1st, 2013",2013-04-01,,,,,https://www.techpowerup.com/gpu-specs/geforce-gtx-675mx-mac-edition.c2304,,geforcegtx675mxmacedition
NVIDIA,GeForce GTX 850A,GM107,2.0,DDR3,128,PCIe 3.0 x16,0.902,0.9,640,40,16,"Mar 17th, 2014",2014-03-17,767,1563,,,https://www.techpowerup.com/gpu-specs/geforce-gtx-850a.c2568,https://www.videocardbenchmark.net/video_lookup.php?gpu=GeForce+GTX+850A&id=3213,geforcegtx850a
NVIDIA,Quadro 3000M X2,EXMF104,2.0,GDDR5,256,MXM-B (3.0),0.45,0.625,240,40,32,"Feb 22nd, 2011",2011-02-22,,,,,https://www.techpowerup.com/gpu-specs/quadro-3000m-x2.c4124,,quadro3000mx2
NVIDIA,Quadro FX 380M,GT218S,0.5,GDDR3,64,PCIe 2.0 x16,0.606,0.79,16,8,4,"Jan 7th, 2010",2010-01-07,120,2340,,,https://www.techpowerup.com/gpu-specs/quadro-fx-380m.c1395,https://www.videocardbenchmark.net/video_lookup.php?gpu=Quadro+FX+380M&id=1592,quadrofx380m
AMD,Radeon HD 6250 IGP,Loveland,,DDR3,3,IGP,0.277,,80,8,4,"Apr 4th, 2012",2012-04-04,,,,,https://www.techpowerup.com/gpu-specs/radeon-hd-6250-igp.c832,,radeonhd6250igp
AMD,Radeon HD 7490M,Seymour,1.0,GDDR5,64,PCIe 2.0 x16,0.8,0.95,160,8,4,"Jan 7th, 2012",2012-01-07,,,,,https://www.techpowerup.com/gpu-specs/radeon-hd-7490m.c371,,radeonhd7490m
AMD,Radeon HD 8750M,Mars,1.0,GDDR5,128,PCIe 3.0 x8,0.67,1.0,384,24,8,"Feb 26th, 2013",2013-02-26,1073,1344,,,https://www.techpowerup.com/gpu-specs/radeon-hd-8750m.c4062,https://www.videocardbenchmark.net/video_lookup.php?gpu=Radeon+HD+8750M&id=2909,radeonhd8750m
ATI,FireGL V5100,R423,0.125,DDR,256,PCIe 1.0 x16,0.45,0.35,12,6,12,"May 1st, 2004",2004-05-01,92,2424,0.81,114.96,https://www.techpowerup.com/gpu-specs/firegl-v5100.c848,https://www.videocardbenchmark.net/video_lookup.php?gpu=FireGL+V5100&id=396,fireglv5100
ATI,Graphics Wonder PCI,Mach32,0.001,DRAM,64,PCI,0.01,0.01,1,0,0,1992,199201-01,,,,,https://www.techpowerup.com/gpu-specs/graphics-wonder-pci.c3169,,graphicswonderpci
ATI,Mobility Radeon HD 5750,Madison,1.0,GDDR5,128,PCIe 2.0 x16,0.55,0.8,400,20,8,"Jan 7th, 2010",2010-01-07,,,,,https://www.techpowerup.com/gpu-specs/mobility-radeon-hd-5750.c1650,,mobilityradeonhd5750
ATI,Radeon VE PCI,Rage 6,0.0312,DDR,64,PCI,0.183,0.183,1,0,3,"Feb 19th, 2001",2001-02-19,,,,,https://www.techpowerup.com/gpu-specs/radeon-ve-pci.c1157,,radeonvepci
ATI,Radeon X1650 SE,RV516,0.5,DDR2,128,PCIe 1.0 x16,0.635,0.4,4,2,4,2007,200701-01,71,2481,,,https://www.techpowerup.com/gpu-specs/radeon-x1650-se.c4034,https://www.videocardbenchmark.net/video_lookup.php?gpu=Radeon+X1650+SE&id=1757,radeonx1650se
Intel,Extreme Graphics 2,Montara,,DDR3,3,FSB,0.266,,2,0,1,"Dec 3rd, 2003",2003-12-03,,,,,https://www.techpowerup.com/gpu-specs/extreme-graphics-2.c1285,,extremegraphics2
NVIDIA,GeForce 310M,GT218,0.5,DDR3,64,PCIe 2.0 x16,0.625,0.79,16,8,4,"Jan 10th, 2010",2010-01-10,130,2315,,,https://www.techpowerup.com/gpu-specs/geforce-310m.c2375,https://www.videocardbenchmark.net/video_lookup.php?gpu=GeForce+310M&id=102,geforce310m
NVIDIA,GRID K140Q,GK107,1.0,DDR3,128,PCIe 3.0 x16,0.85,0.891,192,16,16,"Jun 28th, 2013",2013-06-28,727,1609,,,https://www.techpowerup.com/gpu-specs/grid-k140q.c2485,https://www.videocardbenchmark.net/video_lookup.php?gpu=GRID+K140Q&id=2911,gridk140q
NVIDIA,Quadro FX 330,NV37,0.0625,DDR2,64,PCIe 1.0 x16,0.25,0.2,4,2,4,"Jun 28th, 2004",2004-06-28,,,,,https://www.techpowerup.com/gpu-specs/quadro-fx-330.c1349,,quadrofx330
NVIDIA,Quadro Plex 1000 Model II,G70,0.5,GDDR3,256,PCIe 1.0 x16,0.47,0.525,24,8,24,"Jul 25th, 2008",2008-07-25,,,,,https://www.techpowerup.com/gpu-specs/quadro-plex-1000-model-ii.c908,,quadroplex1000modelii
AMD,FirePro RG220,RV711,0.5,GDDR3,256,PCIe 2.0 x16,0.5,0.8,80,8,4,"May 4th, 2010",2010-05-04,335,2049,0.52,650.18,https://www.techpowerup.com/gpu-specs/firepro-rg220.c582,https://www.videocardbenchmark.net/video_lookup.php?gpu=FirePro+RG220&id=427,fireprorg220
AMD,Radeon HD 6370D IGP,SuperSumo,,DDR3,3,IGP,0.444,,160,8,4,"Nov 1st, 2011",2011-11-01,,,,,https://www.techpowerup.com/gpu-specs/radeon-hd-6370d-igp.c833,,radeonhd6370digp
AMD,Radeon HD 6490M Mac Edition,Seymour,0.25,GDDR5,64,PCIe 2.0 x16,0.75,0.794,160,8,4,"May 2nd, 2011",2011-05-02,,,,,https://www.techpowerup.com/gpu-specs/radeon-hd-6490m-mac-edition.c2288,,radeonhd6490mmacedition
AMD,Radeon HD 7290 IGP,Loveland,,DDR3,3,IGP,0.276,,80,8,4,"Jun 6th, 2012",2012-06-06,,,,,https://www.techpowerup.com/gpu-specs/radeon-hd-7290-igp.c1999,,radeonhd7290igp
AMD,Radeon HD 8610G IGP,Devastator-M,,DDR3,3,IGP,0.626,,384,24,8,"May 23rd, 2013",2013-05-23,,,,,https://www.techpowerup.com/gpu-specs/radeon-hd-8610g-igp.c2190,,radeonhd8610gigp
ATI,All-In-Wonder 2006 AGP Edition,RV350,0.25,DDR,128,AGP 8x,0.324,0.196,4,2,4,"Apr 29th, 2005",2005-04-29,,,,,https://www.techpowerup.com/gpu-specs/all-in-wonder-2006-agp-edition.c1389,,allinwonder2006agpedition
ATI,Mobility Radeon 9600 PRO,M10,0.125,DDR,128,AGP 8x,0.333,0.2,4,2,4,"Jun 1st, 2004",2004-06-01,,,,,https://www.techpowerup.com/gpu-specs/mobility-radeon-9600-pro.c1599,,mobilityradeon9600pro
ATI,Mobility Radeon HD 3430,M82,0.25,DDR2,64,MXM-II,0.45,0.4,40,4,4,"Jul 25th, 2008",2008-07-25,98,2409,,,https://www.techpowerup.com/gpu-specs/mobility-radeon-hd-3430.c1171,https://www.videocardbenchmark.net/video_lookup.php?gpu=Mobility+Radeon+HD+3430&id=483,mobilityradeonhd3430
ATI,Mobility Radeon HD 4670 Mac Edition,M96,0.25,GDDR3,128,MXM-A (3.0),0.68,0.79,320,32,8,"Sep 16th, 2009",2009-09-16,,,,,https://www.techpowerup.com/gpu-specs/mobility-radeon-hd-4670-mac-edition.c2252,,mobilityradeonhd4670macedition
ATI,Radeon X1300 LE,RV515,0.0625,DDR,64,PCIe 1.0 x16,0.45,0.25,4,2,4,"Oct 5th, 2005",2005-10-05,,,,,https://www.techpowerup.com/gpu-specs/radeon-x1300-le.c1936,,radeonx1300le
ATI,Radeon Xpress 1150 IGP,RS482,,SDR,,PCIe 1.0 x16,0.4,,2,2,2,"Oct 17th, 2007",2007-10-17,,,,,https://www.techpowerup.com/gpu-specs/radeon-xpress-1150-igp.c2146,,radeonxpress1150igp
Intel,GMA X3000,Broadwater,,UMA,,FSB,0.5,,8,1,8,"Jun 1st, 2006",2006-06-01,,,,,https://www.techpowerup.com/gpu-specs/gma-x3000.c3123,,gmax3000
NVIDIA,GeForce 7150 + nForce 630i,C73,,DDR2,2,PCI,0.63,,2,1,2,"Nov 16th, 2007",2007-11-16,33,2620,,,https://www.techpowerup.com/gpu-specs/geforce-7150-nforce-630i.c1959,https://www.videocardbenchmark.net/video_lookup.php?gpu=GeForce+7150+%2F+nForce+630i&id=1228,geforce7150nforce630i
NVIDIA,GeForce 7600 GT Mac Edition,G73B,0.25,GDDR3,128,PCIe 1.0 x16,0.56,0.7,12,5,12,"Sep 2nd, 2006",2006-09-02,,,,,https://www.techpowerup.com/gpu-specs/geforce-7600-gt-mac-edition.c4027,,geforce7600gtmacedition
NVIDIA,Quadro FX 4800 Mac Edition,GT200B,1.5,GDDR3,384,PCIe 2.0 x16,0.602,0.8,192,64,24,"Nov 11th, 2008",2008-11-11,,,,,https://www.techpowerup.com/gpu-specs/quadro-fx-4800-mac-edition.c1322,,quadrofx4800macedition
NVIDIA,Quadro K200M,GK107,2.0,DDR3,64,MXM-A (3.0),0.745,0.9,192,16,8,"Aug 22nd, 2014",2014-08-22,,,,,https://www.techpowerup.com/gpu-specs/quadro-k200m.c2617,,quadrok200m
ATI,All-In-Wonder 9700 PRO,R300,0.125,DDR,256,AGP 8x,0.325,0.31,8,4,8,"Jan 22nd, 2003",2003-01-22,,,,,https://www.techpowerup.com/gpu-specs/all-in-wonder-9700-pro.c112,,allinwonder9700pro
ATI,Mobility FireGL V5700,M86,0.5,GDDR3,128,PCIe 2.0 x16,0.6,0.7,120,8,4,"Jan 7th, 2008",2008-01-07,,,,,https://www.techpowerup.com/gpu-specs/mobility-firegl-v5700.c1668,,mobilityfireglv5700
ATI,Mobility Radeon HD 530v,M92,0.5,GDDR3,64,MXM-A (3.0),0.45,0.5,80,8,4,"May 5th, 2010",2010-05-05,174,2226,,,https://www.techpowerup.com/gpu-specs/mobility-radeon-hd-530v.c4075,https://www.videocardbenchmark.net/video_lookup.php?gpu=Mobility+Radeon+HD+530v&id=512,mobilityradeonhd530v
ATI,Radeon X1550,RV516,0.25,DDR2,128,PCIe 1.0 x16,0.55,0.4,4,2,4,2007,200701-01,66,2498,0.43,155.0,https://www.techpowerup.com/gpu-specs/radeon-x1550.c1803,https://www.videocardbenchmark.net/video_lookup.php?gpu=Radeon+X1550&id=613,radeonx1550
ATI,Radeon X700 XT,RV410,0.125,GDDR3,128,PCIe 1.0 x16,0.475,0.525,8,6,8,"Sep 1st, 2004",2004-09-01,,,,,https://www.techpowerup.com/gpu-specs/radeon-x700-xt.c531,,radeonx700xt
ATI,Radeon X800 XT Mac Edition,R423,0.25,GDDR3,256,AGP Pro 8x,0.475,0.5,16,6,16,"Dec 1st, 2004",2004-12-01,,,,,https://www.techpowerup.com/gpu-specs/radeon-x800-xt-mac-edition.c994,,radeonx800xtmacedition
NVIDIA,GeForce 8800 GS Mac Edition,G92,0.5,GDDR3,256,MXM-HE,0.5,0.799,64,32,16,"Jan 31st, 2008",2008-01-31,,,,,https://www.techpowerup.com/gpu-specs/geforce-8800-gs-mac-edition.c2329,,geforce8800gsmacedition
NVIDIA,GeForce GT 120M,G96C,1.0,DDR2,128,PCIe 2.0 x16,0.5,0.5,32,16,8,"Jun 15th, 2009",2009-06-15,153,2257,,,https://www.techpowerup.com/gpu-specs/geforce-gt-120m.c1847,https://www.videocardbenchmark.net/video_lookup.php?gpu=GeForce+GT+120M&id=1404,geforcegt120m
NVIDIA,Quadro FX 1700M,G96,0.5,GDDR3,128,MXM-II,0.625,0.8,32,16,8,"Oct 1st, 2008",2008-10-01,172,2230,,,https://www.techpowerup.com/gpu-specs/quadro-fx-1700m.c1435,https://www.videocardbenchmark.net/video_lookup.php?gpu=Quadro+FX+1700M&id=1565,quadrofx1700m
VIA,S3G Chrome 640,VX11,,DDR3,3,IGP,0.48,,64,8,4,"Sep 4th, 2012",2012-09-04,,,,,https://www.techpowerup.com/gpu-specs/s3g-chrome-640.c4348,,s3gchrome640
AMD,Radeon HD 6310 IGP,Loveland,,DDR3,3,IGP,0.276,,80,8,4,"Nov 9th, 2010",2010-11-09,,,,,https://www.techpowerup.com/gpu-specs/radeon-hd-6310-igp.c2284,,radeonhd6310igp
AMD,Radeon HD 6530M,Capilano,1.0,DDR3,128,MXM-II,0.45,0.9,400,20,8,"Nov 26th, 2010",2010-11-26,,,,,https://www.techpowerup.com/gpu-specs/radeon-hd-6530m.c330,,radeonhd6530m
AMD,Radeon HD 7410M,Seymour,1.0,DDR3,64,PCIe 2.0 x16,0.48,0.8,160,8,4,"Jan 4th, 2011",2011-01-04,,,,,https://www.techpowerup.com/gpu-specs/radeon-hd-7410m.c4073,,radeonhd7410m
AMD,Radeon HD 7470A,Redwood,1.0,DDR3,64,MXM-A (3.0),0.775,0.8,400,20,8,"Jan 5th, 2012",2012-01-05,,,,,https://www.techpowerup.com/gpu-specs/radeon-hd-7470a.c1692,,radeonhd7470a
AMD,Radeon R5 A220,Caicos,1.0,DDR3,64,PCIe 2.0 x16,0.775,0.9,160,8,4,2014,201401-01,,,,,https://www.techpowerup.com/gpu-specs/radeon-r5-a220.c2715,,radeonr5a220
ATI,FireGL 9800 X2-256,R360,0.25,DDR2,256,AGP 8x,0.38,0.35,8,4,8,"Mar 1st, 2003",2003-03-01,,,,,https://www.techpowerup.com/gpu-specs/firegl-9800-x2-256.c1377,,firegl9800x2256
ATI,Mobility FireGL V5000,M26,0.125,GDDR3,128,PCIe 1.0 x16,0.35,0.425,8,6,8,"Feb 3rd, 2005",2005-02-03,81,2456,,,https://www.techpowerup.com/gpu-specs/mobility-firegl-v5000.c1664,https://www.videocardbenchmark.net/video_lookup.php?gpu=MOBILITY+FireGL+V5000&id=452,mobilityfireglv5000
ATI,Mobility Radeon X1700,M66,0.25,GDDR3,128,PCIe 1.0 x16,0.475,0.4,12,5,4,"Feb 1st, 2006",2006-02-01,104,2387,,,https://www.techpowerup.com/gpu-specs/mobility-radeon-x1700.c1604,https://www.videocardbenchmark.net/video_lookup.php?gpu=Mobility+Radeon+X1700&id=537,mobilityradeonx1700
ATI,Radeon HD 2950 PRO,RV670,0.25,GDDR3,256,PCIe 2.0 x16,0.6,0.6,320,16,16,Never Released,,,,,,https://www.techpowerup.com/gpu-specs/radeon-hd-2950-pro.c3324,,radeonhd2950pro
ATI,Radeon X1300 XT AGP,RV530,0.25,GDDR3,128,AGP 8x,0.5,0.4,12,5,4,"Aug 12th, 2006",2006-08-12,,,,,https://www.techpowerup.com/gpu-specs/radeon-x1300-xt-agp.c949,,radeonx1300xtagp
Intel,GMA 600,Lincroft,,UMA,,PCIe 1.0 x16,0.4,,32,4,1,"May 4th, 2010",2010-05-04,,,,,https://www.techpowerup.com/gpu-specs/gma-600.c1225,,gma600
Intel,UHD Graphics 24EU Mobile,Comet Lake GT1,,DDR4,4,Ring Bus,0.9,,192,24,3,"Aug 21st, 2019",2019-08-21,,,,,https://www.techpowerup.com/gpu-specs/uhd-graphics-24eu-mobile.c3644,,uhdgraphics24eumobile
Matrox,Millennium G450 x2 MMS,Condor,0.0312,DDR,64,PCI,0.125,0.166,2,1,2,"Jun 19th, 2002",2002-06-19,,,,,https://www.techpowerup.com/gpu-specs/millennium-g450-x2-mms.c3528,,millenniumg450x2mms
NVIDIA,GRID K120Q,GK107,0.5,DDR3,128,PCIe 3.0 x16,0.85,0.891,192,16,16,"Jul 2nd, 2014",2014-07-02,293,2088,,,https://www.techpowerup.com/gpu-specs/grid-k120q.c2593,https://www.videocardbenchmark.net/video_lookup.php?gpu=GRID+K120Q&id=3384,gridk120q
NVIDIA,GRID RTX T10-4,TU102,4.0,GDDR6,384,PCIe 3.0 x16,1.395,1.75,3584,224,64,2020,202001-01,,,,,https://www.techpowerup.com/gpu-specs/grid-rtx-t10-4.c3500,,gridrtxt104
NVIDIA,Quadro VX 200,G92,0.5,GDDR3,256,PCIe 2.0 x16,0.45,0.8,112,56,16,"Jan 8th, 2008",2008-01-08,,,,,https://www.techpowerup.com/gpu-specs/quadro-vx-200.c1745,,quadrovx200
AMD,Radeon HD 8670A,Mars,1.0,DDR3,64,MXM-A (3.0),0.6,1.0,384,24,8,"Feb 2nd, 2013",2013-02-02,,,,,https://www.techpowerup.com/gpu-specs/radeon-hd-8670a.c2101,,radeonhd8670a
AMD,Radeon R2E Mobile Graphics,Beema,,DDR3,3,IGP,0.3,,128,8,4,"Jan 28th, 2015",2015-01-28,,,,,https://www.techpowerup.com/gpu-specs/radeon-r2e-mobile-graphics.c4043,,radeonr2emobilegraphics
AMD,Radeon R7 M465,Topaz,2.0,GDDR5,64,PCIe 3.0 x8,1.024,1.125,384,24,8,"May 15th, 2016",2016-05-15,1078,1341,,,https://www.techpowerup.com/gpu-specs/radeon-r7-m465.c3211,https://www.videocardbenchmark.net/video_lookup.php?gpu=Radeon+R7+M465&id=3671,radeonr7m465
AMD,Radeon R8 M350DX,Jet,,DDR3,3,IGP,1.03,,384,24,8,"Dec 12th, 2015",2015-12-12,,,,,https://www.techpowerup.com/gpu-specs/radeon-r8-m350dx.c2802,,radeonr8m350dx
AMD,Radeon R9 M385X,Strato,4.0,GDDR5,128,PCIe 3.0 x16,1.1,1.2,896,56,16,"May 5th, 2015",2015-05-05,1993,990,,,https://www.techpowerup.com/gpu-specs/radeon-r9-m385x.c2743,https://www.videocardbenchmark.net/video_lookup.php?gpu=Radeon+R9+M385X&id=3378,radeonr9m385x
ATI,Mobility Radeon 9550,M12,0.0625,DDR,64,AGP 4x,0.25,0.243,4,2,4,"Jun 1st, 2004",2004-06-01,30,2633,,,https://www.techpowerup.com/gpu-specs/mobility-radeon-9550.c1780,https://www.videocardbenchmark.net/video_lookup.php?gpu=MOBILITY+RADEON+9550&id=2325,mobilityradeon9550
ATI,Radeon 9800 PRO 128-bit,R350,0.125,DDR,128,AGP 8x,0.38,0.3,8,4,8,"Mar 1st, 2003",2003-03-01,,,,,https://www.techpowerup.com/gpu-specs/radeon-9800-pro-128-bit.c4374,,radeon9800pro128bit
ATI,Radeon IGP 320M,RS100,,DDR,,AGP 4x,0.16,,1,0,1,"Oct 5th, 2002",2002-10-05,3,2803,,,https://www.techpowerup.com/gpu-specs/radeon-igp-320m.c1212,https://www.videocardbenchmark.net/video_lookup.php?gpu=Radeon+IGP+320M&id=607,radeonigp320m
ATI,Radeon IGP 345M,RS200,,DDR,,AGP 4x,0.183,,2,1,2,"Oct 5th, 2002",2002-10-05,2,2828,,,https://www.techpowerup.com/gpu-specs/radeon-igp-345m.c1591,https://www.videocardbenchmark.net/video_lookup.php?gpu=RADEON+IGP+345M&id=1741,radeonigp345m
NVIDIA,GeForce 7025 + nForce 630a,C67,,DDR,,PCI,0.425,,2,1,1,"Feb 1st, 2006",2006-02-01,32,2621,,,https://www.techpowerup.com/gpu-specs/geforce-7025-nforce-630a.c2171,https://www.videocardbenchmark.net/video_lookup.php?gpu=GeForce+7025+%2F+nForce+630a&id=1220,geforce7025nforce630a
NVIDIA,GeForce 710A,GF117,1.0,DDR3,64,PCIe 2.0 x16,0.775,0.9,96,16,8,"Apr 1st, 2013",2013-04-01,426,1964,,,https://www.techpowerup.com/gpu-specs/geforce-710a.c2384,https://www.videocardbenchmark.net/video_lookup.php?gpu=GeForce+710A&id=2622,geforce710a
NVIDIA,GeForce 9100M G mGPU Intel,C79,,DDR3,3,PCIe 2.0 x16,0.45,,8,8,4,"Jul 29th, 2008",2008-07-29,,,,,https://www.techpowerup.com/gpu-specs/geforce-9100m-g-mgpu-intel.c1526,,geforce9100mgmgpuintel
NVIDIA,GeForce GT 635M,GF116S,2.0,DDR3,128,PCIe 2.0 x16,0.675,0.9,144,24,16,"Mar 22nd, 2012",2012-03-22,528,1851,,,https://www.techpowerup.com/gpu-specs/geforce-gt-635m.c558,https://www.videocardbenchmark.net/video_lookup.php?gpu=GeForce+GT+635M&id=2136,geforcegt635m
NVIDIA,Quadro FX Go1400,NV41,0.25,DDR,256,MXM-III,0.275,0.295,8,5,8,"Feb 25th, 2005",2005-02-25,101,2398,,,https://www.techpowerup.com/gpu-specs/quadro-fx-go1400.c1831,https://www.videocardbenchmark.net/video_lookup.php?gpu=Quadro+FX+Go1400&id=1614,quadrofxgo1400
NVIDIA,Quadro NVS 55 PCI,NV34B,0.0625,DDR,64,PCI,0.25,0.2,4,2,4,"May 31st, 2005",2005-05-31,,,,,https://www.techpowerup.com/gpu-specs/quadro-nvs-55-pci.c2676,,quadronvs55pci
NVIDIA,Quadro Plex 1000 Model IV,G80,1.5,GDDR3,384,PCIe 1.0 x16,0.6,0.8,128,32,24,"Jul 25th, 2008",2008-07-25,,,,,https://www.techpowerup.com/gpu-specs/quadro-plex-1000-model-iv.c907,,quadroplex1000modeliv
NVIDIA,Tesla K40st,GK110B,12.0,GDDR5,384,PCIe 3.0 x16,0.575,1.502,2880,240,48,"Nov 22nd, 2013",2013-11-22,,,,,https://www.techpowerup.com/gpu-specs/tesla-k40st.c2530,,teslak40st
3Dfx,Voodoo5 5000 AGP,VSA-100,0.0156,SDR,128,AGP 4x,0.166,0.166,2,0,2,Never Released,,,,,,https://www.techpowerup.com/gpu-specs/voodoo5-5000-agp.c3535,,voodoo55000agp
AMD,FirePro W6170M,Emerald,2.0,GDDR5,128,MXM-B (3.0),1.1,1.5,896,56,16,"Aug 25th, 2014",2014-08-25,,,,,https://www.techpowerup.com/gpu-specs/firepro-w6170m.c2706,,fireprow6170m
AMD,Radeon HD 6950M,Blackcomb,1.0,GDDR5,256,MXM-B (3.0),0.58,0.9,960,48,32,"Jan 4th, 2011",2011-01-04,,,,,https://www.techpowerup.com/gpu-specs/radeon-hd-6950m.c319,,radeonhd6950m
AMD,Radeon HD 7530M,Thames,1.0,DDR3,64,PCIe 2.0 x16,0.45,0.9,400,20,8,"Jan 7th, 2012",2012-01-07,,,,,https://www.techpowerup.com/gpu-specs/radeon-hd-7530m.c373,,radeonhd7530m
AMD,Radeon HD 8450G IGP,Scrapper-M,,DDR3,3,IGP,0.72,,192,12,4,"May 23rd, 2013",2013-05-23,,,,,https://www.techpowerup.com/gpu-specs/radeon-hd-8450g-igp.c2187,,radeonhd8450gigp
AMD,Radeon R1E Mobile Graphics,Stoney,,DDR4,4,IGP,0.6,,64,8,4,"Jun 1st, 2016",2016-06-01,,,,,https://www.techpowerup.com/gpu-specs/radeon-r1e-mobile-graphics.c4050,,radeonr1emobilegraphics
AMD,Radeon R9 M270X,Venus,2.0,GDDR5,128,PCIe 3.0 x16,0.775,1.0,640,40,16,"Mar 21st, 2014",2014-03-21,1204,1288,,,https://www.techpowerup.com/gpu-specs/radeon-r9-m270x.c2213,https://www.videocardbenchmark.net/video_lookup.php?gpu=Radeon+R9+M270X&id=3085,radeonr9m270x
ATI,FireGL 9800 X2-256T,R360,0.25,DDR2,256,AGP 8x,0.412,0.344,8,4,8,"Oct 1st, 2003",2003-10-01,,,,,https://www.techpowerup.com/gpu-specs/firegl-9800-x2-256t.c1375,,firegl9800x2256t
ATI,Mobility Radeon HD 5670 Mac Edition,Madison,0.5,GDDR3,128,PCIe 2.0 x16,0.65,0.795,400,20,8,"Apr 22nd, 2010",2010-04-22,,,,,https://www.techpowerup.com/gpu-specs/mobility-radeon-hd-5670-mac-edition.c2247,,mobilityradeonhd5670macedition
ATI,Radeon HD 4570 Rebrand,RV635,1.0,DDR2,128,PCIe 2.0 x16,0.796,0.396,120,8,4,"Nov 22nd, 2009",2009-11-22,,,,,https://www.techpowerup.com/gpu-specs/radeon-hd-4570-rebrand.c2082,,radeonhd4570rebrand
ATI,Radeon X1300 PCI,RV515,0.125,DDR,128,PCI,0.45,0.25,4,2,4,"Oct 5th, 2005",2005-10-05,,,,,https://www.techpowerup.com/gpu-specs/radeon-x1300-pci.c538,,radeonx1300pci
ATI,Radeon X1900 CrossFire Edition,R580,0.5,GDDR3,256,PCIe 1.0 x16,0.625,0.725,48,8,16,"Jan 24th, 2006",2006-01-24,137,2298,,,https://www.techpowerup.com/gpu-specs/radeon-x1900-crossfire-edition.c887,https://www.videocardbenchmark.net/video_lookup.php?gpu=Radeon+X1900+CrossFire+Edition&id=1761,radeonx1900crossfireedition
NVIDIA,GeForce 305M,GT218,0.5,GDDR3,64,PCIe 2.0 x16,0.525,0.7,16,8,4,"Jan 10th, 2010",2010-01-10,150,2261,,,https://www.techpowerup.com/gpu-specs/geforce-305m.c1481,https://www.videocardbenchmark.net/video_lookup.php?gpu=GeForce+305M&id=1171,geforce305m
NVIDIA,GeForce 620M,GF117,1.0,DDR3,64,PCIe 2.0 x16,0.625,0.9,96,16,8,"Mar 22nd, 2012",2012-03-22,,,,,https://www.techpowerup.com/gpu-specs/geforce-620m.c2382,,geforce620m
NVIDIA,GeForce 7800 GS+ 20Pipes AGP,G71,0.5,GDDR3,256,AGP 8x,0.425,0.625,20,7,20,"Sep 28th, 2006",2006-09-28,,,,,https://www.techpowerup.com/gpu-specs/geforce-7800-gs-20pipes-agp.c3731,,geforce7800gs20pipesagp
NVIDIA,GeForce GT 320M,G96C,1.0,DDR2,128,MXM-II,0.5,0.5,32,16,8,"Jun 15th, 2009",2009-06-15,113,2365,,,https://www.techpowerup.com/gpu-specs/geforce-gt-320m.c2722,https://www.videocardbenchmark.net/video_lookup.php?gpu=GeForce+GT+320M&id=1414,geforcegt320m
NVIDIA,Quadro NVS 510M,G71,0.25,GDDR3,128,PCIe 1.0 x16,0.45,0.6,24,8,24,"Aug 21st, 2006",2006-08-21,238,2146,,,https://www.techpowerup.com/gpu-specs/quadro-nvs-510m.c2023,https://www.videocardbenchmark.net/video_lookup.php?gpu=Quadro+NVS+510M&id=1643,quadronvs510m
XGI,Volari V3,XG42,0.125,DDR,128,AGP 8x,0.2,0.2,2,1,4,"Sep 15th, 2003",2003-09-15,,,,,https://www.techpowerup.com/gpu-specs/volari-v3.c1198,,volariv3
AMD,Radeon HD 6430M,Seymour,1.0,DDR3,64,PCIe 2.0 x16,0.48,0.8,160,8,4,"Jan 4th, 2011",2011-01-04,192,2207,,,https://www.techpowerup.com/gpu-specs/radeon-hd-6430m.c334,https://www.videocardbenchmark.net/video_lookup.php?gpu=Radeon+HD+6430M&id=2416,radeonhd6430m
AMD,Radeon HD 6650A,Onega,1.0,DDR3,128,MXM-A (3.0),0.6,0.9,480,24,8,"Apr 19th, 2011",2011-04-19,835,1495,,,https://www.techpowerup.com/gpu-specs/radeon-hd-6650a.c1726,https://www.videocardbenchmark.net/video_lookup.php?gpu=Radeon+HD+6650A&id=278,radeonhd6650a
AMD,Radeon R5 A330,Exo,2.0,DDR3,64,PCIe 3.0 x8,1.03,0.9,320,20,8,"Oct 21st, 2015",2015-10-21,,,,,https://www.techpowerup.com/gpu-specs/radeon-r5-a330.c3110,,radeonr5a330
AMD,Radeon RX 560X Mobile,Polaris 21,4.0,GDDR5,128,MXM-B (3.0),1.275,1.75,1024,64,16,"Apr 11th, 2018",2018-04-11,,,,,https://www.techpowerup.com/gpu-specs/radeon-rx-560x-mobile.c3632,,radeonrx560xmobile
ATI,All-In-Wonder X800 XL,R430,0.25,GDDR3,256,PCIe 1.0 x16,0.4,0.49,16,6,16,"Jan 21st, 2005",2005-01-21,,,,,https://www.techpowerup.com/gpu-specs/all-in-wonder-x800-xl.c149,,allinwonderx800xl
ATI,FireGL 9500 Z1-128,R300,0.125,DDR,256,AGP 8x,0.325,0.31,4,4,4,"Oct 1st, 2002",2002-10-01,,,,,https://www.techpowerup.com/gpu-specs/firegl-9500-z1-128.c1383,,firegl9500z1128
ATI,Mobility Radeon 9200,M9,0.0312,DDR,64,AGP 4x,0.25,0.2,4,1,4,"Mar 1st, 2003",2003-03-01,3,2821,,,https://www.techpowerup.com/gpu-specs/mobility-radeon-9200.c1597,https://www.videocardbenchmark.net/video_lookup.php?gpu=MOBILITY+RADEON+9200&id=469,mobilityradeon9200
ATI,Mobility Radeon HD 2400 XT Mac Edition,M74,0.125,GDDR3,64,PCIe 1.0 x16,0.65,0.8,40,4,4,"Jun 28th, 2007",2007-06-28,,,,,https://www.techpowerup.com/gpu-specs/mobility-radeon-hd-2400-xt-mac-edition.c2255,,mobilityradeonhd2400xtmacedition
ATI,Mobility Radeon HD 5770,Madison,1.0,GDDR5,128,PCIe 2.0 x16,0.65,0.8,400,20,8,"Jan 7th, 2010",2010-01-07,,,,,https://www.techpowerup.com/gpu-specs/mobility-radeon-hd-5770.c1651,,mobilityradeonhd5770
ATI,Mobility Radeon-P,M6,0.0312,DDR,64,AGP 4x,0.166,0.166,1,0,3,2002,200201-01,,,,,https://www.techpowerup.com/gpu-specs/mobility-radeon-p.c1213,,mobilityradeonp
ATI,Radeon HD 3410,RV610,0.25,DDR2,64,PCIe 1.0 x16,0.519,0.396,40,4,4,"May 7th, 2009",2009-05-07,,,,,https://www.techpowerup.com/gpu-specs/radeon-hd-3410.c2071,,radeonhd3410
ATI,Radeon X800 GTO,R423,0.125,DDR,256,PCIe 1.0 x16,0.4,0.35,12,6,12,"Dec 29th, 2007",2007-12-29,114,2358,,,https://www.techpowerup.com/gpu-specs/radeon-x800-gto.c2092,https://www.videocardbenchmark.net/video_lookup.php?gpu=RADEON+X800+GTO&id=1777,radeonx800gto
ATI,Radeon Xpress 1150 Mobile IGP,RS485,,SDR,,PCIe 1.0 x16,0.4,,2,2,2,"May 23rd, 2006",2006-05-23,,,,,https://www.techpowerup.com/gpu-specs/radeon-xpress-1150-mobile-igp.c681,,radeonxpress1150mobileigp
Intel,i752 Graphics,Portola,,DDR3,3,AGP 2x,0.1,,2,0,1,1998,199801-01,,,,,https://www.techpowerup.com/gpu-specs/i752-graphics.c1289,,i752graphics
NVIDIA,GeForce 7600 GT Mac Edition,G73,0.25,GDDR3,128,PCIe 1.0 x16,0.56,0.7,12,5,12,"Sep 2nd, 2006",2006-09-02,,,,,https://www.techpowerup.com/gpu-specs/geforce-7600-gt-mac-edition.c2241,,geforce7600gtmacedition
NVIDIA,GeForce 810A,GK208,1.0,DDR3,64,PCIe 3.0 x8,0.758,0.9,192,16,8,"Jul 22nd, 2014",2014-07-22,612,1734,,,https://www.techpowerup.com/gpu-specs/geforce-810a.c2604,https://www.videocardbenchmark.net/video_lookup.php?gpu=GeForce+810A&id=3099,geforce810a
NVIDIA,GeForce 9800M GS,G94,0.5,GDDR3,256,PCIe 2.0 x16,0.53,0.8,64,32,16,"Nov 1st, 2008",2008-11-01,488,1899,,,https://www.techpowerup.com/gpu-specs/geforce-9800m-gs.c1514,https://www.videocardbenchmark.net/video_lookup.php?gpu=GeForce+9800M+GS&id=97,geforce9800mgs
NVIDIA,GeForce GT 740A,GK208,2.0,DDR3,64,PCIe 3.0 x8,1.033,0.9,384,32,8,"Aug 26th, 2013",2013-08-26,710,1627,,,https://www.techpowerup.com/gpu-specs/geforce-gt-740a.c2456,https://www.videocardbenchmark.net/video_lookup.php?gpu=GeForce+GT+740A&id=2928,geforcegt740a
NVIDIA,Quadro FX 1500M,G71,0.5,GDDR3,256,MXM-II,0.375,0.5,20,7,20,"Apr 18th, 2006",2006-04-18,171,2232,,,https://www.techpowerup.com/gpu-specs/quadro-fx-1500m.c1442,https://www.videocardbenchmark.net/video_lookup.php?gpu=Quadro+FX+1500M&id=1562,quadrofx1500m
NVIDIA,Quadro FX 5600 Mac Edition,G80,1.5,GDDR3,384,PCIe 1.0 x16,0.6,0.8,128,32,24,"Mar 5th, 2007",2007-03-05,,,,,https://www.techpowerup.com/gpu-specs/quadro-fx-5600-mac-edition.c2402,,quadrofx5600macedition
NVIDIA,Quadro NVS 320M,G84,0.5,GDDR3,128,MXM-HE,0.575,0.7,32,16,8,"Jun 9th, 2007",2007-06-09,208,2181,,,https://www.techpowerup.com/gpu-specs/quadro-nvs-320m.c1465,https://www.videocardbenchmark.net/video_lookup.php?gpu=Quadro+NVS+320M&id=1638,quadronvs320m
AMD,Radeon HD 7430M,Seymour,1.0,DDR3,64,PCIe 2.0 x16,0.6,0.8,160,8,4,"Jan 7th, 2012",2012-01-07,,,,,https://www.techpowerup.com/gpu-specs/radeon-hd-7430m.c1205,,radeonhd7430m
AMD,Radeon HD 7450A,Caicos,0.5,GDDR3,64,MXM-A (3.0),0.625,0.8,160,8,4,"Jan 5th, 2012",2012-01-05,288,2094,,,https://www.techpowerup.com/gpu-specs/radeon-hd-7450a.c1688,https://www.videocardbenchmark.net/video_lookup.php?gpu=Radeon+HD+7450A&id=331,radeonhd7450a
AMD,Radeon HD 7630M,Thames,1.0,DDR3,128,PCIe 2.0 x16,0.45,0.8,480,24,16,"Jan 7th, 2012",2012-01-07,,,,,https://www.techpowerup.com/gpu-specs/radeon-hd-7630m.c378,,radeonhd7630m
ATI,FireGL 9700 X1-256,R300,0.25,DDR,256,AGP 8x,0.325,0.31,8,4,8,"Jul 23rd, 2002",2002-07-23,,,,,https://www.techpowerup.com/gpu-specs/firegl-9700-x1-256.c1378,,firegl9700x1256
ATI,FireGL V3200,RV380,0.125,DDR,128,PCIe 1.0 x16,0.5,0.35,4,2,4,"Sep 1st, 2004",2004-09-01,84,2440,,,https://www.techpowerup.com/gpu-specs/firegl-v3200.c693,https://www.videocardbenchmark.net/video_lookup.php?gpu=FireGL+V3200&id=389,fireglv3200
ATI,Mobility Radeon 7500,M7,0.0312,DDR,64,AGP 4x,0.23,0.183,2,1,2,"Dec 1st, 2001",2001-12-01,3,2802,,,https://www.techpowerup.com/gpu-specs/mobility-radeon-7500.c1214,https://www.videocardbenchmark.net/video_lookup.php?gpu=MOBILITY+RADEON+7500&id=464,mobilityradeon7500
ATI,Mobility Radeon 9000 IGP,RC300,,DDR,,AGP 4x,0.3,,2,1,2,"May 1st, 2003",2003-05-01,7,2713,,,https://www.techpowerup.com/gpu-specs/mobility-radeon-9000-igp.c102,https://www.videocardbenchmark.net/video_lookup.php?gpu=MOBILITY+RADEON+9000+IGP&id=466,mobilityradeon9000igp
ATI,Mobility Radeon HD 5165,M96,1.0,GDDR3,128,PCIe 2.0 x16,0.6,0.8,320,32,8,"Jan 7th, 2010",2010-01-07,284,2099,,,https://www.techpowerup.com/gpu-specs/mobility-radeon-hd-5165.c1641,https://www.videocardbenchmark.net/video_lookup.php?gpu=Mobility+Radeon+HD+5165&id=511,mobilityradeonhd5165
ATI,Mobility Radeon HD 5570,Pinewood,1.0,GDDR3,128,PCIe 2.0 x16,0.55,0.8,400,20,8,"Nov 23rd, 2012",2012-11-23,525,1855,,,https://www.techpowerup.com/gpu-specs/mobility-radeon-hd-5570.c2217,https://www.videocardbenchmark.net/video_lookup.php?gpu=Mobility+Radeon+HD+5570&id=519,mobilityradeonhd5570
ATI,Mobility Radeon X800,M28,0.25,GDDR3,256,PCIe 1.0 x16,0.4,0.4,12,6,12,"Nov 1st, 2004",2004-11-01,,,,,https://www.techpowerup.com/gpu-specs/mobility-radeon-x800.c1407,,mobilityradeonx800
ATI,Radeon X800 GT AGP,R481,0.25,GDDR3,256,AGP 8x,0.475,0.493,12,6,12,"Nov 1st, 2005",2005-11-01,,,,,https://www.techpowerup.com/gpu-specs/radeon-x800-gt-agp.c962,,radeonx800gtagp
ATI,Radeon X800 SE AGP,R420,0.25,DDR,256,AGP 8x,0.45,0.4,8,6,8,"Sep 1st, 2004",2004-09-01,,,,,https://www.techpowerup.com/gpu-specs/radeon-x800-se-agp.c36,,radeonx800seagp
ATI,Video Xpression,Mach64,0.001,EDO,64,PCI,0.062,0.062,1,0,0,"May 21st, 1996",1996-05-21,,,,,https://www.techpowerup.com/gpu-specs/video-xpression.c3164,,videoxpression
Intel,HD Graphics 12EU Mobile,Broadwell GT1,,DDR3,3,Ring Bus,0.8,,96,12,2,"Jan 5th, 2015",2015-01-05,,,,,https://www.techpowerup.com/gpu-specs/hd-graphics-12eu-mobile.c3149,,hdgraphics12eumobile
NVIDIA,GeForce 405M,GT218,1.0,GDDR3,64,PCIe 2.0 x16,0.606,0.79,16,8,4,"Jan 5th, 2011",2011-01-05,,,,,https://www.techpowerup.com/gpu-specs/geforce-405m.c1484,,geforce405m
NVIDIA,GeForce 6600 VE,NV43,0.125,GDDR3,128,PCIe 1.0 x16,0.3,0.2,4,2,4,2005,200501-01,,,,,https://www.techpowerup.com/gpu-specs/geforce-6600-ve.c1835,,geforce6600ve
NVIDIA,GeForce 7050 + nForce 630i,C73,,DDR2,2,PCI,0.63,,2,1,2,"Oct 4th, 2007",2007-10-04,37,2593,,,https://www.techpowerup.com/gpu-specs/geforce-7050-nforce-630i.c1863,https://www.videocardbenchmark.net/video_lookup.php?gpu=GeForce+7050+%2F+nForce+630i&id=1223,geforce7050nforce630i
NVIDIA,GeForce Go 6200 TE,NV43,0.0625,DDR,64,PCIe 1.0 x16,0.3,0.3,4,3,4,"Sep 29th, 2005",2005-09-29,,,,,https://www.techpowerup.com/gpu-specs/geforce-go-6200-te.c2222,,geforcego6200te
NVIDIA,GeForce Go 7600 GT,G73B,0.25,GDDR3,128,PCIe 1.0 x16,0.5,0.6,12,5,12,"Aug 1st, 2006",2006-08-01,210,2179,,,https://www.techpowerup.com/gpu-specs/geforce-go-7600-gt.c1578,https://www.videocardbenchmark.net/video_lookup.php?gpu=GeForce+Go+7600+GT&id=1389,geforcego7600gt
NVIDIA,GeForce GT 120M Mac Edition,G96C,0.25,GDDR3,128,PCIe 2.0 x16,0.5,0.792,32,16,8,"Dec 12th, 2008",2008-12-12,,,,,https://www.techpowerup.com/gpu-specs/geforce-gt-120m-mac-edition.c2258,,geforcegt120mmacedition
NVIDIA,Quadro FX 4400G,NV45,0.5,GDDR3,256,PCIe 1.0 x16,0.375,0.525,16,6,16,"Jul 28th, 2005",2005-07-28,,,,,https://www.techpowerup.com/gpu-specs/quadro-fx-4400g.c2353,,quadrofx4400g
NVIDIA,Quadro4 700 Go GL,NV28,0.0625,DDR,128,AGP 4x,0.199,0.223,4,2,4,"Jun 5th, 2003",2003-06-05,,,,,https://www.techpowerup.com/gpu-specs/quadro4-700-go-gl.c1828,,quadro4700gogl
3Dfx,Voodoo4-2 4200 PCI 32 MB,VSA-101,0.0312,DDR,64,AGP 4x,0.166,0.166,2,0,2,Never Released,,,,,,https://www.techpowerup.com/gpu-specs/voodoo4-2-4200-pci-32-mb.c3545,,voodoo424200pci32mb
AMD,Radeon R5 A320,Jet,1.0,DDR3,64,PCIe 3.0 x8,0.825,1.0,320,20,8,2015,201501-01,,,,,https://www.techpowerup.com/gpu-specs/radeon-r5-a320.c2728,,radeonr5a320
ATI,All-In-Wonder 9600 PRO,RV350,0.125,DDR,128,AGP 8x,0.398,0.324,4,2,4,"Apr 1st, 2003",2003-04-01,,,,,https://www.techpowerup.com/gpu-specs/all-in-wonder-9600-pro.c113,,allinwonder9600pro
ATI,FireGL V3300,RV515,0.125,DDR2,64,PCIe 1.0 x16,0.6,0.4,4,2,4,"Oct 1st, 2005",2005-10-01,70,2483,,,https://www.techpowerup.com/gpu-specs/firegl-v3300.c850,https://www.videocardbenchmark.net/video_lookup.php?gpu=FireGL+V3300&id=391,fireglv3300
ATI,Mobility FireGL V5250,M66,0.25,GDDR3,128,PCIe 1.0 x16,0.45,0.35,12,5,12,2007,200701-01,27,2640,,,https://www.techpowerup.com/gpu-specs/mobility-firegl-v5250.c1666,https://www.videocardbenchmark.net/video_lookup.php?gpu=MOBILITY+FireGL+V5250&id=453,mobilityfireglv5250
ATI,Mobility Radeon HD 4850 Mac Edition,M98,0.5,GDDR3,256,MXM-B (3.0),0.503,0.85,800,40,16,"Aug 28th, 2009",2009-08-28,,,,,https://www.techpowerup.com/gpu-specs/mobility-radeon-hd-4850-mac-edition.c2249,,mobilityradeonhd4850macedition
ATI,Mobility Radeon HD 560v,M96,1.0,GDDR3,128,PCIe 2.0 x16,0.55,0.7,320,32,8,"May 5th, 2010",2010-05-05,318,2071,,,https://www.techpowerup.com/gpu-specs/mobility-radeon-hd-560v.c1730,https://www.videocardbenchmark.net/video_lookup.php?gpu=Mobility+Radeon+HD+560v&id=520,mobilityradeonhd560v
ATI,Mobility Radeon X1900,M68,0.25,GDDR3,256,MXM-III,0.4,0.47,36,8,12,"Jan 11th, 2007",2007-01-11,134,2304,,,https://www.techpowerup.com/gpu-specs/mobility-radeon-x1900.c1607,https://www.videocardbenchmark.net/video_lookup.php?gpu=Mobility+Radeon+X1900&id=539,mobilityradeonx1900
ATI,Radeon HD 3610,RV630,0.5,DDR2,128,PCIe 1.0 x16,0.594,0.396,120,8,4,"Sep 24th, 2009",2009-09-24,,,,,https://www.techpowerup.com/gpu-specs/radeon-hd-3610.c2095,,radeonhd3610
ATI,Radeon X1650 GT,RV560,0.125,GDDR3,128,PCIe 1.0 x16,0.4,0.4,24,8,8,"May 1st, 2007",2007-05-01,,,,,https://www.techpowerup.com/gpu-specs/radeon-x1650-gt.c447,,radeonx1650gt
ATI,Radeon X1700 SE,RV560,0.5,DDR2,128,PCIe 1.0 x16,0.5,0.5,24,8,8,"Nov 30th, 2007",2007-11-30,,,,,https://www.techpowerup.com/gpu-specs/radeon-x1700-se.c2094,,radeonx1700se
ATI,Video Xpression,Mach64,0.001,EDO,64,PCI,0.062,0.066,1,0,0,"Oct 23rd, 1995",1995-10-23,,,,,https://www.techpowerup.com/gpu-specs/video-xpression.c3165,,videoxpression
ATI,Video Xpression+,Mach64,0.002,EDO,64,PCI,0.062,0.062,1,0,0,"May 1st, 1996",1996-05-01,,,,,https://www.techpowerup.com/gpu-specs/video-xpression.c2847,,videoxpression
Matrox,Marvel G400-TV,Toucan,0.0156,SDR,128,PCI,0.125,0.166,2,1,2,"May 20th, 1999",1999-05-20,,,,,https://www.techpowerup.com/gpu-specs/marvel-g400-tv.c3721,,marvelg400tv
NVIDIA,GeForce 9600M GT Mac Edition,G96C,0.5,GDDR3,128,MXM-II,0.5,0.792,32,16,8,"Oct 25th, 2008",2008-10-25,,,,,https://www.techpowerup.com/gpu-specs/geforce-9600m-gt-mac-edition.c2331,,geforce9600mgtmacedition
NVIDIA,GeForce G110M,G96C,1.0,GDDR3,64,PCIe 2.0 x16,0.4,0.7,16,8,4,"Jan 8th, 2009",2009-01-08,,,,,https://www.techpowerup.com/gpu-specs/geforce-g110m.c1477,,geforceg110m
NVIDIA,GeForce GTS 150M,G94,1.0,GDDR3,256,PCIe 2.0 x16,0.4,0.8,64,32,16,"Mar 3rd, 2009",2009-03-03,504,1882,,,https://www.techpowerup.com/gpu-specs/geforce-gts-150m.c1486,https://www.videocardbenchmark.net/video_lookup.php?gpu=GeForce+GTS+150M&id=2986,geforcegts150m
NVIDIA,GeForce2 MX DH Pro TV PCI,NV11,0.0312,SDR,128,PCI,0.175,0.166,2,0,4,"Jun 28th, 2000",2000-06-28,,,,,https://www.techpowerup.com/gpu-specs/geforce2-mx-dh-pro-tv-pci.c928,,geforce2mxdhprotvpci
NVIDIA,Quadro Plex 2100 D4,G92,1.0,GDDR3,256,PCIe 2.0 x16,0.5,0.8,128,64,16,"Jul 25th, 2008",2008-07-25,,,,,https://www.techpowerup.com/gpu-specs/quadro-plex-2100-d4.c906,,quadroplex2100d4
NVIDIA,Tesla K40d,GK110B,12.0,GDDR5,384,PCIe 3.0 x16,0.876,1.502,2880,240,48,"Nov 22nd, 2013",2013-11-22,,,,,https://www.techpowerup.com/gpu-specs/tesla-k40d.c3402,,teslak40d
SIS,315E,Mirage,0.0625,SDR,64,AGP 2x,0.143,0.143,2,0,2,"Dec 11th, 2000",2000-12-11,,,,,https://www.techpowerup.com/gpu-specs/315e.c4334,,315e
AMD,Radeon R7 M260DX,Topaz,,DDR3,3,IGP,0.94,,384,24,8,"Oct 12th, 2014",2014-10-12,816,1514,,,https://www.techpowerup.com/gpu-specs/radeon-r7-m260dx.c2655,https://www.videocardbenchmark.net/video_lookup.php?gpu=Radeon+R7+M260DX&id=3042,radeonr7m260dx
AMD,Radeon R9 A375,Venus,2.0,GDDR5,128,PCIe 3.0 x16,1.015,1.125,640,40,16,2015,201501-01,1024,,,,https://www.techpowerup.com/gpu-specs/radeon-r9-a375.c2716,https://www.videocardbenchmark.net/gpu.php?gpu=Radeon+R9+A375&id=3441,radeonr9a375
ATI,FireGL 9700 X1-128,R300,0.125,DDR,256,AGP 8x,0.325,0.31,8,4,8,"Jul 23rd, 2002",2002-07-23,,,,,https://www.techpowerup.com/gpu-specs/firegl-9700-x1-128.c1379,,firegl9700x1128
ATI,FirePro V5800 DVI,Juniper,1.0,GDDR5,128,PCIe 2.0 x16,0.69,1.0,800,40,16,"Apr 26th, 2010",2010-04-26,,,,,https://www.techpowerup.com/gpu-specs/firepro-v5800-dvi.c561,,fireprov5800dvi
ATI,Mobility FireGL 9000,M9,0.0625,DDR,128,AGP 4x,0.25,0.2,4,1,4,2002,200201-01,,,,,https://www.techpowerup.com/gpu-specs/mobility-firegl-9000.c1659,,mobilityfiregl9000
ATI,Mobility Radeon,M6,0.0156,DDR,64,AGP 4x,0.144,0.144,1,0,3,2003,200301-01,,,,,https://www.techpowerup.com/gpu-specs/mobility-radeon.c1588,,mobilityradeon
ATI,Mobility Radeon HD 5830,Broadway,1.0,GDDR3,128,PCIe 2.0 x16,0.5,0.8,800,40,16,"Jan 7th, 2010",2010-01-07,,,,,https://www.techpowerup.com/gpu-specs/mobility-radeon-hd-5830.c1652,,mobilityradeonhd5830
ATI,Radeon HD 3870 Mac Edition,RV670,0.5,GDDR4,256,PCIe 2.0 x16,0.777,1.126,320,16,16,"Jun 12th, 2008",2008-06-12,,,,,https://www.techpowerup.com/gpu-specs/radeon-hd-3870-mac-edition.c2452,,radeonhd3870macedition
ATI,Radeon HD 4520,RV710,0.5,DDR2,64,PCIe 2.0 x16,0.6,0.4,80,8,4,"Dec 2nd, 2009",2009-12-02,,,,,https://www.techpowerup.com/gpu-specs/radeon-hd-4520.c2083,,radeonhd4520
ATI,Radeon HD 5630,Redwood,1.0,GDDR3,128,PCIe 2.0 x16,0.65,0.39,320,16,8,"Feb 15th, 2011",2011-02-15,,,,,https://www.techpowerup.com/gpu-specs/radeon-hd-5630.c2064,,radeonhd5630
ATI,Radeon X1700 FSC,RV535,0.25,GDDR3,128,PCIe 1.0 x16,0.587,0.695,12,5,4,"Nov 5th, 2007",2007-11-05,,,,,https://www.techpowerup.com/gpu-specs/radeon-x1700-fsc.c2090,,radeonx1700fsc
ATI,Radeon X800 GT AGP,R420,0.25,GDDR3,256,AGP 8x,0.473,0.493,8,6,8,"Nov 8th, 2007",2007-11-08,,,,,https://www.techpowerup.com/gpu-specs/radeon-x800-gt-agp.c2103,,radeonx800gtagp
ATI,Radeon X850 CrossFire Edition,R480,0.25,GDDR3,256,PCIe 1.0 x16,0.52,0.54,16,6,16,"Sep 10th, 2006",2006-09-10,,,,,https://www.techpowerup.com/gpu-specs/radeon-x850-crossfire-edition.c537,,radeonx850crossfireedition
ATI,Rage Mobility-M4,M4,0.0156,SDR,64,AGP 4x,0.105,0.105,2,0,2,"Oct 1st, 1999",1999-10-01,,,,,https://www.techpowerup.com/gpu-specs/rage-mobility-m4.c2179,,ragemobilitym4
Intel,GMA 950,Lakeport,,DDR2,2,FSB,0.166,,4,1,4,"May 1st, 2005",2005-05-01,,,,,https://www.techpowerup.com/gpu-specs/gma-950.c3121,,gma950
Intel,Iris Pro Graphics P555,Skylake GT3e,,DDR4,4,Ring Bus,1.0,,384,48,6,"Sep 1st, 2015",2015-09-01,,,,,https://www.techpowerup.com/gpu-specs/iris-pro-graphics-p555.c3220,,irisprographicsp555
NVIDIA,GeForce GT 415M,GF108,1.0,DDR3,128,PCIe 2.0 x16,0.5,0.8,48,8,4,"Sep 3rd, 2010",2010-09-03,286,2097,,,https://www.techpowerup.com/gpu-specs/geforce-gt-415m.c1496,https://www.videocardbenchmark.net/video_lookup.php?gpu=GeForce+GT+415M&id=1419,geforcegt415m
NVIDIA,ION LE,ION,,DDR,,PCI,0.45,,16,8,4,"Jun 3rd, 2008",2008-06-03,97,2410,,,https://www.techpowerup.com/gpu-specs/ion-le.c2165,https://www.videocardbenchmark.net/video_lookup.php?gpu=ION+LE&id=1516,ionle
NVIDIA,Quadro Plex 2200 D2,GT200B,4.0,GDDR3,512,PCIe 2.0 x16,0.648,0.8,240,80,32,"Jul 25th, 2008",2008-07-25,,,,,https://www.techpowerup.com/gpu-specs/quadro-plex-2200-d2.c904,,quadroplex2200d2
AMD,Radeon HD 7620G IGP,Devastator-M,,DDR3,3,IGP,0.497,,384,24,8,"May 15th, 2012",2012-05-15,,,,,https://www.techpowerup.com/gpu-specs/radeon-hd-7620g-igp.c686,,radeonhd7620gigp
AMD,Radeon HD 8510 OEM,Turks,1.0,GDDR3,128,PCIe 2.0 x16,0.65,0.8,480,24,8,"Jul 23rd, 2013",2013-07-23,,,,,https://www.techpowerup.com/gpu-specs/radeon-hd-8510-oem.c2545,,radeonhd8510oem
AMD,Radeon R5 M230 Rebrand,Sun,1.0,DDR3,64,PCIe 3.0 x8,0.85,0.9,320,20,8,"May 31st, 2014",2014-05-31,,,,,https://www.techpowerup.com/gpu-specs/radeon-r5-m230-rebrand.c2586,,radeonr5m230rebrand
ATI,FirePro V8700 Duo,RV770,1.0,GDDR5,256,PCIe 2.0 x16,0.75,0.85,800,40,16,Never Released,,,,,,https://www.techpowerup.com/gpu-specs/firepro-v8700-duo.c1789,,fireprov8700duo
ATI,Mobility Radeon 9100 IGP,RS300,,DDR,,AGP 4x,0.3,,2,1,2,"Jun 23rd, 2003",2003-06-23,2,2822,,,https://www.techpowerup.com/gpu-specs/mobility-radeon-9100-igp.c101,https://www.videocardbenchmark.net/video_lookup.php?gpu=MOBILITY+RADEON+9100+IGP&id=468,mobilityradeon9100igp
ATI,Mobility Radeon HD 3870 X2,M88,0.5,GDDR3,256,PCIe 2.0 x16,0.66,0.85,320,16,16,"Sep 1st, 2008",2008-09-01,477,1910,,,https://www.techpowerup.com/gpu-specs/mobility-radeon-hd-3870-x2.c1626,https://www.videocardbenchmark.net/video_lookup.php?gpu=Mobility+Radeon+HD+3870+X2&id=491,mobilityradeonhd3870x2
ATI,Mobility Radeon HD 4870 X2,M98,1.0,GDDR5,256,PCIe 2.0 x16,0.55,0.7,800,40,16,"Jan 9th, 2009",2009-01-09,,,,,https://www.techpowerup.com/gpu-specs/mobility-radeon-hd-4870-x2.c1639,,mobilityradeonhd4870x2
ATI,Mobility Radeon HD 550v,M96,1.0,GDDR3,128,PCIe 2.0 x16,0.45,0.6,320,32,8,"May 5th, 2010",2010-05-05,266,2118,,,https://www.techpowerup.com/gpu-specs/mobility-radeon-hd-550v.c1729,https://www.videocardbenchmark.net/video_lookup.php?gpu=Mobility+Radeon+HD+550v&id=518,mobilityradeonhd550v
ATI,Radeon HD 3550,RV620,0.5,DDR2,64,PCIe 2.0 x16,0.594,0.396,40,4,4,"Aug 4th, 2008",2008-08-04,,,,,https://www.techpowerup.com/gpu-specs/radeon-hd-3550.c2075,,radeonhd3550
ATI,Radeon Xpress 1270 Mobile IGP,RS690,,DDR2,2,PCIe 1.0 x16,0.4,,4,2,4,"Feb 28th, 2007",2007-02-28,,,,,https://www.techpowerup.com/gpu-specs/radeon-xpress-1270-mobile-igp.c3611,,radeonxpress1270mobileigp
Matrox,Parhelia 128 MB,Parhelia-512,0.125,DDR,256,AGP 8x,0.25,0.3,4,4,16,"Mar 30th, 2004",2004-03-30,,,,,https://www.techpowerup.com/gpu-specs/parhelia-128-mb.c3518,,parhelia128mb
Matrox,QID Pro,Parhelia-512,0.25,DDR,256,PCI-X,0.26,0.332,4,4,16,"Dec 17th, 2004",2004-12-17,,,,,https://www.techpowerup.com/gpu-specs/qid-pro.c3525,,qidpro
NVIDIA,GeForce 9400,C7A,,DDR,,PCI,0.58,,16,8,4,"Oct 15th, 2008",2008-10-15,146,2273,,,https://www.techpowerup.com/gpu-specs/geforce-9400.c2054,https://www.videocardbenchmark.net/video_lookup.php?gpu=GeForce+9400&id=1298,geforce9400
NVIDIA,GeForce4 488 Go,NV18,0.0625,DDR,128,AGP 8x,0.3,0.275,2,0,4,"Mar 1st, 2002",2002-03-01,,,,,https://www.techpowerup.com/gpu-specs/geforce4-488-go.c1557,,geforce4488go
NVIDIA,GRID K160Q,GK107,1.0,DDR3,128,PCIe 3.0 x16,0.85,0.891,192,16,16,"Jun 28th, 2013",2013-06-28,628,1716,,,https://www.techpowerup.com/gpu-specs/grid-k160q.c2667,https://www.videocardbenchmark.net/video_lookup.php?gpu=GRID+K160Q&id=3458,gridk160q
NVIDIA,Quadro K100M,GK107,2.0,DDR3,64,MXM-A (3.0),0.851,0.9,192,16,8,"Aug 22nd, 2014",2014-08-22,,,,,https://www.techpowerup.com/gpu-specs/quadro-k100m.c2618,,quadrok100m
NVIDIA,Quadro4 550 XGL,NV17,0.0625,DDR,128,AGP 4x,0.27,0.2,2,0,4,"Feb 19th, 2002",2002-02-19,,,,,https://www.techpowerup.com/gpu-specs/quadro4-550-xgl.c1370,,quadro4550xgl
AMD,Radeon HD 6625M,Whistler,1.0,DDR3,128,PCIe 2.0 x16,0.45,0.8,480,20,8,"Jan 4th, 2011",2011-01-04,,,,,https://www.techpowerup.com/gpu-specs/radeon-hd-6625m.c2207,,radeonhd6625m
ATI,Radeon E4690 MXM,M96,0.5,GDDR3,128,MXM-A (3.0),0.6,0.7,320,32,8,"Jun 1st, 2009",2009-06-01,,,,,https://www.techpowerup.com/gpu-specs/radeon-e4690-mxm.c1737,,radeone4690mxm
ATI,Radeon X1600 SE,RV515,0.25,DDR,128,PCIe 1.0 x16,0.635,0.25,4,2,4,2007,200701-01,,,,,https://www.techpowerup.com/gpu-specs/radeon-x1600-se.c4035,,radeonx1600se
ATI,Radeon X800 GTO2,R480,0.25,GDDR3,256,PCIe 1.0 x16,0.4,0.49,16,6,16,"Sep 15th, 2005",2005-09-15,,,,,https://www.techpowerup.com/gpu-specs/radeon-x800-gto2.c963,,radeonx800gto2
NVIDIA,GeForce FX Go5650,NV31,0.125,DDR,128,AGP 8x,0.325,0.295,4,2,4,"Mar 1st, 2003",2003-03-01,16,2683,,,https://www.techpowerup.com/gpu-specs/geforce-fx-go5650.c1824,https://www.videocardbenchmark.net/video_lookup.php?gpu=GeForce+FX+Go5650&id=1361,geforcefxgo5650
NVIDIA,Quadro FX 360M,G86S,0.25,DDR2,64,PCIe 1.0 x16,0.4,0.4,16,8,4,"May 9th, 2007",2007-05-09,86,2437,,,https://www.techpowerup.com/gpu-specs/quadro-fx-360m.c1441,https://www.videocardbenchmark.net/video_lookup.php?gpu=Quadro+FX+360M&id=1581,quadrofx360m
NVIDIA,Quadro2 MXR Low Profile,NV11,0.0312,SDR,128,AGP 4x,0.2,0.183,2,0,4,"Jul 25th, 2000",2000-07-25,,,,,https://www.techpowerup.com/gpu-specs/quadro2-mxr-low-profile.c1361,,quadro2mxrlowprofile
NVIDIA,Tesla M2070-Q,GF100,6.0,GDDR5,384,PCIe 2.0 x16,0.574,0.783,448,56,48,"Jul 25th, 2011",2011-07-25,1305,1245,,,https://www.techpowerup.com/gpu-specs/tesla-m2070-q.c1536,https://www.videocardbenchmark.net/video_lookup.php?gpu=Tesla+M2070-Q&id=2800,teslam2070q
AMD,Radeon HD 6970M X2,Blackcomb,2.0,GDDR5,256,MXM-B (3.0),0.68,0.9,960,48,32,"Jan 4th, 2011",2011-01-04,,,,,https://www.techpowerup.com/gpu-specs/radeon-hd-6970m-x2.c4126,,radeonhd6970mx2
AMD,Radeon R5 M240 Rebrand,Mars,1.0,DDR3,64,PCIe 3.0 x8,0.7,0.9,384,24,8,"Jan 10th, 2014",2014-01-10,,,,,https://www.techpowerup.com/gpu-specs/radeon-r5-m240-rebrand.c2552,,radeonr5m240rebrand
AMD,Radeon R6E Mobile Graphics,Wani-M,,DDR4,4,IGP,0.758,,384,24,8,2016,201601-01,,,,,https://www.techpowerup.com/gpu-specs/radeon-r6e-mobile-graphics.c4042,,radeonr6emobilegraphics
ATI,FireMV 2400 PCIe x1,RV380,0.0625,DDR3,128,PCIe 2.0 x1,0.25,0.203,4,2,4,2008,200801-01,,,,,https://www.techpowerup.com/gpu-specs/firemv-2400-pcie-x1.c1386,,firemv2400pciex1
ATI,Graphics Ultra Pro ISA,Mach32,0.002,DRAM,64,ISA 16-bit,0.01,0.01,1,0,0,1992,199201-01,,,,,https://www.techpowerup.com/gpu-specs/graphics-ultra-pro-isa.c3170,,graphicsultraproisa
ATI,Mobility FireGL V5600,M76,0.25,GDDR3,128,PCIe 2.0 x16,0.5,0.4,120,8,4,"May 14th, 2007",2007-05-14,,,,,https://www.techpowerup.com/gpu-specs/mobility-firegl-v5600.c1667,,mobilityfireglv5600
ATI,Mobility Radeon HD 5450,Park,1.0,GDDR3,64,PCIe 2.0 x16,0.675,0.8,80,8,4,"Jan 7th, 2010",2010-01-07,214,2173,,,https://www.techpowerup.com/gpu-specs/mobility-radeon-hd-5450.c1644,https://www.videocardbenchmark.net/video_lookup.php?gpu=Mobility+Radeon+HD+5450&id=516,mobilityradeonhd5450
ATI,Radeon HD 4855,RV770,0.5,GDDR5,256,PCIe 2.0 x16,0.575,0.9,640,32,16,"Jan 3rd, 2010",2010-01-03,,,,,https://www.techpowerup.com/gpu-specs/radeon-hd-4855.c2324,,radeonhd4855
ATI,Rage LT PRO AGP,Mach64 LB,0.0078,SDR,64,AGP 2x,0.075,0.1,1,0,1,"Nov 1st, 1997",1997-11-01,,,,,https://www.techpowerup.com/gpu-specs/rage-lt-pro-agp.c1594,,rageltproagp
ATI,WinBoost,Mach64,0.002,EDO,64,PCI,0.04,0.04,1,0,0,"Nov 1st, 1995",1995-11-01,,,,,https://www.techpowerup.com/gpu-specs/winboost.c3172,,winboost
Intel,GMA X4700MHD,Montevina,,UMA,,FSB,0.64,,80,10,1,"Oct 1st, 2008",2008-10-01,,,,,https://www.techpowerup.com/gpu-specs/gma-x4700mhd.c1240,,gmax4700mhd
NVIDIA,GeForce 9500M G,G96,0.5,GDDR3,128,PCIe 2.0 x16,0.5,0.8,16,8,8,"Jun 3rd, 2008",2008-06-03,121,2338,,,https://www.techpowerup.com/gpu-specs/geforce-9500m-g.c1521,https://www.videocardbenchmark.net/video_lookup.php?gpu=GeForce+9500M+G&id=1306,geforce9500mg
NVIDIA,GeForce FX Go5200,NV34,0.0312,DDR,128,AGP 8x,0.2,0.2,4,2,4,"Mar 1st, 2003",2003-03-01,8,2707,,,https://www.techpowerup.com/gpu-specs/geforce-fx-go5200.c1563,https://www.videocardbenchmark.net/video_lookup.php?gpu=GeForce+FX+Go+5200&id=1351,geforcefxgo5200
NVIDIA,GeForce Go 6600 NPB 128M,NV43,0.125,DDR,128,MXM-I,0.375,0.3,8,3,8,"Sep 29th, 2005",2005-09-29,,,,,https://www.techpowerup.com/gpu-specs/geforce-go-6600-npb-128m.c2223,,geforcego6600npb128m
NVIDIA,GeForce GTX 760A,GK106,1.0,GDDR5,128,PCIe 3.0 x16,0.719,1.002,768,64,16,"Mar 17th, 2014",2014-03-17,1071,1348,,,https://www.techpowerup.com/gpu-specs/geforce-gtx-760a.c2565,https://www.videocardbenchmark.net/video_lookup.php?gpu=GeForce+GTX+760A&id=3186,geforcegtx760a
NVIDIA,Quadro4 580 XGL,NV18,0.0625,DDR,128,AGP 8x,0.3,0.2,2,0,4,"Nov 12th, 2002",2002-11-12,,,,,https://www.techpowerup.com/gpu-specs/quadro4-580-xgl.c1359,,quadro4580xgl
AMD,FireStream 9350,Cypress,2.0,GDDR5,256,PCIe 2.0 x16,0.7,1.0,1440,72,32,"Jun 1st, 2010",2010-06-01,,,,,https://www.techpowerup.com/gpu-specs/firestream-9350.c1184,,firestream9350
AMD,Radeon HD 6450A,Caicos,0.5,DDR3,64,MXM-A (3.0),0.625,0.533,160,8,4,"Apr 7th, 2011",2011-04-07,260,2128,,,https://www.techpowerup.com/gpu-specs/radeon-hd-6450a.c1691,https://www.videocardbenchmark.net/video_lookup.php?gpu=Radeon+HD+6450A&id=268,radeonhd6450a
AMD,Radeon HD 6550M,Lexington,1.0,DDR3,128,MXM-II,0.65,0.9,400,20,8,"Nov 26th, 2010",2010-11-26,,,,,https://www.techpowerup.com/gpu-specs/radeon-hd-6550m.c3275,,radeonhd6550m
AMD,Radeon R5 M230 Rebrand,Sun,2.0,DDR3,64,PCIe 3.0 x8,0.825,0.9,320,20,8,"Mar 1st, 2013",2013-03-01,,,,,https://www.techpowerup.com/gpu-specs/radeon-r5-m230-rebrand.c2801,,radeonr5m230rebrand
AMD,Radeon R8 M365DX,Meso,,GDDR5,5,IGP,1.125,,384,24,8,"Jun 3rd, 2015",2015-06-03,679,1655,,,https://www.techpowerup.com/gpu-specs/radeon-r8-m365dx.c2803,https://www.videocardbenchmark.net/video_lookup.php?gpu=Radeon+R8+M365DX&id=3238,radeonr8m365dx
AMD,Radeon R8 M535DX,Meso,,GDDR5,5,IGP,0.891,,320,20,8,"Apr 18th, 2017",2017-04-18,670,1667,,,https://www.techpowerup.com/gpu-specs/radeon-r8-m535dx.c3210,https://www.videocardbenchmark.net/video_lookup.php?gpu=Radeon+R8+M535DX&id=3814,radeonr8m535dx
ATI,FirePro V7800P,Cypress,2.0,GDDR5,256,PCIe 2.0 x16,0.7,1.0,1440,72,32,"May 16th, 2011",2011-05-16,,,,,https://www.techpowerup.com/gpu-specs/firepro-v7800p.c1876,,fireprov7800p
ATI,Mobility FireGL V3200,M24,0.125,DDR2,128,PCIe 1.0 x16,0.4,0.25,4,2,4,"Jun 1st, 2004",2004-06-01,62,2507,,,https://www.techpowerup.com/gpu-specs/mobility-firegl-v3200.c1663,https://www.videocardbenchmark.net/video_lookup.php?gpu=MOBILITY+FireGL+V3200&id=451,mobilityfireglv3200
ATI,Mobility Radeon HD 530v,M93,0.5,GDDR3,64,MXM-A (3.0),0.45,0.6,80,8,4,"May 5th, 2010",2010-05-05,174,2226,,,https://www.techpowerup.com/gpu-specs/mobility-radeon-hd-530v.c1727,https://www.videocardbenchmark.net/video_lookup.php?gpu=Mobility+Radeon+HD+530v&id=512,mobilityradeonhd530v
ATI,Mobility Radeon HD 540v,M93,0.5,GDDR3,64,MXM-A (3.0),0.55,0.8,80,8,4,"May 5th, 2010",2010-05-05,188,2212,,,https://www.techpowerup.com/gpu-specs/mobility-radeon-hd-540v.c4003,https://www.videocardbenchmark.net/video_lookup.php?gpu=Mobility+Radeon+HD+540v&id=514,mobilityradeonhd540v
ATI,Mobility Radeon X2300,M64,0.0625,DDR2,64,PCIe 1.0 x16,0.479,0.392,4,2,4,"Mar 1st, 2007",2007-03-01,48,2551,,,https://www.techpowerup.com/gpu-specs/mobility-radeon-x2300.c1612,https://www.videocardbenchmark.net/video_lookup.php?gpu=Mobility+Radeon+X2300&id=111,mobilityradeonx2300
ATI,Radeon HD 5570 OEM,Redwood,1.0,GDDR3,128,PCIe 2.0 x16,0.55,0.667,320,16,8,"Feb 9th, 2010",2010-02-09,,,,,https://www.techpowerup.com/gpu-specs/radeon-hd-5570-oem.c2450,,radeonhd5570oem
Intel,GMA X3000,Broadwater,,DDR2,2,FSB,0.667,,4,0,4,"Jun 1st, 2006",2006-06-01,,,,,https://www.techpowerup.com/gpu-specs/gma-x3000.c3376,,gmax3000
Matrox,Parhelia 128 MB,Parhelia-512,0.125,DDR,256,AGP 4x,0.22,0.275,4,4,16,"Jun 25th, 2002",2002-06-25,,,,,https://www.techpowerup.com/gpu-specs/parhelia-128-mb.c96,,parhelia128mb
Matrox,Parhelia DL256,Parhelia-512,0.25,DDR,64,PCI-X,0.2,0.25,4,4,16,2003,200301-01,,,,,https://www.techpowerup.com/gpu-specs/parhelia-dl256.c3523,,parheliadl256
NVIDIA,GeForce GT 435M,GF106,1.0,DDR3,128,PCIe 2.0 x16,0.59,0.8,96,16,16,"Jan 15th, 2011",2011-01-15,535,1840,,,https://www.techpowerup.com/gpu-specs/geforce-gt-435m.c2337,https://www.videocardbenchmark.net/video_lookup.php?gpu=GeForce+GT+435M&id=86,geforcegt435m
NVIDIA,GRID M60-4A,GM204,4.0,GDDR5,256,PCIe 3.0 x16,1.178,1.253,2048,128,64,"Aug 30th, 2015",2015-08-30,2450,863,,,https://www.techpowerup.com/gpu-specs/grid-m60-4a.c3090,https://www.videocardbenchmark.net/video_lookup.php?gpu=GRID+M60-4A&id=7773,gridm604a
NVIDIA,Quadro K510M,GK208,1.0,GDDR5,64,MXM-A (3.0),0.889,0.6,192,16,8,"Jul 23rd, 2013",2013-07-23,641,1699,,,https://www.techpowerup.com/gpu-specs/quadro-k510m.c2432,https://www.videocardbenchmark.net/video_lookup.php?gpu=Quadro+K510M&id=2767,quadrok510m
NVIDIA,Quadro NVS 150M,G98S,0.25,GDDR3,64,MXM-I,0.53,0.7,8,4,4,"Aug 15th, 2008",2008-08-15,70,2484,,,https://www.techpowerup.com/gpu-specs/quadro-nvs-150m.c1474,https://www.videocardbenchmark.net/video_lookup.php?gpu=Quadro+NVS+150M&id=1625,quadronvs150m
NVIDIA,Quadro NVS 300M,G73,0.25,GDDR3,128,PCIe 1.0 x16,0.5,0.7,8,4,8,"May 24th, 2006",2006-05-24,,,,,https://www.techpowerup.com/gpu-specs/quadro-nvs-300m.c1464,,quadronvs300m
3Dfx,Voodoo4-2 4000 AGP,VSA-101,0.0156,SDR,128,AGP 4x,0.166,0.166,2,0,2,Never Released,,,,,,https://www.techpowerup.com/gpu-specs/voodoo4-2-4000-agp.c3543,,voodoo424000agp
AMD,Radeon HD 6350M,Robson,1.0,GDDR3,64,PCIe 2.0 x16,0.5,0.8,80,8,4,"Nov 26th, 2010",2010-11-26,,,,,https://www.techpowerup.com/gpu-specs/radeon-hd-6350m.c336,,radeonhd6350m
AMD,Radeon HD 6380G IGP,SuperSumo-M,,DDR3,3,IGP,0.4,,160,8,4,"Jun 14th, 2011",2011-06-14,,,,,https://www.techpowerup.com/gpu-specs/radeon-hd-6380g-igp.c826,,radeonhd6380gigp
AMD,Radeon HD 7670A,Turks,1.0,GDDR5,128,MXM-A (3.0),0.6,1.0,480,24,8,"Jan 5th, 2012",2012-01-05,1050,1360,,,https://www.techpowerup.com/gpu-specs/radeon-hd-7670a.c1689,https://www.videocardbenchmark.net/video_lookup.php?gpu=Radeon+HD+7670A&id=333,radeonhd7670a
AMD,Radeon HD 8400 Mobile IGP,Kalindi,,DDR3,3,IGP,0.6,,128,8,4,"Nov 23rd, 2013",2013-11-23,,,,,https://www.techpowerup.com/gpu-specs/radeon-hd-8400-mobile-igp.c3608,,radeonhd8400mobileigp
ATI,All-In-Wonder 9800 SE,R350,0.125,DDR,128,AGP 8x,0.378,0.297,4,4,4,"Sep 10th, 2003",2003-09-10,,,,,https://www.techpowerup.com/gpu-specs/all-in-wonder-9800-se.c8,,allinwonder9800se
ATI,All-In-Wonder X800 SE,R420,0.25,GDDR3,256,AGP 8x,0.425,0.4,8,6,8,"Apr 27th, 2005",2005-04-27,,,,,https://www.techpowerup.com/gpu-specs/all-in-wonder-x800-se.c3670,,allinwonderx800se
ATI,FirePro V7770,RV770,1.0,GDDR4,128,PCIe 2.0 x16,0.625,1.05,800,40,8,2012,201201-01,,,,,https://www.techpowerup.com/gpu-specs/firepro-v7770.c1790,,fireprov7770
ATI,Graphics Vantage,Mach8,0.001,DRAM,32,ISA 16-bit,0.01,0.01,1,0,0,1992,199201-01,,,,,https://www.techpowerup.com/gpu-specs/graphics-vantage.c1680,,graphicsvantage
ATI,Graphics Xpression,Mach64,0.002,EDO,64,PCI,0.04,0.04,1,0,0,"Nov 1st, 1995",1995-11-01,,,,,https://www.techpowerup.com/gpu-specs/graphics-xpression.c883,,graphicsxpression
ATI,Mobility Radeon HD 565v,M96,1.0,GDDR3,128,PCIe 2.0 x16,0.675,0.8,320,32,8,"May 5th, 2010",2010-05-05,353,2030,,,https://www.techpowerup.com/gpu-specs/mobility-radeon-hd-565v.c1731,https://www.videocardbenchmark.net/video_lookup.php?gpu=Mobility+Radeon+HD+565v&id=522,mobilityradeonhd565v
ATI,Radeon X740 XL,RV410,0.125,GDDR3,128,PCIe 1.0 x16,0.425,0.45,8,6,8,"Mar 7th, 2005",2005-03-07,,,,,https://www.techpowerup.com/gpu-specs/radeon-x740-xl.c532,,radeonx740xl
NVIDIA,GeForce 8200M G mGPU AMD,C77,,DDR,,PCIe 2.0 x16,0.4,,16,4,4,"Jun 18th, 2008",2008-06-18,,,,,https://www.techpowerup.com/gpu-specs/geforce-8200m-g-mgpu-amd.c1530,,geforce8200mgmgpuamd
NVIDIA,Quadro FX 350M,G72,0.25,GDDR3,128,PCIe 1.0 x16,0.45,0.45,4,3,4,"Mar 13th, 2006",2006-03-13,44,2564,,,https://www.techpowerup.com/gpu-specs/quadro-fx-350m.c1443,https://www.videocardbenchmark.net/video_lookup.php?gpu=Quadro+FX+350M&id=1579,quadrofx350m
NVIDIA,Quadro FX Go700,NV31,0.125,DDR,128,AGP 4x,0.295,0.295,4,2,4,"Jun 25th, 2003",2003-06-25,,,,,https://www.techpowerup.com/gpu-specs/quadro-fx-go700.c1829,,quadrofxgo700
NVIDIA,Quadro4 500 XGL,NV17,0.125,SDR,128,AGP 4x,0.25,0.166,2,0,4,"Feb 19th, 2002",2002-02-19,,,,,https://www.techpowerup.com/gpu-specs/quadro4-500-xgl.c1373,,quadro4500xgl
SIS,Xabre 200,Xabre,0.0625,DDR,128,AGP 4x,0.2,0.2,4,1,8,"Apr 24th, 2002",2002-04-24,,,,,https://www.techpowerup.com/gpu-specs/xabre-200.c4339,,xabre200
AMD,FirePro A300,Devastator,,DDR3,3,PCIe 2.0 x16,0.905,,384,24,8,"Jun 6th, 2012",2012-06-06,,,,,https://www.techpowerup.com/gpu-specs/firepro-a300.c1889,,fireproa300
AMD,FirePro W4170M,Opal,2.0,GDDR5,128,PCIe 3.0 x8,0.9,1.0,384,24,8,"Apr 23rd, 2015",2015-04-23,1072,1346,,,https://www.techpowerup.com/gpu-specs/firepro-w4170m.c4064,https://www.videocardbenchmark.net/video_lookup.php?gpu=FirePro+W4170M&id=3070,fireprow4170m
AMD,Radeon R1E Mobile Graphics,Beema,,DDR3,3,IGP,0.497,,64,8,4,"Feb 23rd, 2016",2016-02-23,,,,,https://www.techpowerup.com/gpu-specs/radeon-r1e-mobile-graphics.c4046,,radeonr1emobilegraphics
AMD,Radeon R6 M255DX,Jet,,DDR3,3,IGP,0.855,,320,20,8,"Jan 7th, 2014",2014-01-07,605,1744,,,https://www.techpowerup.com/gpu-specs/radeon-r6-m255dx.c2640,https://www.videocardbenchmark.net/video_lookup.php?gpu=Radeon+R6+M255DX&id=3134,radeonr6m255dx
ATI,All-In-Wonder X800 GT,R430,0.125,GDDR3,128,PCIe 1.0 x16,0.398,0.492,8,6,8,"Sep 21st, 2004",2004-09-21,84,2443,,,https://www.techpowerup.com/gpu-specs/all-in-wonder-x800-gt.c1913,https://www.videocardbenchmark.net/video_lookup.php?gpu=ALL-IN-WONDER+X800+GT&id=230,allinwonderx800gt
ATI,FireGL 8700,R200,0.0625,DDR,128,AGP 4x,0.25,0.27,4,2,8,"Aug 14th, 2001",2001-08-14,,,,,https://www.techpowerup.com/gpu-specs/firegl-8700.c1382,,firegl8700
ATI,Mobility Radeon X1350,M62,0.125,DDR2,64,PCIe 1.0 x16,0.419,0.392,4,2,4,"Sep 18th, 2006",2006-09-18,39,2581,,,https://www.techpowerup.com/gpu-specs/mobility-radeon-x1350.c1610,https://www.videocardbenchmark.net/video_lookup.php?gpu=Mobility+Radeon+X1350&id=532,mobilityradeonx1350
ATI,Radeon HD 3200 Mobile IGP,RS780,,DDR2,2,PCIe 1.0 x16,0.38,,40,4,4,"Nov 1st, 2009",2009-11-01,,,,,https://www.techpowerup.com/gpu-specs/radeon-hd-3200-mobile-igp.c2115,,radeonhd3200mobileigp
NVIDIA,GeForce 7050 SE + nForce 630a,C68,,DDR2,2,PCI,0.425,,2,1,2,"Feb 1st, 2006",2006-02-01,,,,,https://www.techpowerup.com/gpu-specs/geforce-7050-se-nforce-630a.c2151,,geforce7050senforce630a
NVIDIA,GeForce 940A,GM108S,2.0,DDR3,64,PCIe 3.0 x8,1.176,1.001,384,16,8,"Mar 13th, 2015",2015-03-13,1113,1324,,,https://www.techpowerup.com/gpu-specs/geforce-940a.c2649,https://www.videocardbenchmark.net/video_lookup.php?gpu=GeForce+940A&id=3393,geforce940a
NVIDIA,GeForce GT 745A,GK107,2.0,DDR3,128,PCIe 3.0 x16,0.915,0.9,384,32,16,"Aug 26th, 2013",2013-08-26,1256,1265,,,https://www.techpowerup.com/gpu-specs/geforce-gt-745a.c2457,https://www.videocardbenchmark.net/video_lookup.php?gpu=GeForce+GT+745A&id=2632,geforcegt745a
NVIDIA,Quadro NVS 120M,G72B,0.5,DDR2,64,MXM-III,0.45,0.7,4,3,4,"Jun 1st, 2006",2006-06-01,46,2555,,,https://www.techpowerup.com/gpu-specs/quadro-nvs-120m.c1470,https://www.videocardbenchmark.net/video_lookup.php?gpu=Quadro+NVS+120M&id=1621,quadronvs120m
NVIDIA,Quadro Plex 2100 S4,G80,1.5,GDDR3,384,PCIe 1.0 x16,0.6,0.8,128,32,24,"Jul 25th, 2008",2008-07-25,,,,,https://www.techpowerup.com/gpu-specs/quadro-plex-2100-s4.c905,,quadroplex2100s4
AMD,FirePro S4000X,Venus,2.0,GDDR5,128,PCIe 3.0 x16,0.775,1.125,640,40,16,"Aug 7th, 2014",2014-08-07,,,,,https://www.techpowerup.com/gpu-specs/firepro-s4000x.c2506,,firepros4000x
AMD,FirePro S9010,Tahiti,3.0,GDDR5,384,PCIe 3.0 x16,0.8,1.25,1792,112,32,"Aug 24th, 2012",2012-08-24,,,,,https://www.techpowerup.com/gpu-specs/firepro-s9010.c3237,,firepros9010
AMD,Radeon R3E Mobile Graphics,Beema,,DDR3,3,IGP,0.351,,128,8,4,"Jan 28th, 2015",2015-01-28,,,,,https://www.techpowerup.com/gpu-specs/radeon-r3e-mobile-graphics.c3635,,radeonr3emobilegraphics
AMD,Radeon R5 Mobile Graphics,Spectre SL-M,,DDR3,3,IGP,0.626,,256,16,8,"Sep 17th, 2014",2014-09-17,,,,,https://www.techpowerup.com/gpu-specs/radeon-r5-mobile-graphics.c4113,,radeonr5mobilegraphics
ATI,FireGL V5000,RV410,0.125,GDDR3,128,PCIe 1.0 x16,0.425,0.43,8,6,8,"Sep 1st, 2004",2004-09-01,,,,,https://www.techpowerup.com/gpu-specs/firegl-v5000.c692,,fireglv5000
ATI,FireMV 2250 PCIe x1,RV516,0.25,DDR2,128,PCIe 1.0 x1,0.6,0.4,4,2,4,2007,200701-01,,,,,https://www.techpowerup.com/gpu-specs/firemv-2250-pcie-x1.c3095,,firemv2250pciex1
ATI,Mobility Radeon 9600 PRO Turbo,M10,0.125,DDR,128,AGP 8x,0.337,0.243,4,2,4,"Feb 13th, 2004",2004-02-13,24,2655,,,https://www.techpowerup.com/gpu-specs/mobility-radeon-9600-pro-turbo.c1681,https://www.videocardbenchmark.net/video_lookup.php?gpu=MOBILITY+RADEON+9600+PRO+TURBO&id=472,mobilityradeon9600proturbo
ATI,Mobility Radeon HD 4225 IGP,RS880,,DDR2,2,PCIe 1.0 x16,0.38,,40,4,4,"May 1st, 2010",2010-05-01,,,,,https://www.techpowerup.com/gpu-specs/mobility-radeon-hd-4225-igp.c1219,,mobilityradeonhd4225igp
NVIDIA,GeForce4 410 Go,NV17,0.0156,DDR,64,AGP 4x,0.2,0.2,2,0,4,"Feb 6th, 2002",2002-02-06,,,,,https://www.techpowerup.com/gpu-specs/geforce4-410-go.c1825,,geforce4410go
NVIDIA,Quadro 500M,GF108,1.0,DDR3,128,MXM-A (3.0),0.56,0.8,96,16,4,"Feb 22nd, 2011",2011-02-22,570,1792,2.07,275.14,https://www.techpowerup.com/gpu-specs/quadro-500m.c1432,https://www.videocardbenchmark.net/video_lookup.php?gpu=Quadro+500M&id=2518,quadro500m
NVIDIA,Quadro FX 3500M,G71,0.5,GDDR3,256,MXM-III,0.575,0.6,24,8,24,"Mar 1st, 2007",2007-03-01,306,2080,3.06,99.99,https://www.techpowerup.com/gpu-specs/quadro-fx-3500m.c1445,https://www.videocardbenchmark.net/video_lookup.php?gpu=Quadro+FX+3500M&id=1578,quadrofx3500m
NVIDIA,Quadro4 500 Go GL,NV17,0.0625,SDR,128,AGP 4x,0.22,0.22,2,0,4,"Apr 23rd, 2002",2002-04-23,,,,,https://www.techpowerup.com/gpu-specs/quadro4-500-go-gl.c1827,,quadro4500gogl
NVIDIA,Tegra 4i GPU,Wayne,0.5,LPDDR3,32,IGP,0.66,0.933,48,12,2,"Feb 19th, 2013",2013-02-19,,,,,https://www.techpowerup.com/gpu-specs/tegra-4i-gpu.c3228,,tegra4igpu
AMD,Radeon HD 6970M Rebrand,Broadway,1.0,GDDR5,128,MXM-B (3.0),0.8,1.0,800,40,16,"Jan 4th, 2011",2011-01-04,,,,,https://www.techpowerup.com/gpu-specs/radeon-hd-6970m-rebrand.c2447,,radeonhd6970mrebrand
AMD,Radeon HD 7370M,Robson,1.0,DDR3,64,PCIe 2.0 x16,0.75,0.8,80,8,4,"Jan 7th, 2012",2012-01-07,,,,,https://www.techpowerup.com/gpu-specs/radeon-hd-7370m.c1192,,radeonhd7370m
AMD,Radeon HD 8590M,Sun,1.0,GDDR5,64,PCIe 3.0 x8,0.825,1.125,320,20,8,"Mar 1st, 2013",2013-03-01,,,,,https://www.techpowerup.com/gpu-specs/radeon-hd-8590m.c1969,,radeonhd8590m
AMD,Radeon HD 8750A,Mars,1.0,DDR3,64,MXM-A (3.0),0.6,1.0,384,24,8,"Feb 2nd, 2013",2013-02-02,,,,,https://www.techpowerup.com/gpu-specs/radeon-hd-8750a.c2651,,radeonhd8750a
ATI,FireMV 2260 PCIe x1,RV620,0.25,DDR2,64,PCIe 2.0 x1,0.5,0.5,40,4,4,2008,200801-01,,,,,https://www.techpowerup.com/gpu-specs/firemv-2260-pcie-x1.c1865,,firemv2260pciex1
ATI,Mobility Radeon HD 3850,M88,0.5,GDDR3,256,PCIe 2.0 x16,0.58,0.75,320,16,16,"Jun 4th, 2008",2008-06-04,365,2021,,,https://www.techpowerup.com/gpu-specs/mobility-radeon-hd-3850.c1623,https://www.videocardbenchmark.net/video_lookup.php?gpu=Mobility+Radeon+HD+3850&id=489,mobilityradeonhd3850
ATI,Mobility Radeon HD 545v,M93,0.5,GDDR3,64,MXM-A (3.0),0.68,0.75,80,8,4,"May 5th, 2010",2010-05-05,199,2193,,,https://www.techpowerup.com/gpu-specs/mobility-radeon-hd-545v.c4074,https://www.videocardbenchmark.net/video_lookup.php?gpu=Mobility+Radeon+HD+545v&id=517,mobilityradeonhd545v
NVIDIA,GeForce 6100 + nForce 400,C61,,DDR2,2,PCI,0.425,,2,1,1,"Oct 11th, 2004",2004-10-11,25,2653,,,https://www.techpowerup.com/gpu-specs/geforce-6100-nforce-400.c2155,https://www.videocardbenchmark.net/video_lookup.php?gpu=GeForce+6100+nForce+400&id=1182,geforce6100nforce400
NVIDIA,GeForce 720A,GF117,1.0,DDR3,64,PCIe 2.0 x16,0.775,1.001,96,16,8,"Jul 1st, 2014",2014-07-01,577,1782,,,https://www.techpowerup.com/gpu-specs/geforce-720a.c2666,https://www.videocardbenchmark.net/video_lookup.php?gpu=GeForce+720A&id=3977,geforce720a
NVIDIA,GeForce 8600M GT Mac Edition,G84,0.5,GDDR3,128,MXM-II,0.47,0.635,32,16,8,"Oct 5th, 2007",2007-10-05,,,,,https://www.techpowerup.com/gpu-specs/geforce-8600m-gt-mac-edition.c2332,,geforce8600mgtmacedition
NVIDIA,GeForce GTS 260M,GT215,0.5,GDDR5,128,PCIe 2.0 x16,0.55,0.85,96,32,8,"Jun 15th, 2009",2009-06-15,,,,,https://www.techpowerup.com/gpu-specs/geforce-gts-260m.c1313,,geforcegts260m
NVIDIA,GRID M60-2Q,GM204,2.0,GDDR5,256,PCIe 3.0 x16,1.178,1.253,2048,128,64,"Aug 30th, 2015",2015-08-30,5203,527,,,https://www.techpowerup.com/gpu-specs/grid-m60-2q.c3088,https://www.videocardbenchmark.net/video_lookup.php?gpu=GRID+M60-2Q&id=3737,gridm602q
NVIDIA,Quadro FX 2500M,G71,0.5,GDDR3,256,MXM-III,0.5,0.6,24,8,24,"Sep 29th, 2005",2005-09-29,217,2169,12.45,17.5,https://www.techpowerup.com/gpu-specs/quadro-fx-2500m.c1444,https://www.videocardbenchmark.net/video_lookup.php?gpu=Quadro+FX+2500M&id=1569,quadrofx2500m
AMD,FirePro RG220A,RV711,0.5,GDDR3,256,PCIe 2.0 x16,0.5,0.8,80,8,4,"May 4th, 2010",2010-05-04,,,,,https://www.techpowerup.com/gpu-specs/firepro-rg220a.c584,,fireprorg220a
AMD,Radeon HD 8650D IGP,Scrapper,,DDR3,3,IGP,0.844,,384,24,8,"Dec 28th, 2013",2013-12-28,,,,,https://www.techpowerup.com/gpu-specs/radeon-hd-8650d-igp.c2412,,radeonhd8650digp
ATI,All-In-Wonder 9200,RV280,0.125,DDR,128,AGP 8x,0.25,0.2,4,1,4,"Jan 26th, 2004",2004-01-26,,,,,https://www.techpowerup.com/gpu-specs/all-in-wonder-9200.c867,,allinwonder9200
ATI,Mobility Radeon 7000 IGP,RS250M,,DDR,,AGP 4x,0.183,,2,0,3,"Mar 1st, 2003",2003-03-01,6,2730,,,https://www.techpowerup.com/gpu-specs/mobility-radeon-7000-igp.c1215,https://www.videocardbenchmark.net/video_lookup.php?gpu=MOBILITY+RADEON+7000+IGP&id=463,mobilityradeon7000igp
Matrox,Millennium G450 LP,Condor,0.0312,DDR,64,AGP 4x,0.125,0.166,2,1,2,Apr 2000,2000-04-01,,,,,https://www.techpowerup.com/gpu-specs/millennium-g450-lp.c3529,,millenniumg450lp
NVIDIA,GeForce FX Go5100,NV34,0.0312,DDR,64,AGP 8x,0.2,0.2,4,2,4,"Mar 1st, 2003",2003-03-01,,,,,https://www.techpowerup.com/gpu-specs/geforce-fx-go5100.c1820,,geforcefxgo5100
NVIDIA,GeForce FX Go5300,NV34,0.0625,DDR,128,AGP 8x,0.275,0.25,4,2,4,"Mar 1st, 2003",2003-03-01,12,2692,,,https://www.techpowerup.com/gpu-specs/geforce-fx-go5300.c1821,https://www.videocardbenchmark.net/video_lookup.php?gpu=GeForce+FX+Go5300&id=1358,geforcefxgo5300
NVIDIA,GeForce2 Go 200,NV11,0.0312,DDR,64,AGP 4x,0.143,0.166,2,0,4,"Feb 6th, 2001",2001-02-06,,,,,https://www.techpowerup.com/gpu-specs/geforce2-go-200.c1560,,geforce2go200
NVIDIA,GeForce4 460 Go,NV17,0.0625,DDR,128,AGP 4x,0.25,0.25,2,0,4,"Oct 14th, 2002",2002-10-14,,,,,https://www.techpowerup.com/gpu-specs/geforce4-460-go.c1556,,geforce4460go
NVIDIA,Quadro2 Go,NV11,0.0312,DDR,64,AGP 4x,0.143,0.181,2,0,2,"Aug 14th, 2001",2001-08-14,,,,,https://www.techpowerup.com/gpu-specs/quadro2-go.c3385,,quadro2go
XGI,Volari V5,XG41,0.25,DDR2,128,AGP 8x,0.325,0.45,2,2,4,"Sep 15th, 2003",2003-09-15,,,,,https://www.techpowerup.com/gpu-specs/volari-v5.c83,,volariv5
AMD,Radeon HD 8510 OEM,Redwood,1.0,GDDR3,128,PCIe 2.0 x16,0.65,0.5,400,20,8,"Apr 24th, 2013",2013-04-24,,,,,https://www.techpowerup.com/gpu-specs/radeon-hd-8510-oem.c2360,,radeonhd8510oem
AMD,Radeon R1E Mobile Graphics,Beema,,DDR3,3,IGP,0.497,,64,8,4,"Feb 23rd, 2016",2016-02-23,,,,,https://www.techpowerup.com/gpu-specs/radeon-r1e-mobile-graphics.c4044,,radeonr1emobilegraphics
ATI,FirePro 2450 Multi-View PCIe x1,RV620,0.25,DDR3,64,PCIe 2.0 x1,0.4,0.4,40,4,4,2009,200901-01,,,,,https://www.techpowerup.com/gpu-specs/firepro-2450-multi-view-pcie-x1.c2012,,firepro2450multiviewpciex1
ATI,Mobility Radeon X600 SE,M24,0.0625,DDR,128,PCIe 1.0 x16,0.4,0.25,4,2,4,"Jun 1st, 2004",2004-06-01,49,2547,,,https://www.techpowerup.com/gpu-specs/mobility-radeon-x600-se.c1602,https://www.videocardbenchmark.net/video_lookup.php?gpu=MOBILITY+RADEON+X600+SE&id=544,mobilityradeonx600se
ATI,Radeon HD 4730 OEM,RV670,1.0,DDR2,256,PCIe 2.0 x16,0.669,0.396,320,16,16,"Dec 26th, 2008",2008-12-26,,,,,https://www.techpowerup.com/gpu-specs/radeon-hd-4730-oem.c2280,,radeonhd4730oem
ATI,Radeon X800 GTO AGP,R430,0.25,GDDR3,256,AGP 8x,0.4,0.49,12,6,12,"Oct 1st, 2005",2005-10-01,,,,,https://www.techpowerup.com/gpu-specs/radeon-x800-gto-agp.c1940,,radeonx800gtoagp
Intel,i852GM Graphics,Montara,,DDR3,3,FSB,0.266,,2,0,1,"Dec 3rd, 2003",2003-12-03,,,,,https://www.techpowerup.com/gpu-specs/i852gm-graphics.c1301,,i852gmgraphics
NVIDIA,GeForce 800A,GF119S,1.0,DDR3,64,PCIe 2.0 x16,0.475,0.9,48,8,4,"Mar 17th, 2014",2014-03-17,435,1957,,,https://www.techpowerup.com/gpu-specs/geforce-800a.c2564,https://www.videocardbenchmark.net/video_lookup.php?gpu=GeForce+800A&id=3356,geforce800a
NVIDIA,GeForce 9800S,G94,0.5,GDDR3,256,PCIe 2.0 x16,0.6,0.799,64,32,16,"Jul 15th, 2008",2008-07-15,635,1705,,,https://www.techpowerup.com/gpu-specs/geforce-9800s.c1531,https://www.videocardbenchmark.net/video_lookup.php?gpu=GeForce+9800+S&id=2264,geforce9800s
NVIDIA,GRID K500,GK104,4.0,GDDR5,256,PCIe 3.0 x16,0.745,1.25,1536,128,32,"Jul 2nd, 2014",2014-07-02,,,,,https://www.techpowerup.com/gpu-specs/grid-k500.c2597,,gridk500
NVIDIA,Quadro FX 370M,G98S,0.25,GDDR3,64,MXM-II,0.58,0.4,8,4,4,"Aug 15th, 2008",2008-08-15,93,2421,,,https://www.techpowerup.com/gpu-specs/quadro-fx-370m.c1438,https://www.videocardbenchmark.net/video_lookup.php?gpu=Quadro+FX+370M&id=1587,quadrofx370m
NVIDIA,Quadro FX 470 mGPU,C79,,DDR2,2,PCI,0.58,,16,8,4,"Nov 6th, 2008",2008-11-06,,,,,https://www.techpowerup.com/gpu-specs/quadro-fx-470-mgpu.c2057,,quadrofx470mgpu
XGI,Volari V8,XG40,0.25,DDR2,128,AGP 8x,0.3,0.45,4,2,8,"Sep 15th, 2003",2003-09-15,,,,,https://www.techpowerup.com/gpu-specs/volari-v8.c86,,volariv8
AMD,Radeon R5 A335,Exo,2.0,DDR3,64,PCIe 3.0 x8,1.07,0.9,320,20,8,"Oct 21st, 2015",2015-10-21,,,,,https://www.techpowerup.com/gpu-specs/radeon-r5-a335.c2935,,radeonr5a335
ATI,Radeon E4690 MXM,M96,0.5,GDDR3,128,MXM-II,0.6,0.7,320,32,8,"Jun 1st, 2009",2009-06-01,,,,,https://www.techpowerup.com/gpu-specs/radeon-e4690-mxm.c1777,,radeone4690mxm
ATI,Radeon Xpress 1100 Mobile IGP,RS485,,SDR,,PCIe 1.0 x16,0.4,,2,2,2,"May 23rd, 2006",2006-05-23,,,,,https://www.techpowerup.com/gpu-specs/radeon-xpress-1100-mobile-igp.c4032,,radeonxpress1100mobileigp
Matrox,Millennium G200 SD,Eclipse,0.0078,SDR,64,PCI,0.084,0.112,1,1,1,1998,199801-01,,,,,https://www.techpowerup.com/gpu-specs/millennium-g200-sd.c3722,,millenniumg200sd
NVIDIA,GeForce 9200M,C79,,DDR,,PCIe 2.0 x16,0.45,,16,8,4,"Oct 15th, 2008",2008-10-15,,,,,https://www.techpowerup.com/gpu-specs/geforce-9200m.c2050,,geforce9200m
NVIDIA,GRID K520Q,GK104,4.0,GDDR5,256,PCIe 3.0 x16,0.745,1.25,1536,128,32,"Jul 2nd, 2014",2014-07-02,,,,,https://www.techpowerup.com/gpu-specs/grid-k520q.c2594,,gridk520q
NVIDIA,Quadro FX Go1000,NV36,0.125,DDR,128,AGP 4x,0.295,0.285,4,3,4,"Feb 25th, 2004",2004-02-25,,,,,https://www.techpowerup.com/gpu-specs/quadro-fx-go1000.c1830,,quadrofxgo1000
SIS,Xabre 80,Xabre,0.0625,DDR,128,AGP 4x,0.2,0.166,4,1,8,"Apr 24th, 2002",2002-04-24,,,,,https://www.techpowerup.com/gpu-specs/xabre-80.c4338,,xabre80
AMD,Radeon R9 M270X,Saturn,2.0,GDDR5,128,PCIe 3.0 x16,1.0,1.375,768,48,16,"Feb 5th, 2015",2015-02-05,1204,1288,,,https://www.techpowerup.com/gpu-specs/radeon-r9-m270x.c2582,https://www.videocardbenchmark.net/video_lookup.php?gpu=Radeon+R9+M270X&id=3085,radeonr9m270x
ATI,All-In-Wonder 9200 SE,RV280,0.125,DDR,64,AGP 8x,0.25,0.164,4,1,4,"Jan 26th, 2004",2004-01-26,,,,,https://www.techpowerup.com/gpu-specs/all-in-wonder-9200-se.c868,,allinwonder9200se
ATI,All-In-Wonder X800 VE,R420,0.25,GDDR3,256,AGP 8x,0.425,0.4,8,6,8,"Apr 27th, 2005",2005-04-27,,,,,https://www.techpowerup.com/gpu-specs/all-in-wonder-x800-ve.c1912,,allinwonderx800ve
ATI,Radeon 7000 Mac Edition,RV100,0.0312,DDR,64,AGP 4x,0.183,0.183,1,0,3,"Mar 14th, 2004",2004-03-14,,,,,https://www.techpowerup.com/gpu-specs/radeon-7000-mac-edition.c1902,,radeon7000macedition
ATI,Radeon HD 3730,RV635,0.5,DDR2,128,PCIe 2.0 x16,0.722,0.396,120,8,4,"Oct 5th, 2008",2008-10-05,,,,,https://www.techpowerup.com/gpu-specs/radeon-hd-3730.c2072,,radeonhd3730
ATI,Radeon Xpress 200M IGP,RS482,,SDR,,PCIe 1.0 x16,0.3,,2,2,2,2005,200501-01,,,,,https://www.techpowerup.com/gpu-specs/radeon-xpress-200m-igp.c4037,,radeonxpress200migp
Intel,HD Graphics P5700,Broadwell GT2,,DDR3,3,Ring Bus,1.0,,192,24,3,"Sep 5th, 2014",2014-09-05,,,,,https://www.techpowerup.com/gpu-specs/hd-graphics-p5700.c2791,,hdgraphicsp5700
Intel,Xeon Phi 5120D,Knights Corner,8.0,GDDR5,512,PCIe 2.0 x16,1.053,1.25,960,32,0,"Jun 17th, 2013",2013-06-17,,,,,https://www.techpowerup.com/gpu-specs/xeon-phi-5120d.c2482,,xeonphi5120d
Matrox,Parhelia Precision SGT,Parhelia-512,0.25,DDR,64,PCI-X,0.2,0.25,4,4,16,2003,200301-01,,,,,https://www.techpowerup.com/gpu-specs/parhelia-precision-sgt.c3520,,parheliaprecisionsgt
NVIDIA,GeForce 7050 + nForce 620i,C73,,DDR2,2,PCI,0.63,,2,1,2,"Oct 4th, 2007",2007-10-04,39,2584,,,https://www.techpowerup.com/gpu-specs/geforce-7050-nforce-620i.c2150,https://www.videocardbenchmark.net/video_lookup.php?gpu=GeForce+7050+%2F+nForce+620i&id=1222,geforce7050nforce620i
NVIDIA,GeForce 705A,GF119S,1.0,DDR3,64,PCIe 2.0 x16,0.475,0.9,48,8,4,"Jul 1st, 2014",2014-07-01,,,,,https://www.techpowerup.com/gpu-specs/geforce-705a.c2386,,geforce705a
NVIDIA,GeForce 9200M GS GDDR3,G98,0.25,GDDR3,64,PCIe 2.0 x16,0.529,0.702,8,4,4,"Jun 3rd, 2008",2008-06-03,,,,,https://www.techpowerup.com/gpu-specs/geforce-9200m-gs-gddr3.c4028,,geforce9200mgsgddr3
NVIDIA,GeForce 940A,GM108,1.0,DDR3,64,PCIe 3.0 x8,1.124,1.001,384,16,8,"Mar 13th, 2015",2015-03-13,1113,1324,,,https://www.techpowerup.com/gpu-specs/geforce-940a.c2737,https://www.videocardbenchmark.net/video_lookup.php?gpu=GeForce+940A&id=3393,geforce940a
NVIDIA,GeForce GT 240M LE,G96C,0.5,GDDR3,128,PCIe 2.0 x16,0.6,0.8,32,16,8,"Jan 15th, 2010",2010-01-15,,,,,https://www.techpowerup.com/gpu-specs/geforce-gt-240m-le.c2303,,geforcegt240mle
SIS,315 Pro,Mirage,0.0625,SDR,64,AGP 2x,0.166,0.143,2,0,2,"Dec 11th, 2000",2000-12-11,,,,,https://www.techpowerup.com/gpu-specs/315-pro.c4335,,315pro
AMD,Radeon HD 8210E,Kalindi,,DDR3,3,IGP,0.3,,128,8,4,"Apr 23rd, 2013",2013-04-23,193,2204,,,https://www.techpowerup.com/gpu-specs/radeon-hd-8210e.c2201,https://www.videocardbenchmark.net/video_lookup.php?gpu=Radeon+HD+8210E&id=3713,radeonhd8210e
AMD,Radeon HD 8670A,Sun,1.0,DDR3,64,MXM-A (3.0),0.6,1.0,320,20,8,"Feb 2nd, 2013",2013-02-02,,,,,https://www.techpowerup.com/gpu-specs/radeon-hd-8670a.c2443,,radeonhd8670a
ATI,Mobility FireGL 7800,M7,0.0625,DDR,128,AGP 4x,0.28,0.2,2,0,2,"Sep 29th, 2001",2001-09-29,4,2764,,,https://www.techpowerup.com/gpu-specs/mobility-firegl-7800.c1589,https://www.videocardbenchmark.net/video_lookup.php?gpu=MOBILITY+FIREGL+7800&id=446,mobilityfiregl7800
ATI,Mobility Radeon HD 4830,M97,1.0,GDDR3,128,PCIe 2.0 x16,0.5,0.8,640,32,16,"Mar 3rd, 2009",2009-03-03,511,1870,,,https://www.techpowerup.com/gpu-specs/mobility-radeon-hd-4830.c1634,https://www.videocardbenchmark.net/video_lookup.php?gpu=Mobility+Radeon+HD+4830&id=506,mobilityradeonhd4830
ATI,Radeon 3100 Mobile IGP,RS780,,DDR2,2,PCIe 1.0 x16,0.35,,40,4,4,"Aug 15th, 2008",2008-08-15,,,,,https://www.techpowerup.com/gpu-specs/radeon-3100-mobile-igp.c2114,,radeon3100mobileigp
ATI,Radeon HD 4720,RV730,1.0,GDDR3,128,PCIe 2.0 x16,0.6,0.667,320,32,8,"Dec 11th, 2011",2011-12-11,,,,,https://www.techpowerup.com/gpu-specs/radeon-hd-4720.c2080,,radeonhd4720
ATI,Radeon Xpress  200M IGP,RS400,,DDR,,PCIe 1.0 x16,0.3,,2,2,2,2005,200501-01,,,,,https://www.techpowerup.com/gpu-specs/radeon-xpress-200m-igp.c2118,,radeonxpress200migp
ATI,Radeon Xpress 1200 IGP,RS690,,DDR2,2,PCIe 1.0 x16,0.4,,4,2,4,"Feb 28th, 2007",2007-02-28,,,,,https://www.techpowerup.com/gpu-specs/radeon-xpress-1200-igp.c2183,,radeonxpress1200igp
Intel,i830M Graphics,Almador,,DDR3,3,FSB,0.2,,2,0,1,2001,200101-01,,,,,https://www.techpowerup.com/gpu-specs/i830m-graphics.c1910,,i830mgraphics
NVIDIA,GRID M60-1Q,GM204,1.0,GDDR5,256,PCIe 3.0 x16,1.178,1.253,2048,128,64,"Aug 30th, 2015",2015-08-30,3694,671,,,https://www.techpowerup.com/gpu-specs/grid-m60-1q.c3087,https://www.videocardbenchmark.net/video_lookup.php?gpu=GRID+M60-1Q&id=3749,gridm601q
NVIDIA,Quadro FX Go540,NV43,0.125,DDR,128,MXM-II,0.3,0.225,4,3,8,"Aug 9th, 2004",2004-08-09,,,,,https://www.techpowerup.com/gpu-specs/quadro-fx-go540.c1744,,quadrofxgo540
NVIDIA,Quadro NVS 130M,G86S,0.25,DDR2,64,PCIe 2.0 x16,0.4,0.7,8,8,4,"May 9th, 2007",2007-05-09,97,2413,,,https://www.techpowerup.com/gpu-specs/quadro-nvs-130m.c1471,https://www.videocardbenchmark.net/video_lookup.php?gpu=Quadro+NVS+130M&id=1622,quadronvs130m
XGI,Volari V8 Ultra,XG40,0.25,DDR2,128,AGP 8x,0.35,0.5,4,2,8,"Sep 15th, 2003",2003-09-15,,,,,https://www.techpowerup.com/gpu-specs/volari-v8-ultra.c88,,volariv8ultra
AMD,Radeon HD 6350A,Cedar,0.5,DDR3,64,MXM-A (3.0),0.65,0.8,80,8,4,"Apr 7th, 2011",2011-04-07,,,,,https://www.techpowerup.com/gpu-specs/radeon-hd-6350a.c1874,,radeonhd6350a
AMD,Radeon HD 6480G IGP,SuperSumo-M,,DDR3,3,IGP,0.593,,160,8,4,"Jun 14th, 2011",2011-06-14,,,,,https://www.techpowerup.com/gpu-specs/radeon-hd-6480g-igp.c2413,,radeonhd6480gigp
AMD,Radeon R5 A240,Jet,1.0,DDR3,64,PCIe 3.0 x8,1.03,0.9,320,20,8,2014,201401-01,576,1786,,,https://www.techpowerup.com/gpu-specs/radeon-r5-a240.c2589,https://www.videocardbenchmark.net/video_lookup.php?gpu=Radeon+R5+A240&id=3497,radeonr5a240
AMD,Radeon R6 M335DX,Jet,,DDR3,3,IGP,1.03,,384,24,8,"Dec 12th, 2015",2015-12-12,,,,,https://www.techpowerup.com/gpu-specs/radeon-r6-m335dx.c2941,,radeonr6m335dx
AMD,Radeon R7 A360,Meso,2.0,DDR3,64,PCIe 3.0 x8,1.125,0.9,384,24,8,"May 5th, 2015",2015-05-05,615,1731,,,https://www.techpowerup.com/gpu-specs/radeon-r7-a360.c3111,https://www.videocardbenchmark.net/video_lookup.php?gpu=Radeon+R7+A360&id=3248,radeonr7a360
ATI,FirePro V7760,RV770,1.0,GDDR3,128,PCIe 2.0 x16,0.75,0.85,800,40,8,2012,201201-01,,,,,https://www.techpowerup.com/gpu-specs/firepro-v7760.c1791,,fireprov7760
ATI,Mobility Radeon HD 4270 IGP,RS880,,DDR2,2,PCIe 1.0 x16,0.59,,40,4,4,"May 1st, 2010",2010-05-01,,,,,https://www.techpowerup.com/gpu-specs/mobility-radeon-hd-4270-igp.c1220,,mobilityradeonhd4270igp
ATI,Radeon DDR VIVO SE,Rage 6,0.0625,DDR,128,AGP 4x,0.183,0.183,2,1,6,"Aug 14th, 2001",2001-08-14,,,,,https://www.techpowerup.com/gpu-specs/radeon-ddr-vivo-se.c843,,radeonddrvivose
ATI,Radeon HD 4710,RV730,1.0,GDDR3,128,PCIe 2.0 x16,0.75,0.8,320,32,8,"Sep 10th, 2008",2008-09-10,,,,,https://www.techpowerup.com/gpu-specs/radeon-hd-4710.c2606,,radeonhd4710
ATI,Radeon X800 GT,R480,0.125,DDR,256,PCIe 1.0 x16,0.475,0.35,12,6,12,"Nov 1st, 2005",2005-11-01,84,2445,,,https://www.techpowerup.com/gpu-specs/radeon-x800-gt.c3256,https://www.videocardbenchmark.net/video_lookup.php?gpu=RADEON+X800+GT&id=618,radeonx800gt
ATI,Radeon Xpress 1250 Mobile IGP,RS600,,DDR2,2,PCIe 1.0 x16,0.5,,4,2,4,"Feb 28th, 2007",2007-02-28,,,,,https://www.techpowerup.com/gpu-specs/radeon-xpress-1250-mobile-igp.c2108,,radeonxpress1250mobileigp
Matrox,Millennium G250,Calao,0.0078,SDR,64,PCI,0.096,0.128,1,1,1,1999,199901-01,,,,,https://www.techpowerup.com/gpu-specs/millennium-g250.c3726,,millenniumg250
NVIDIA,GeForce 6100 + nForce 420,C61,,DDR2,2,PCI,0.425,,2,1,1,"Oct 11th, 2004",2004-10-11,25,2652,,,https://www.techpowerup.com/gpu-specs/geforce-6100-nforce-420.c2156,https://www.videocardbenchmark.net/video_lookup.php?gpu=GeForce+6100+nForce+420&id=1185,geforce6100nforce420
NVIDIA,GeForce FX Go5350,NV34,0.0625,DDR,128,AGP 8x,0.275,0.275,4,2,4,"Mar 1st, 2003",2003-03-01,,,,,https://www.techpowerup.com/gpu-specs/geforce-fx-go5350.c1822,,geforcefxgo5350
NVIDIA,GeForce Go 6600 TE,NV43,0.125,DDR,128,PCIe 1.0 x16,0.225,0.2,8,3,8,"Sep 29th, 2005",2005-09-29,,,,,https://www.techpowerup.com/gpu-specs/geforce-go-6600-te.c2221,,geforcego6600te
NVIDIA,GeForce2 MX + nForce 420,Crush11,,DDR,,AGP 4x,0.175,,2,0,4,"Jun 4th, 2001",2001-06-04,,,,,https://www.techpowerup.com/gpu-specs/geforce2-mx-nforce-420.c3259,,geforce2mxnforce420
NVIDIA,GeForce4 448 Go,NV18,0.0625,DDR,128,AGP 8x,0.2,0.2,2,0,4,"Mar 1st, 2002",2002-03-01,5,2746,,,https://www.techpowerup.com/gpu-specs/geforce4-448-go.c1826,https://www.videocardbenchmark.net/video_lookup.php?gpu=GeForce4+448+Go&id=1490,geforce4448go
NVIDIA,GRID K560Q,GK104,4.0,GDDR5,256,PCIe 3.0 x16,0.745,1.25,1536,128,32,"Jul 2nd, 2014",2014-07-02,,,,,https://www.techpowerup.com/gpu-specs/grid-k560q.c2596,,gridk560q
AMD,Radeon HD 8350G IGP,Scrapper Lite-M,,DDR3,3,IGP,0.72,,128,8,4,"Mar 12th, 2013",2013-03-12,,,,,https://www.techpowerup.com/gpu-specs/radeon-hd-8350g-igp.c2188,,radeonhd8350gigp
AMD,Radeon HD 8570A,Sun,1.0,DDR3,64,MXM-A (3.0),0.825,1.0,320,20,8,"Mar 1st, 2013",2013-03-01,,,,,https://www.techpowerup.com/gpu-specs/radeon-hd-8570a.c2509,,radeonhd8570a
ATI,Mobility FireGL V3100,M22,0.125,DDR,128,PCIe 1.0 x16,0.35,0.2,4,2,4,"Jun 1st, 2004",2004-06-01,,,,,https://www.techpowerup.com/gpu-specs/mobility-firegl-v3100.c1662,,mobilityfireglv3100
ATI,Mobility Radeon 9100 PRO IGP,RS350,,DDR,,AGP 4x,0.3,,2,0,2,"Jun 23rd, 2003",2003-06-23,,,,,https://www.techpowerup.com/gpu-specs/mobility-radeon-9100-pro-igp.c100,,mobilityradeon9100proigp
ATI,Mobility Radeon X1350,M62,0.125,DDR2,64,PCIe 1.0 x16,0.371,0.324,4,2,4,"Sep 18th, 2006",2006-09-18,39,2581,,,https://www.techpowerup.com/gpu-specs/mobility-radeon-x1350.c2265,https://www.videocardbenchmark.net/video_lookup.php?gpu=Mobility+Radeon+X1350&id=532,mobilityradeonx1350
ATI,Mobility Radeon X2500,M66,0.25,DDR2,128,PCIe 1.0 x16,0.46,0.4,12,5,4,"Jun 1st, 2007",2007-06-01,81,2454,,,https://www.techpowerup.com/gpu-specs/mobility-radeon-x2500.c1613,https://www.videocardbenchmark.net/video_lookup.php?gpu=Mobility+Radeon+X2500&id=540,mobilityradeonx2500
Intel,GMA 3000,Broadwater,,DDR2,2,FSB,0.4,,4,0,4,"Jun 1st, 2006",2006-06-01,,,,,https://www.techpowerup.com/gpu-specs/gma-3000.c3119,,gma3000
Matrox,Parhelia HR256,Parhelia-512,0.25,DDR,64,PCI-X,0.2,0.25,4,4,16,Sep 2003,2003-09-01,,,,,https://www.techpowerup.com/gpu-specs/parhelia-hr256.c3522,,parheliahr256
NVIDIA,GeForce Go 7400T,G72,0.125,GDDR3,64,PCIe 1.0 x16,0.45,0.45,4,3,4,"Feb 1st, 2006",2006-02-01,,,,,https://www.techpowerup.com/gpu-specs/geforce-go-7400t.c1582,,geforcego7400t
NVIDIA,GeForce2 Go,NV11,0.0625,DDR,128,AGP 4x,0.143,0.166,2,0,4,"Nov 11th, 2000",2000-11-11,4,2783,,,https://www.techpowerup.com/gpu-specs/geforce2-go.c1561,https://www.videocardbenchmark.net/video_lookup.php?gpu=GeForce2+Go&id=1467,geforce2go
NVIDIA,Quadro FX 3600M,G92,0.5,GDDR3,256,MXM-HE,0.5,0.8,96,48,16,"Feb 23rd, 2008",2008-02-23,466,1924,,,https://www.techpowerup.com/gpu-specs/quadro-fx-3600m.c1439,https://www.videocardbenchmark.net/video_lookup.php?gpu=Quadro+FX+3600M&id=1580,quadrofx3600m
AMD,Radeon R5 A255,Topaz,1.0,GDDR5,128,PCIe 3.0 x8,0.94,1.0,384,24,8,2014,201401-01,,,,,https://www.techpowerup.com/gpu-specs/radeon-r5-a255.c2719,,radeonr5a255
ATI,Mobility Radeon 7500C,M7,0.0156,DDR,64,AGP 4x,0.23,0.183,2,1,2,"Dec 1st, 2001",2001-12-01,,,,,https://www.techpowerup.com/gpu-specs/mobility-radeon-7500c.c1590,,mobilityradeon7500c
ATI,Radeon X800 VE AGP,R420,0.25,GDDR3,256,AGP 8x,0.425,0.398,16,6,16,"Sep 1st, 2004",2004-09-01,,,,,https://www.techpowerup.com/gpu-specs/radeon-x800-ve-agp.c2209,,radeonx800veagp
Intel,GMA 3000,Lakeport,,DDR2,2,FSB,0.4,,4,0,4,"Jul 1st, 2006",2006-07-01,,,,,https://www.techpowerup.com/gpu-specs/gma-3000.c3120,,gma3000
Intel,i830MG Graphics,Almador,,DDR3,3,FSB,0.166,,2,0,1,2002,200201-01,,,,,https://www.techpowerup.com/gpu-specs/i830mg-graphics.c1284,,i830mggraphics
NVIDIA,GeForce FX Go5200 NPB 64M,NV34B,0.0625,DDR,128,AGP 8x,0.25,0.25,4,2,4,"Mar 1st, 2003",2003-03-01,,,,,https://www.techpowerup.com/gpu-specs/geforce-fx-go5200-npb-64m.c2229,,geforcefxgo5200npb64m
NVIDIA,GeForce Go 6250,NV44B,0.0312,DDR,64,PCIe 1.0 x16,0.4,0.35,4,3,4,"Feb 1st, 2006",2006-02-01,,,,,https://www.techpowerup.com/gpu-specs/geforce-go-6250.c1569,,geforcego6250
NVIDIA,GeForce Go 7450,G72,0.0625,DDR2,256,PCIe 1.0 x16,0.3,0.2,8,3,8,"Feb 1st, 2006",2006-02-01,,,,,https://www.techpowerup.com/gpu-specs/geforce-go-7450.c1851,,geforcego7450
NVIDIA,Quadro FX 1700 Mac Edition,G84,0.5,GDDR3,128,PCIe 1.0 x16,0.52,0.65,32,16,8,"Sep 27th, 2008",2008-09-27,,,,,https://www.techpowerup.com/gpu-specs/quadro-fx-1700-mac-edition.c2334,,quadrofx1700macedition
NVIDIA,Quadro K500M,GK107,1.0,DDR3,64,MXM-A (3.0),0.709,0.8,192,16,8,"Jun 1st, 2012",2012-06-01,,,,,https://www.techpowerup.com/gpu-specs/quadro-k500m.c1426,,quadrok500m
S3,GammaChrome S18 CE,Metropolis,0.125,DDR,128,PCIe 2.0 x16,0.4,0.3,4,4,4,"Mar 9th, 2005",2005-03-09,,,,,https://www.techpowerup.com/gpu-specs/gammachrome-s18-ce.c4372,,gammachromes18ce
AMD,Radeon HD 6570M,Whistler,1.0,GDDR3,128,MXM-A (3.0),0.6,0.8,480,24,8,"Apr 25th, 2011",2011-04-25,,,,,https://www.techpowerup.com/gpu-specs/radeon-hd-6570m.c2289,,radeonhd6570m
AMD,Radeon HD 6670A,Turks,1.0,GDDR5,128,MXM-A (3.0),0.6,1.0,480,24,8,"Apr 19th, 2011",2011-04-19,,,,,https://www.techpowerup.com/gpu-specs/radeon-hd-6670a.c1690,,radeonhd6670a
AMD,Radeon HD 8280 Mobile IGP,Kalindi,,DDR3,3,IGP,0.45,,128,8,4,"Sep 18th, 2013",2013-09-18,,,,,https://www.techpowerup.com/gpu-specs/radeon-hd-8280-mobile-igp.c3609,,radeonhd8280mobileigp
AMD,Radeon R4E Mobile Graphics,Stoney,,DDR4,4,IGP,0.6,,192,12,8,"Jun 1st, 2016",2016-06-01,,,,,https://www.techpowerup.com/gpu-specs/radeon-r4e-mobile-graphics.c4051,,radeonr4emobilegraphics
ATI,Mobility Radeon 9700 SE,M10,0.125,DDR,64,AGP 4x,0.25,0.2,4,2,4,"Jun 1st, 2004",2004-06-01,,,,,https://www.techpowerup.com/gpu-specs/mobility-radeon-9700-se.c1782,,mobilityradeon9700se
ATI,Mobility Radeon HD 2600 XT Mac Edition,M76,0.25,GDDR3,128,MXM-II,0.6,0.685,120,8,4,"Jul 26th, 2007",2007-07-26,,,,,https://www.techpowerup.com/gpu-specs/mobility-radeon-hd-2600-xt-mac-edition.c2253,,mobilityradeonhd2600xtmacedition
ATI,Mobility Radeon X1450,M64,0.125,DDR2,128,PCIe 1.0 x16,0.55,0.45,4,2,4,"Sep 18th, 2006",2006-09-18,33,2618,,,https://www.techpowerup.com/gpu-specs/mobility-radeon-x1450.c1611,https://www.videocardbenchmark.net/video_lookup.php?gpu=Mobility+Radeon+X1450&id=535,mobilityradeonx1450
ATI,Mobility Radeon X2300 HD,M71,0.25,DDR2,32,PCIe 1.0 x16,0.479,0.378,4,2,4,"Mar 1st, 2007",2007-03-01,48,2550,,,https://www.techpowerup.com/gpu-specs/mobility-radeon-x2300-hd.c2242,https://www.videocardbenchmark.net/video_lookup.php?gpu=Mobility+Radeon+X2300+HD&id=1097,mobilityradeonx2300hd
ATI,Mobility Radeon X300 IGP,RS480,,SDR,,PCIe 1.0 x16,0.3,,2,2,2,2005,200501-01,,,,,https://www.techpowerup.com/gpu-specs/mobility-radeon-x300-igp.c2117,,mobilityradeonx300igp
ATI,Radeon X1650 GTO,RV530,0.25,DDR2,128,PCIe 1.0 x16,0.587,0.392,12,5,4,"Dec 2nd, 2007",2007-12-02,74,2469,,,https://www.techpowerup.com/gpu-specs/radeon-x1650-gto.c2089,https://www.videocardbenchmark.net/video_lookup.php?gpu=Radeon+X1650+GTO&id=1756,radeonx1650gto
NVIDIA,GeForce 9400,C79,,DDR,,PCI,0.45,,16,8,4,"Jun 18th, 2008",2008-06-18,146,2273,,,https://www.techpowerup.com/gpu-specs/geforce-9400.c2172,https://www.videocardbenchmark.net/video_lookup.php?gpu=GeForce+9400&id=1298,geforce9400
AMD,Radeon HD 6250 IGP,Loveland,,DDR3,3,IGP,0.276,,80,8,4,"Oct 9th, 2012",2012-10-09,,,,,https://www.techpowerup.com/gpu-specs/radeon-hd-6250-igp.c2417,,radeonhd6250igp
AMD,Radeon R7 M265DX,Topaz,,GDDR5,5,IGP,0.98,,384,24,8,"Jun 11th, 2014",2014-06-11,498,1888,,,https://www.techpowerup.com/gpu-specs/radeon-r7-m265dx.c2653,https://www.videocardbenchmark.net/video_lookup.php?gpu=Radeon+R7+M265DX&id=3057,radeonr7m265dx
ATI,Mobility Radeon 9500,M10,0.125,DDR,64,AGP 4x,0.23,0.19,4,2,4,"Jun 1st, 2004",2004-06-01,,,,,https://www.techpowerup.com/gpu-specs/mobility-radeon-9500.c1781,,mobilityradeon9500
ATI,Radeon X1650 SE,RV515,0.5,DDR2,128,PCIe 1.0 x16,0.635,0.4,4,2,4,2007,200701-01,71,2481,,,https://www.techpowerup.com/gpu-specs/radeon-x1650-se.c4033,https://www.videocardbenchmark.net/video_lookup.php?gpu=Radeon+X1650+SE&id=1757,radeonx1650se
ATI,Radeon X700 LE,RV410,0.125,DDR,128,PCIe 1.0 x16,0.4,0.35,8,6,8,"Dec 21st, 2004",2004-12-21,,,,,https://www.techpowerup.com/gpu-specs/radeon-x700-le.c527,,radeonx700le
ATI,Rage Mobility 128 AGP 4X,M4,0.0156,DDR,64,AGP 4x,0.105,0.105,2,0,2,"Oct 1st, 1999",1999-10-01,,,,,https://www.techpowerup.com/gpu-specs/rage-mobility-128-agp-4x.c1787,,ragemobility128agp4x
NVIDIA,GeForce FX Go5200 64M,NV34B,0.0625,DDR,128,AGP 8x,0.25,0.25,4,2,4,"Mar 1st, 2003",2003-03-01,,,,,https://www.techpowerup.com/gpu-specs/geforce-fx-go5200-64m.c1564,,geforcefxgo520064m
NVIDIA,GeForce Go 7900 SE,G73,0.25,GDDR3,256,PCIe 1.0 x16,0.35,0.333,12,5,12,"Apr 18th, 2006",2006-04-18,,,,,https://www.techpowerup.com/gpu-specs/geforce-go-7900-se.c1849,,geforcego7900se
NVIDIA,ION,C7A-ION,,DDR,,PCI,0.45,,16,8,4,"Jun 3rd, 2008",2008-06-03,114,2362,0.5,229.99,https://www.techpowerup.com/gpu-specs/ion.c2167,https://www.videocardbenchmark.net/video_lookup.php?gpu=ION&id=1515,ion
NVIDIA,Quadro FX 4600 SDI,G80,0.75,GDDR3,384,PCIe 1.0 x16,0.5,0.7,96,24,24,"Mar 5th, 2007",2007-03-05,,,,,https://www.techpowerup.com/gpu-specs/quadro-fx-4600-sdi.c1340,,quadrofx4600sdi
NVIDIA,Quadro4 100 NVS,NV17,0.0625,DDR,128,AGP 4x,0.25,0.166,2,0,4,"Dec 22nd, 2003",2003-12-22,,,,,https://www.techpowerup.com/gpu-specs/quadro4-100-nvs.c1462,,quadro4100nvs
XGI,Volari Duo V8 Ultra,XG40,0.25,DDR,256,AGP 8x,0.35,0.375,4,2,8,"Sep 15th, 2003",2003-09-15,,,,,https://www.techpowerup.com/gpu-specs/volari-duo-v8-ultra.c91,,volariduov8ultra
AMD,Radeon R5 A230,Jet,4.0,DDR3,64,PCIe 3.0 x8,0.855,1.0,320,20,8,"Jan 7th, 2014",2014-01-07,,,,,https://www.techpowerup.com/gpu-specs/radeon-r5-a230.c2713,,radeonr5a230
AMD,Radeon R7 M270DX,Jet,,DDR3,3,IGP,0.855,,320,20,8,"Jan 7th, 2014",2014-01-07,,,,,https://www.techpowerup.com/gpu-specs/radeon-r7-m270dx.c2806,,radeonr7m270dx
ATI,Graphics Ultra XLR VLB,Mach32,0.001,VRAM,64,VLB,0.01,0.01,1,0,0,1993,199301-01,,,,,https://www.techpowerup.com/gpu-specs/graphics-ultra-xlr-vlb.c3171,,graphicsultraxlrvlb
ATI,Mobility FireGL V5725,M86,0.25,GDDR3,128,PCIe 2.0 x16,0.68,0.8,120,8,4,2009,200901-01,219,2168,,,https://www.techpowerup.com/gpu-specs/mobility-firegl-v5725.c1669,https://www.videocardbenchmark.net/video_lookup.php?gpu=Mobility+FireGL+V5725&id=455,mobilityfireglv5725
Intel,i740 Graphics,Auburn,,SDR,,AGP 2x,0.066,,2,0,1,1998,199801-01,,,,,https://www.techpowerup.com/gpu-specs/i740-graphics.c1550,,i740graphics
AMD,Radeon HD 6570M Mac Edition,Capilano,1.0,GDDR3,128,MXM-II,0.6,0.8,400,20,8,"Oct 28th, 2009",2009-10-28,,,,,https://www.techpowerup.com/gpu-specs/radeon-hd-6570m-mac-edition.c2251,,radeonhd6570mmacedition
AMD,Radeon HD 6990M Rebrand,Broadway,1.0,GDDR5,128,MXM-B (3.0),0.7,1.0,800,40,16,"Jul 12th, 2011",2011-07-12,,,,,https://www.techpowerup.com/gpu-specs/radeon-hd-6990m-rebrand.c2267,,radeonhd6990mrebrand
ATI,Radeon DDR VIVO OEM,Rage 6,0.0625,DDR,128,AGP 4x,0.166,0.166,2,1,6,"Aug 14th, 2001",2001-08-14,,,,,https://www.techpowerup.com/gpu-specs/radeon-ddr-vivo-oem.c841,,radeonddrvivooem
ATI,Radeon IGP 340,RS200,,DDR,,AGP 4x,0.183,,0,1,2,"Oct 5th, 2002",2002-10-05,,,,,https://www.techpowerup.com/gpu-specs/radeon-igp-340.c3361,,radeonigp340
ATI,Rage Mobility-M3,M3,0.0078,SDR,64,AGP 2x,0.105,0.105,2,0,2,"Oct 1st, 1999",1999-10-01,,,,,https://www.techpowerup.com/gpu-specs/rage-mobility-m3.c2178,,ragemobilitym3
Intel,GMA 3000,Broadwater,,DDR2,2,FSB,0.667,,4,0,4,"Jun 1st, 2006",2006-06-01,,,,,https://www.techpowerup.com/gpu-specs/gma-3000.c3377,,gma3000
Intel,UHD Graphics 24EU Mobile,Amber Lake GT2,,DDR4,4,Ring Bus,1.05,,192,24,3,"Aug 21st, 2019",2019-08-21,,,,,https://www.techpowerup.com/gpu-specs/uhd-graphics-24eu-mobile.c3604,,uhdgraphics24eumobile
NVIDIA,GeForce Go 7300T,G72,0.0625,GDDR3,64,PCIe 1.0 x16,0.35,0.35,4,3,4,"Feb 1st, 2006",2006-02-01,,,,,https://www.techpowerup.com/gpu-specs/geforce-go-7300t.c1580,,geforcego7300t
NVIDIA,ION,ION,,DDR,,PCI,0.45,,16,8,4,"Jun 3rd, 2008",2008-06-03,114,2362,0.5,229.99,https://www.techpowerup.com/gpu-specs/ion.c2163,https://www.videocardbenchmark.net/video_lookup.php?gpu=ION&id=1515,ion
XGI,Volari V3 XT,XG42,0.125,DDR,128,AGP 8x,0.25,0.207,2,1,4,"Sep 15th, 2003",2003-09-15,,,,,https://www.techpowerup.com/gpu-specs/volari-v3-xt.c1197,,volariv3xt
AMD,Radeon HD 6250 IGP,Loveland,,DDR3,3,IGP,0.5,,80,8,4,"Nov 9th, 2010",2010-11-09,,,,,https://www.techpowerup.com/gpu-specs/radeon-hd-6250-igp.c2409,,radeonhd6250igp
ATI,FirePro M5725,M96,0.5,GDDR3,128,PCIe 2.0 x16,0.675,0.8,320,32,8,"Jan 9th, 2009",2009-01-09,,,,,https://www.techpowerup.com/gpu-specs/firepro-m5725.c1670,,fireprom5725
ATI,Mobility Radeon HD 4850 X2,M98,1.0,GDDR5,256,PCIe 2.0 x16,0.5,0.7,800,40,16,"Jan 9th, 2009",2009-01-09,,,,,https://www.techpowerup.com/gpu-specs/mobility-radeon-hd-4850-x2.c1792,,mobilityradeonhd4850x2
ATI,Radeon Xpress 200 IGP,RC410,,SDR,,PCI,0.3,,2,2,2,"Nov 8th, 2004",2004-11-08,,,,,https://www.techpowerup.com/gpu-specs/radeon-xpress-200-igp.c2478,,radeonxpress200igp
ATI,Radeon Xpress 2100 IGP,RS780,,DDR2,2,PCIe 1.0 x16,0.5,,40,4,4,"Mar 4th, 2008",2008-03-04,,,,,https://www.techpowerup.com/gpu-specs/radeon-xpress-2100-igp.c670,,radeonxpress2100igp
3Dfx,Voodoo4-2 4200 AGP,VSA-101,0.0156,DDR,64,AGP 4x,0.143,0.143,2,0,2,Never Released,,,,,,https://www.techpowerup.com/gpu-specs/voodoo4-2-4200-agp.c3544,,voodoo424200agp
AMD,FirePro W4130M,Mars,1.0,GDDR5,128,PCIe 3.0 x8,0.825,1.0,384,24,8,Unknown,,,,,,https://www.techpowerup.com/gpu-specs/firepro-w4130m.c2704,,fireprow4130m
AMD,FirePro W4150M,Mars,1.0,GDDR5,128,PCIe 3.0 x8,0.85,1.0,384,24,8,Unknown,,,,,,https://www.techpowerup.com/gpu-specs/firepro-w4150m.c2703,,fireprow4150m
AMD,Radeon R6 M255DX,Topaz,,GDDR5,5,IGP,0.94,,384,24,8,"Oct 12th, 2014",2014-10-12,605,1744,,,https://www.techpowerup.com/gpu-specs/radeon-r6-m255dx.c2654,https://www.videocardbenchmark.net/video_lookup.php?gpu=Radeon+R6+M255DX&id=3134,radeonr6m255dx
AMD,Radeon R7 M270DX,Topaz,,GDDR5,5,IGP,0.98,,384,24,8,"Jun 11th, 2014",2014-06-11,,,,,https://www.techpowerup.com/gpu-specs/radeon-r7-m270dx.c2652,,radeonr7m270dx
ATI,Mobility Radeon HD 3850 X2,M88,0.5,GDDR3,256,PCIe 2.0 x16,0.58,0.75,320,16,16,"Jun 4th, 2008",2008-06-04,,,,,https://www.techpowerup.com/gpu-specs/mobility-radeon-hd-3850-x2.c1625,,mobilityradeonhd3850x2
NVIDIA,GeForce 705A,GF119S,1.0,DDR3,64,PCIe 2.0 x16,0.738,0.9,48,8,4,"Oct 1st, 2013",2013-10-01,,,,,https://www.techpowerup.com/gpu-specs/geforce-705a.c2519,,geforce705a
AMD,FirePro M3100,Mars,1.0,DDR3,128,PCIe 3.0 x8,0.7,1.0,384,24,8,Unknown,,,,,,https://www.techpowerup.com/gpu-specs/firepro-m3100.c2446,,fireprom3100
AMD,Radeon HD 7350M,Robson,1.0,GDDR3,64,PCIe 2.0 x16,0.65,0.5,80,8,4,"Jan 7th, 2012",2012-01-07,,,,,https://www.techpowerup.com/gpu-specs/radeon-hd-7350m.c1196,,radeonhd7350m
AMD,Radeon HD 8730A,Mars,1.0,DDR3,128,PCIe 3.0 x8,0.7,1.0,384,24,8,"Apr 1st, 2013",2013-04-01,,,,,https://www.techpowerup.com/gpu-specs/radeon-hd-8730a.c2810,,radeonhd8730a
ATI,Mobility Radeon HD 3410,M82,0.25,DDR2,64,MXM-II,0.4,0.4,40,4,4,"Jul 25th, 2008",2008-07-25,62,2504,,,https://www.techpowerup.com/gpu-specs/mobility-radeon-hd-3410.c1216,https://www.videocardbenchmark.net/video_lookup.php?gpu=Mobility+Radeon+HD+3410&id=482,mobilityradeonhd3410
ATI,Mobility Radeon HD 540v,M92,0.5,GDDR3,64,MXM-A (3.0),0.5,0.7,80,8,4,"May 5th, 2010",2010-05-05,188,2212,,,https://www.techpowerup.com/gpu-specs/mobility-radeon-hd-540v.c2268,https://www.videocardbenchmark.net/video_lookup.php?gpu=Mobility+Radeon+HD+540v&id=514,mobilityradeonhd540v
ATI,Radeon IGP 330M,RS200,,DDR,,AGP 4x,0.183,,0,1,2,"May 1st, 2002",2002-05-01,,,,,https://www.techpowerup.com/gpu-specs/radeon-igp-330m.c673,,radeonigp330m
NVIDIA,GeForce 9650M GS,G84,0.5,GDDR3,128,PCIe 2.0 x16,0.625,0.8,32,16,8,"Mar 13th, 2008",2008-03-13,270,2112,,,https://www.techpowerup.com/gpu-specs/geforce-9650m-gs.c1517,https://www.videocardbenchmark.net/video_lookup.php?gpu=GeForce+9650M+GS&id=1316,geforce9650mgs
NVIDIA,GeForce FX Go5200 32M,NV34,0.0312,DDR,64,AGP 8x,0.2,0.2,4,2,4,"Mar 1st, 2003",2003-03-01,,,,,https://www.techpowerup.com/gpu-specs/geforce-fx-go5200-32m.c2230,,geforcefxgo520032m
ATI,Mobility FireGL T2e,M11,0.125,DDR,128,AGP 4x,0.45,0.225,4,2,4,"Aug 1st, 2004",2004-08-01,,,,,https://www.techpowerup.com/gpu-specs/mobility-firegl-t2e.c1661,,mobilityfireglt2e
Matrox,QID,MP-A4,0.25,DDR,128,AGP 8x,0.25,0.3,2,2,8,"Dec 17th, 2004",2004-12-17,,,,,https://www.techpowerup.com/gpu-specs/qid.c3527,,qid
AMD,Radeon HD 8550D IGP,Scrapper,,DDR3,3,IGP,0.844,,256,16,8,"May 23rd, 2013",2013-05-23,,,,,https://www.techpowerup.com/gpu-specs/radeon-hd-8550d-igp.c2411,,radeonhd8550digp
AMD,Radeon R7 A260,Topaz,1.0,GDDR5,128,PCIe 3.0 x8,0.98,0.9,384,24,8,2014,201401-01,,,,,https://www.techpowerup.com/gpu-specs/radeon-r7-a260.c2718,,radeonr7a260
ATI,All-In-Wonder 9500,R300,0.125,DDR,128,AGP 8x,0.277,0.27,4,4,4,"Jul 1st, 2002",2002-07-01,,,,,https://www.techpowerup.com/gpu-specs/all-in-wonder-9500.c1858,,allinwonder9500
Matrox,Parhelia 128 MB,Parhelia-512,0.125,DDR,256,AGP 4x,0.2,0.25,4,4,16,"Jun 25th, 2002",2002-06-25,,,,,https://www.techpowerup.com/gpu-specs/parhelia-128-mb.c97,,parhelia128mb
Matrox,QID LP PCI,MP-A4,0.125,DDR,64,PCI-X,0.25,0.3,2,2,8,"Dec 17th, 2004",2004-12-17,,,,,https://www.techpowerup.com/gpu-specs/qid-lp-pci.c3526,,qidlppci
AMD,Radeon R7 M265DX,Jet,,DDR3,3,IGP,0.855,,320,20,8,"Jan 7th, 2014",2014-01-07,498,1888,,,https://www.techpowerup.com/gpu-specs/radeon-r7-m265dx.c2804,https://www.videocardbenchmark.net/video_lookup.php?gpu=Radeon+R7+M265DX&id=3057,radeonr7m265dx
ATI,Radeon Xpress 200M IGP,RS485,,SDR,,PCIe 1.0 x16,0.3,,2,2,2,2005,200501-01,,,,,https://www.techpowerup.com/gpu-specs/radeon-xpress-200m-igp.c4039,,radeonxpress200migp
NVIDIA,Quadro NVS 280 SD,NV18C,0.0625,DDR,64,AGP 8x,0.25,0.2,2,0,4,"May 31st, 2005",2005-05-31,2,2840,,,https://www.techpowerup.com/gpu-specs/quadro-nvs-280-sd.c3160,https://www.videocardbenchmark.net/video_lookup.php?gpu=Quadro+NVS+280+SD&id=1632,quadronvs280sd
AMD,Radeon HD 6550A,Pinewood,2.0,GDDR3,128,MXM-A (3.0),0.55,0.8,480,24,8,"Feb 7th, 2011",2011-02-07,707,1629,,,https://www.techpowerup.com/gpu-specs/radeon-hd-6550a.c1693,https://www.videocardbenchmark.net/video_lookup.php?gpu=Radeon+HD+6550A&id=273,radeonhd6550a
ATI,Radeon Xpress 1250 Mobile IGP,RS690,,DDR2,2,PCIe 1.0 x16,0.4,,4,2,4,"Feb 28th, 2007",2007-02-28,,,,,https://www.techpowerup.com/gpu-specs/radeon-xpress-1250-mobile-igp.c2110,,radeonxpress1250mobileigp
XGI,Volari Duo V5 Ultra,XG41,0.25,DDR2,256,AGP 8x,0.35,0.5,2,2,4,"Sep 15th, 2003",2003-09-15,,,,,https://www.techpowerup.com/gpu-specs/volari-duo-v5-ultra.c90,,volariduov5ultra
AMD,Radeon HD 7470A,Caicos,0.5,GDDR3,64,MXM-A (3.0),0.625,0.8,160,8,4,"Jan 5th, 2012",2012-01-05,,,,,https://www.techpowerup.com/gpu-specs/radeon-hd-7470a.c2394,,radeonhd7470a
AMD,Radeon HD 7560G IGP,Devastator Lite-M,,DDR3,3,IGP,0.76,,256,16,8,"May 15th, 2012",2012-05-15,,,,,https://www.techpowerup.com/gpu-specs/radeon-hd-7560g-igp.c2408,,radeonhd7560gigp
ATI,Mobility Radeon HD 4100 IGP,RS880,,DDR2,2,PCIe 1.0 x16,0.4,,40,4,4,"Nov 1st, 2009",2009-11-01,,,,,https://www.techpowerup.com/gpu-specs/mobility-radeon-hd-4100-igp.c2009,,mobilityradeonhd4100igp
ATI,Mobility Radeon HD 4860,M97,1.0,GDDR5,128,PCIe 2.0 x16,0.65,1.0,640,32,16,"Mar 3rd, 2009",2009-03-03,,,,,https://www.techpowerup.com/gpu-specs/mobility-radeon-hd-4860.c1633,,mobilityradeonhd4860
ATI,Mobility Radeon X700 XL,M26,0.125,DDR,128,PCIe 1.0 x16,0.35,0.33,8,6,8,"Mar 1st, 2005",2005-03-01,59,2509,,,https://www.techpowerup.com/gpu-specs/mobility-radeon-x700-xl.c1779,https://www.videocardbenchmark.net/video_lookup.php?gpu=MOBILITY+RADEON+X700+XL&id=546,mobilityradeonx700xl
ATI,Radeon IGP 350M,RS200,,DDR,,AGP 4x,0.183,,0,1,2,"Oct 5th, 2002",2002-10-05,6,2734,,,https://www.techpowerup.com/gpu-specs/radeon-igp-350m.c1592,https://www.videocardbenchmark.net/video_lookup.php?gpu=RADEON+IGP+350M&id=1744,radeonigp350m
AMD,Radeon R7 M265DX,Topaz,,GDDR5,5,IGP,0.94,,384,24,8,"Oct 12th, 2014",2014-10-12,498,1888,,,https://www.techpowerup.com/gpu-specs/radeon-r7-m265dx.c2656,https://www.videocardbenchmark.net/video_lookup.php?gpu=Radeon+R7+M265DX&id=3057,radeonr7m265dx
Matrox,Parhelia Precision SDT,Parhelia-512,0.25,DDR,64,PCI-X,0.2,0.25,4,4,16,2003,200301-01,,,,,https://www.techpowerup.com/gpu-specs/parhelia-precision-sdt.c3521,,parheliaprecisionsdt
XGI,Volari V8 Ultra,XG40,0.25,DDR,128,AGP 8x,0.35,0.375,4,2,8,"Sep 15th, 2003",2003-09-15,,,,,https://www.techpowerup.com/gpu-specs/volari-v8-ultra.c87,,volariv8ultra
ATI,Rage Mobility-CL,Mach64 LM,0.0078,SDR,64,AGP 2x,0.075,0.07,1,0,1,"Feb 1st, 1999",1999-02-01,,,,,https://www.techpowerup.com/gpu-specs/rage-mobility-cl.c2177,,ragemobilitycl
ATI,Radeon Xpress 1200 Mobile IGP,RS600,,DDR2,2,PCIe 1.0 x16,0.5,,4,2,4,"Feb 28th, 2007",2007-02-28,,,,,https://www.techpowerup.com/gpu-specs/radeon-xpress-1200-mobile-igp.c2120,,radeonxpress1200mobileigp
ATI,Radeon Xpress 200M IGP,RS480,,SDR,,PCIe 1.0 x16,0.3,,2,2,2,2005,200501-01,,,,,https://www.techpowerup.com/gpu-specs/radeon-xpress-200m-igp.c2116,,radeonxpress200migp
NVIDIA,GeForce 800A,GF119S,1.0,DDR3,64,PCIe 2.0 x16,0.475,0.9,48,8,4,"Mar 17th, 2014",2014-03-17,435,1957,,,https://www.techpowerup.com/gpu-specs/geforce-800a.c2673,https://www.videocardbenchmark.net/video_lookup.php?gpu=GeForce+800A&id=3356,geforce800a
ATI,Mobility Radeon 9000 IGP,RS300,,DDR,,AGP 8x,0.3,,2,1,2,"May 1st, 2003",2003-05-01,7,2713,,,https://www.techpowerup.com/gpu-specs/mobility-radeon-9000-igp.c2122,https://www.videocardbenchmark.net/video_lookup.php?gpu=MOBILITY+RADEON+9000+IGP&id=466,mobilityradeon9000igp
ATI,Radeon Xpress 1200 Mobile IGP,RS690,,DDR2,2,PCIe 1.0 x16,0.4,,4,2,4,"Feb 28th, 2007",2007-02-28,,,,,https://www.techpowerup.com/gpu-specs/radeon-xpress-1200-mobile-igp.c2111,,radeonxpress1200mobileigp
XGI,Volari V8,XG40,0.25,DDR,128,AGP 8x,0.3,0.325,4,2,8,"Sep 15th, 2003",2003-09-15,,,,,https://www.techpowerup.com/gpu-specs/volari-v8.c85,,volariv8
AMD,Radeon R7 M260DX,Jet,,DDR3,3,IGP,1.03,,320,20,8,"Jan 7th, 2014",2014-01-07,816,1514,,,https://www.techpowerup.com/gpu-specs/radeon-r7-m260dx.c2805,https://www.videocardbenchmark.net/video_lookup.php?gpu=Radeon+R7+M260DX&id=3042,radeonr7m260dx
ATI,Mobility Radeon 9000 IGP,RS350,,DDR,,AGP 4x,0.222,,2,0,2,"May 1st, 2003",2003-05-01,7,2713,,,https://www.techpowerup.com/gpu-specs/mobility-radeon-9000-igp.c2121,https://www.videocardbenchmark.net/video_lookup.php?gpu=MOBILITY+RADEON+9000+IGP&id=466,mobilityradeon9000igp
NVIDIA,GeForce FX Go5250,NV34,0.0625,DDR,128,AGP 8x,0.25,0.25,4,2,4,"Mar 1st, 2003",2003-03-01,,,,,https://www.techpowerup.com/gpu-specs/geforce-fx-go5250.c1823,,geforcefxgo5250
NVIDIA,GRID K540Q,GK104,4.0,GDDR5,256,PCIe 3.0 x16,0.745,1.25,1536,128,32,"Jul 2nd, 2014",2014-07-02,,,,,https://www.techpowerup.com/gpu-specs/grid-k540q.c2595,,gridk540q
NVIDIA,Quadro FX 550M,G73,0.125,GDDR3,128,PCIe 1.0 x16,0.45,0.5,12,5,12,"Mar 13th, 2006",2006-03-13,,,,,https://www.techpowerup.com/gpu-specs/quadro-fx-550m.c1843,,quadrofx550m
ATI,Radeon Xpress 1270 Mobile IGP,RS690,,DDR2,2,PCIe 1.0 x16,0.4,,4,2,4,"Feb 28th, 2007",2007-02-28,,,,,https://www.techpowerup.com/gpu-specs/radeon-xpress-1270-mobile-igp.c1992,,radeonxpress1270mobileigp
XGI,Volari V5,XG41,0.25,DDR,128,AGP 8x,0.325,0.325,2,2,4,"Sep 15th, 2003",2003-09-15,,,,,https://www.techpowerup.com/gpu-specs/volari-v5.c81,,volariv5
XGI,Volari V5 Ultra,XG41,0.25,DDR2,128,AGP 8x,0.35,0.5,2,2,4,"Sep 15th, 2003",2003-09-15,,,,,https://www.techpowerup.com/gpu-specs/volari-v5-ultra.c84,,volariv5ultra
NVIDIA,GeForce FX Go5200 NPB 32M,NV34B,0.0312,DDR,64,AGP 8x,0.2,0.2,4,2,4,"Mar 1st, 2003",2003-03-01,,,,,https://www.techpowerup.com/gpu-specs/geforce-fx-go5200-npb-32m.c2228,,geforcefxgo5200npb32m
XGI,Volari Duo V5 Ultra,XG41,0.25,DDR,256,AGP 8x,0.35,0.375,2,2,4,"Sep 15th, 2003",2003-09-15,,,,,https://www.techpowerup.com/gpu-specs/volari-duo-v5-ultra.c89,,volariduov5ultra
XGI,Volari V5 Ultra,XG41,0.25,DDR,128,AGP 8x,0.35,0.375,2,2,4,"Sep 15th, 2003",2003-09-15,,,,,https://www.techpowerup.com/gpu-specs/volari-v5-ultra.c82,,volariv5ultra
AMD,Radeon HD 8410G IGP,Scrapper-M,,DDR3,3,IGP,0.6,,192,12,4,"May 23rd, 2013",2013-05-23,,,,,https://www.techpowerup.com/gpu-specs/radeon-hd-8410g-igp.c2192,,radeonhd8410gigp
AMD,Radeon HD 8310G IGP,Scrapper Lite-M,,DDR3,3,IGP,0.554,,128,8,4,Jul 2013,2013-07-01,,,,,https://www.techpowerup.com/gpu-specs/radeon-hd-8310g-igp.c2193,,radeonhd8310gigp
NVIDIA,ION HX,ION,,DDR,,PCI,0.45,,16,8,4,"Jun 3rd, 2008",2008-06-03,,,,,https://www.techpowerup.com/gpu-specs/ion-hx.c2166,,ionhx
ATI,Radeon Xpress 1100 Mobile IGP,RC410,,DDR,,PCIe 1.0 x16,0.336,,2,2,2,2005,200501-01,,,,,https://www.techpowerup.com/gpu-specs/radeon-xpress-1100-mobile-igp.c2123,,radeonxpress1100mobileigp
